customer_id,age,income,employment_length,loan_amount,loan_term,interest_rate,credit_score,dti_ratio,existing_loans,previous_defaults,employment_type,education,marital_status,loan_purpose,loan_default
CUST-000001,51,27949.08,24,29858.59,12,19.15,493,0.6372,0,0,RETIRED,BACHELORS,SINGLE,EDUCATION,0
CUST-000002,29,50282.88,5,32432.79,12,21.52,662,0.1531,6,0,RETIRED,HIGH_SCHOOL,DIVORCED,BUSINESS,0
CUST-000003,31,158055.42,13,65066.34,36,22.47,451,0.6674,6,0,SELF_EMPLOYED,BACHELORS,DIVORCED,EDUCATION,1
CUST-000004,65,168572.68,17,7574.38,60,14.21,697,0.4604,4,0,UNEMPLOYED,BACHELORS,DIVORCED,EDUCATION,1
CUST-000005,46,80507.84,14,78847.87,24,10.03,845,0.2933,6,2,SALARIED,HIGH_SCHOOL,MARRIED,EDUCATION,1
CUST-000006,46,144318.15,23,46267.44,24,18.41,303,0.3645,3,0,SELF_EMPLOYED,PHD,SINGLE,AUTO,0
CUST-000007,31,195638.27,13,34354.49,24,10.58,491,0.1676,1,0,SELF_EMPLOYED,PHD,DIVORCED,BUSINESS,0
CUST-000008,69,70792.04,13,11086.37,60,18.21,824,0.2334,4,0,UNEMPLOYED,BACHELORS,MARRIED,BUSINESS,1
CUST-000009,52,143260.78,5,44789.66,48,16.77,366,0.6276,5,0,UNEMPLOYED,MASTERS,SINGLE,BUSINESS,1
CUST-000010,59,189862.10,21,60348.96,48,18.78,425,0.2850,1,0,UNEMPLOYED,BACHELORS,SINGLE,PERSONAL,1
CUST-000011,61,175034.00,30,37976.09,24,21.00,417,0.3313,5,0,UNEMPLOYED,BACHELORS,SINGLE,PERSONAL,1
CUST-000012,62,153733.12,14,31584.72,12,23.09,733,0.0599,2,0,SELF_EMPLOYED,HIGH_SCHOOL,DIVORCED,PERSONAL,1
CUST-000013,39,27538.03,21,87086.20,48,14.64,436,0.2328,3,0,RETIRED,HIGH_SCHOOL,SINGLE,AUTO,0
CUST-000014,62,71309.75,19,52755.58,36,17.69,677,0.4070,4,0,SELF_EMPLOYED,MASTERS,DIVORCED,PERSONAL,1
CUST-000015,59,35628.23,17,20593.37,36,16.73,515,0.6985,4,0,UNEMPLOYED,BACHELORS,SINGLE,AUTO,1
CUST-000016,39,102643.69,21,34220.53,36,24.38,344,0.3917,6,1,RETIRED,PHD,DIVORCED,PERSONAL,1
CUST-000017,57,96677.83,21,52226.21,60,6.07,635,0.2216,4,0,UNEMPLOYED,BACHELORS,SINGLE,PERSONAL,1
CUST-000018,38,47268.83,20,21903.53,60,9.95,794,0.1035,4,0,UNEMPLOYED,BACHELORS,SINGLE,AUTO,0
CUST-000019,37,111412.05,2,67861.02,48,19.48,324,0.1426,5,3,RETIRED,MASTERS,SINGLE,PERSONAL,1
CUST-000020,56,195843.66,20,48871.95,12,23.00,530,0.6638,1,0,SELF_EMPLOYED,PHD,MARRIED,AUTO,1
CUST-000021,65,193858.96,14,52982.92,12,13.60,313,0.4260,2,2,RETIRED,PHD,SINGLE,AUTO,1
CUST-000022,63,119946.20,34,7834.18,36,23.41,366,0.4774,4,0,RETIRED,HIGH_SCHOOL,MARRIED,EDUCATION,1
CUST-000023,53,19518.48,14,76853.74,12,12.63,478,0.6926,2,0,SALARIED,HIGH_SCHOOL,SINGLE,EDUCATION,1
CUST-000024,28,178734.60,10,54918.19,48,14.07,778,0.2960,3,0,SALARIED,HIGH_SCHOOL,DIVORCED,EDUCATION,0
CUST-000025,31,194399.83,2,57555.92,24,23.51,756,0.4222,3,0,SELF_EMPLOYED,MASTERS,MARRIED,PERSONAL,1
CUST-000026,42,131303.07,24,36919.40,24,24.54,761,0.1043,2,0,RETIRED,BACHELORS,SINGLE,EDUCATION,0
CUST-000027,52,103275.13,6,59555.81,60,23.69,504,0.1911,5,0,UNEMPLOYED,HIGH_SCHOOL,MARRIED,PERSONAL,1
CUST-000028,39,44315.65,21,61161.48,48,13.59,848,0.4707,5,0,SALARIED,MASTERS,DIVORCED,BUSINESS,0
CUST-000029,45,85506.63,18,6880.41,60,7.52,680,0.1447,1,0,SELF_EMPLOYED,BACHELORS,SINGLE,HOME,0
CUST-000030,70,110414.55,23,39665.47,36,7.29,317,0.4322,0,0,RETIRED,PHD,MARRIED,PERSONAL,0
CUST-000031,47,178249.58,15,75854.10,36,21.99,803,0.6712,0,0,UNEMPLOYED,PHD,MARRIED,PERSONAL,1
CUST-000032,43,139015.72,25,35647.20,60,15.56,658,0.1199,1,1,SELF_EMPLOYED,HIGH_SCHOOL,SINGLE,EDUCATION,0
CUST-000033,38,156654.21,4,71234.69,24,10.55,476,0.2868,1,0,SELF_EMPLOYED,MASTERS,MARRIED,PERSONAL,0
CUST-000034,35,18357.36,17,30933.19,12,10.86,721,0.1493,5,0,UNEMPLOYED,HIGH_SCHOOL,MARRIED,HOME,0
CUST-000035,66,199533.41,25,79924.41,12,12.21,496,0.3647,0,3,SALARIED,MASTERS,MARRIED,PERSONAL,1
CUST-000036,50,139125.22,4,26553.84,48,15.61,637,0.1268,4,3,RETIRED,HIGH_SCHOOL,SINGLE,BUSINESS,1
CUST-000037,68,136089.72,27,58871.10,60,21.64,728,0.2283,6,0,RETIRED,HIGH_SCHOOL,SINGLE,HOME,0
CUST-000038,57,115280.56,29,35858.06,24,20.63,492,0.4552,2,0,RETIRED,PHD,SINGLE,EDUCATION,0
CUST-000039,67,120942.66,9,9751.76,36,18.91,548,0.2160,1,0,UNEMPLOYED,PHD,DIVORCED,BUSINESS,0
CUST-000040,35,181962.61,3,67478.68,12,19.08,597,0.4719,6,0,SELF_EMPLOYED,BACHELORS,MARRIED,BUSINESS,0
CUST-000041,40,29230.69,7,5902.52,12,7.82,432,0.3104,3,0,UNEMPLOYED,PHD,DIVORCED,HOME,0
CUST-000042,50,47136.26,5,16024.43,12,10.81,716,0.3238,0,0,SELF_EMPLOYED,BACHELORS,MARRIED,AUTO,0
CUST-000043,47,18164.38,29,20865.55,36,7.59,576,0.1054,0,0,SALARIED,BACHELORS,DIVORCED,HOME,1
CUST-000044,50,182776.51,12,77049.28,24,22.83,720,0.6089,1,0,RETIRED,PHD,SINGLE,EDUCATION,1
CUST-000045,44,80962.37,8,34580.31,24,7.92,459,0.6307,4,0,UNEMPLOYED,HIGH_SCHOOL,SINGLE,HOME,1
CUST-000046,40,79653.23,15,21536.44,12,17.12,494,0.5987,5,0,UNEMPLOYED,HIGH_SCHOOL,MARRIED,EDUCATION,1
CUST-000047,22,168864.13,4,73220.23,48,9.68,386,0.4029,2,0,SELF_EMPLOYED,MASTERS,SINGLE,AUTO,0
CUST-000048,51,56956.21,7,69527.87,36,20.87,608,0.6665,6,0,SALARIED,BACHELORS,DIVORCED,AUTO,1
CUST-000049,31,81045.44,13,42556.20,48,12.93,519,0.6769,3,0,SALARIED,BACHELORS,DIVORCED,HOME,1
CUST-000050,34,193955.72,16,35917.27,48,15.27,625,0.4129,4,3,SELF_EMPLOYED,PHD,MARRIED,PERSONAL,1
CUST-000051,24,77030.29,6,39767.71,60,17.57,350,0.3494,0,2,SELF_EMPLOYED,BACHELORS,DIVORCED,AUTO,1
CUST-000052,65,61147.15,13,43734.40,36,21.22,450,0.1118,5,0,UNEMPLOYED,HIGH_SCHOOL,MARRIED,AUTO,1
CUST-000053,61,154365.31,1,81969.41,24,18.91,805,0.5807,1,0,SELF_EMPLOYED,MASTERS,MARRIED,AUTO,0
CUST-000054,63,161647.37,30,37397.21,12,7.73,660,0.4571,6,2,RETIRED,HIGH_SCHOOL,MARRIED,BUSINESS,1
CUST-000055,32,198201.29,12,78155.89,60,23.85,377,0.1725,2,3,SALARIED,MASTERS,SINGLE,PERSONAL,1
CUST-000056,25,45736.17,7,64767.69,12,19.39,426,0.1386,4,0,RETIRED,HIGH_SCHOOL,MARRIED,HOME,1
CUST-000057,54,104026.41,33,6506.96,48,17.58,549,0.6659,3,0,SELF_EMPLOYED,PHD,MARRIED,BUSINESS,1
CUST-000058,56,174596.12,27,45346.40,12,19.86,833,0.4561,3,0,SALARIED,BACHELORS,MARRIED,AUTO,0
CUST-000059,29,155023.44,11,83569.61,60,21.13,491,0.1864,0,0,RETIRED,PHD,SINGLE,PERSONAL,0
CUST-000060,58,25891.01,20,38687.28,60,12.19,510,0.1332,2,0,SELF_EMPLOYED,HIGH_SCHOOL,MARRIED,AUTO,1
CUST-000061,52,199362.98,23,56846.05,60,18.41,423,0.4269,6,0,SELF_EMPLOYED,HIGH_SCHOOL,MARRIED,EDUCATION,0
CUST-000062,50,112363.70,7,42849.55,24,23.32,331,0.6111,4,0,SELF_EMPLOYED,PHD,SINGLE,PERSONAL,1
CUST-000063,25,45092.48,7,84178.74,24,6.90,698,0.5919,2,0,RETIRED,HIGH_SCHOOL,MARRIED,PERSONAL,0
CUST-000064,48,63088.82,5,15311.83,24,11.05,340,0.3980,5,0,UNEMPLOYED,MASTERS,SINGLE,HOME,1
CUST-000065,47,174977.40,10,45727.34,60,17.62,690,0.6552,1,0,UNEMPLOYED,BACHELORS,DIVORCED,EDUCATION,0
CUST-000066,56,68862.14,21,4980.09,48,24.65,376,0.3329,1,1,RETIRED,MASTERS,MARRIED,BUSINESS,0
CUST-000067,50,173727.48,12,76510.75,48,7.69,453,0.1002,4,0,SALARIED,HIGH_SCHOOL,MARRIED,EDUCATION,0
CUST-000068,66,43924.94,3,72597.05,24,6.56,796,0.3156,1,0,SELF_EMPLOYED,MASTERS,MARRIED,AUTO,0
CUST-000069,21,64412.91,3,30652.26,24,7.04,674,0.6061,1,0,UNEMPLOYED,PHD,DIVORCED,PERSONAL,1
CUST-000070,70,42966.60,10,56794.44,12,24.04,781,0.2511,1,0,RETIRED,MASTERS,DIVORCED,PERSONAL,0
CUST-000071,64,21115.49,5,66036.63,48,17.96,442,0.3877,1,0,UNEMPLOYED,HIGH_SCHOOL,SINGLE,HOME,1
CUST-000072,60,60784.60,31,30467.94,36,11.28,367,0.2534,1,0,UNEMPLOYED,BACHELORS,DIVORCED,BUSINESS,1
CUST-000073,53,101674.97,25,64356.18,12,13.65,327,0.2747,5,0,SALARIED,HIGH_SCHOOL,SINGLE,AUTO,0
CUST-000074,69,162207.69,33,68894.57,60,16.38,539,0.1255,5,0,UNEMPLOYED,BACHELORS,DIVORCED,EDUCATION,1
CUST-000075,59,193608.73,2,59346.29,48,7.75,725,0.1400,0,0,UNEMPLOYED,MASTERS,MARRIED,AUTO,0
CUST-000076,50,119028.80,24,47971.34,60,13.34,798,0.4075,5,0,SELF_EMPLOYED,HIGH_SCHOOL,SINGLE,AUTO,0
CUST-000077,50,102254.50,19,45624.03,48,23.29,665,0.2403,3,0,RETIRED,PHD,DIVORCED,HOME,0
CUST-000078,36,149486.29,4,45077.43,24,16.44,730,0.5148,1,0,RETIRED,MASTERS,MARRIED,AUTO,0
CUST-000079,31,67438.62,13,19204.28,60,5.80,753,0.3650,6,0,RETIRED,BACHELORS,DIVORCED,HOME,0
CUST-000080,64,91780.92,10,80038.85,24,18.40,557,0.2348,2,3,SELF_EMPLOYED,BACHELORS,SINGLE,PERSONAL,1
CUST-000081,55,181252.96,6,15493.13,48,13.26,476,0.1654,1,0,SELF_EMPLOYED,MASTERS,SINGLE,PERSONAL,1
CUST-000082,26,38570.43,8,33556.93,60,15.85,471,0.2413,6,1,UNEMPLOYED,PHD,DIVORCED,EDUCATION,1
CUST-000083,23,77072.15,5,48112.19,48,16.61,315,0.3132,1,0,SELF_EMPLOYED,MASTERS,DIVORCED,HOME,1
CUST-000084,70,96729.46,18,74015.76,60,23.35,416,0.2343,4,0,SELF_EMPLOYED,PHD,DIVORCED,AUTO,1
CUST-000085,62,175564.92,1,55845.31,36,13.54,518,0.2190,6,0,UNEMPLOYED,BACHELORS,MARRIED,EDUCATION,0
CUST-000086,22,75556.49,4,11279.01,48,14.69,797,0.0672,2,0,UNEMPLOYED,MASTERS,MARRIED,HOME,0
CUST-000087,23,35027.43,5,37288.42,12,14.65,733,0.1960,4,0,UNEMPLOYED,MASTERS,MARRIED,BUSINESS,0
CUST-000088,70,166394.16,10,13721.44,12,15.25,849,0.3239,5,1,SELF_EMPLOYED,MASTERS,SINGLE,PERSONAL,0
CUST-000089,55,131477.37,21,88536.91,60,5.59,527,0.5837,0,0,UNEMPLOYED,HIGH_SCHOOL,SINGLE,EDUCATION,1
CUST-000090,63,123156.14,2,40094.18,24,13.23,702,0.1618,6,0,SALARIED,PHD,DIVORCED,PERSONAL,0
CUST-000091,54,120818.61,17,51210.33,24,20.53,487,0.2866,4,0,RETIRED,HIGH_SCHOOL,MARRIED,PERSONAL,0
CUST-000092,21,72491.87,3,25039.08,24,21.30,382,0.1326,4,0,SELF_EMPLOYED,PHD,DIVORCED,EDUCATION,1
CUST-000093,65,99941.25,21,36147.93,12,22.08,386,0.1450,4,3,SELF_EMPLOYED,MASTERS,DIVORCED,PERSONAL,1
CUST-000094,62,132533.62,12,87354.36,24,11.10,586,0.0959,2,0,SALARIED,PHD,DIVORCED,BUSINESS,0
CUST-000095,58,22247.47,32,50060.46,60,7.07,619,0.6973,1,0,SALARIED,PHD,SINGLE,PERSONAL,0
CUST-000096,46,131996.15,14,43761.19,36,10.72,569,0.4258,4,0,SELF_EMPLOYED,BACHELORS,MARRIED,PERSONAL,1
CUST-000097,56,173702.35,32,14562.83,60,9.44,842,0.1894,0,0,SALARIED,PHD,SINGLE,EDUCATION,0
CUST-000098,70,57488.57,27,11373.26,48,12.69,585,0.6367,1,0,SELF_EMPLOYED,MASTERS,MARRIED,BUSINESS,1
CUST-000099,32,43682.72,14,48511.43,12,20.91,566,0.2228,0,1,SALARIED,HIGH_SCHOOL,DIVORCED,PERSONAL,1
CUST-000100,69,169013.05,7,50047.17,12,5.94,617,0.5938,5,0,SELF_EMPLOYED,BACHELORS,SINGLE,HOME,0
CUST-000101,21,167434.21,0,22043.51,60,17.93,447,0.1080,1,3,UNEMPLOYED,PHD,MARRIED,PERSONAL,1
CUST-000102,34,36921.68,16,68387.20,48,12.54,437,0.4102,6,1,SALARIED,HIGH_SCHOOL,MARRIED,EDUCATION,1
CUST-000103,26,105697.71,8,40729.69,48,12.43,307,0.6630,5,0,SALARIED,MASTERS,MARRIED,EDUCATION,0
CUST-000104,56,164107.21,26,48939.06,48,9.99,652,0.1427,3,0,SALARIED,MASTERS,DIVORCED,BUSINESS,0
CUST-000105,38,180251.16,?,37796.45,12,6.11,499,0.3092,2,0,UNEMPLOYED,HIGH_SCHOOL,DIVORCED,AUTO,0
CUST-000106,38,151411.94,4,51230.11,24,8.21,561,0.2794,6,0,SELF_EMPLOYED,BACHELORS,MARRIED,AUTO,0
CUST-000107,55,116923.91,12,89484.19,12,23.00,676,0.3262,0,0,SELF_EMPLOYED,MASTERS,DIVORCED,HOME,1
CUST-000108,42,33402.42,8,64180.51,36,16.27,529,0.2268,5,0,UNEMPLOYED,PHD,MARRIED,EDUCATION,1
CUST-000109,27,51932.43,7,36904.01,24,5.78,832,0.0997,4,0,RETIRED,HIGH_SCHOOL,MARRIED,PERSONAL,0
CUST-000110,51,28868.89,21,28069.99,24,17.12,471,0.2255,3,0,SELF_EMPLOYED,PHD,SINGLE,AUTO,0
CUST-000111,69,18035.25,3,51105.30,60,17.46,519,0.4844,5,0,SALARIED,MASTERS,SINGLE,BUSINESS,1
CUST-000112,34,145572.89,16,39170.15,24,13.27,696,0.6658,0,0,SALARIED,MASTERS,MARRIED,PERSONAL,0
CUST-000113,24,80803.61,6,40992.82,12,16.26,455,0.3610,3,0,SELF_EMPLOYED,HIGH_SCHOOL,SINGLE,BUSINESS,1
CUST-000114,41,95769.32,19,89604.80,48,20.84,527,0.2146,0,0,SELF_EMPLOYED,PHD,MARRIED,HOME,1
CUST-000115,26,87730.67,8,87270.47,12,7.35,666,0.4369,2,1,UNEMPLOYED,BACHELORS,SINGLE,HOME,1
CUST-000116,23,135327.47,1,76216.90,60,22.79,436,0.2990,3,0,UNEMPLOYED,HIGH_SCHOOL,MARRIED,HOME,1
CUST-000117,34,88394.57,9,71393.14,36,6.50,357,0.5883,1,0,RETIRED,PHD,SINGLE,HOME,0
CUST-000118,65,195389.10,32,20103.22,12,14.93,604,0.5061,2,0,RETIRED,BACHELORS,MARRIED,EDUCATION,1
CUST-000119,31,194189.62,13,60680.09,60,19.52,339,0.2090,2,3,SELF_EMPLOYED,BACHELORS,MARRIED,AUTO,1
CUST-000120,21,104348.00,3,20203.16,60,6.67,550,0.5734,2,0,SELF_EMPLOYED,HIGH_SCHOOL,MARRIED,HOME,0
CUST-000121,34,106173.73,16,47164.19,36,13.52,491,0.2078,4,0,SELF_EMPLOYED,BACHELORS,MARRIED,AUTO,0
CUST-000122,49,117983.63,30,87373.61,12,7.65,652,0.4233,3,2,SELF_EMPLOYED,HIGH_SCHOOL,MARRIED,EDUCATION,1
CUST-000123,35,160396.25,17,11057.89,12,18.21,769,0.1579,1,0,SALARIED,BACHELORS,SINGLE,EDUCATION,0
CUST-000124,32,72753.57,14,3291.14,24,14.32,317,0.5968,4,1,UNEMPLOYED,MASTERS,MARRIED,EDUCATION,1
CUST-000125,70,102995.70,21,5978.82,24,12.07,645,0.6875,5,0,SALARIED,PHD,MARRIED,EDUCATION,0
CUST-000126,42,67336.10,21,26526.78,48,20.70,769,0.4142,0,0,RETIRED,PHD,DIVORCED,BUSINESS,0
CUST-000127,29,56052.37,11,25281.55,12,8.25,831,0.4463,4,0,UNEMPLOYED,BACHELORS,SINGLE,AUTO,0
CUST-000128,50,158516.59,13,79447.16,24,23.60,822,0.4463,4,3,UNEMPLOYED,MASTERS,MARRIED,AUTO,1
CUST-000129,47,112563.37,6,86044.48,24,10.59,530,0.3817,2,0,RETIRED,BACHELORS,MARRIED,BUSINESS,1
CUST-000130,54,128309.57,32,19059.22,12,15.06,415,0.4157,5,0,SALARIED,BACHELORS,DIVORCED,PERSONAL,1
CUST-000131,46,184762.06,14,30837.29,12,17.36,558,0.0974,1,0,SALARIED,BACHELORS,SINGLE,AUTO,1
CUST-000132,33,120260.81,15,14660.03,24,24.35,451,0.2353,6,0,SALARIED,MASTERS,MARRIED,EDUCATION,1
CUST-000133,68,190999.09,27,64273.88,60,21.35,497,0.6297,2,0,RETIRED,MASTERS,DIVORCED,AUTO,0
CUST-000134,41,187582.08,7,31498.88,24,11.97,600,0.0628,2,3,SELF_EMPLOYED,BACHELORS,MARRIED,EDUCATION,1
CUST-000135,28,98105.59,10,12417.78,60,10.61,697,0.2310,6,0,SELF_EMPLOYED,MASTERS,DIVORCED,AUTO,1
CUST-000136,54,37880.22,3,75703.26,36,8.42,730,0.2062,3,1,RETIRED,MASTERS,DIVORCED,EDUCATION,0
CUST-000137,64,116557.94,20,53918.07,12,9.62,497,0.3369,3,0,UNEMPLOYED,HIGH_SCHOOL,MARRIED,PERSONAL,1
CUST-000138,28,128051.78,10,23061.04,48,6.62,307,0.3173,6,0,RETIRED,MASTERS,MARRIED,HOME,0
CUST-000139,58,100677.02,23,86000.10,24,17.54,492,0.2347,0,0,RETIRED,MASTERS,MARRIED,PERSONAL,1
CUST-000140,50,169067.65,32,22658.55,48,17.53,578,0.3953,1,0,UNEMPLOYED,HIGH_SCHOOL,MARRIED,HOME,0
CUST-000141,21,179637.12,3,67521.34,12,8.65,344,0.6647,5,0,RETIRED,MASTERS,MARRIED,BUSINESS,0
CUST-000142,51,69545.60,14,12216.00,24,11.36,333,0.0836,6,0,SALARIED,PHD,SINGLE,AUTO,0
CUST-000143,50,18659.63,13,5414.50,12,6.82,356,0.3531,6,0,SELF_EMPLOYED,HIGH_SCHOOL,SINGLE,BUSINESS,0
CUST-000144,42,101968.89,12,9440.15,12,22.49,460,0.4315,4,0,RETIRED,MASTERS,SINGLE,AUTO,1
CUST-000145,62,146899.19,11,68527.45,48,17.69,814,0.1797,6,0,SALARIED,BACHELORS,DIVORCED,BUSINESS,0
CUST-000146,64,33494.83,32,61709.74,48,18.58,686,0.6657,0,2,SALARIED,BACHELORS,MARRIED,BUSINESS,0
CUST-000147,38,109372.10,15,62604.08,48,16.44,605,0.2970,4,0,UNEMPLOYED,MASTERS,DIVORCED,BUSINESS,1
CUST-000148,41,80338.10,23,60790.85,24,19.79,767,0.1916,1,0,UNEMPLOYED,PHD,SINGLE,EDUCATION,0
CUST-000149,37,53023.54,2,43938.47,48,23.10,467,0.3988,1,0,RETIRED,HIGH_SCHOOL,DIVORCED,EDUCATION,1
CUST-000150,64,119546.81,5,5166.27,48,9.04,456,0.6246,3,0,SELF_EMPLOYED,BACHELORS,DIVORCED,PERSONAL,0
CUST-000151,21,147305.43,3,56858.13,60,20.90,386,0.3004,5,0,UNEMPLOYED,PHD,DIVORCED,AUTO,1
CUST-000152,58,161277.36,18,6761.98,36,22.42,313,0.1438,1,0,SALARIED,BACHELORS,DIVORCED,EDUCATION,1
CUST-000153,22,71633.22,4,25163.21,48,15.22,553,0.6747,2,0,RETIRED,MASTERS,DIVORCED,HOME,1
CUST-000154,70,92842.33,24,44873.97,48,18.37,338,0.2802,4,1,SELF_EMPLOYED,PHD,MARRIED,BUSINESS,1
CUST-000155,41,58359.70,10,15012.44,48,19.40,668,0.0658,2,0,RETIRED,BACHELORS,SINGLE,BUSINESS,1
CUST-000156,62,196658.11,13,26139.06,36,16.23,383,0.4106,6,0,RETIRED,PHD,MARRIED,HOME,0
CUST-000157,47,41960.59,8,30187.48,12,22.83,732,0.5270,2,0,UNEMPLOYED,PHD,MARRIED,EDUCATION,0
CUST-000158,30,185711.06,4,42587.12,12,24.89,551,0.0956,1,0,UNEMPLOYED,MASTERS,MARRIED,AUTO,1
CUST-000159,32,47161.69,14,59939.25,12,7.47,601,0.2946,0,3,SALARIED,HIGH_SCHOOL,DIVORCED,AUTO,1
CUST-000160,31,198529.65,13,21566.80,12,15.45,844,0.6026,4,0,UNEMPLOYED,BACHELORS,MARRIED,EDUCATION,0
CUST-000161,35,36506.29,17,70646.98,12,6.03,574,0.6983,3,0,SALARIED,PHD,SINGLE,BUSINESS,1
CUST-000162,28,44437.21,0,56012.91,12,23.33,716,0.5764,3,0,RETIRED,BACHELORS,DIVORCED,EDUCATION,0
CUST-000163,44,96381.35,15,62555.61,36,24.18,427,0.4863,1,0,UNEMPLOYED,MASTERS,SINGLE,AUTO,1
CUST-000164,48,119520.91,21,72119.64,48,23.24,752,0.5190,6,0,SALARIED,BACHELORS,DIVORCED,EDUCATION,0
CUST-000165,59,104088.75,31,71557.26,48,6.52,767,0.1750,6,0,UNEMPLOYED,HIGH_SCHOOL,DIVORCED,HOME,0
CUST-000166,66,197351.91,2,68561.50,48,12.06,518,0.2016,0,1,RETIRED,HIGH_SCHOOL,DIVORCED,AUTO,1
CUST-000167,57,141788.70,8,87076.27,24,17.61,734,0.6255,2,1,SELF_EMPLOYED,PHD,DIVORCED,EDUCATION,1
CUST-000168,61,141325.28,23,56700.37,60,15.35,487,0.5401,6,3,RETIRED,HIGH_SCHOOL,MARRIED,AUTO,1
CUST-000169,25,152683.53,0,36197.48,36,13.55,668,0.4510,5,0,UNEMPLOYED,MASTERS,SINGLE,EDUCATION,0
CUST-000170,30,81639.38,2,66826.38,24,6.79,644,0.2148,0,0,SALARIED,HIGH_SCHOOL,DIVORCED,PERSONAL,0
CUST-000171,55,76813.78,0,45927.64,24,8.52,838,0.5845,6,3,RETIRED,HIGH_SCHOOL,DIVORCED,PERSONAL,1
CUST-000172,31,104640.10,13,67207.25,12,7.41,812,0.1389,3,0,SALARIED,MASTERS,DIVORCED,BUSINESS,1
CUST-000173,47,139389.05,22,7559.60,36,23.94,667,0.2196,4,0,SELF_EMPLOYED,HIGH_SCHOOL,SINGLE,PERSONAL,0
CUST-000174,50,117460.84,16,76801.44,24,11.99,439,0.6244,3,0,UNEMPLOYED,BACHELORS,MARRIED,PERSONAL,1
CUST-000175,29,148940.49,6,71871.60,60,8.32,318,0.5851,3,0,UNEMPLOYED,BACHELORS,MARRIED,HOME,0
CUST-000176,29,131798.00,10,50649.06,60,24.92,596,0.0675,4,0,RETIRED,BACHELORS,MARRIED,HOME,0
CUST-000177,70,199251.33,8,15832.53,48,6.48,706,0.2099,1,0,UNEMPLOYED,BACHELORS,DIVORCED,BUSINESS,0
CUST-000178,30,113021.49,2,30114.17,24,17.78,407,0.5332,6,0,SALARIED,PHD,MARRIED,HOME,1
CUST-000179,59,23130.09,5,60142.57,12,8.83,716,0.4351,2,0,RETIRED,MASTERS,DIVORCED,BUSINESS,1
CUST-000180,57,65782.58,29,54457.43,24,6.03,378,0.5388,1,0,RETIRED,HIGH_SCHOOL,MARRIED,EDUCATION,0
CUST-000181,48,88219.50,30,84610.35,60,22.79,565,0.2705,4,0,SALARIED,PHD,DIVORCED,PERSONAL,1
CUST-000182,40,27449.70,6,13900.39,24,11.45,583,0.3428,5,0,UNEMPLOYED,HIGH_SCHOOL,MARRIED,PERSONAL,0
CUST-000183,53,128559.66,28,73879.90,36,14.00,475,0.3072,0,0,SALARIED,BACHELORS,MARRIED,EDUCATION,0
CUST-000184,30,122947.41,12,43762.37,12,10.73,630,0.2052,2,0,SELF_EMPLOYED,MASTERS,SINGLE,BUSINESS,0
CUST-000185,50,80352.63,32,82223.04,60,24.66,453,0.3593,4,0,UNEMPLOYED,PHD,SINGLE,HOME,1
CUST-000186,28,53454.08,10,33827.66,24,18.54,843,0.5128,1,0,SELF_EMPLOYED,PHD,MARRIED,AUTO,0
CUST-000187,28,115321.76,10,40926.77,60,7.64,315,0.5920,5,0,UNEMPLOYED,MASTERS,DIVORCED,PERSONAL,1
CUST-000188,40,138786.79,22,66719.33,12,22.92,407,0.4479,0,0,SELF_EMPLOYED,BACHELORS,MARRIED,HOME,1
CUST-000189,42,176436.63,24,49924.08,48,24.63,381,0.2465,0,1,RETIRED,MASTERS,SINGLE,BUSINESS,1
CUST-000190,40,190595.69,13,12899.53,24,24.48,?,0.1979,3,0,SELF_EMPLOYED,PHD,SINGLE,BUSINESS,0
CUST-000191,66,174917.99,30,41470.83,12,14.34,791,0.2651,4,0,UNEMPLOYED,MASTERS,MARRIED,HOME,0
CUST-000192,35,118401.62,12,84381.97,24,13.55,623,0.4330,0,0,SELF_EMPLOYED,PHD,SINGLE,HOME,1
CUST-000193,67,89615.94,0,17044.98,36,12.47,801,0.1507,0,0,RETIRED,MASTERS,DIVORCED,BUSINESS,0
CUST-000194,70,180011.38,?,69389.29,60,7.06,578,0.1174,5,0,RETIRED,BACHELORS,DIVORCED,AUTO,1
CUST-000195,61,151580.59,4,63423.68,24,10.77,821,0.5295,1,0,SELF_EMPLOYED,HIGH_SCHOOL,DIVORCED,BUSINESS,0
CUST-000196,41,54113.53,23,46711.07,60,19.21,849,0.3379,2,0,UNEMPLOYED,HIGH_SCHOOL,MARRIED,HOME,0
CUST-000197,51,144068.45,31,71461.65,24,10.79,719,0.6653,2,2,SALARIED,HIGH_SCHOOL,MARRIED,AUTO,0
CUST-000198,36,151011.55,18,5281.48,60,20.53,?,0.1086,4,1,UNEMPLOYED,BACHELORS,DIVORCED,BUSINESS,1
CUST-000199,57,166069.29,24,66856.25,36,5.39,622,0.6459,1,2,UNEMPLOYED,MASTERS,DIVORCED,EDUCATION,1
CUST-000200,51,24967.32,16,35916.86,60,22.05,374,0.1030,4,2,UNEMPLOYED,HIGH_SCHOOL,SINGLE,HOME,1
CUST-000201,41,125038.70,23,53647.36,24,24.28,525,0.5074,0,0,UNEMPLOYED,BACHELORS,DIVORCED,AUTO,1
CUST-000202,33,145794.99,4,79306.55,24,24.96,386,0.6553,6,0,SELF_EMPLOYED,BACHELORS,DIVORCED,HOME,1
CUST-000203,57,113917.01,1,50023.85,48,11.84,336,0.4489,6,0,SELF_EMPLOYED,PHD,SINGLE,AUTO,1
CUST-000204,31,177848.96,13,37552.33,12,5.78,576,0.4953,6,0,SALARIED,PHD,DIVORCED,PERSONAL,1
CUST-000205,45,199606.67,19,49884.26,48,24.66,440,0.5679,6,0,UNEMPLOYED,PHD,SINGLE,AUTO,1
CUST-000206,35,198512.31,17,54204.82,24,12.76,530,0.3962,2,0,SALARIED,BACHELORS,MARRIED,EDUCATION,1
CUST-000207,51,195182.48,24,63769.21,48,16.53,440,0.1984,1,0,UNEMPLOYED,BACHELORS,SINGLE,BUSINESS,1
CUST-000208,51,99626.50,28,68312.36,12,16.07,437,0.5941,2,0,SELF_EMPLOYED,BACHELORS,SINGLE,PERSONAL,1
CUST-000209,22,86812.87,4,88033.75,12,13.22,847,0.5301,3,0,SALARIED,BACHELORS,SINGLE,AUTO,1
CUST-000210,41,113266.62,16,7637.93,36,17.35,317,0.5122,0,0,RETIRED,BACHELORS,SINGLE,EDUCATION,1
CUST-000211,53,86002.49,30,6522.12,60,9.36,307,0.2514,4,0,SELF_EMPLOYED,MASTERS,SINGLE,HOME,0
CUST-000212,32,32548.72,14,31625.41,12,17.82,792,0.6822,2,0,SALARIED,HIGH_SCHOOL,DIVORCED,PERSONAL,0
CUST-000213,60,176244.11,11,9178.12,24,6.77,448,0.2423,4,0,SELF_EMPLOYED,PHD,DIVORCED,BUSINESS,0
CUST-000214,33,57849.15,11,48136.55,60,7.09,449,0.2071,1,0,UNEMPLOYED,BACHELORS,SINGLE,HOME,0
CUST-000215,57,132446.95,13,12610.96,36,10.65,520,0.3416,3,0,SALARIED,BACHELORS,MARRIED,HOME,1
CUST-000216,51,163948.40,8,56974.98,48,10.28,789,0.2001,3,0,RETIRED,BACHELORS,MARRIED,BUSINESS,0
CUST-000217,51,113221.48,21,45087.17,60,22.17,662,0.0541,5,0,SELF_EMPLOYED,PHD,MARRIED,BUSINESS,0
CUST-000218,65,53053.81,22,44454.36,48,11.22,360,0.5420,4,0,SALARIED,HIGH_SCHOOL,SINGLE,BUSINESS,0
CUST-000219,32,65806.48,7,25672.21,24,11.76,849,0.6473,6,0,UNEMPLOYED,MASTERS,MARRIED,BUSINESS,1
CUST-000220,29,47638.66,11,84417.45,36,8.54,353,0.5802,5,0,SALARIED,PHD,DIVORCED,BUSINESS,1
CUST-000221,32,152636.22,14,65215.98,12,16.80,828,0.5401,2,0,SALARIED,PHD,SINGLE,EDUCATION,0
CUST-000222,67,63523.80,22,33910.21,48,21.95,668,0.4783,4,0,SALARIED,BACHELORS,DIVORCED,PERSONAL,0
CUST-000223,34,115876.61,16,11989.47,60,24.73,605,0.6392,4,0,SALARIED,MASTERS,MARRIED,PERSONAL,1
CUST-000224,39,154984.49,12,7390.14,60,14.71,767,0.6908,4,0,SELF_EMPLOYED,MASTERS,DIVORCED,AUTO,0
CUST-000225,40,91271.86,15,21165.13,60,12.29,601,0.5170,0,0,SELF_EMPLOYED,PHD,MARRIED,AUTO,0
CUST-000226,22,69941.36,2,63539.57,36,9.92,669,0.3850,0,0,RETIRED,BACHELORS,MARRIED,AUTO,0
CUST-000227,46,187845.03,28,85050.00,36,9.05,474,0.3908,2,0,UNEMPLOYED,PHD,SINGLE,EDUCATION,0
CUST-000228,35,149705.47,17,39788.73,60,5.86,761,0.0817,6,0,RETIRED,PHD,MARRIED,EDUCATION,0
CUST-000229,29,115575.26,11,22112.83,24,13.26,580,0.1837,5,3,UNEMPLOYED,MASTERS,MARRIED,BUSINESS,1
CUST-000230,48,136617.47,8,34937.53,12,20.32,589,0.0909,5,0,RETIRED,BACHELORS,MARRIED,PERSONAL,0
CUST-000231,59,182535.08,5,17926.35,36,8.87,670,0.3004,1,0,SELF_EMPLOYED,PHD,SINGLE,BUSINESS,0
CUST-000232,62,85025.33,23,10693.30,12,6.85,448,0.6650,3,0,SELF_EMPLOYED,BACHELORS,DIVORCED,HOME,1
CUST-000233,57,56589.23,29,34098.66,24,23.42,333,0.1553,4,0,SALARIED,BACHELORS,DIVORCED,AUTO,0
CUST-000234,45,109826.97,9,29665.99,60,16.35,419,0.1527,1,1,SALARIED,PHD,SINGLE,PERSONAL,0
CUST-000235,36,162636.17,7,33288.03,24,20.44,755,0.3157,4,0,UNEMPLOYED,HIGH_SCHOOL,SINGLE,BUSINESS,0
CUST-000236,43,85948.61,25,60852.83,60,23.38,494,0.1934,4,0,SALARIED,MASTERS,SINGLE,AUTO,0
CUST-000237,43,153997.43,25,13927.64,60,5.28,785,0.5254,4,0,SELF_EMPLOYED,BACHELORS,MARRIED,BUSINESS,0
CUST-000238,54,59702.15,1,62449.35,36,5.12,839,0.4358,3,1,UNEMPLOYED,PHD,SINGLE,BUSINESS,0
CUST-000239,61,39858.97,27,37147.94,60,17.96,460,0.5971,2,0,SALARIED,PHD,DIVORCED,HOME,0
CUST-000240,68,91872.95,12,63197.10,48,16.76,682,0.2534,6,0,UNEMPLOYED,BACHELORS,DIVORCED,AUTO,1
CUST-000241,36,160436.57,18,20733.23,36,8.13,588,0.1220,0,0,SELF_EMPLOYED,HIGH_SCHOOL,SINGLE,PERSONAL,1
CUST-000242,47,164151.10,28,59856.22,24,10.39,330,0.4280,4,0,SELF_EMPLOYED,PHD,MARRIED,EDUCATION,0
CUST-000243,60,145409.61,12,77478.69,24,20.45,549,0.3480,6,0,SALARIED,HIGH_SCHOOL,MARRIED,AUTO,0
CUST-000244,40,91520.59,22,70574.65,36,9.35,667,0.6379,5,2,RETIRED,BACHELORS,SINGLE,AUTO,1
CUST-000245,63,68412.51,15,72156.86,12,11.99,446,0.4892,1,0,RETIRED,HIGH_SCHOOL,SINGLE,HOME,0
CUST-000246,70,194923.89,28,64438.25,60,23.23,724,0.3877,5,0,SELF_EMPLOYED,PHD,DIVORCED,BUSINESS,0
CUST-000247,53,71514.34,7,4103.55,36,11.48,832,0.1172,3,0,SELF_EMPLOYED,BACHELORS,SINGLE,HOME,0
CUST-000248,57,129821.00,9,58710.86,24,5.50,829,0.2718,2,0,UNEMPLOYED,BACHELORS,DIVORCED,BUSINESS,0
CUST-000249,64,173074.65,5,48267.86,24,18.30,452,0.2781,2,0,RETIRED,BACHELORS,SINGLE,EDUCATION,0
CUST-000250,69,54890.91,23,13708.56,48,18.56,?,0.1380,1,0,SALARIED,MASTERS,SINGLE,EDUCATION,1
CUST-000251,51,186870.10,33,84475.47,48,20.51,791,0.1729,3,0,SELF_EMPLOYED,PHD,DIVORCED,BUSINESS,0
CUST-000252,55,97771.01,31,70605.38,12,17.90,751,0.4835,3,1,SELF_EMPLOYED,HIGH_SCHOOL,MARRIED,AUTO,1
CUST-000253,43,186245.93,14,67143.48,48,15.98,781,0.2532,6,2,UNEMPLOYED,HIGH_SCHOOL,MARRIED,AUTO,1
CUST-000254,26,137559.62,8,67363.76,48,14.36,736,0.4721,3,0,SELF_EMPLOYED,BACHELORS,DIVORCED,HOME,0
CUST-000255,22,124339.07,2,11666.30,24,5.27,666,0.1244,6,2,UNEMPLOYED,HIGH_SCHOOL,MARRIED,AUTO,0
CUST-000256,39,70804.86,6,5260.04,48,15.23,493,0.3237,0,0,SELF_EMPLOYED,BACHELORS,MARRIED,EDUCATION,0
CUST-000257,59,93318.25,4,22348.20,48,19.40,630,0.0923,3,0,SELF_EMPLOYED,BACHELORS,SINGLE,AUTO,0
CUST-000258,55,158599.51,8,30150.14,48,6.47,376,0.5992,4,0,UNEMPLOYED,HIGH_SCHOOL,SINGLE,AUTO,1
CUST-000259,63,22469.69,18,74245.76,48,11.38,694,0.4153,1,0,SELF_EMPLOYED,HIGH_SCHOOL,SINGLE,BUSINESS,1
CUST-000260,46,179015.94,28,82567.73,36,13.00,843,0.6969,0,3,UNEMPLOYED,BACHELORS,MARRIED,PERSONAL,1
CUST-000261,30,87797.54,12,35791.53,36,16.17,528,0.3122,4,0,RETIRED,MASTERS,SINGLE,BUSINESS,0
CUST-000262,37,173853.08,9,71566.60,60,24.77,381,0.2643,3,0,SALARIED,HIGH_SCHOOL,SINGLE,AUTO,0
CUST-000263,45,50511.24,27,86619.12,48,22.20,681,0.2718,6,2,UNEMPLOYED,BACHELORS,SINGLE,HOME,1
CUST-000264,44,196973.76,26,87007.44,48,15.57,586,0.1717,1,0,SELF_EMPLOYED,HIGH_SCHOOL,SINGLE,EDUCATION,0
CUST-000265,23,70932.74,3,42851.38,12,21.15,694,0.2346,0,0,RETIRED,BACHELORS,MARRIED,HOME,0
CUST-000266,69,125577.14,31,50815.29,24,10.77,432,0.5656,5,2,SELF_EMPLOYED,MASTERS,MARRIED,BUSINESS,1
CUST-000267,36,40502.38,18,14960.92,24,17.43,637,0.1064,2,0,RETIRED,MASTERS,MARRIED,HOME,0
CUST-000268,67,28416.04,31,44118.53,36,17.38,736,0.4947,5,0,SELF_EMPLOYED,HIGH_SCHOOL,SINGLE,PERSONAL,0
CUST-000269,34,104451.16,1,21252.62,48,13.33,783,0.1578,5,0,SELF_EMPLOYED,BACHELORS,SINGLE,BUSINESS,0
CUST-000270,70,28479.38,5,70490.40,48,7.14,382,0.5214,4,0,UNEMPLOYED,PHD,SINGLE,EDUCATION,1
CUST-000271,70,173614.27,23,37794.58,24,19.98,415,0.5554,4,0,RETIRED,BACHELORS,MARRIED,EDUCATION,1
CUST-000272,48,49264.43,10,28343.76,36,11.90,485,0.6276,2,0,RETIRED,HIGH_SCHOOL,MARRIED,EDUCATION,0
CUST-000273,41,180480.31,3,33050.51,48,5.59,839,0.1832,4,0,SALARIED,MASTERS,MARRIED,HOME,0
CUST-000274,50,164553.96,7,14183.71,48,19.84,419,0.5784,6,0,UNEMPLOYED,PHD,MARRIED,AUTO,1
CUST-000275,36,35666.05,18,55794.12,36,10.13,674,0.4365,6,0,SELF_EMPLOYED,PHD,MARRIED,EDUCATION,0
CUST-000276,29,27122.15,11,36856.74,60,19.44,548,0.1522,3,0,RETIRED,PHD,SINGLE,HOME,1
CUST-000277,61,112317.38,?,31242.66,24,14.97,819,0.4424,6,3,SELF_EMPLOYED,HIGH_SCHOOL,SINGLE,EDUCATION,1
CUST-000278,38,55892.83,20,39864.67,48,11.38,523,0.6749,5,0,RETIRED,BACHELORS,DIVORCED,BUSINESS,1
CUST-000279,63,75263.23,15,89155.26,60,21.52,739,0.5369,3,0,SALARIED,PHD,SINGLE,PERSONAL,0
CUST-000280,68,97981.73,8,30278.33,24,20.60,602,0.0850,5,0,SELF_EMPLOYED,HIGH_SCHOOL,DIVORCED,AUTO,0
CUST-000281,62,?,26,87962.16,36,22.13,503,0.4216,4,0,SELF_EMPLOYED,MASTERS,SINGLE,BUSINESS,1
CUST-000282,27,84419.86,7,51206.94,12,5.16,825,0.3265,0,0,SALARIED,HIGH_SCHOOL,SINGLE,BUSINESS,0
CUST-000283,37,128225.99,18,46362.55,36,21.14,632,0.5773,6,0,UNEMPLOYED,BACHELORS,SINGLE,HOME,0
CUST-000284,58,64677.12,11,40264.72,24,9.31,531,0.5188,1,0,SALARIED,HIGH_SCHOOL,DIVORCED,AUTO,1
CUST-000285,49,103849.96,12,51346.50,48,19.48,672,0.4380,5,1,SELF_EMPLOYED,MASTERS,DIVORCED,AUTO,1
CUST-000286,29,143604.79,10,42045.15,60,6.31,607,0.1502,4,0,UNEMPLOYED,HIGH_SCHOOL,SINGLE,AUTO,0
CUST-000287,70,145590.02,17,20001.18,12,10.02,516,0.1233,0,0,SALARIED,PHD,DIVORCED,AUTO,0
CUST-000288,44,156104.69,4,27432.92,36,16.69,496,0.6849,6,0,UNEMPLOYED,PHD,SINGLE,EDUCATION,1
CUST-000289,68,151171.24,4,28886.67,60,13.91,535,0.1547,4,0,SELF_EMPLOYED,MASTERS,DIVORCED,EDUCATION,0
CUST-000290,28,174534.02,10,25367.88,12,21.40,609,0.3735,4,0,SELF_EMPLOYED,HIGH_SCHOOL,DIVORCED,HOME,1
CUST-000291,42,139696.51,24,42451.25,24,5.51,679,0.3733,5,0,SALARIED,HIGH_SCHOOL,DIVORCED,BUSINESS,0
CUST-000292,41,115535.15,9,11718.40,48,17.20,481,0.3943,3,1,RETIRED,BACHELORS,SINGLE,PERSONAL,1
CUST-000293,40,88254.08,0,52146.11,36,23.16,337,0.3641,5,0,RETIRED,HIGH_SCHOOL,MARRIED,BUSINESS,1
CUST-000294,36,20915.07,18,39557.30,48,24.89,427,0.0866,5,0,SALARIED,BACHELORS,SINGLE,BUSINESS,0
CUST-000295,28,?,10,52312.66,36,17.96,360,0.1689,2,0,RETIRED,HIGH_SCHOOL,DIVORCED,AUTO,1
CUST-000296,68,78520.94,12,15210.14,24,24.57,794,0.4346,6,0,UNEMPLOYED,BACHELORS,SINGLE,BUSINESS,0
CUST-000297,64,73748.62,26,45275.98,60,17.04,457,0.6464,0,0,SALARIED,HIGH_SCHOOL,SINGLE,AUTO,1
CUST-000298,58,98956.73,30,61157.36,60,15.46,527,0.6283,1,0,SALARIED,MASTERS,MARRIED,BUSINESS,1
CUST-000299,68,180103.41,17,56303.95,24,16.42,738,0.3650,4,0,UNEMPLOYED,HIGH_SCHOOL,DIVORCED,HOME,0
CUST-000300,42,141283.84,14,63039.54,60,8.36,517,0.4863,6,0,RETIRED,BACHELORS,MARRIED,PERSONAL,1
CUST-000301,66,124873.58,28,53655.28,12,22.63,635,0.6005,1,0,SELF_EMPLOYED,BACHELORS,MARRIED,HOME,1
CUST-000302,36,99127.62,3,56553.73,24,23.79,661,0.3544,3,0,UNEMPLOYED,MASTERS,DIVORCED,EDUCATION,1
CUST-000303,45,72303.98,27,55156.33,12,16.64,453,0.2724,3,0,SALARIED,HIGH_SCHOOL,MARRIED,PERSONAL,1
CUST-000304,29,142045.84,1,62175.19,24,16.00,510,0.5977,3,0,RETIRED,HIGH_SCHOOL,DIVORCED,BUSINESS,0
CUST-000305,49,32753.01,17,78894.29,12,18.30,484,0.5612,0,0,UNEMPLOYED,MASTERS,DIVORCED,PERSONAL,0
CUST-000306,40,116654.91,1,89838.89,48,22.95,464,0.3188,6,0,SELF_EMPLOYED,HIGH_SCHOOL,DIVORCED,AUTO,0
CUST-000307,60,181797.77,22,70208.39,12,14.90,449,0.4132,4,3,UNEMPLOYED,PHD,SINGLE,PERSONAL,1
CUST-000308,33,185039.95,15,81425.73,24,16.61,801,0.5037,5,2,UNEMPLOYED,MASTERS,DIVORCED,HOME,1
CUST-000309,27,115044.31,9,26356.72,36,13.80,657,0.0733,2,0,SELF_EMPLOYED,MASTERS,DIVORCED,EDUCATION,1
CUST-000310,31,59432.55,10,70753.63,24,10.62,515,0.5334,5,0,SELF_EMPLOYED,BACHELORS,MARRIED,PERSONAL,1
CUST-000311,68,127166.88,33,76852.46,60,8.90,515,0.2498,5,0,SALARIED,PHD,SINGLE,AUTO,0
CUST-000312,52,150096.02,1,59143.25,12,20.92,330,0.6156,4,0,RETIRED,HIGH_SCHOOL,DIVORCED,PERSONAL,0
CUST-000313,24,31283.23,6,22007.17,24,5.28,710,0.1410,4,0,RETIRED,PHD,DIVORCED,BUSINESS,0
CUST-000314,68,139267.50,13,46359.60,24,22.87,429,0.2821,5,0,UNEMPLOYED,PHD,DIVORCED,BUSINESS,0
CUST-000315,69,69049.44,16,53012.60,36,7.87,703,0.1765,0,3,UNEMPLOYED,HIGH_SCHOOL,SINGLE,AUTO,1
CUST-000316,26,131738.04,8,15633.71,12,16.70,848,0.6210,0,0,RETIRED,MASTERS,MARRIED,HOME,0
CUST-000317,33,18748.28,15,86964.61,24,15.41,345,0.5389,1,0,RETIRED,MASTERS,MARRIED,PERSONAL,1
CUST-000318,26,138329.30,1,6335.58,24,13.05,617,0.6151,5,0,RETIRED,BACHELORS,DIVORCED,AUTO,0
CUST-000319,37,86326.91,0,62486.22,60,19.18,321,0.1391,6,0,RETIRED,MASTERS,SINGLE,HOME,1
CUST-000320,39,158872.53,18,54180.04,48,10.89,498,0.2669,0,0,SELF_EMPLOYED,PHD,DIVORCED,BUSINESS,0
CUST-000321,49,90592.64,25,22144.79,12,11.66,448,0.5413,2,0,SELF_EMPLOYED,MASTERS,MARRIED,PERSONAL,0
CUST-000322,26,52573.40,8,37911.33,12,22.50,302,0.4631,0,3,UNEMPLOYED,HIGH_SCHOOL,MARRIED,AUTO,1
CUST-000323,55,143602.13,30,7710.49,48,18.35,702,0.6412,3,0,RETIRED,PHD,SINGLE,EDUCATION,0
CUST-000324,40,43801.50,17,6850.70,24,10.98,741,0.1174,5,0,UNEMPLOYED,MASTERS,DIVORCED,PERSONAL,0
CUST-000325,68,103011.23,24,23564.29,12,24.43,769,0.6338,0,0,UNEMPLOYED,MASTERS,SINGLE,HOME,0
CUST-000326,55,103782.34,5,6411.42,24,8.81,734,0.3060,2,0,RETIRED,MASTERS,DIVORCED,HOME,0
CUST-000327,46,25262.50,7,23843.08,36,5.07,803,0.6952,1,0,UNEMPLOYED,HIGH_SCHOOL,SINGLE,BUSINESS,1
CUST-000328,66,94891.79,10,77076.27,36,16.23,558,0.4750,6,0,RETIRED,HIGH_SCHOOL,DIVORCED,AUTO,1
CUST-000329,29,198525.95,11,75093.14,48,16.94,416,0.5209,4,0,RETIRED,PHD,SINGLE,PERSONAL,1
CUST-000330,53,90683.55,?,63335.71,36,22.00,605,0.3199,6,0,SALARIED,BACHELORS,MARRIED,HOME,0
CUST-000331,56,168356.59,14,48387.35,12,5.16,804,0.3959,0,0,UNEMPLOYED,PHD,SINGLE,EDUCATION,1
CUST-000332,59,156184.72,15,76388.73,24,5.76,763,0.6239,5,0,SELF_EMPLOYED,BACHELORS,MARRIED,AUTO,0
CUST-000333,70,142739.28,16,48942.58,24,9.32,759,0.5946,6,3,SALARIED,HIGH_SCHOOL,DIVORCED,EDUCATION,0
CUST-000334,69,112791.34,34,66029.45,12,17.72,537,0.1906,3,0,RETIRED,MASTERS,DIVORCED,BUSINESS,0
CUST-000335,26,138657.38,8,21784.89,60,8.83,567,0.6066,2,1,SALARIED,BACHELORS,SINGLE,EDUCATION,0
CUST-000336,57,163766.03,14,85085.39,36,5.05,832,0.4826,6,0,SALARIED,PHD,DIVORCED,EDUCATION,0
CUST-000337,35,162936.47,15,46673.52,36,5.19,734,0.5320,3,0,SELF_EMPLOYED,HIGH_SCHOOL,SINGLE,BUSINESS,0
CUST-000338,33,109842.99,15,69527.67,48,8.52,539,0.2415,2,0,SELF_EMPLOYED,PHD,SINGLE,PERSONAL,0
CUST-000339,53,?,19,86119.96,60,16.31,793,0.6315,0,0,RETIRED,BACHELORS,DIVORCED,HOME,0
CUST-000340,45,88786.75,11,55269.33,48,20.52,791,0.4941,2,0,RETIRED,BACHELORS,SINGLE,PERSONAL,0
CUST-000341,67,59080.02,26,72997.12,60,11.30,839,0.1448,6,0,SALARIED,MASTERS,MARRIED,HOME,0
CUST-000342,32,53451.84,11,81057.65,36,20.70,757,0.4132,1,0,RETIRED,HIGH_SCHOOL,SINGLE,PERSONAL,0
CUST-000343,28,128864.57,7,87866.44,36,20.46,699,0.5653,6,0,SELF_EMPLOYED,MASTERS,MARRIED,BUSINESS,1
CUST-000344,49,153219.09,9,76220.57,12,12.28,473,0.3872,5,0,SELF_EMPLOYED,BACHELORS,MARRIED,EDUCATION,1
CUST-000345,70,46080.49,33,13389.10,24,16.64,798,0.5441,0,0,SELF_EMPLOYED,HIGH_SCHOOL,MARRIED,EDUCATION,1
CUST-000346,69,76392.17,5,3206.59,24,10.21,547,0.6843,1,0,UNEMPLOYED,PHD,MARRIED,PERSONAL,1
CUST-000347,51,117737.17,31,6574.85,60,12.54,613,0.3289,5,0,SELF_EMPLOYED,PHD,MARRIED,HOME,0
CUST-000348,28,122498.28,10,82796.19,60,12.58,826,0.0659,4,0,SALARIED,MASTERS,SINGLE,AUTO,0
CUST-000349,39,108957.47,0,34544.71,24,17.25,443,0.4413,2,0,SALARIED,PHD,MARRIED,PERSONAL,1
CUST-000350,44,26224.07,17,71142.01,24,13.23,416,0.1603,6,0,UNEMPLOYED,HIGH_SCHOOL,MARRIED,BUSINESS,0
CUST-000351,46,84666.83,18,20016.88,12,23.07,752,0.5743,1,0,SALARIED,MASTERS,SINGLE,BUSINESS,1
CUST-000352,54,81346.65,17,22961.28,48,21.97,344,0.3541,2,0,SELF_EMPLOYED,PHD,SINGLE,BUSINESS,1
CUST-000353,64,153141.01,8,23164.54,36,13.90,710,0.4422,1,0,UNEMPLOYED,MASTERS,DIVORCED,PERSONAL,1
CUST-000354,32,148804.50,12,4545.05,12,19.08,779,0.5429,3,1,UNEMPLOYED,MASTERS,SINGLE,PERSONAL,1
CUST-000355,64,100938.67,7,78062.12,48,11.89,723,0.3986,4,3,SELF_EMPLOYED,HIGH_SCHOOL,MARRIED,AUTO,1
CUST-000356,44,132340.65,26,10849.74,48,14.84,675,0.1306,5,0,SALARIED,MASTERS,DIVORCED,AUTO,0
CUST-000357,31,156810.44,13,28114.88,48,15.86,344,0.0502,4,0,SELF_EMPLOYED,MASTERS,MARRIED,EDUCATION,0
CUST-000358,25,146768.52,0,83667.69,36,11.17,349,0.4597,1,0,UNEMPLOYED,HIGH_SCHOOL,SINGLE,AUTO,1
CUST-000359,24,164218.50,6,35464.67,24,18.17,843,0.2378,0,0,UNEMPLOYED,BACHELORS,DIVORCED,BUSINESS,0
CUST-000360,26,33955.96,8,15074.88,60,10.37,450,0.1629,3,0,SELF_EMPLOYED,HIGH_SCHOOL,MARRIED,HOME,1
CUST-000361,66,21077.10,16,46876.35,48,10.63,454,0.2869,6,0,SELF_EMPLOYED,HIGH_SCHOOL,DIVORCED,HOME,1
CUST-000362,61,138392.36,31,37147.37,60,8.02,411,0.4367,6,0,SALARIED,BACHELORS,SINGLE,PERSONAL,0
CUST-000363,65,188079.98,9,10675.74,12,9.68,479,0.0778,4,0,RETIRED,HIGH_SCHOOL,MARRIED,EDUCATION,0
CUST-000364,54,36094.77,11,83529.09,24,10.69,331,0.5503,2,1,RETIRED,HIGH_SCHOOL,MARRIED,HOME,1
CUST-000365,22,145096.33,4,10678.20,12,17.06,372,0.1583,6,0,UNEMPLOYED,BACHELORS,MARRIED,AUTO,1
CUST-000366,25,141407.09,7,63708.09,24,12.07,691,0.4874,4,0,UNEMPLOYED,HIGH_SCHOOL,DIVORCED,AUTO,0
CUST-000367,26,145759.56,8,27133.25,48,23.39,326,0.4987,6,0,SALARIED,HIGH_SCHOOL,DIVORCED,HOME,1
CUST-000368,58,164506.50,33,9934.35,60,20.84,428,0.2115,2,0,RETIRED,HIGH_SCHOOL,MARRIED,PERSONAL,1
CUST-000369,68,155824.28,30,52797.14,12,5.67,423,0.1812,1,0,UNEMPLOYED,MASTERS,DIVORCED,PERSONAL,1
CUST-000370,21,181613.55,3,73351.53,60,15.61,574,0.2146,2,3,SALARIED,BACHELORS,SINGLE,PERSONAL,1
CUST-000371,46,199579.63,16,65836.88,36,24.55,710,0.5966,2,0,SALARIED,MASTERS,DIVORCED,PERSONAL,0
CUST-000372,39,124269.67,1,25097.28,60,18.41,649,0.5570,1,0,SELF_EMPLOYED,PHD,MARRIED,EDUCATION,1
CUST-000373,37,190390.30,19,65325.65,60,19.52,637,0.2080,0,2,SELF_EMPLOYED,HIGH_SCHOOL,DIVORCED,EDUCATION,0
CUST-000374,49,94215.08,1,3792.30,24,16.12,608,0.3749,2,0,SALARIED,MASTERS,DIVORCED,HOME,0
CUST-000375,68,87613.00,2,13351.01,12,16.62,641,0.6442,5,0,RETIRED,BACHELORS,SINGLE,HOME,1
CUST-000376,48,98104.56,30,11969.22,12,9.50,544,0.3000,6,0,SALARIED,BACHELORS,SINGLE,HOME,0
CUST-000377,49,98610.79,5,51797.43,12,7.44,688,0.1353,5,0,UNEMPLOYED,HIGH_SCHOOL,DIVORCED,AUTO,0
CUST-000378,29,34199.77,11,25118.15,60,6.88,536,0.4689,4,0,SALARIED,BACHELORS,MARRIED,HOME,0
CUST-000379,46,154193.62,28,76394.45,48,22.60,844,0.3228,2,1,SELF_EMPLOYED,MASTERS,SINGLE,PERSONAL,0
CUST-000380,21,169571.93,3,20023.67,36,24.29,619,0.5703,4,2,SELF_EMPLOYED,MASTERS,MARRIED,BUSINESS,1
CUST-000381,65,108511.23,25,83400.30,24,17.71,517,0.2641,5,0,SALARIED,HIGH_SCHOOL,DIVORCED,AUTO,0
CUST-000382,50,40158.70,15,57931.38,48,14.61,495,0.3437,1,0,RETIRED,PHD,MARRIED,EDUCATION,1
CUST-000383,54,59660.05,24,51418.18,48,11.04,514,0.6719,4,0,UNEMPLOYED,HIGH_SCHOOL,SINGLE,HOME,0
CUST-000384,66,49323.78,1,72635.16,12,8.40,740,0.5107,6,0,SALARIED,HIGH_SCHOOL,SINGLE,BUSINESS,0
CUST-000385,27,139438.97,9,87812.90,36,18.03,423,0.4335,1,0,SELF_EMPLOYED,HIGH_SCHOOL,DIVORCED,HOME,1
CUST-000386,30,179356.37,12,46254.95,12,14.63,842,0.3362,0,0,SALARIED,BACHELORS,SINGLE,AUTO,0
CUST-000387,47,151828.18,12,54512.00,12,23.69,823,0.0785,4,0,SALARIED,MASTERS,DIVORCED,HOME,0
CUST-000388,49,147574.43,5,79528.72,60,11.82,395,0.1721,6,0,UNEMPLOYED,HIGH_SCHOOL,DIVORCED,PERSONAL,0
CUST-000389,31,78925.12,13,87949.57,48,20.38,480,0.6756,2,0,SALARIED,MASTERS,DIVORCED,PERSONAL,1
CUST-000390,31,92811.83,13,35715.99,24,18.44,?,0.5205,6,0,SALARIED,BACHELORS,SINGLE,HOME,0
CUST-000391,43,176470.44,25,74768.03,36,8.86,643,0.0942,5,0,UNEMPLOYED,PHD,SINGLE,HOME,0
CUST-000392,32,103550.31,14,84295.25,12,15.92,372,0.2434,5,0,RETIRED,BACHELORS,MARRIED,AUTO,0
CUST-000393,28,85364.20,10,8267.67,60,15.05,632,0.1980,3,0,UNEMPLOYED,PHD,MARRIED,EDUCATION,1
CUST-000394,38,177999.21,15,41649.17,60,13.65,681,0.4634,0,1,SALARIED,PHD,DIVORCED,BUSINESS,0
CUST-000395,67,85135.85,23,83516.98,48,20.99,511,0.1244,1,0,RETIRED,PHD,SINGLE,BUSINESS,0
CUST-000396,37,112329.05,14,68001.26,48,24.17,566,0.0993,6,0,SELF_EMPLOYED,BACHELORS,DIVORCED,EDUCATION,1
CUST-000397,39,50138.30,21,22765.56,36,10.06,662,0.6244,1,2,SELF_EMPLOYED,BACHELORS,SINGLE,EDUCATION,1
CUST-000398,54,104383.80,1,21580.81,12,13.36,378,0.1277,3,0,SELF_EMPLOYED,PHD,MARRIED,BUSINESS,0
CUST-000399,28,198119.21,10,89507.40,36,15.79,361,0.4427,4,3,UNEMPLOYED,BACHELORS,SINGLE,AUTO,1
CUST-000400,30,95013.92,12,57832.16,48,16.07,389,0.1488,3,3,UNEMPLOYED,MASTERS,MARRIED,PERSONAL,1
CUST-000401,22,172814.26,4,15158.45,48,20.33,435,0.1589,6,0,UNEMPLOYED,HIGH_SCHOOL,DIVORCED,HOME,0
CUST-000402,39,61939.78,8,40325.40,48,16.86,445,0.2124,5,0,SALARIED,MASTERS,DIVORCED,PERSONAL,0
CUST-000403,46,54651.30,13,66214.45,60,18.97,814,0.1831,6,0,UNEMPLOYED,BACHELORS,SINGLE,EDUCATION,0
CUST-000404,68,194098.64,23,28563.51,36,17.34,706,0.6171,1,0,SELF_EMPLOYED,PHD,DIVORCED,PERSONAL,0
CUST-000405,22,26145.72,4,85142.97,12,24.05,713,0.4102,6,0,SELF_EMPLOYED,HIGH_SCHOOL,DIVORCED,PERSONAL,1
CUST-000406,57,175007.24,27,56602.72,48,7.55,559,0.4769,0,0,SELF_EMPLOYED,PHD,MARRIED,AUTO,1
CUST-000407,59,111255.58,7,62756.52,24,16.69,730,0.4578,2,2,UNEMPLOYED,PHD,DIVORCED,HOME,1
CUST-000408,38,37587.37,4,29350.28,12,13.81,388,0.5472,4,0,UNEMPLOYED,PHD,DIVORCED,PERSONAL,1
CUST-000409,54,47484.62,24,19687.48,60,7.03,551,0.0670,2,0,SELF_EMPLOYED,PHD,MARRIED,HOME,1
CUST-000410,56,159693.21,29,29093.20,24,17.49,689,0.5196,0,0,SALARIED,PHD,DIVORCED,HOME,0
CUST-000411,56,112777.88,30,79606.73,36,20.61,754,0.0955,2,0,SELF_EMPLOYED,PHD,DIVORCED,BUSINESS,0
CUST-000412,22,168349.78,4,54698.70,24,20.30,673,0.4727,6,0,SELF_EMPLOYED,HIGH_SCHOOL,MARRIED,HOME,0
CUST-000413,54,47756.71,5,12293.57,12,7.66,607,0.6747,2,0,RETIRED,MASTERS,DIVORCED,BUSINESS,0
CUST-000414,59,137284.71,0,49199.04,12,18.19,320,0.3578,1,0,UNEMPLOYED,BACHELORS,DIVORCED,AUTO,1
CUST-000415,69,49241.48,14,62477.44,48,14.67,589,0.3333,2,0,SELF_EMPLOYED,PHD,DIVORCED,BUSINESS,1
CUST-000416,52,81358.37,16,8725.81,24,6.59,582,0.4359,5,0,SELF_EMPLOYED,MASTERS,DIVORCED,BUSINESS,0
CUST-000417,59,?,24,32825.60,36,10.14,794,0.4161,5,0,UNEMPLOYED,BACHELORS,SINGLE,PERSONAL,0
CUST-000418,63,74801.26,13,23525.27,36,11.48,623,0.2162,1,1,SELF_EMPLOYED,MASTERS,MARRIED,HOME,1
CUST-000419,34,159928.85,16,12814.52,60,15.93,835,0.3699,6,0,RETIRED,HIGH_SCHOOL,DIVORCED,EDUCATION,0
CUST-000420,49,20905.13,24,56945.41,36,23.36,611,0.4360,3,3,SELF_EMPLOYED,PHD,SINGLE,HOME,1
CUST-000421,21,129851.18,3,65319.05,24,11.72,708,0.6596,3,2,SELF_EMPLOYED,BACHELORS,SINGLE,EDUCATION,0
CUST-000422,67,31548.22,20,17122.51,48,5.03,664,0.3194,3,0,SALARIED,PHD,DIVORCED,BUSINESS,0
CUST-000423,36,144920.33,4,32766.76,36,5.84,598,0.4487,0,0,RETIRED,BACHELORS,SINGLE,EDUCATION,0
CUST-000424,37,44847.50,19,40207.56,12,21.18,408,0.6472,6,0,RETIRED,BACHELORS,DIVORCED,PERSONAL,1
CUST-000425,53,86974.03,3,28447.61,12,13.84,631,0.1983,0,0,SELF_EMPLOYED,MASTERS,DIVORCED,BUSINESS,0
CUST-000426,43,32452.10,9,78847.83,60,14.10,536,0.4394,4,0,SALARIED,MASTERS,DIVORCED,HOME,0
CUST-000427,45,26484.39,27,10811.95,36,11.66,356,0.2251,0,0,RETIRED,MASTERS,MARRIED,AUTO,0
CUST-000428,40,141164.71,0,66938.21,12,21.42,605,0.2890,2,0,RETIRED,HIGH_SCHOOL,SINGLE,EDUCATION,0
CUST-000429,51,88558.08,30,80228.24,48,17.16,478,0.6610,4,0,UNEMPLOYED,HIGH_SCHOOL,MARRIED,AUTO,1
CUST-000430,40,138865.14,22,18427.19,12,14.78,307,0.1000,6,3,UNEMPLOYED,PHD,DIVORCED,AUTO,1
CUST-000431,65,137892.22,19,24329.19,60,8.45,532,0.1786,6,0,RETIRED,MASTERS,SINGLE,PERSONAL,0
CUST-000432,63,110294.68,32,70333.71,24,18.31,431,0.2703,5,3,RETIRED,PHD,DIVORCED,EDUCATION,1
CUST-000433,32,145280.57,14,10110.16,60,17.56,402,0.2805,1,0,SELF_EMPLOYED,BACHELORS,SINGLE,EDUCATION,1
CUST-000434,32,103230.52,8,87542.73,60,13.89,661,0.5830,1,0,SALARIED,MASTERS,DIVORCED,PERSONAL,1
CUST-000435,31,83013.02,13,58386.27,60,6.96,831,0.3217,2,0,RETIRED,MASTERS,DIVORCED,HOME,0
CUST-000436,63,62753.50,29,3903.64,24,9.02,735,0.0694,2,0,UNEMPLOYED,HIGH_SCHOOL,MARRIED,BUSINESS,1
CUST-000437,27,143748.32,9,46899.14,24,14.62,711,0.2031,6,0,SELF_EMPLOYED,PHD,DIVORCED,PERSONAL,0
CUST-000438,55,86981.90,20,8834.17,12,10.56,803,0.4764,3,0,SALARIED,HIGH_SCHOOL,SINGLE,HOME,0
CUST-000439,58,93247.15,18,86719.19,24,7.51,418,0.6250,3,0,SALARIED,MASTERS,SINGLE,AUTO,1
CUST-000440,31,94335.29,13,38835.54,24,12.13,453,0.6465,1,0,SALARIED,HIGH_SCHOOL,SINGLE,AUTO,1
CUST-000441,58,27305.93,3,63957.07,24,12.58,304,0.2755,2,0,UNEMPLOYED,MASTERS,MARRIED,EDUCATION,0
CUST-000442,69,79421.33,16,88988.25,36,14.77,594,0.3329,1,0,SELF_EMPLOYED,HIGH_SCHOOL,SINGLE,PERSONAL,0
CUST-000443,66,141706.26,33,4298.05,60,8.36,327,0.1930,5,0,RETIRED,MASTERS,DIVORCED,AUTO,0
CUST-000444,41,119356.54,22,77433.65,36,14.76,790,0.6686,2,2,RETIRED,PHD,DIVORCED,PERSONAL,1
CUST-000445,22,28368.90,4,68359.49,12,17.94,468,0.0744,4,0,UNEMPLOYED,PHD,DIVORCED,EDUCATION,1
CUST-000446,59,26189.31,4,73004.12,48,12.36,651,0.6510,2,0,SELF_EMPLOYED,MASTERS,DIVORCED,AUTO,1
CUST-000447,30,194866.23,12,24381.92,36,24.29,429,0.6800,3,0,RETIRED,HIGH_SCHOOL,DIVORCED,HOME,1
CUST-000448,27,125108.73,9,4166.24,12,16.02,470,0.3553,3,3,UNEMPLOYED,PHD,DIVORCED,EDUCATION,1
CUST-000449,47,140103.32,16,8948.57,60,17.92,743,0.4131,0,0,SELF_EMPLOYED,HIGH_SCHOOL,SINGLE,HOME,0
CUST-000450,61,75768.94,25,24994.16,60,24.11,701,0.4973,6,0,SELF_EMPLOYED,MASTERS,DIVORCED,AUTO,1
CUST-000451,59,71281.92,25,25668.02,36,9.03,440,0.6576,1,0,SELF_EMPLOYED,MASTERS,DIVORCED,HOME,1
CUST-000452,42,76171.37,0,58004.05,48,17.48,382,0.2870,1,0,SELF_EMPLOYED,BACHELORS,DIVORCED,EDUCATION,1
CUST-000453,37,24192.85,19,15791.77,48,7.13,701,0.2014,6,0,SALARIED,HIGH_SCHOOL,MARRIED,AUTO,1
CUST-000454,49,149160.44,26,49922.59,36,16.85,665,0.0782,0,0,SELF_EMPLOYED,BACHELORS,DIVORCED,PERSONAL,0
CUST-000455,26,158774.98,8,63463.32,36,17.20,826,0.0512,5,1,SALARIED,MASTERS,DIVORCED,HOME,1
CUST-000456,46,148046.15,9,5520.98,12,17.38,365,0.3648,4,3,UNEMPLOYED,PHD,DIVORCED,EDUCATION,1
CUST-000457,22,106943.60,0,62465.50,24,6.17,659,0.5650,5,0,SELF_EMPLOYED,HIGH_SCHOOL,DIVORCED,PERSONAL,0
CUST-000458,53,174761.43,23,38746.90,48,23.96,800,0.2025,4,1,SALARIED,HIGH_SCHOOL,MARRIED,AUTO,0
CUST-000459,22,120584.96,4,13184.91,60,6.75,497,0.1552,0,0,UNEMPLOYED,PHD,DIVORCED,HOME,1
CUST-000460,56,105812.43,11,58691.74,36,14.14,340,0.4024,2,0,SALARIED,PHD,DIVORCED,AUTO,1
CUST-000461,24,199092.68,6,78547.20,36,24.60,517,0.0534,3,0,SELF_EMPLOYED,HIGH_SCHOOL,MARRIED,AUTO,1
CUST-000462,22,107708.26,4,66502.58,24,11.34,705,0.6442,1,0,UNEMPLOYED,BACHELORS,MARRIED,HOME,0
CUST-000463,50,185913.26,14,71256.36,48,23.37,524,0.6762,3,0,SELF_EMPLOYED,HIGH_SCHOOL,MARRIED,HOME,1
CUST-000464,43,18223.14,25,57322.09,60,7.88,446,0.5076,5,0,SELF_EMPLOYED,BACHELORS,MARRIED,HOME,1
CUST-000465,30,149360.72,5,52061.96,48,23.11,827,0.6017,5,0,SALARIED,HIGH_SCHOOL,DIVORCED,BUSINESS,0
CUST-000466,60,106312.44,9,49972.55,60,22.21,484,0.5128,1,0,SALARIED,PHD,MARRIED,AUTO,1
CUST-000467,61,?,10,73857.36,36,16.06,783,0.5419,3,0,UNEMPLOYED,MASTERS,DIVORCED,AUTO,0
CUST-000468,57,87537.58,28,85142.53,48,19.63,669,0.5079,5,0,SELF_EMPLOYED,BACHELORS,MARRIED,PERSONAL,1
CUST-000469,68,152962.19,32,75923.56,36,18.48,580,0.2716,5,3,SELF_EMPLOYED,PHD,SINGLE,PERSONAL,1
CUST-000470,52,181167.61,4,34741.66,12,19.61,713,0.4871,6,0,RETIRED,HIGH_SCHOOL,DIVORCED,EDUCATION,0
CUST-000471,21,192403.48,3,85940.17,12,16.36,677,0.6017,4,0,SALARIED,BACHELORS,MARRIED,AUTO,0
CUST-000472,22,51477.73,4,43770.30,12,8.59,463,0.4059,5,0,UNEMPLOYED,MASTERS,SINGLE,PERSONAL,1
CUST-000473,41,196758.16,18,39273.14,12,18.83,304,0.1014,1,3,RETIRED,PHD,SINGLE,AUTO,1
CUST-000474,23,123710.19,5,67022.10,60,14.41,346,0.1750,5,0,RETIRED,BACHELORS,DIVORCED,PERSONAL,0
CUST-000475,57,193794.77,21,10729.01,24,7.95,373,0.0901,3,0,RETIRED,MASTERS,DIVORCED,PERSONAL,0
CUST-000476,32,28709.84,11,20689.70,24,22.36,705,0.1540,1,0,UNEMPLOYED,HIGH_SCHOOL,MARRIED,PERSONAL,1
CUST-000477,52,85509.66,19,55785.44,36,14.62,638,0.5364,0,0,SALARIED,PHD,SINGLE,AUTO,0
CUST-000478,48,96230.58,5,89303.75,24,5.66,659,0.4739,5,0,SALARIED,BACHELORS,SINGLE,BUSINESS,1
CUST-000479,27,169431.90,9,37031.46,48,6.39,687,0.2070,1,0,SALARIED,BACHELORS,MARRIED,AUTO,0
CUST-000480,70,60043.48,1,27126.44,12,10.26,628,0.6570,6,0,SALARIED,PHD,DIVORCED,HOME,0
CUST-000481,39,108108.95,13,65469.82,12,16.56,670,0.1875,2,0,RETIRED,HIGH_SCHOOL,MARRIED,AUTO,0
CUST-000482,69,127329.14,3,3390.55,60,13.81,426,0.2797,6,0,UNEMPLOYED,MASTERS,SINGLE,EDUCATION,1
CUST-000483,69,21992.10,18,31129.73,36,13.37,517,0.2377,0,0,SELF_EMPLOYED,MASTERS,MARRIED,EDUCATION,1
CUST-000484,57,46101.17,0,58489.58,36,10.56,474,0.4606,2,0,RETIRED,BACHELORS,SINGLE,HOME,1
CUST-000485,38,20261.25,17,71772.02,12,10.84,767,0.5362,3,0,RETIRED,HIGH_SCHOOL,MARRIED,HOME,0
CUST-000486,69,63694.29,21,9741.95,48,18.18,362,0.3376,1,0,SELF_EMPLOYED,BACHELORS,MARRIED,AUTO,0
CUST-000487,67,52142.92,12,78893.80,48,18.24,812,0.4289,2,3,RETIRED,BACHELORS,DIVORCED,AUTO,1
CUST-000488,44,96810.84,4,46492.96,12,12.97,722,0.4533,6,0,SALARIED,HIGH_SCHOOL,MARRIED,HOME,0
CUST-000489,43,155324.18,17,54650.13,60,8.79,?,0.2434,3,0,SALARIED,PHD,DIVORCED,HOME,0
CUST-000490,35,20929.79,13,75295.58,48,10.16,586,0.4056,6,0,SELF_EMPLOYED,HIGH_SCHOOL,MARRIED,PERSONAL,0
CUST-000491,50,165296.89,28,42627.71,60,18.75,580,0.2843,2,1,UNEMPLOYED,PHD,SINGLE,AUTO,1
CUST-000492,42,195354.83,14,51467.22,12,12.76,302,0.6673,3,0,RETIRED,BACHELORS,MARRIED,PERSONAL,0
CUST-000493,40,30182.33,17,25115.13,12,10.19,335,0.0992,6,0,UNEMPLOYED,BACHELORS,SINGLE,PERSONAL,1
CUST-000494,58,198153.22,26,41252.00,36,9.58,522,0.2709,5,2,SELF_EMPLOYED,PHD,MARRIED,EDUCATION,1
CUST-000495,62,136750.45,1,85176.37,48,11.48,590,0.5499,1,0,SALARIED,PHD,DIVORCED,AUTO,1
CUST-000496,61,104559.36,26,33957.29,36,17.94,577,0.5169,4,0,UNEMPLOYED,PHD,MARRIED,PERSONAL,1
CUST-000497,60,152697.14,4,87712.80,36,15.15,782,0.6051,6,0,SELF_EMPLOYED,HIGH_SCHOOL,DIVORCED,HOME,0
CUST-000498,33,92318.78,15,49180.61,60,10.10,357,0.2726,5,0,UNEMPLOYED,PHD,DIVORCED,AUTO,1
CUST-000499,26,121903.88,4,3816.36,12,17.12,548,0.1930,3,0,SALARIED,HIGH_SCHOOL,SINGLE,HOME,0
CUST-000500,56,131474.52,27,74446.57,36,12.58,570,0.1803,4,0,SELF_EMPLOYED,HIGH_SCHOOL,MARRIED,EDUCATION,0
CUST-000501,48,118507.35,5,38201.69,36,17.56,399,0.6045,0,0,RETIRED,MASTERS,SINGLE,EDUCATION,0
CUST-000502,37,40843.08,12,46879.13,24,5.11,514,0.3562,0,0,RETIRED,MASTERS,SINGLE,BUSINESS,1
CUST-000503,22,184476.20,4,32501.75,12,14.38,424,0.4558,1,2,RETIRED,PHD,DIVORCED,AUTO,1
CUST-000504,57,80610.67,4,10058.79,24,5.96,510,0.6267,0,0,RETIRED,HIGH_SCHOOL,DIVORCED,PERSONAL,1
CUST-000505,34,162721.67,16,19721.26,60,11.54,379,0.2752,1,0,SALARIED,HIGH_SCHOOL,MARRIED,HOME,0
CUST-000506,22,125447.64,4,42656.94,48,14.17,577,0.0727,2,0,RETIRED,BACHELORS,SINGLE,BUSINESS,0
CUST-000507,23,71002.19,5,33149.15,24,19.61,688,0.4756,0,1,UNEMPLOYED,MASTERS,MARRIED,PERSONAL,0
CUST-000508,26,156280.71,8,87107.40,36,13.20,411,0.3615,6,0,UNEMPLOYED,BACHELORS,SINGLE,PERSONAL,0
CUST-000509,30,142189.89,12,50845.25,48,14.71,594,0.6293,3,0,SALARIED,HIGH_SCHOOL,DIVORCED,EDUCATION,1
CUST-000510,50,78828.23,22,21031.67,36,13.04,497,0.4803,1,0,UNEMPLOYED,HIGH_SCHOOL,SINGLE,EDUCATION,0
CUST-000511,21,123662.95,3,50016.16,24,7.66,517,0.1697,1,0,SELF_EMPLOYED,HIGH_SCHOOL,MARRIED,AUTO,1
CUST-000512,48,93361.25,29,4208.00,36,20.98,456,0.3820,3,1,RETIRED,PHD,DIVORCED,EDUCATION,1
CUST-000513,22,90758.86,4,42313.70,24,5.25,552,0.0859,0,0,SALARIED,PHD,SINGLE,PERSONAL,0
CUST-000514,32,37700.06,14,51411.16,60,12.89,561,0.0838,0,0,SALARIED,HIGH_SCHOOL,DIVORCED,HOME,0
CUST-000515,61,126301.55,11,87320.72,36,17.30,363,0.5162,1,0,SALARIED,HIGH_SCHOOL,DIVORCED,EDUCATION,0
CUST-000516,58,73055.37,14,55059.54,60,14.06,682,0.0632,5,0,UNEMPLOYED,HIGH_SCHOOL,MARRIED,EDUCATION,0
CUST-000517,66,176170.05,1,82326.24,60,14.51,329,0.6979,6,0,SELF_EMPLOYED,HIGH_SCHOOL,SINGLE,BUSINESS,1
CUST-000518,25,150223.91,7,34445.81,36,13.52,324,0.0598,5,0,RETIRED,HIGH_SCHOOL,MARRIED,HOME,0
CUST-000519,23,65511.23,4,26244.63,48,21.60,484,0.2597,5,0,UNEMPLOYED,HIGH_SCHOOL,MARRIED,BUSINESS,0
CUST-000520,28,196964.35,10,61351.09,24,19.89,667,0.4178,2,2,SALARIED,BACHELORS,DIVORCED,AUTO,1
CUST-000521,53,145139.98,2,69851.03,48,12.63,446,0.6580,0,0,RETIRED,MASTERS,DIVORCED,AUTO,0
CUST-000522,58,50017.52,27,52305.25,60,5.97,829,0.0869,0,0,SELF_EMPLOYED,HIGH_SCHOOL,MARRIED,EDUCATION,0
CUST-000523,39,35840.90,1,45400.12,24,12.90,433,0.2736,3,3,SELF_EMPLOYED,MASTERS,SINGLE,EDUCATION,1
CUST-000524,58,95946.80,20,83224.24,24,12.26,793,0.4400,4,0,RETIRED,BACHELORS,DIVORCED,EDUCATION,0
CUST-000525,60,34044.97,26,25241.10,12,10.42,447,0.4342,4,0,RETIRED,HIGH_SCHOOL,SINGLE,EDUCATION,1
CUST-000526,34,157856.74,16,3162.90,12,8.92,487,0.0938,5,3,RETIRED,MASTERS,SINGLE,BUSINESS,1
CUST-000527,48,107683.75,25,59706.72,48,6.69,761,0.1399,6,0,RETIRED,BACHELORS,DIVORCED,HOME,0
CUST-000528,65,146626.65,?,16336.47,48,13.37,752,0.6983,1,0,SELF_EMPLOYED,PHD,DIVORCED,PERSONAL,0
CUST-000529,68,145742.46,32,24492.62,60,15.28,637,0.5967,2,0,SALARIED,HIGH_SCHOOL,DIVORCED,EDUCATION,1
CUST-000530,51,120811.39,4,89695.55,60,12.78,600,0.4337,0,0,RETIRED,PHD,MARRIED,PERSONAL,1
CUST-000531,69,62154.34,4,19561.32,48,20.40,826,0.5537,4,1,SALARIED,BACHELORS,MARRIED,PERSONAL,1
CUST-000532,24,39022.65,6,8334.70,60,21.58,718,0.2011,1,0,SELF_EMPLOYED,MASTERS,SINGLE,PERSONAL,0
CUST-000533,68,126568.43,21,12909.02,36,16.40,316,0.6723,5,0,SALARIED,BACHELORS,DIVORCED,BUSINESS,1
CUST-000534,42,40504.58,23,70364.46,48,16.89,640,0.5577,1,0,RETIRED,BACHELORS,MARRIED,BUSINESS,0
CUST-000535,34,24214.22,16,29903.06,60,23.45,610,0.6826,2,0,RETIRED,PHD,DIVORCED,EDUCATION,1
CUST-000536,42,182601.46,9,11601.40,48,24.18,342,0.5558,2,0,SELF_EMPLOYED,HIGH_SCHOOL,SINGLE,BUSINESS,1
CUST-000537,65,87387.46,24,44936.11,24,18.14,627,0.1688,3,2,RETIRED,MASTERS,SINGLE,AUTO,1
CUST-000538,33,85122.89,15,40465.76,36,18.00,402,0.6973,3,0,SALARIED,HIGH_SCHOOL,SINGLE,BUSINESS,1
CUST-000539,45,?,24,74166.46,24,5.46,427,0.4109,2,0,SELF_EMPLOYED,MASTERS,SINGLE,PERSONAL,0
CUST-000540,39,125224.11,21,32538.10,60,23.76,507,0.2700,3,0,UNEMPLOYED,PHD,SINGLE,AUTO,0
CUST-000541,29,151201.54,11,4360.39,24,24.00,523,0.6356,4,0,UNEMPLOYED,MASTERS,SINGLE,HOME,1
CUST-000542,61,52145.56,23,73573.32,60,5.75,487,0.3360,4,0,UNEMPLOYED,HIGH_SCHOOL,MARRIED,EDUCATION,0
CUST-000543,30,177897.71,0,86681.24,60,5.19,759,0.1171,4,0,UNEMPLOYED,PHD,SINGLE,PERSONAL,0
CUST-000544,62,25542.70,26,43080.27,48,15.03,582,0.4227,2,0,RETIRED,HIGH_SCHOOL,DIVORCED,PERSONAL,1
CUST-000545,42,38780.04,5,89255.56,12,15.63,610,0.4147,6,1,SALARIED,PHD,MARRIED,AUTO,1
CUST-000546,70,61443.90,17,62036.83,12,24.73,693,0.5774,3,0,SALARIED,HIGH_SCHOOL,DIVORCED,HOME,0
CUST-000547,65,18096.00,21,61822.20,12,18.77,522,0.4293,5,0,SALARIED,BACHELORS,DIVORCED,HOME,1
CUST-000548,56,22882.68,16,48986.07,48,13.80,606,0.0569,1,0,UNEMPLOYED,HIGH_SCHOOL,DIVORCED,BUSINESS,1
CUST-000549,34,145121.46,16,37829.66,36,23.10,549,0.5238,2,0,SALARIED,PHD,DIVORCED,BUSINESS,0
CUST-000550,42,66328.95,24,77390.86,60,14.34,632,0.2467,5,0,SELF_EMPLOYED,MASTERS,SINGLE,EDUCATION,0
CUST-000551,26,55057.72,8,54733.23,48,20.71,340,0.4324,6,0,RETIRED,BACHELORS,DIVORCED,EDUCATION,1
CUST-000552,45,124508.96,24,63851.84,12,7.17,448,0.3331,2,0,RETIRED,PHD,MARRIED,HOME,0
CUST-000553,64,196921.91,0,70113.75,24,23.38,471,0.2339,3,0,SELF_EMPLOYED,MASTERS,DIVORCED,HOME,1
CUST-000554,56,107987.82,11,26545.50,48,11.80,639,0.1179,1,0,SALARIED,BACHELORS,MARRIED,BUSINESS,1
CUST-000555,23,125304.96,5,34968.89,48,22.57,841,0.1298,3,0,RETIRED,HIGH_SCHOOL,MARRIED,EDUCATION,0
CUST-000556,64,23673.10,17,55505.14,60,20.24,730,0.3251,0,0,SALARIED,PHD,SINGLE,EDUCATION,0
CUST-000557,60,163032.06,19,74025.99,36,24.88,778,0.6990,5,0,SALARIED,MASTERS,DIVORCED,AUTO,0
CUST-000558,22,188735.31,4,35778.79,48,5.14,599,0.1805,1,0,RETIRED,BACHELORS,MARRIED,HOME,0
CUST-000559,28,169799.43,8,77083.40,24,12.04,476,0.3389,1,2,RETIRED,BACHELORS,SINGLE,EDUCATION,1
CUST-000560,70,48406.84,15,32188.79,48,11.57,455,0.1765,3,0,UNEMPLOYED,PHD,DIVORCED,AUTO,1
CUST-000561,41,123032.21,18,40196.27,12,12.73,787,0.3633,6,0,SELF_EMPLOYED,BACHELORS,SINGLE,AUTO,0
CUST-000562,66,152846.46,12,41775.48,24,21.33,606,0.1518,2,0,SALARIED,PHD,MARRIED,PERSONAL,0
CUST-000563,58,61756.16,24,61404.84,12,24.61,580,0.4458,4,0,SELF_EMPLOYED,MASTERS,SINGLE,EDUCATION,1
CUST-000564,64,73257.40,10,66845.17,24,16.15,589,0.1979,2,0,UNEMPLOYED,BACHELORS,DIVORCED,PERSONAL,1
CUST-000565,67,102173.71,22,20725.08,12,5.86,383,0.2066,5,0,SELF_EMPLOYED,HIGH_SCHOOL,DIVORCED,PERSONAL,1
CUST-000566,32,161369.30,14,12587.85,36,17.88,633,0.3401,2,1,UNEMPLOYED,BACHELORS,MARRIED,PERSONAL,1
CUST-000567,70,189786.45,4,62866.61,24,22.29,599,0.3322,0,0,SELF_EMPLOYED,BACHELORS,SINGLE,PERSONAL,1
CUST-000568,41,107309.59,23,25921.23,24,6.49,395,0.3343,4,1,RETIRED,PHD,MARRIED,HOME,0
CUST-000569,24,49850.12,6,89028.27,48,18.86,400,0.2764,4,0,RETIRED,PHD,SINGLE,PERSONAL,0
CUST-000570,31,52758.97,13,27054.01,36,6.98,347,0.4104,2,0,SALARIED,PHD,DIVORCED,EDUCATION,1
CUST-000571,34,20616.11,16,51774.06,60,13.54,643,0.3885,1,0,UNEMPLOYED,MASTERS,MARRIED,EDUCATION,1
CUST-000572,68,100094.26,32,33002.59,24,23.29,569,0.4967,0,0,SALARIED,MASTERS,SINGLE,EDUCATION,0
CUST-000573,48,144639.04,6,12245.41,12,22.30,395,0.6590,4,1,UNEMPLOYED,BACHELORS,DIVORCED,AUTO,1
CUST-000574,26,143940.32,8,62306.70,60,23.65,443,0.5723,2,0,UNEMPLOYED,MASTERS,DIVORCED,AUTO,1
CUST-000575,47,190559.30,29,10550.35,24,24.37,815,0.4327,5,0,SELF_EMPLOYED,HIGH_SCHOOL,SINGLE,EDUCATION,0
CUST-000576,46,78189.61,26,60347.72,24,23.31,802,0.0521,5,0,SELF_EMPLOYED,BACHELORS,SINGLE,PERSONAL,0
CUST-000577,34,36426.06,16,45819.44,36,15.75,788,0.3103,6,2,RETIRED,BACHELORS,MARRIED,AUTO,1
CUST-000578,22,156790.48,4,3047.52,60,17.54,598,0.5314,3,0,SALARIED,MASTERS,DIVORCED,EDUCATION,1
CUST-000579,43,159166.78,6,29477.85,24,12.98,481,0.1618,5,0,UNEMPLOYED,BACHELORS,SINGLE,PERSONAL,0
CUST-000580,24,75498.55,6,50636.68,12,24.53,489,0.1481,2,0,SELF_EMPLOYED,MASTERS,SINGLE,PERSONAL,0
CUST-000581,28,169354.50,3,80941.04,48,18.29,319,0.0675,4,0,SALARIED,BACHELORS,DIVORCED,HOME,0
CUST-000582,46,190101.01,7,64027.97,36,10.67,524,0.4441,5,0,RETIRED,MASTERS,DIVORCED,HOME,0
CUST-000583,26,96220.33,8,49891.64,24,12.76,734,0.3662,1,0,SALARIED,BACHELORS,DIVORCED,BUSINESS,0
CUST-000584,58,76908.36,6,19558.65,12,11.01,357,0.1027,5,0,SELF_EMPLOYED,BACHELORS,DIVORCED,EDUCATION,1
CUST-000585,51,193834.33,15,19036.70,48,7.82,695,0.6286,5,0,SELF_EMPLOYED,PHD,DIVORCED,BUSINESS,1
CUST-000586,63,52964.34,21,58020.20,36,23.01,586,0.2848,1,0,UNEMPLOYED,MASTERS,MARRIED,EDUCATION,1
CUST-000587,40,57313.74,5,26720.36,60,16.71,847,0.3068,3,0,UNEMPLOYED,HIGH_SCHOOL,SINGLE,HOME,0
CUST-000588,44,103984.67,17,5633.38,12,9.96,710,0.0615,3,0,SELF_EMPLOYED,MASTERS,MARRIED,AUTO,0
CUST-000589,50,181845.95,10,24637.12,24,13.59,481,0.6725,5,0,SALARIED,PHD,DIVORCED,HOME,1
CUST-000590,28,?,10,22433.65,60,15.80,480,0.1531,0,0,UNEMPLOYED,BACHELORS,SINGLE,BUSINESS,1
CUST-000591,26,130176.18,8,62959.01,48,15.46,578,0.3366,0,0,SELF_EMPLOYED,HIGH_SCHOOL,MARRIED,HOME,1
CUST-000592,22,176312.91,4,53313.25,24,12.14,758,0.2757,4,0,SELF_EMPLOYED,HIGH_SCHOOL,SINGLE,EDUCATION,0
CUST-000593,47,72401.12,26,56114.21,24,13.13,504,0.6568,3,0,RETIRED,HIGH_SCHOOL,MARRIED,EDUCATION,0
CUST-000594,59,120370.55,11,73480.87,36,17.73,689,0.4709,0,2,SELF_EMPLOYED,PHD,SINGLE,PERSONAL,1
CUST-000595,68,131556.93,9,73983.87,60,17.45,603,0.5369,4,0,RETIRED,MASTERS,MARRIED,BUSINESS,0
CUST-000596,30,68307.92,12,35935.11,48,14.84,372,0.5675,3,0,SALARIED,MASTERS,MARRIED,AUTO,1
CUST-000597,23,149814.24,5,13206.32,60,17.75,451,0.4724,1,0,SELF_EMPLOYED,BACHELORS,DIVORCED,HOME,0
CUST-000598,57,174353.75,18,62855.71,48,14.81,375,0.0845,3,0,SELF_EMPLOYED,MASTERS,MARRIED,BUSINESS,0
CUST-000599,61,24025.11,6,13374.99,60,10.45,352,0.4611,2,0,UNEMPLOYED,PHD,SINGLE,EDUCATION,0
CUST-000600,30,194756.71,12,43898.86,12,20.29,?,0.3724,2,0,RETIRED,MASTERS,MARRIED,BUSINESS,0
CUST-000601,52,49223.22,17,81646.23,24,23.34,361,0.4950,3,0,RETIRED,HIGH_SCHOOL,MARRIED,HOME,1
CUST-000602,35,157463.06,4,55437.28,60,12.86,372,0.6352,5,0,RETIRED,BACHELORS,DIVORCED,AUTO,1
CUST-000603,24,136558.87,6,26929.73,12,18.16,777,0.6083,0,3,RETIRED,PHD,MARRIED,HOME,1
CUST-000604,66,130975.67,1,80632.77,12,13.39,482,0.1472,5,3,SELF_EMPLOYED,PHD,MARRIED,BUSINESS,1
CUST-000605,47,47329.37,20,41899.10,36,16.95,?,0.1949,3,0,UNEMPLOYED,BACHELORS,MARRIED,BUSINESS,1
CUST-000606,31,43599.58,13,72834.85,24,9.82,429,0.1922,4,0,SELF_EMPLOYED,BACHELORS,MARRIED,BUSINESS,1
CUST-000607,63,167535.40,19,30818.34,12,18.66,588,0.5798,1,0,RETIRED,PHD,DIVORCED,PERSONAL,1
CUST-000608,43,110926.57,25,28170.10,60,18.33,471,0.6306,3,0,SALARIED,BACHELORS,DIVORCED,BUSINESS,0
CUST-000609,52,103880.38,22,17688.30,36,12.48,496,0.0633,6,0,UNEMPLOYED,HIGH_SCHOOL,MARRIED,EDUCATION,1
CUST-000610,25,74791.97,7,57150.72,24,17.67,758,0.3003,1,1,SELF_EMPLOYED,PHD,MARRIED,EDUCATION,0
CUST-000611,67,113733.85,32,88013.31,12,9.47,539,0.6889,6,0,RETIRED,BACHELORS,MARRIED,EDUCATION,0
CUST-000612,46,116490.15,27,75692.46,60,10.21,567,0.2638,4,0,RETIRED,BACHELORS,DIVORCED,AUTO,1
CUST-000613,69,117180.31,1,19569.28,48,20.13,477,0.3918,2,0,SALARIED,BACHELORS,SINGLE,PERSONAL,0
CUST-000614,58,131575.60,5,14700.77,36,17.01,790,0.2142,3,0,UNEMPLOYED,BACHELORS,MARRIED,AUTO,1
CUST-000615,58,98508.24,33,76232.88,24,23.20,732,0.1520,4,0,SALARIED,PHD,SINGLE,PERSONAL,0
CUST-000616,53,140335.48,5,15559.51,60,7.23,667,0.1665,0,0,SELF_EMPLOYED,BACHELORS,DIVORCED,AUTO,1
CUST-000617,52,77171.35,9,53474.29,36,9.51,595,0.5141,4,0,SELF_EMPLOYED,HIGH_SCHOOL,SINGLE,PERSONAL,1
CUST-000618,68,162857.81,33,67541.79,24,21.05,471,0.2400,3,0,RETIRED,MASTERS,MARRIED,AUTO,0
CUST-000619,29,182573.88,11,9888.63,24,22.62,576,0.6622,5,0,RETIRED,MASTERS,DIVORCED,HOME,0
CUST-000620,25,75912.63,4,9913.80,12,19.24,378,0.6985,4,0,SALARIED,MASTERS,SINGLE,HOME,0
CUST-000621,64,55962.33,0,59273.89,12,20.71,562,0.5049,3,0,SALARIED,PHD,SINGLE,BUSINESS,1
CUST-000622,60,90937.23,25,44388.54,12,17.70,331,0.6847,5,0,RETIRED,BACHELORS,SINGLE,HOME,1
CUST-000623,59,64593.31,4,37516.87,12,16.45,464,0.6944,5,0,RETIRED,BACHELORS,MARRIED,BUSINESS,1
CUST-000624,60,118690.09,8,28228.82,60,18.15,820,0.6492,3,2,RETIRED,HIGH_SCHOOL,DIVORCED,BUSINESS,0
CUST-000625,34,176690.07,16,39316.08,24,20.64,327,0.2346,6,0,UNEMPLOYED,PHD,SINGLE,BUSINESS,1
CUST-000626,25,148621.18,7,64855.57,24,14.98,458,0.5664,3,0,UNEMPLOYED,PHD,MARRIED,BUSINESS,1
CUST-000627,50,94112.37,25,74614.61,48,10.86,466,0.6639,2,0,SELF_EMPLOYED,PHD,DIVORCED,HOME,0
CUST-000628,31,96090.69,0,36159.00,24,18.54,672,0.5471,6,0,SALARIED,HIGH_SCHOOL,DIVORCED,EDUCATION,1
CUST-000629,67,194075.52,8,14042.43,60,22.83,524,0.0544,4,3,SALARIED,BACHELORS,DIVORCED,AUTO,1
CUST-000630,49,135585.75,11,13323.69,60,21.35,595,0.2442,5,3,UNEMPLOYED,PHD,MARRIED,HOME,0
CUST-000631,42,75637.11,24,89551.44,12,20.80,709,0.1254,3,0,SALARIED,PHD,MARRIED,BUSINESS,0
CUST-000632,48,143769.71,12,26753.91,60,8.46,546,0.5230,0,3,SELF_EMPLOYED,MASTERS,DIVORCED,HOME,1
CUST-000633,25,96239.56,6,54033.44,24,18.85,822,0.1927,5,0,SALARIED,PHD,MARRIED,HOME,1
CUST-000634,67,67020.01,10,8445.77,60,8.09,484,0.1687,5,0,RETIRED,PHD,MARRIED,PERSONAL,0
CUST-000635,39,183077.91,21,43717.10,48,16.51,348,0.1467,2,0,RETIRED,MASTERS,DIVORCED,HOME,0
CUST-000636,38,175652.51,20,78836.06,12,23.78,459,0.0706,4,0,RETIRED,BACHELORS,MARRIED,BUSINESS,0
CUST-000637,21,171465.89,3,35345.31,24,10.62,388,0.0656,4,0,UNEMPLOYED,PHD,SINGLE,BUSINESS,0
CUST-000638,39,155741.14,2,34830.37,60,14.63,517,0.1706,2,1,SELF_EMPLOYED,MASTERS,MARRIED,AUTO,0
CUST-000639,51,188953.69,18,43381.86,48,7.17,399,0.3360,4,1,RETIRED,PHD,MARRIED,HOME,1
CUST-000640,64,118936.66,4,74245.59,24,6.84,705,0.2423,0,0,UNEMPLOYED,HIGH_SCHOOL,DIVORCED,HOME,0
CUST-000641,61,127288.56,11,61654.25,36,8.25,822,0.4489,3,0,RETIRED,PHD,SINGLE,PERSONAL,1
CUST-000642,38,45447.39,20,48521.43,12,5.75,746,0.3588,4,0,SELF_EMPLOYED,MASTERS,MARRIED,EDUCATION,1
CUST-000643,41,112990.11,13,62585.41,36,5.12,506,0.5423,1,0,RETIRED,PHD,DIVORCED,PERSONAL,0
CUST-000644,62,30983.64,27,61678.11,36,24.72,765,0.3384,2,0,RETIRED,MASTERS,SINGLE,AUTO,1
CUST-000645,59,188301.24,6,27252.79,60,23.68,400,0.3093,6,0,SALARIED,MASTERS,MARRIED,AUTO,1
CUST-000646,30,118603.81,0,79516.48,36,10.95,611,0.6638,6,0,SALARIED,BACHELORS,MARRIED,PERSONAL,0
CUST-000647,33,61421.86,15,27796.36,60,14.13,303,0.2606,1,0,RETIRED,HIGH_SCHOOL,SINGLE,BUSINESS,0
CUST-000648,55,36884.52,20,63611.61,36,12.07,414,0.1380,2,0,SELF_EMPLOYED,MASTERS,SINGLE,HOME,1
CUST-000649,56,77514.29,9,23521.56,36,22.09,557,0.5174,3,0,RETIRED,MASTERS,MARRIED,BUSINESS,1
CUST-000650,34,106920.53,8,72876.26,60,5.98,725,0.3063,3,3,UNEMPLOYED,PHD,MARRIED,BUSINESS,1
CUST-000651,34,162422.56,9,3073.38,48,23.14,538,0.3136,4,0,RETIRED,BACHELORS,SINGLE,HOME,0
CUST-000652,48,36031.01,23,71563.73,60,17.39,520,0.4513,1,0,UNEMPLOYED,BACHELORS,SINGLE,PERSONAL,1
CUST-000653,46,195837.77,7,17836.98,48,15.29,833,0.1997,3,0,SELF_EMPLOYED,HIGH_SCHOOL,SINGLE,EDUCATION,0
CUST-000654,48,45900.41,30,17477.34,60,13.56,825,0.4661,1,3,SALARIED,HIGH_SCHOOL,DIVORCED,PERSONAL,0
CUST-000655,64,39320.58,10,51023.44,36,24.91,?,0.5427,6,0,SALARIED,PHD,MARRIED,EDUCATION,1
CUST-000656,24,181940.91,6,45695.90,24,24.44,506,0.4805,3,0,UNEMPLOYED,HIGH_SCHOOL,MARRIED,HOME,1
CUST-000657,59,135155.85,22,58731.69,36,18.30,394,0.1764,5,0,RETIRED,MASTERS,DIVORCED,HOME,0
CUST-000658,37,35526.33,6,36784.48,48,9.19,830,0.4836,1,0,SELF_EMPLOYED,HIGH_SCHOOL,MARRIED,BUSINESS,0
CUST-000659,70,57564.89,8,19031.53,48,6.37,762,0.6430,2,0,UNEMPLOYED,BACHELORS,MARRIED,PERSONAL,0
CUST-000660,60,64292.75,29,26324.54,36,12.97,739,0.0996,6,0,RETIRED,HIGH_SCHOOL,DIVORCED,BUSINESS,0
CUST-000661,42,19312.56,17,17353.75,12,21.38,628,0.6343,0,0,RETIRED,PHD,SINGLE,PERSONAL,0
CUST-000662,68,166260.13,10,46576.81,48,16.60,339,0.1990,6,0,UNEMPLOYED,HIGH_SCHOOL,MARRIED,EDUCATION,1
CUST-000663,57,135417.83,0,48560.23,24,20.91,510,0.3425,5,0,UNEMPLOYED,HIGH_SCHOOL,SINGLE,EDUCATION,1
CUST-000664,43,172172.14,5,20517.81,24,15.72,316,0.4134,1,0,RETIRED,MASTERS,MARRIED,HOME,0
CUST-000665,37,116497.46,8,70739.57,24,18.08,621,0.4226,0,1,RETIRED,BACHELORS,DIVORCED,BUSINESS,1
CUST-000666,45,78879.03,16,3219.89,48,13.40,368,0.2566,0,0,RETIRED,MASTERS,DIVORCED,AUTO,0
CUST-000667,35,94611.49,8,68734.09,60,23.28,443,0.3588,6,0,SALARIED,BACHELORS,SINGLE,PERSONAL,1
CUST-000668,50,56134.03,30,16841.69,36,18.05,823,0.6006,1,0,UNEMPLOYED,HIGH_SCHOOL,DIVORCED,AUTO,0
CUST-000669,70,159779.67,3,63624.61,12,24.07,456,0.5913,4,0,SALARIED,MASTERS,SINGLE,BUSINESS,1
CUST-000670,67,189294.55,5,19937.23,36,20.53,827,0.3171,1,0,SALARIED,MASTERS,DIVORCED,EDUCATION,0
CUST-000671,70,71058.77,9,65137.87,48,6.65,570,0.0599,6,0,UNEMPLOYED,HIGH_SCHOOL,DIVORCED,HOME,0
CUST-000672,69,20281.25,?,20519.88,12,6.35,719,0.5785,4,0,RETIRED,HIGH_SCHOOL,DIVORCED,AUTO,0
CUST-000673,40,192155.00,22,80001.16,12,9.10,581,0.3763,5,0,UNEMPLOYED,BACHELORS,SINGLE,AUTO,1
CUST-000674,58,126144.88,16,36951.05,36,6.51,379,0.5630,5,1,RETIRED,HIGH_SCHOOL,MARRIED,PERSONAL,1
CUST-000675,23,39173.24,?,49339.91,60,12.56,816,0.1966,5,0,SELF_EMPLOYED,HIGH_SCHOOL,DIVORCED,BUSINESS,0
CUST-000676,65,155566.61,26,75694.59,36,11.50,362,0.3088,0,0,RETIRED,HIGH_SCHOOL,SINGLE,PERSONAL,1
CUST-000677,28,90704.90,10,52548.75,36,11.72,716,0.3233,2,0,SALARIED,BACHELORS,SINGLE,AUTO,0
CUST-000678,38,23182.75,2,78423.40,60,21.65,793,0.3137,6,0,UNEMPLOYED,PHD,DIVORCED,PERSONAL,0
CUST-000679,65,80273.51,6,56294.87,60,19.19,385,0.4059,0,0,SALARIED,PHD,SINGLE,PERSONAL,1
CUST-000680,69,86170.31,3,70833.63,36,22.95,521,0.1733,4,0,UNEMPLOYED,MASTERS,MARRIED,BUSINESS,0
CUST-000681,45,34762.27,7,82827.83,48,6.04,638,0.6636,5,0,SALARIED,MASTERS,MARRIED,EDUCATION,1
CUST-000682,65,61435.15,12,12369.69,24,9.88,505,0.6917,6,0,RETIRED,BACHELORS,MARRIED,HOME,1
CUST-000683,39,95462.13,17,28023.08,60,8.16,671,0.5911,1,2,SELF_EMPLOYED,HIGH_SCHOOL,SINGLE,PERSONAL,1
CUST-000684,60,66796.66,26,63615.28,48,12.24,495,0.2489,5,0,UNEMPLOYED,BACHELORS,MARRIED,EDUCATION,1
CUST-000685,61,108156.19,13,26395.56,12,18.52,849,0.5143,3,0,SELF_EMPLOYED,MASTERS,SINGLE,EDUCATION,0
CUST-000686,51,20154.80,8,7219.96,48,21.36,481,0.6516,0,0,RETIRED,MASTERS,SINGLE,EDUCATION,1
CUST-000687,50,21919.58,16,87641.78,24,18.11,529,0.3076,2,0,SELF_EMPLOYED,PHD,SINGLE,EDUCATION,1
CUST-000688,44,94510.57,25,48113.33,12,9.68,324,0.5612,2,0,UNEMPLOYED,PHD,DIVORCED,EDUCATION,1
CUST-000689,41,133808.53,23,84028.39,48,10.50,652,0.5265,2,0,RETIRED,HIGH_SCHOOL,MARRIED,AUTO,0
CUST-000690,57,78032.55,32,72366.48,60,21.20,570,0.6103,0,0,SELF_EMPLOYED,HIGH_SCHOOL,DIVORCED,HOME,1
CUST-000691,64,30363.25,14,67079.52,60,6.86,318,0.6431,4,1,SALARIED,HIGH_SCHOOL,MARRIED,PERSONAL,1
CUST-000692,27,33244.45,9,47246.35,12,6.40,447,0.5239,1,0,SELF_EMPLOYED,MASTERS,MARRIED,HOME,0
CUST-000693,54,104593.93,0,20376.22,48,7.18,413,0.5559,2,0,RETIRED,MASTERS,SINGLE,PERSONAL,1
CUST-000694,53,173381.32,5,12010.26,48,12.15,463,0.5297,2,0,SELF_EMPLOYED,MASTERS,DIVORCED,BUSINESS,1
CUST-000695,57,65237.80,7,85726.03,48,16.44,607,0.1643,3,0,SALARIED,BACHELORS,SINGLE,AUTO,0
CUST-000696,58,190646.17,16,59247.17,24,22.79,757,0.0988,2,0,SALARIED,HIGH_SCHOOL,DIVORCED,AUTO,0
CUST-000697,68,138083.72,30,6786.76,36,6.21,606,0.0685,6,0,SELF_EMPLOYED,HIGH_SCHOOL,DIVORCED,EDUCATION,0
CUST-000698,42,69215.47,24,49252.91,24,10.71,676,0.3185,6,1,SALARIED,MASTERS,DIVORCED,PERSONAL,1
CUST-000699,28,160451.69,10,71379.85,36,11.22,619,0.6766,2,0,SALARIED,BACHELORS,DIVORCED,AUTO,0
CUST-000700,26,186340.92,8,65921.05,24,24.28,496,0.6321,6,2,RETIRED,BACHELORS,DIVORCED,HOME,1
CUST-000701,66,122271.43,33,26134.30,48,8.66,388,0.5506,5,0,UNEMPLOYED,HIGH_SCHOOL,DIVORCED,PERSONAL,1
CUST-000702,68,19290.52,?,13480.36,60,8.61,673,0.0940,2,0,UNEMPLOYED,BACHELORS,DIVORCED,AUTO,0
CUST-000703,51,32127.23,7,26597.13,48,19.88,329,0.5550,3,2,SALARIED,MASTERS,MARRIED,PERSONAL,1
CUST-000704,69,107901.90,24,4424.17,24,9.65,?,0.5433,4,0,SELF_EMPLOYED,MASTERS,DIVORCED,HOME,1
CUST-000705,58,156906.64,5,10577.08,24,10.38,749,0.2287,6,0,SELF_EMPLOYED,BACHELORS,SINGLE,AUTO,0
CUST-000706,64,129046.34,25,64787.74,12,21.14,728,0.4962,6,0,RETIRED,MASTERS,SINGLE,BUSINESS,0
CUST-000707,50,139407.42,21,79021.69,24,16.95,569,0.2005,0,0,RETIRED,MASTERS,SINGLE,BUSINESS,0
CUST-000708,55,94959.52,11,30604.57,24,7.02,453,0.5276,2,0,SELF_EMPLOYED,MASTERS,DIVORCED,PERSONAL,0
CUST-000709,65,144480.81,15,18817.27,24,18.39,672,0.6085,5,0,UNEMPLOYED,PHD,MARRIED,AUTO,0
CUST-000710,43,75149.04,6,78945.54,36,21.21,490,0.1702,4,0,RETIRED,PHD,MARRIED,AUTO,1
CUST-000711,45,36534.60,27,31761.87,48,24.20,568,0.4095,5,0,UNEMPLOYED,BACHELORS,SINGLE,HOME,1
CUST-000712,66,169323.13,28,38565.42,12,18.35,506,0.0784,4,2,SELF_EMPLOYED,PHD,MARRIED,HOME,1
CUST-000713,26,169183.88,8,80830.40,36,10.45,550,0.6591,0,0,SELF_EMPLOYED,MASTERS,SINGLE,BUSINESS,0
CUST-000714,63,165572.33,0,78407.63,12,19.59,461,0.2944,5,0,SELF_EMPLOYED,BACHELORS,SINGLE,PERSONAL,0
CUST-000715,58,126340.60,31,75386.86,24,23.90,452,0.6128,1,0,SALARIED,BACHELORS,MARRIED,EDUCATION,1
CUST-000716,55,100044.92,17,65748.53,36,8.49,415,0.5796,1,0,SALARIED,PHD,DIVORCED,HOME,1
CUST-000717,67,109961.22,6,53122.35,36,14.60,475,0.3850,4,0,SELF_EMPLOYED,PHD,SINGLE,HOME,0
CUST-000718,47,193789.80,21,49470.31,36,6.33,695,0.4937,3,0,RETIRED,MASTERS,MARRIED,AUTO,0
CUST-000719,64,99401.88,12,43297.41,12,6.45,593,0.2189,3,1,RETIRED,PHD,SINGLE,PERSONAL,0
CUST-000720,30,41257.53,12,29761.84,36,14.32,732,0.2069,2,2,RETIRED,BACHELORS,MARRIED,HOME,0
CUST-000721,25,124729.42,0,35517.34,48,20.88,760,0.6148,4,0,UNEMPLOYED,MASTERS,SINGLE,BUSINESS,1
CUST-000722,67,120061.54,3,5142.10,48,17.67,614,0.6538,3,0,RETIRED,PHD,DIVORCED,HOME,0
CUST-000723,41,70674.74,21,11199.45,24,12.87,450,0.0515,6,3,UNEMPLOYED,BACHELORS,MARRIED,EDUCATION,1
CUST-000724,38,85872.56,14,82410.94,48,9.24,769,0.6897,4,0,UNEMPLOYED,HIGH_SCHOOL,DIVORCED,EDUCATION,1
CUST-000725,34,112701.67,16,15090.33,60,6.51,781,0.2369,5,0,SALARIED,BACHELORS,DIVORCED,BUSINESS,0
CUST-000726,29,42537.53,5,69169.31,36,19.42,722,0.1603,5,0,RETIRED,PHD,MARRIED,BUSINESS,0
CUST-000727,38,174028.48,20,25414.06,48,23.50,733,0.5865,1,0,SALARIED,PHD,SINGLE,PERSONAL,0
CUST-000728,69,42973.98,23,83625.25,36,8.31,552,0.1655,4,0,SELF_EMPLOYED,HIGH_SCHOOL,MARRIED,PERSONAL,1
CUST-000729,34,35774.07,16,52161.27,36,24.48,556,0.0885,4,0,RETIRED,PHD,SINGLE,BUSINESS,0
CUST-000730,64,35250.37,24,40336.16,36,22.44,828,0.2384,0,0,SALARIED,PHD,SINGLE,BUSINESS,0
CUST-000731,41,145904.05,2,60021.34,12,24.90,382,0.1196,0,0,SALARIED,MASTERS,MARRIED,PERSONAL,1
CUST-000732,35,84036.91,2,58911.39,24,9.30,352,0.0991,1,0,SELF_EMPLOYED,PHD,SINGLE,PERSONAL,0
CUST-000733,40,111733.04,22,77989.88,12,7.51,818,0.5481,4,3,SALARIED,BACHELORS,MARRIED,AUTO,1
CUST-000734,62,89145.88,27,79623.54,60,16.25,643,0.6914,0,0,SALARIED,PHD,MARRIED,BUSINESS,1
CUST-000735,38,122713.63,6,53938.19,36,15.08,330,0.6519,1,0,SALARIED,MASTERS,MARRIED,AUTO,1
CUST-000736,36,60151.41,0,55591.13,12,19.41,768,0.0965,3,0,SALARIED,BACHELORS,DIVORCED,HOME,0
CUST-000737,36,156949.10,18,89558.54,36,23.83,740,0.6292,2,0,SALARIED,BACHELORS,MARRIED,BUSINESS,1
CUST-000738,62,54302.88,26,76016.67,36,10.84,375,0.5242,1,0,SELF_EMPLOYED,PHD,DIVORCED,AUTO,0
CUST-000739,27,112760.84,9,70046.38,12,15.13,720,0.5358,6,1,UNEMPLOYED,HIGH_SCHOOL,MARRIED,PERSONAL,1
CUST-000740,36,177690.48,0,58120.62,36,10.17,773,0.4470,6,0,SALARIED,HIGH_SCHOOL,MARRIED,BUSINESS,0
CUST-000741,23,143626.01,5,40664.70,48,9.26,527,0.2276,0,0,RETIRED,MASTERS,SINGLE,EDUCATION,0
CUST-000742,47,176239.03,6,85166.78,12,20.18,430,0.1048,3,0,RETIRED,MASTERS,DIVORCED,PERSONAL,1
CUST-000743,55,132477.02,2,35890.13,24,19.74,486,0.1293,6,0,SELF_EMPLOYED,PHD,DIVORCED,EDUCATION,1
CUST-000744,65,27032.33,29,58428.49,24,14.56,732,0.2136,4,0,UNEMPLOYED,PHD,MARRIED,EDUCATION,1
CUST-000745,28,139107.05,6,51160.03,12,6.29,700,0.4955,2,0,UNEMPLOYED,MASTERS,DIVORCED,BUSINESS,1
CUST-000746,21,56078.28,3,50522.10,24,12.00,791,0.6228,5,2,SELF_EMPLOYED,BACHELORS,DIVORCED,BUSINESS,1
CUST-000747,41,85295.03,4,49090.47,12,18.30,659,0.3214,6,0,SELF_EMPLOYED,BACHELORS,DIVORCED,BUSINESS,1
CUST-000748,40,73255.55,22,40329.90,12,24.40,618,0.6401,6,0,UNEMPLOYED,BACHELORS,SINGLE,HOME,1
CUST-000749,45,160514.12,27,46076.28,48,6.03,410,0.6868,4,1,UNEMPLOYED,BACHELORS,MARRIED,PERSONAL,1
CUST-000750,43,113521.40,25,78361.65,48,13.22,431,0.1767,1,0,RETIRED,BACHELORS,MARRIED,AUTO,0
CUST-000751,65,156562.46,12,5393.65,60,23.78,322,0.4824,3,0,RETIRED,BACHELORS,SINGLE,PERSONAL,1
CUST-000752,28,155505.76,10,40401.14,24,9.95,712,0.1192,4,0,SALARIED,BACHELORS,SINGLE,BUSINESS,1
CUST-000753,62,194893.34,14,80877.13,24,23.76,635,0.0508,3,0,RETIRED,HIGH_SCHOOL,MARRIED,PERSONAL,0
CUST-000754,58,116881.46,17,76085.03,36,23.47,790,0.3469,4,0,SALARIED,PHD,DIVORCED,PERSONAL,1
CUST-000755,28,58183.80,10,51400.68,36,23.42,355,0.4706,4,0,UNEMPLOYED,MASTERS,DIVORCED,AUTO,1
CUST-000756,55,164379.84,15,20750.06,24,19.03,812,0.2923,3,0,UNEMPLOYED,HIGH_SCHOOL,DIVORCED,AUTO,0
CUST-000757,68,130055.32,2,52902.77,60,22.55,533,0.2615,6,0,SELF_EMPLOYED,BACHELORS,DIVORCED,PERSONAL,0
CUST-000758,21,189432.39,3,17955.93,24,24.18,304,0.5454,3,0,SELF_EMPLOYED,MASTERS,MARRIED,EDUCATION,0
CUST-000759,41,100874.17,17,71837.09,12,7.23,638,0.5883,4,0,SALARIED,MASTERS,SINGLE,HOME,0
CUST-000760,28,125434.15,10,72862.39,24,19.56,787,0.6764,5,2,SALARIED,BACHELORS,MARRIED,AUTO,0
CUST-000761,50,38832.16,5,56587.17,60,18.10,565,0.2208,0,0,RETIRED,HIGH_SCHOOL,MARRIED,PERSONAL,1
CUST-000762,35,98700.11,10,79264.75,60,14.35,474,0.2126,4,0,SALARIED,PHD,MARRIED,AUTO,1
CUST-000763,66,120013.64,2,4154.58,36,20.62,587,0.5892,5,0,SELF_EMPLOYED,PHD,SINGLE,PERSONAL,1
CUST-000764,63,127504.33,19,82336.80,12,18.14,308,0.0538,2,2,SALARIED,HIGH_SCHOOL,DIVORCED,AUTO,1
CUST-000765,32,66805.82,14,6963.06,12,20.78,582,0.0679,4,0,SALARIED,BACHELORS,DIVORCED,AUTO,0
CUST-000766,53,55727.46,0,55692.68,36,14.28,310,0.6738,5,0,UNEMPLOYED,PHD,DIVORCED,EDUCATION,1
CUST-000767,39,135316.36,3,16876.22,36,14.27,537,0.5142,1,0,UNEMPLOYED,PHD,MARRIED,BUSINESS,1
CUST-000768,50,80563.19,21,82131.79,36,6.75,311,0.1984,3,0,SALARIED,MASTERS,SINGLE,BUSINESS,1
CUST-000769,50,134099.21,22,53531.32,48,13.77,439,0.3118,6,3,UNEMPLOYED,MASTERS,SINGLE,PERSONAL,1
CUST-000770,24,146770.53,6,86580.84,48,20.69,835,0.0952,3,0,SELF_EMPLOYED,HIGH_SCHOOL,MARRIED,AUTO,0
CUST-000771,25,46805.28,6,27586.29,12,13.72,619,0.2638,6,0,RETIRED,MASTERS,SINGLE,EDUCATION,0
CUST-000772,63,182008.99,22,62192.86,12,13.84,844,0.3730,2,0,SALARIED,PHD,SINGLE,AUTO,0
CUST-000773,61,175794.50,28,35954.00,36,7.22,586,0.4233,2,0,RETIRED,BACHELORS,MARRIED,EDUCATION,1
CUST-000774,69,188750.25,28,6620.12,48,13.03,773,0.5019,1,0,SELF_EMPLOYED,MASTERS,MARRIED,PERSONAL,0
CUST-000775,27,111391.07,9,36232.07,24,24.52,358,0.1507,6,0,UNEMPLOYED,HIGH_SCHOOL,MARRIED,AUTO,1
CUST-000776,35,37182.25,5,6782.53,12,24.33,709,0.5349,5,0,UNEMPLOYED,PHD,MARRIED,PERSONAL,1
CUST-000777,39,79598.85,20,89796.09,24,10.86,818,0.1801,0,0,SELF_EMPLOYED,HIGH_SCHOOL,MARRIED,AUTO,0
CUST-000778,50,143722.39,32,45853.61,60,13.70,410,0.5942,2,0,RETIRED,BACHELORS,MARRIED,BUSINESS,1
CUST-000779,31,156587.06,13,4782.26,12,18.86,376,0.1952,1,0,RETIRED,BACHELORS,DIVORCED,HOME,0
CUST-000780,26,119050.87,8,28775.34,60,24.65,849,0.6794,5,1,UNEMPLOYED,BACHELORS,SINGLE,PERSONAL,0
CUST-000781,63,61286.62,0,39003.75,60,20.47,589,0.6077,6,0,RETIRED,MASTERS,DIVORCED,HOME,1
CUST-000782,54,196875.86,27,12080.79,24,9.85,658,0.6954,2,0,SALARIED,MASTERS,MARRIED,HOME,0
CUST-000783,43,129744.95,24,36003.43,48,15.57,521,0.4697,5,0,SALARIED,HIGH_SCHOOL,SINGLE,PERSONAL,1
CUST-000784,49,185713.52,0,10341.53,24,14.01,314,0.4115,6,0,RETIRED,MASTERS,DIVORCED,PERSONAL,1
CUST-000785,68,162744.90,15,11806.97,48,11.04,541,0.2426,6,0,UNEMPLOYED,HIGH_SCHOOL,SINGLE,HOME,1
CUST-000786,30,118013.48,1,5003.29,60,21.55,518,0.2779,1,0,UNEMPLOYED,MASTERS,DIVORCED,HOME,0
CUST-000787,29,161588.70,11,57107.72,12,10.11,662,0.6594,5,0,SALARIED,PHD,MARRIED,EDUCATION,0
CUST-000788,32,167624.15,14,63888.36,12,19.94,417,0.6745,5,0,RETIRED,BACHELORS,MARRIED,EDUCATION,1
CUST-000789,26,93872.98,8,50192.11,36,23.35,394,0.5322,4,0,SELF_EMPLOYED,BACHELORS,DIVORCED,AUTO,1
CUST-000790,22,142801.27,4,79266.61,12,8.13,562,0.1170,3,0,UNEMPLOYED,MASTERS,MARRIED,HOME,1
CUST-000791,23,68029.37,5,5710.93,60,6.89,304,0.1768,4,0,UNEMPLOYED,HIGH_SCHOOL,MARRIED,AUTO,0
CUST-000792,21,105461.43,3,4348.48,60,10.36,702,0.2998,2,0,UNEMPLOYED,BACHELORS,MARRIED,BUSINESS,0
CUST-000793,35,157040.41,17,37614.77,24,10.66,309,0.3730,0,0,RETIRED,MASTERS,SINGLE,AUTO,1
CUST-000794,29,110927.22,11,76282.19,36,18.66,308,0.5565,3,0,UNEMPLOYED,BACHELORS,MARRIED,HOME,1
CUST-000795,30,192466.12,12,56852.11,36,18.60,480,0.5465,2,2,UNEMPLOYED,PHD,SINGLE,EDUCATION,1
CUST-000796,29,171845.24,4,32374.87,36,7.39,482,0.5169,4,0,RETIRED,MASTERS,SINGLE,EDUCATION,1
CUST-000797,66,175872.59,17,54133.55,36,7.64,648,0.2569,1,0,RETIRED,PHD,DIVORCED,PERSONAL,0
CUST-000798,51,185064.58,18,36108.17,24,23.88,392,0.1806,6,0,UNEMPLOYED,PHD,SINGLE,BUSINESS,0
CUST-000799,66,117550.19,5,7378.95,24,14.37,317,0.2768,3,3,UNEMPLOYED,BACHELORS,DIVORCED,HOME,1
CUST-000800,21,131538.93,3,51519.07,48,8.18,840,0.1830,0,0,SELF_EMPLOYED,PHD,MARRIED,EDUCATION,0
CUST-000801,61,45380.64,15,79393.73,24,18.00,580,0.1717,1,3,UNEMPLOYED,HIGH_SCHOOL,MARRIED,EDUCATION,1
CUST-000802,40,144013.75,18,11445.03,36,6.55,457,0.5990,6,0,SALARIED,BACHELORS,SINGLE,EDUCATION,1
CUST-000803,33,169293.94,15,32017.00,24,12.94,383,0.0874,1,0,SALARIED,HIGH_SCHOOL,SINGLE,AUTO,0
CUST-000804,31,63113.81,13,15630.87,12,11.88,751,0.3441,0,0,UNEMPLOYED,MASTERS,DIVORCED,HOME,1
CUST-000805,44,154046.35,15,71358.00,48,10.77,610,0.5222,3,3,SELF_EMPLOYED,HIGH_SCHOOL,SINGLE,PERSONAL,1
CUST-000806,64,65928.74,22,69063.23,60,6.38,380,0.0586,5,0,RETIRED,PHD,MARRIED,PERSONAL,0
CUST-000807,38,176574.10,20,4498.17,24,16.23,361,0.6358,3,2,SALARIED,PHD,DIVORCED,BUSINESS,1
CUST-000808,33,80202.51,15,22536.43,24,5.98,777,0.3157,2,0,SALARIED,PHD,SINGLE,EDUCATION,0
CUST-000809,69,188282.20,8,43547.65,24,20.42,336,0.6168,1,0,RETIRED,MASTERS,SINGLE,HOME,1
CUST-000810,49,110459.98,28,84815.48,48,24.43,386,0.6001,4,0,SELF_EMPLOYED,MASTERS,MARRIED,AUTO,1
CUST-000811,32,116543.59,14,35021.94,36,10.83,307,0.1506,4,0,RETIRED,MASTERS,DIVORCED,BUSINESS,0
CUST-000812,40,22727.91,22,55167.07,24,16.50,579,0.4033,5,0,SELF_EMPLOYED,MASTERS,SINGLE,AUTO,1
CUST-000813,27,80382.95,9,21308.01,36,18.40,385,0.5617,4,0,RETIRED,MASTERS,MARRIED,BUSINESS,0
CUST-000814,40,54019.54,21,68077.25,60,7.61,550,0.3737,4,1,SALARIED,BACHELORS,DIVORCED,BUSINESS,1
CUST-000815,65,192701.75,23,35774.05,24,12.15,593,0.1678,6,0,SELF_EMPLOYED,HIGH_SCHOOL,SINGLE,EDUCATION,0
CUST-000816,30,191703.87,12,60472.78,60,6.95,849,0.1644,5,0,UNEMPLOYED,MASTERS,DIVORCED,BUSINESS,0
CUST-000817,37,181742.72,16,29693.91,12,11.51,814,0.4175,5,0,UNEMPLOYED,HIGH_SCHOOL,DIVORCED,BUSINESS,0
CUST-000818,68,106090.81,25,68295.36,24,18.04,508,0.2931,1,0,RETIRED,PHD,MARRIED,EDUCATION,1
CUST-000819,39,21680.39,8,12854.56,48,9.39,582,0.6997,1,0,RETIRED,HIGH_SCHOOL,SINGLE,EDUCATION,0
CUST-000820,46,149755.14,28,12003.72,36,24.14,734,0.5479,5,0,UNEMPLOYED,PHD,SINGLE,HOME,1
CUST-000821,30,153204.56,12,19670.99,12,7.74,659,0.3128,5,0,SELF_EMPLOYED,BACHELORS,SINGLE,PERSONAL,0
CUST-000822,70,51580.01,1,86473.25,12,6.63,508,0.6001,5,0,UNEMPLOYED,HIGH_SCHOOL,DIVORCED,PERSONAL,0
CUST-000823,69,179968.64,15,14788.29,12,22.45,319,0.0648,1,0,RETIRED,MASTERS,DIVORCED,EDUCATION,1
CUST-000824,64,51859.55,16,10014.67,36,14.67,412,0.4493,2,0,RETIRED,BACHELORS,SINGLE,EDUCATION,0
CUST-000825,39,74215.38,21,85310.65,24,10.97,430,0.1449,4,0,UNEMPLOYED,MASTERS,SINGLE,EDUCATION,1
CUST-000826,55,38843.17,21,11870.81,36,7.62,738,0.3683,3,0,SELF_EMPLOYED,HIGH_SCHOOL,DIVORCED,EDUCATION,1
CUST-000827,25,190939.42,7,37147.85,60,12.87,520,0.5279,2,3,SALARIED,BACHELORS,SINGLE,EDUCATION,1
CUST-000828,68,177740.79,25,52907.13,48,10.96,418,0.5314,5,0,RETIRED,HIGH_SCHOOL,DIVORCED,PERSONAL,1
CUST-000829,29,155380.02,10,19140.37,60,24.99,604,0.4924,4,0,RETIRED,PHD,MARRIED,EDUCATION,1
CUST-000830,32,185203.31,3,66780.51,12,13.39,547,0.0851,3,0,RETIRED,HIGH_SCHOOL,DIVORCED,PERSONAL,0
CUST-000831,52,85697.19,11,81228.57,12,6.13,838,0.1758,2,3,SALARIED,MASTERS,SINGLE,BUSINESS,1
CUST-000832,29,50064.53,11,59744.97,60,20.22,828,0.5639,2,0,SALARIED,HIGH_SCHOOL,MARRIED,HOME,1
CUST-000833,34,99732.04,16,32140.03,60,10.83,734,0.2697,5,0,SALARIED,HIGH_SCHOOL,MARRIED,AUTO,0
CUST-000834,37,38761.89,19,78723.04,60,19.40,382,0.5486,1,0,UNEMPLOYED,PHD,SINGLE,BUSINESS,1
CUST-000835,63,25048.16,16,18587.41,12,18.74,576,0.3726,0,0,SELF_EMPLOYED,HIGH_SCHOOL,MARRIED,HOME,1
CUST-000836,29,182585.06,11,63747.94,60,14.72,?,0.4068,0,0,UNEMPLOYED,MASTERS,SINGLE,AUTO,0
CUST-000837,23,46551.38,5,86508.86,36,8.51,754,0.5319,4,1,SALARIED,HIGH_SCHOOL,DIVORCED,HOME,1
CUST-000838,35,156243.77,8,50336.73,12,5.52,750,0.3664,4,0,SELF_EMPLOYED,MASTERS,MARRIED,BUSINESS,0
CUST-000839,56,45047.78,33,13245.62,24,16.74,338,0.4002,1,0,SALARIED,MASTERS,MARRIED,PERSONAL,1
CUST-000840,63,36729.14,26,15227.16,60,23.34,652,0.4637,6,0,UNEMPLOYED,BACHELORS,DIVORCED,AUTO,0
CUST-000841,48,103283.78,22,55335.22,36,5.73,712,0.2519,0,0,SALARIED,BACHELORS,SINGLE,AUTO,1
CUST-000842,61,111079.32,5,60965.76,36,9.81,354,0.3774,3,0,SELF_EMPLOYED,BACHELORS,MARRIED,HOME,0
CUST-000843,56,192637.88,12,50180.47,48,19.89,717,0.2921,0,0,SELF_EMPLOYED,PHD,SINGLE,HOME,0
CUST-000844,24,110130.84,6,77992.44,24,8.50,818,0.0514,6,0,SELF_EMPLOYED,PHD,DIVORCED,AUTO,0
CUST-000845,44,196075.91,26,60647.87,60,19.77,496,0.4470,1,1,RETIRED,BACHELORS,MARRIED,EDUCATION,1
CUST-000846,58,191725.73,13,71174.89,24,11.39,563,0.6480,4,3,SALARIED,HIGH_SCHOOL,DIVORCED,PERSONAL,1
CUST-000847,41,72390.02,22,78932.39,60,21.26,795,0.2918,4,0,RETIRED,MASTERS,DIVORCED,AUTO,1
CUST-000848,21,23220.42,3,59335.52,48,11.90,807,0.4768,5,0,SALARIED,HIGH_SCHOOL,MARRIED,EDUCATION,1
CUST-000849,35,106772.77,2,88432.41,60,13.69,?,0.2428,0,0,UNEMPLOYED,MASTERS,DIVORCED,BUSINESS,1
CUST-000850,70,148503.67,18,64948.31,12,18.96,751,0.3905,3,0,UNEMPLOYED,HIGH_SCHOOL,SINGLE,PERSONAL,1
CUST-000851,33,111640.57,15,37152.14,36,19.34,683,0.6613,2,0,SELF_EMPLOYED,HIGH_SCHOOL,SINGLE,BUSINESS,1
CUST-000852,26,96757.44,8,11787.19,12,12.57,834,0.2325,1,0,UNEMPLOYED,PHD,SINGLE,AUTO,0
CUST-000853,26,185497.91,8,5944.06,36,6.12,752,0.4879,0,2,SELF_EMPLOYED,MASTERS,DIVORCED,HOME,1
CUST-000854,26,149583.29,8,3396.32,48,16.82,795,0.4919,2,1,UNEMPLOYED,HIGH_SCHOOL,MARRIED,EDUCATION,1
CUST-000855,36,182744.57,0,74220.03,36,20.26,381,0.2141,2,0,SELF_EMPLOYED,MASTERS,DIVORCED,PERSONAL,0
CUST-000856,28,154450.07,5,76957.44,12,10.23,446,0.4666,4,0,UNEMPLOYED,MASTERS,SINGLE,BUSINESS,1
CUST-000857,42,166791.99,3,5895.30,48,9.93,397,0.1065,3,0,SALARIED,MASTERS,DIVORCED,PERSONAL,0
CUST-000858,24,175999.87,6,28967.53,12,7.03,403,0.1266,6,0,SALARIED,HIGH_SCHOOL,SINGLE,AUTO,0
CUST-000859,22,188290.51,4,33405.77,12,24.06,650,0.4258,3,0,UNEMPLOYED,HIGH_SCHOOL,SINGLE,BUSINESS,1
CUST-000860,44,111960.06,11,18796.49,48,12.49,300,0.0952,0,0,UNEMPLOYED,BACHELORS,SINGLE,HOME,1
CUST-000861,31,175720.75,13,60570.15,48,19.57,517,0.1790,0,0,SELF_EMPLOYED,BACHELORS,SINGLE,BUSINESS,1
CUST-000862,70,187731.32,7,23575.52,48,10.98,553,0.3263,2,0,SALARIED,HIGH_SCHOOL,SINGLE,HOME,1
CUST-000863,68,43253.40,?,41000.22,24,23.41,525,0.5179,5,0,SELF_EMPLOYED,PHD,SINGLE,BUSINESS,1
CUST-000864,23,78988.26,5,58149.48,48,21.81,612,0.4297,1,2,RETIRED,HIGH_SCHOOL,DIVORCED,BUSINESS,1
CUST-000865,34,132549.94,16,76318.55,48,22.77,311,0.3604,0,0,SALARIED,MASTERS,SINGLE,HOME,1
CUST-000866,39,39856.21,21,52314.26,60,13.98,701,0.1850,5,0,SALARIED,PHD,MARRIED,AUTO,0
CUST-000867,30,54905.86,6,40036.13,12,19.71,709,0.2077,4,0,SELF_EMPLOYED,HIGH_SCHOOL,MARRIED,EDUCATION,0
CUST-000868,41,44166.10,8,6452.18,24,6.92,334,0.6670,3,0,RETIRED,PHD,DIVORCED,PERSONAL,1
CUST-000869,69,153802.36,22,41040.95,24,18.52,382,0.2852,6,0,UNEMPLOYED,HIGH_SCHOOL,DIVORCED,BUSINESS,0
CUST-000870,55,88802.76,0,6570.25,60,18.84,510,0.1739,2,0,SALARIED,BACHELORS,DIVORCED,EDUCATION,1
CUST-000871,56,56401.23,29,16138.06,48,10.83,554,0.4957,5,0,SALARIED,PHD,DIVORCED,HOME,1
CUST-000872,44,?,5,66398.99,48,13.16,769,0.6100,0,0,SELF_EMPLOYED,PHD,SINGLE,PERSONAL,0
CUST-000873,39,188071.91,21,28385.46,12,14.97,835,0.0987,5,0,RETIRED,BACHELORS,MARRIED,AUTO,0
CUST-000874,42,52516.13,17,65012.86,24,22.79,619,0.6206,1,0,SELF_EMPLOYED,HIGH_SCHOOL,DIVORCED,EDUCATION,1
CUST-000875,51,125199.27,31,13299.49,60,23.54,472,0.2163,2,0,UNEMPLOYED,BACHELORS,MARRIED,EDUCATION,1
CUST-000876,25,72588.30,7,34234.83,36,7.19,476,0.5004,3,3,UNEMPLOYED,PHD,SINGLE,EDUCATION,1
CUST-000877,26,165392.89,0,82226.82,48,22.00,300,0.6703,2,0,UNEMPLOYED,HIGH_SCHOOL,SINGLE,HOME,1
CUST-000878,22,31172.49,4,82524.79,24,14.39,639,0.6217,1,0,UNEMPLOYED,HIGH_SCHOOL,DIVORCED,HOME,0
CUST-000879,69,46806.30,10,64032.69,24,19.10,751,0.3462,6,0,SALARIED,HIGH_SCHOOL,DIVORCED,EDUCATION,1
CUST-000880,30,128117.09,8,51492.30,36,14.25,722,0.1831,6,0,UNEMPLOYED,PHD,MARRIED,PERSONAL,1
CUST-000881,23,135896.74,1,39311.10,36,19.92,602,0.4797,0,1,SALARIED,MASTERS,MARRIED,HOME,0
CUST-000882,52,71370.26,19,50016.51,60,21.50,766,0.4984,2,0,SELF_EMPLOYED,PHD,MARRIED,EDUCATION,0
CUST-000883,37,23096.05,15,10477.06,60,7.05,751,0.5906,2,0,RETIRED,MASTERS,DIVORCED,EDUCATION,0
CUST-000884,21,19073.20,3,40730.53,48,5.19,724,0.2958,2,0,UNEMPLOYED,BACHELORS,DIVORCED,HOME,0
CUST-000885,46,173415.15,7,42428.75,60,18.80,353,0.0765,6,1,SALARIED,BACHELORS,DIVORCED,PERSONAL,0
CUST-000886,40,188669.89,18,70608.57,36,5.64,472,0.1072,1,0,SALARIED,PHD,DIVORCED,PERSONAL,1
CUST-000887,69,146116.42,4,6816.13,48,9.38,514,0.5738,4,0,SELF_EMPLOYED,BACHELORS,SINGLE,EDUCATION,0
CUST-000888,68,34768.42,22,87478.51,36,18.51,433,0.4430,5,0,SALARIED,HIGH_SCHOOL,DIVORCED,HOME,1
CUST-000889,69,106230.42,12,59133.86,24,19.71,328,0.5220,5,0,RETIRED,PHD,DIVORCED,BUSINESS,1
CUST-000890,27,63434.55,2,6687.01,24,11.93,470,0.1201,0,0,RETIRED,PHD,MARRIED,EDUCATION,1
CUST-000891,24,23204.09,0,42278.75,48,10.20,529,0.2377,4,0,SELF_EMPLOYED,HIGH_SCHOOL,MARRIED,HOME,0
CUST-000892,44,167990.43,4,67488.14,12,23.61,567,0.2368,3,0,UNEMPLOYED,PHD,SINGLE,EDUCATION,1
CUST-000893,29,50238.64,5,88139.00,48,15.53,552,0.5666,1,0,RETIRED,MASTERS,DIVORCED,BUSINESS,1
CUST-000894,47,97203.25,21,43309.41,24,24.82,691,0.5679,2,0,SALARIED,HIGH_SCHOOL,SINGLE,AUTO,0
CUST-000895,60,109680.43,30,4173.92,24,23.24,756,0.5121,1,0,SELF_EMPLOYED,HIGH_SCHOOL,DIVORCED,AUTO,1
CUST-000896,52,121151.05,6,63240.60,24,5.99,731,0.2538,2,0,UNEMPLOYED,HIGH_SCHOOL,DIVORCED,HOME,0
CUST-000897,59,135574.90,7,86116.53,60,20.63,746,0.6519,4,0,RETIRED,PHD,SINGLE,PERSONAL,1
CUST-000898,36,72944.53,14,12842.87,48,16.57,627,0.2237,1,0,SELF_EMPLOYED,PHD,DIVORCED,BUSINESS,0
CUST-000899,29,165837.06,11,69371.75,48,15.55,816,0.3550,1,0,UNEMPLOYED,MASTERS,SINGLE,HOME,1
CUST-000900,40,42965.24,10,75255.91,36,20.70,550,0.6360,0,0,RETIRED,BACHELORS,DIVORCED,AUTO,0
CUST-000901,49,21522.28,9,36932.83,12,23.90,419,0.5862,0,0,RETIRED,PHD,MARRIED,HOME,1
CUST-000902,68,63657.69,19,14729.16,60,22.08,688,0.1716,2,0,UNEMPLOYED,PHD,MARRIED,PERSONAL,0
CUST-000903,44,102609.39,4,4989.23,48,16.02,499,0.0603,6,0,SELF_EMPLOYED,MASTERS,DIVORCED,HOME,1
CUST-000904,43,128021.32,12,47975.60,36,21.87,574,0.6293,5,2,SELF_EMPLOYED,PHD,SINGLE,BUSINESS,1
CUST-000905,32,89303.99,14,12743.31,36,8.23,686,0.3325,4,0,RETIRED,PHD,SINGLE,EDUCATION,0
CUST-000906,24,121870.73,6,12471.77,36,12.40,624,0.1033,6,0,SALARIED,HIGH_SCHOOL,DIVORCED,PERSONAL,1
CUST-000907,31,74222.17,13,56806.55,60,8.83,665,0.0590,6,3,SELF_EMPLOYED,HIGH_SCHOOL,DIVORCED,BUSINESS,1
CUST-000908,59,170982.20,32,78630.82,36,5.06,761,0.1048,5,0,RETIRED,BACHELORS,DIVORCED,PERSONAL,1
CUST-000909,68,105408.37,2,54944.91,24,9.49,833,0.3656,6,0,UNEMPLOYED,HIGH_SCHOOL,MARRIED,EDUCATION,1
CUST-000910,56,67420.24,28,79052.43,12,13.27,672,0.4157,4,0,SALARIED,PHD,SINGLE,AUTO,0
CUST-000911,37,58593.00,5,48680.00,36,22.48,726,0.4391,0,0,RETIRED,MASTERS,DIVORCED,AUTO,1
CUST-000912,67,172470.94,18,9755.94,60,9.61,640,0.1346,5,0,SELF_EMPLOYED,BACHELORS,SINGLE,HOME,1
CUST-000913,21,54879.32,3,66116.92,36,12.45,538,0.1360,6,3,SALARIED,PHD,MARRIED,AUTO,1
CUST-000914,43,78137.13,12,71629.29,60,11.13,476,0.1963,0,0,SELF_EMPLOYED,PHD,DIVORCED,HOME,0
CUST-000915,47,81288.23,11,47204.69,36,15.77,359,0.2639,5,0,UNEMPLOYED,MASTERS,SINGLE,AUTO,1
CUST-000916,42,121985.23,24,42622.88,24,22.73,724,0.4145,6,0,SELF_EMPLOYED,HIGH_SCHOOL,DIVORCED,EDUCATION,0
CUST-000917,39,41153.51,14,4179.62,12,7.07,500,0.6256,5,1,UNEMPLOYED,MASTERS,DIVORCED,PERSONAL,1
CUST-000918,32,77989.66,14,10912.46,12,23.13,516,0.5668,1,0,RETIRED,PHD,MARRIED,AUTO,1
CUST-000919,43,143776.66,20,51966.67,36,9.09,747,0.3632,2,0,RETIRED,PHD,DIVORCED,AUTO,0
CUST-000920,55,35769.40,3,26654.92,12,23.41,655,0.4099,6,0,SELF_EMPLOYED,HIGH_SCHOOL,DIVORCED,HOME,1
CUST-000921,70,150875.76,3,67567.79,48,16.00,303,0.0737,5,0,SALARIED,BACHELORS,MARRIED,HOME,0
CUST-000922,42,97189.23,17,86853.81,24,13.23,617,0.3291,2,0,SELF_EMPLOYED,MASTERS,SINGLE,PERSONAL,1
CUST-000923,52,22253.93,28,28554.35,36,8.19,344,0.5462,4,0,RETIRED,PHD,DIVORCED,EDUCATION,1
CUST-000924,60,21593.63,20,10234.15,48,17.19,693,0.4798,1,0,UNEMPLOYED,PHD,SINGLE,BUSINESS,0
CUST-000925,55,43231.77,4,46455.65,24,8.04,?,0.3694,0,0,RETIRED,BACHELORS,DIVORCED,HOME,0
CUST-000926,30,64266.12,12,40889.29,48,13.32,354,0.3210,0,0,SALARIED,MASTERS,DIVORCED,BUSINESS,0
CUST-000927,23,117652.11,?,50383.25,60,8.91,?,0.1427,4,0,RETIRED,BACHELORS,DIVORCED,EDUCATION,0
CUST-000928,21,179367.74,3,34411.25,12,22.55,748,0.0743,1,0,SELF_EMPLOYED,PHD,DIVORCED,EDUCATION,0
CUST-000929,28,168176.79,10,87545.14,36,20.85,528,0.6507,3,0,SELF_EMPLOYED,BACHELORS,MARRIED,PERSONAL,0
CUST-000930,39,185168.98,21,20238.66,60,12.44,594,0.6328,4,0,UNEMPLOYED,PHD,MARRIED,AUTO,0
CUST-000931,41,172458.66,7,39509.66,48,6.66,762,0.4070,3,0,UNEMPLOYED,HIGH_SCHOOL,SINGLE,HOME,0
CUST-000932,53,107511.73,1,42963.04,60,6.53,606,0.6709,4,0,UNEMPLOYED,BACHELORS,MARRIED,HOME,1
CUST-000933,46,171662.59,11,19215.89,24,5.77,744,0.0756,2,0,SALARIED,PHD,SINGLE,EDUCATION,0
CUST-000934,25,186238.06,7,49501.49,60,23.18,508,0.6301,3,0,UNEMPLOYED,PHD,DIVORCED,AUTO,0
CUST-000935,60,22351.28,24,83581.08,24,13.25,669,0.2978,1,0,UNEMPLOYED,HIGH_SCHOOL,SINGLE,AUTO,0
CUST-000936,54,51619.00,27,26611.80,24,19.86,512,0.3238,4,0,UNEMPLOYED,PHD,SINGLE,BUSINESS,0
CUST-000937,59,34714.66,15,7273.63,12,18.49,517,0.4894,5,0,SALARIED,MASTERS,MARRIED,BUSINESS,1
CUST-000938,36,72460.83,11,39005.30,12,20.61,468,0.6575,1,3,SALARIED,BACHELORS,SINGLE,HOME,1
CUST-000939,46,118493.52,5,66436.11,36,15.88,309,0.6068,5,0,UNEMPLOYED,BACHELORS,DIVORCED,PERSONAL,0
CUST-000940,52,44117.11,2,43672.90,24,8.93,838,0.6815,0,0,SELF_EMPLOYED,BACHELORS,MARRIED,BUSINESS,1
CUST-000941,67,102338.48,20,67053.93,48,22.80,797,0.4038,4,0,UNEMPLOYED,HIGH_SCHOOL,MARRIED,PERSONAL,1
CUST-000942,27,199467.06,9,67705.18,48,13.28,419,0.2685,0,0,SALARIED,HIGH_SCHOOL,DIVORCED,AUTO,0
CUST-000943,54,139590.27,11,88863.05,36,17.09,679,0.5484,5,0,RETIRED,BACHELORS,SINGLE,BUSINESS,1
CUST-000944,21,49521.54,3,49956.55,24,18.75,724,0.4452,3,0,SALARIED,MASTERS,SINGLE,PERSONAL,0
CUST-000945,54,99455.76,17,63721.40,12,13.28,677,0.3972,4,0,RETIRED,PHD,MARRIED,AUTO,0
CUST-000946,59,134050.15,7,44192.37,36,7.20,608,0.1948,5,0,RETIRED,HIGH_SCHOOL,MARRIED,BUSINESS,0
CUST-000947,61,192513.68,21,46374.18,36,12.48,667,0.5935,0,0,UNEMPLOYED,PHD,DIVORCED,EDUCATION,0
CUST-000948,51,116313.49,17,18156.27,48,12.42,507,0.5003,3,0,RETIRED,MASTERS,SINGLE,EDUCATION,1
CUST-000949,54,161672.27,17,68541.99,60,7.80,770,0.6537,3,0,UNEMPLOYED,MASTERS,MARRIED,HOME,0
CUST-000950,66,73791.12,0,27951.00,36,10.79,386,0.4246,0,3,SELF_EMPLOYED,PHD,DIVORCED,PERSONAL,1
CUST-000951,51,177872.06,28,77373.54,12,21.35,531,0.5443,1,1,UNEMPLOYED,BACHELORS,DIVORCED,AUTO,1
CUST-000952,51,74901.55,15,69256.39,36,18.91,538,0.3273,6,0,SELF_EMPLOYED,PHD,DIVORCED,HOME,1
CUST-000953,37,137542.80,8,74538.38,24,9.07,413,0.1092,4,0,RETIRED,BACHELORS,SINGLE,EDUCATION,0
CUST-000954,65,150891.86,?,18211.42,24,12.49,668,0.2802,4,0,SELF_EMPLOYED,MASTERS,SINGLE,PERSONAL,0
CUST-000955,29,118422.56,3,23003.55,36,13.83,760,0.5265,1,0,SELF_EMPLOYED,MASTERS,SINGLE,HOME,0
CUST-000956,54,194173.37,2,83343.09,36,5.10,633,0.0806,4,0,SALARIED,MASTERS,DIVORCED,EDUCATION,0
CUST-000957,57,159301.33,14,7663.63,36,10.22,713,0.2402,0,0,SELF_EMPLOYED,HIGH_SCHOOL,MARRIED,PERSONAL,0
CUST-000958,49,115526.93,16,29200.29,36,6.43,696,0.6576,0,0,SELF_EMPLOYED,PHD,MARRIED,HOME,0
CUST-000959,26,76677.54,8,51374.50,60,5.85,839,0.4413,3,0,SELF_EMPLOYED,MASTERS,DIVORCED,EDUCATION,0
CUST-000960,37,51381.23,1,44793.21,12,22.32,820,0.4067,0,0,UNEMPLOYED,HIGH_SCHOOL,SINGLE,PERSONAL,1
CUST-000961,66,107770.60,10,4170.82,36,17.97,342,0.6565,4,3,SELF_EMPLOYED,BACHELORS,MARRIED,AUTO,1
CUST-000962,46,54317.38,28,52718.19,24,19.51,479,0.2905,1,0,UNEMPLOYED,PHD,SINGLE,EDUCATION,1
CUST-000963,44,118670.44,26,17564.02,12,21.42,360,0.6948,3,3,UNEMPLOYED,HIGH_SCHOOL,MARRIED,BUSINESS,1
CUST-000964,46,103813.91,1,53936.71,48,10.47,?,0.6367,4,0,UNEMPLOYED,PHD,MARRIED,PERSONAL,0
CUST-000965,36,142624.06,1,10171.13,24,19.42,582,0.1285,1,0,SALARIED,MASTERS,DIVORCED,AUTO,1
CUST-000966,70,74952.11,17,9255.00,24,18.19,693,0.1830,0,0,SALARIED,BACHELORS,MARRIED,EDUCATION,0
CUST-000967,70,42009.46,34,45775.60,24,15.10,841,0.4163,4,3,RETIRED,HIGH_SCHOOL,DIVORCED,PERSONAL,0
CUST-000968,51,59519.40,1,68921.75,48,20.95,744,0.1544,6,3,RETIRED,BACHELORS,MARRIED,EDUCATION,1
CUST-000969,22,69858.30,4,49684.64,36,14.84,746,0.3433,0,0,RETIRED,MASTERS,MARRIED,EDUCATION,0
CUST-000970,29,52418.21,11,5614.46,60,13.63,657,0.6860,5,0,UNEMPLOYED,MASTERS,DIVORCED,HOME,1
CUST-000971,31,179647.59,5,79184.51,12,19.05,586,0.2889,2,3,UNEMPLOYED,HIGH_SCHOOL,MARRIED,EDUCATION,1
CUST-000972,31,101229.22,6,18252.52,48,12.79,491,0.0542,6,0,SELF_EMPLOYED,HIGH_SCHOOL,SINGLE,AUTO,0
CUST-000973,27,94911.92,9,7709.26,12,23.69,349,0.2897,5,0,SALARIED,HIGH_SCHOOL,SINGLE,EDUCATION,0
CUST-000974,27,154156.05,9,13514.75,36,12.50,640,0.3986,3,0,UNEMPLOYED,HIGH_SCHOOL,MARRIED,AUTO,1
CUST-000975,59,134679.30,23,76238.72,24,18.75,578,0.6219,3,0,SALARIED,PHD,DIVORCED,HOME,1
CUST-000976,64,146865.32,4,80104.32,48,10.26,830,0.2843,4,0,SALARIED,BACHELORS,SINGLE,HOME,1
CUST-000977,54,23578.94,21,4388.26,36,5.13,629,0.5424,4,0,RETIRED,BACHELORS,SINGLE,EDUCATION,0
CUST-000978,67,38730.28,25,38180.25,36,8.87,314,0.2713,4,0,RETIRED,PHD,SINGLE,AUTO,0
CUST-000979,27,187394.09,9,83218.90,12,16.53,453,0.1929,6,0,SELF_EMPLOYED,BACHELORS,SINGLE,PERSONAL,0
CUST-000980,27,22177.96,9,33070.19,48,6.40,681,0.2004,1,0,SALARIED,PHD,MARRIED,AUTO,0
CUST-000981,22,150703.08,4,30654.18,12,9.57,813,0.0900,5,0,UNEMPLOYED,PHD,SINGLE,PERSONAL,0
CUST-000982,26,187107.47,8,52588.47,12,7.10,317,0.0665,3,3,SALARIED,MASTERS,DIVORCED,AUTO,1
CUST-000983,69,159375.56,21,80408.44,48,5.84,309,0.5782,6,0,UNEMPLOYED,MASTERS,DIVORCED,BUSINESS,1
CUST-000984,28,?,10,51130.56,60,13.79,455,0.2702,1,0,SALARIED,BACHELORS,DIVORCED,EDUCATION,1
CUST-000985,29,75321.94,11,15766.77,48,21.93,370,0.1211,0,0,SALARIED,HIGH_SCHOOL,DIVORCED,PERSONAL,1
CUST-000986,23,160792.64,4,17120.53,60,23.58,813,0.0606,4,0,RETIRED,PHD,SINGLE,BUSINESS,1
CUST-000987,42,62815.83,10,51343.49,36,10.57,782,0.3031,1,0,SALARIED,BACHELORS,SINGLE,EDUCATION,0
CUST-000988,46,66389.62,26,21657.16,24,16.10,655,0.1623,1,0,UNEMPLOYED,HIGH_SCHOOL,MARRIED,BUSINESS,0
CUST-000989,36,37591.28,18,68608.54,36,13.22,651,0.5879,1,0,SELF_EMPLOYED,BACHELORS,MARRIED,HOME,1
CUST-000990,62,25497.54,6,52649.42,12,20.25,511,0.6788,6,0,SALARIED,PHD,MARRIED,AUTO,1
CUST-000991,30,19105.89,12,25817.66,48,18.19,766,0.3245,6,2,SALARIED,BACHELORS,DIVORCED,BUSINESS,1
CUST-000992,54,140794.29,14,44087.75,12,22.92,492,0.4854,3,0,RETIRED,PHD,DIVORCED,BUSINESS,1
CUST-000993,24,57700.29,6,82045.91,12,16.79,450,0.1754,6,0,SELF_EMPLOYED,HIGH_SCHOOL,DIVORCED,BUSINESS,1
CUST-000994,65,120774.84,2,25634.76,60,9.14,468,0.6655,3,0,RETIRED,MASTERS,MARRIED,AUTO,0
CUST-000995,63,132226.12,11,15669.14,24,8.76,527,0.6833,1,2,SALARIED,BACHELORS,SINGLE,AUTO,1
CUST-000996,41,183120.79,2,67532.23,48,15.69,543,0.5786,6,0,SALARIED,BACHELORS,DIVORCED,BUSINESS,1
CUST-000997,27,83017.93,8,18747.10,36,17.82,689,0.2811,0,0,UNEMPLOYED,HIGH_SCHOOL,SINGLE,HOME,0
CUST-000998,43,72119.34,25,15856.78,36,5.05,410,0.5103,4,0,SELF_EMPLOYED,BACHELORS,SINGLE,EDUCATION,0
CUST-000999,32,54170.77,14,9740.90,24,11.19,719,0.0668,6,0,SELF_EMPLOYED,HIGH_SCHOOL,SINGLE,HOME,0
CUST-001000,37,43041.30,19,34599.20,12,9.33,766,0.1233,3,0,RETIRED,MASTERS,DIVORCED,PERSONAL,0
CUST-001001,58,186031.44,29,9418.62,36,16.85,690,0.5251,6,0,SALARIED,BACHELORS,SINGLE,PERSONAL,0
CUST-001002,31,176021.18,13,38872.83,12,12.59,345,0.6192,0,0,RETIRED,PHD,MARRIED,AUTO,0
CUST-001003,56,78255.59,27,78676.60,48,19.55,809,0.2740,4,0,SELF_EMPLOYED,PHD,SINGLE,PERSONAL,0
CUST-001004,21,77812.74,3,42539.67,36,14.36,728,0.0897,2,0,UNEMPLOYED,HIGH_SCHOOL,SINGLE,PERSONAL,0
CUST-001005,21,134663.11,3,69916.11,12,22.61,594,0.0827,2,0,SELF_EMPLOYED,MASTERS,SINGLE,BUSINESS,1
CUST-001006,60,172171.86,25,61626.55,12,10.82,728,0.2389,0,0,UNEMPLOYED,MASTERS,SINGLE,HOME,1
CUST-001007,48,128838.44,19,42458.21,12,24.72,571,0.1956,2,0,SALARIED,MASTERS,DIVORCED,AUTO,1
CUST-001008,38,173787.31,20,4539.20,24,16.03,656,0.6293,4,0,RETIRED,HIGH_SCHOOL,SINGLE,EDUCATION,1
CUST-001009,38,184826.69,10,47425.94,48,11.48,514,0.4701,5,0,SALARIED,HIGH_SCHOOL,MARRIED,EDUCATION,1
CUST-001010,30,161922.16,9,74807.22,36,18.11,640,0.3932,0,0,SALARIED,PHD,DIVORCED,AUTO,0
CUST-001011,31,113383.97,12,51654.92,60,11.43,572,0.6418,6,0,SALARIED,BACHELORS,DIVORCED,AUTO,0
CUST-001012,33,100782.76,15,60327.01,60,22.35,624,0.2569,1,0,UNEMPLOYED,MASTERS,SINGLE,PERSONAL,0
CUST-001013,68,?,?,59765.84,48,12.46,424,0.4968,4,2,SALARIED,MASTERS,SINGLE,EDUCATION,1
CUST-001014,65,99437.73,17,63207.65,48,8.05,761,0.6218,4,0,SELF_EMPLOYED,PHD,SINGLE,HOME,0
CUST-001015,70,67426.69,30,8009.64,48,18.02,714,0.1992,6,0,UNEMPLOYED,HIGH_SCHOOL,MARRIED,AUTO,0
CUST-001016,57,169561.87,13,25751.52,36,7.41,486,0.2136,2,1,UNEMPLOYED,PHD,DIVORCED,AUTO,1
CUST-001017,21,108526.43,3,79762.97,12,15.11,728,0.3984,4,1,SELF_EMPLOYED,BACHELORS,MARRIED,BUSINESS,0
CUST-001018,64,109389.95,25,4275.93,36,5.15,426,0.2318,4,0,SALARIED,MASTERS,MARRIED,AUTO,1
CUST-001019,39,120421.71,21,22292.93,36,5.22,778,0.5617,5,0,SELF_EMPLOYED,PHD,SINGLE,HOME,0
CUST-001020,30,61246.64,9,30334.58,12,24.32,351,0.1311,3,0,RETIRED,BACHELORS,SINGLE,BUSINESS,0
CUST-001021,60,47698.65,33,87486.08,36,17.74,686,0.4800,4,3,UNEMPLOYED,HIGH_SCHOOL,MARRIED,AUTO,1
CUST-001022,55,25310.58,19,27721.39,24,21.27,436,0.1957,2,0,UNEMPLOYED,HIGH_SCHOOL,DIVORCED,HOME,1
CUST-001023,41,166950.42,23,66652.39,12,19.28,712,0.5124,3,2,SALARIED,PHD,DIVORCED,EDUCATION,1
CUST-001024,32,128657.75,12,48832.82,12,10.80,528,0.4432,2,0,UNEMPLOYED,PHD,SINGLE,HOME,1
CUST-001025,70,65748.43,27,66882.03,60,19.46,439,0.2502,1,0,SALARIED,MASTERS,MARRIED,HOME,1
CUST-001026,41,158032.89,7,88378.69,12,9.61,434,0.4794,3,0,UNEMPLOYED,PHD,MARRIED,HOME,1
CUST-001027,44,34172.19,18,54749.18,12,10.71,795,0.2939,0,0,RETIRED,HIGH_SCHOOL,SINGLE,EDUCATION,1
CUST-001028,49,87207.72,13,52449.25,24,10.34,800,0.6399,3,0,RETIRED,BACHELORS,MARRIED,AUTO,0
CUST-001029,30,111593.18,12,54293.15,48,9.28,361,0.3582,5,0,UNEMPLOYED,PHD,MARRIED,AUTO,1
CUST-001030,37,109441.57,0,62149.99,24,23.59,597,0.6886,5,0,RETIRED,BACHELORS,SINGLE,HOME,1
CUST-001031,39,69897.30,21,9033.52,36,19.23,521,0.2582,3,3,UNEMPLOYED,BACHELORS,MARRIED,AUTO,1
CUST-001032,56,109943.09,10,3746.80,48,10.37,574,0.5398,2,0,SELF_EMPLOYED,PHD,SINGLE,PERSONAL,0
CUST-001033,23,198405.56,5,23954.43,36,12.16,477,0.3734,0,0,UNEMPLOYED,HIGH_SCHOOL,DIVORCED,BUSINESS,1
CUST-001034,47,91455.29,14,6919.46,24,5.38,721,0.1262,4,0,UNEMPLOYED,BACHELORS,SINGLE,EDUCATION,0
CUST-001035,54,98914.85,27,59344.28,36,24.81,765,0.1042,5,0,RETIRED,MASTERS,SINGLE,EDUCATION,0
CUST-001036,35,53261.31,12,65714.85,36,7.65,588,0.2432,6,0,SELF_EMPLOYED,HIGH_SCHOOL,SINGLE,BUSINESS,0
CUST-001037,55,177158.72,7,45552.88,12,15.14,566,0.4965,3,0,SELF_EMPLOYED,HIGH_SCHOOL,DIVORCED,HOME,1
CUST-001038,29,?,6,89310.71,24,14.16,781,0.4065,1,1,SELF_EMPLOYED,HIGH_SCHOOL,SINGLE,BUSINESS,0
CUST-001039,45,63356.01,2,15384.54,60,24.44,337,0.4254,1,2,RETIRED,PHD,SINGLE,PERSONAL,1
CUST-001040,28,167487.71,5,73636.61,24,17.18,554,0.1910,4,0,SALARIED,BACHELORS,DIVORCED,PERSONAL,0
CUST-001041,23,193821.39,5,55482.48,60,15.30,601,0.0669,6,0,SALARIED,MASTERS,SINGLE,AUTO,0
CUST-001042,56,40244.71,18,10371.06,12,10.80,707,0.5029,6,0,RETIRED,HIGH_SCHOOL,DIVORCED,EDUCATION,1
CUST-001043,51,112555.61,23,40605.53,12,14.32,739,0.6854,5,0,RETIRED,MASTERS,MARRIED,BUSINESS,0
CUST-001044,39,107007.86,15,61993.61,48,23.61,805,0.4971,5,0,SELF_EMPLOYED,BACHELORS,MARRIED,EDUCATION,0
CUST-001045,36,42044.85,18,62492.41,24,17.26,589,0.6158,0,0,UNEMPLOYED,MASTERS,SINGLE,AUTO,1
CUST-001046,55,36983.88,31,31169.79,48,20.31,412,0.6902,0,0,UNEMPLOYED,MASTERS,SINGLE,EDUCATION,1
CUST-001047,38,49854.10,9,19378.98,48,14.44,544,0.1033,1,0,SELF_EMPLOYED,MASTERS,SINGLE,PERSONAL,0
CUST-001048,45,35492.62,27,26809.10,60,11.59,310,0.6649,2,0,SELF_EMPLOYED,PHD,SINGLE,EDUCATION,1
CUST-001049,37,83911.58,19,55932.34,60,17.32,833,0.3431,3,0,UNEMPLOYED,HIGH_SCHOOL,SINGLE,HOME,1
CUST-001050,49,81779.65,15,42528.03,36,18.34,771,0.3370,2,0,UNEMPLOYED,PHD,DIVORCED,AUTO,0
CUST-001051,36,187349.70,18,79665.45,12,17.92,804,0.3000,2,0,SELF_EMPLOYED,MASTERS,MARRIED,AUTO,0
CUST-001052,53,64360.53,8,54274.99,36,12.49,755,0.1978,5,0,RETIRED,HIGH_SCHOOL,SINGLE,BUSINESS,0
CUST-001053,52,74473.65,30,72655.52,36,6.75,658,0.3399,5,2,SALARIED,MASTERS,SINGLE,PERSONAL,1
CUST-001054,44,75069.51,26,31026.44,48,13.05,341,0.4567,1,0,UNEMPLOYED,BACHELORS,MARRIED,BUSINESS,0
CUST-001055,37,129736.44,3,64594.42,24,13.41,647,0.0976,1,1,SELF_EMPLOYED,BACHELORS,MARRIED,EDUCATION,0
CUST-001056,49,40769.63,17,8334.57,24,21.83,769,0.1652,6,0,SALARIED,MASTERS,SINGLE,HOME,0
CUST-001057,37,53438.79,0,26588.34,24,20.98,841,0.2448,3,0,SALARIED,HIGH_SCHOOL,SINGLE,AUTO,1
CUST-001058,54,114255.20,27,85025.44,24,19.82,458,0.6276,6,0,SELF_EMPLOYED,PHD,SINGLE,HOME,1
CUST-001059,33,40945.11,15,6077.83,24,7.35,826,0.2326,0,0,SALARIED,PHD,SINGLE,BUSINESS,0
CUST-001060,26,62076.67,8,27213.39,12,16.53,625,0.1989,6,0,RETIRED,HIGH_SCHOOL,SINGLE,PERSONAL,0
CUST-001061,60,105817.44,32,60913.37,60,16.84,538,0.6928,5,0,RETIRED,BACHELORS,DIVORCED,PERSONAL,0
CUST-001062,58,38025.95,34,21476.72,12,11.05,753,0.6047,0,0,SELF_EMPLOYED,HIGH_SCHOOL,DIVORCED,HOME,0
CUST-001063,21,68061.69,3,26552.55,12,19.44,464,0.2832,6,0,UNEMPLOYED,PHD,MARRIED,HOME,1
CUST-001064,51,32413.55,4,34523.98,60,24.13,350,0.0670,1,0,SALARIED,MASTERS,DIVORCED,EDUCATION,1
CUST-001065,49,76136.41,11,27458.61,12,22.87,836,0.6732,5,0,UNEMPLOYED,BACHELORS,MARRIED,HOME,0
CUST-001066,63,164593.26,24,67001.29,24,15.80,390,0.3060,4,1,RETIRED,MASTERS,MARRIED,HOME,0
CUST-001067,63,43978.02,0,54454.69,60,24.84,839,0.5042,0,1,UNEMPLOYED,HIGH_SCHOOL,SINGLE,HOME,0
CUST-001068,24,157020.67,6,13134.04,36,18.54,605,0.6288,4,0,SELF_EMPLOYED,MASTERS,MARRIED,HOME,1
CUST-001069,66,?,12,88073.29,48,20.30,700,0.3919,1,0,SELF_EMPLOYED,HIGH_SCHOOL,MARRIED,HOME,0
CUST-001070,33,135607.94,15,60529.17,48,11.06,430,0.0661,6,0,RETIRED,HIGH_SCHOOL,DIVORCED,EDUCATION,0
CUST-001071,50,58134.50,14,23025.68,36,15.39,444,0.6434,6,0,SALARIED,BACHELORS,SINGLE,PERSONAL,1
CUST-001072,48,196343.98,29,47978.66,60,22.10,542,0.3962,1,0,SALARIED,MASTERS,MARRIED,HOME,0
CUST-001073,37,119655.17,19,66595.07,60,18.71,?,0.2062,4,0,SELF_EMPLOYED,BACHELORS,MARRIED,EDUCATION,0
CUST-001074,38,43399.31,7,40018.24,60,24.77,771,0.4100,4,0,SELF_EMPLOYED,PHD,MARRIED,EDUCATION,1
CUST-001075,49,75259.51,15,56473.82,60,14.62,632,0.1791,0,0,SALARIED,BACHELORS,SINGLE,PERSONAL,0
CUST-001076,53,135462.40,22,4156.62,48,12.34,710,0.4779,1,0,SALARIED,MASTERS,DIVORCED,BUSINESS,0
CUST-001077,24,30807.16,6,23380.65,12,21.64,611,0.5487,5,0,SALARIED,PHD,DIVORCED,BUSINESS,1
CUST-001078,40,191041.16,22,79918.31,24,24.43,845,0.6264,3,3,RETIRED,HIGH_SCHOOL,MARRIED,BUSINESS,1
CUST-001079,59,138335.02,14,3093.94,48,15.28,587,0.5041,0,0,RETIRED,PHD,DIVORCED,BUSINESS,0
CUST-001080,70,145468.68,27,6935.90,48,13.82,813,0.4420,2,0,RETIRED,BACHELORS,DIVORCED,EDUCATION,1
CUST-001081,57,118376.06,7,59336.95,12,7.11,548,0.0894,1,0,SALARIED,HIGH_SCHOOL,DIVORCED,HOME,1
CUST-001082,31,98261.43,13,10623.73,48,12.69,403,0.6246,1,1,UNEMPLOYED,BACHELORS,DIVORCED,EDUCATION,1
CUST-001083,37,168703.48,19,72615.02,12,20.02,436,0.2183,5,0,UNEMPLOYED,BACHELORS,SINGLE,AUTO,0
CUST-001084,64,163388.64,34,67320.38,60,22.30,553,0.0763,5,0,UNEMPLOYED,HIGH_SCHOOL,MARRIED,HOME,0
CUST-001085,39,32781.45,10,38652.29,24,23.65,602,0.3164,3,0,SELF_EMPLOYED,HIGH_SCHOOL,DIVORCED,EDUCATION,0
CUST-001086,60,94555.74,22,25548.37,36,17.48,307,0.0778,2,0,RETIRED,PHD,MARRIED,HOME,0
CUST-001087,67,188786.36,1,12060.17,60,9.51,728,0.3481,2,3,SELF_EMPLOYED,PHD,MARRIED,EDUCATION,1
CUST-001088,34,148017.65,16,49608.65,24,6.01,395,0.2169,2,0,SALARIED,BACHELORS,SINGLE,EDUCATION,0
CUST-001089,56,22537.72,31,47418.86,36,12.79,318,0.2214,0,3,SALARIED,MASTERS,MARRIED,AUTO,1
CUST-001090,63,167941.09,0,18030.21,36,13.09,734,0.6896,5,0,RETIRED,BACHELORS,SINGLE,PERSONAL,0
CUST-001091,26,60402.12,8,46669.85,60,8.52,791,0.6546,3,0,SALARIED,PHD,SINGLE,EDUCATION,0
CUST-001092,39,182697.30,21,42153.56,24,21.42,787,0.5416,2,0,SALARIED,MASTERS,MARRIED,EDUCATION,0
CUST-001093,29,29883.25,11,74570.20,48,7.95,324,0.4126,4,0,SELF_EMPLOYED,PHD,DIVORCED,AUTO,1
CUST-001094,30,51519.87,12,82672.02,60,17.37,680,0.4979,0,3,SALARIED,MASTERS,SINGLE,BUSINESS,1
CUST-001095,66,84742.03,8,20469.16,12,10.29,414,0.2436,2,0,SALARIED,HIGH_SCHOOL,SINGLE,AUTO,0
CUST-001096,51,178588.50,11,62861.02,24,10.69,521,0.5788,2,0,SALARIED,BACHELORS,MARRIED,PERSONAL,1
CUST-001097,34,192040.90,16,61870.27,24,18.75,615,0.0942,6,0,RETIRED,BACHELORS,DIVORCED,BUSINESS,0
CUST-001098,70,101310.14,19,77082.29,36,6.10,848,0.6323,2,0,UNEMPLOYED,HIGH_SCHOOL,SINGLE,BUSINESS,1
CUST-001099,58,163706.48,13,56018.20,36,15.01,300,0.1037,2,0,RETIRED,MASTERS,MARRIED,BUSINESS,1
CUST-001100,64,22499.16,30,27779.96,24,9.15,519,0.1361,1,0,RETIRED,BACHELORS,SINGLE,BUSINESS,0
CUST-001101,43,89226.04,10,4166.09,60,6.97,611,0.4134,3,0,SALARIED,HIGH_SCHOOL,MARRIED,BUSINESS,0
CUST-001102,47,184361.02,1,71982.07,48,11.59,320,0.3680,6,0,RETIRED,PHD,MARRIED,AUTO,0
CUST-001103,55,185791.26,16,87625.11,60,24.84,630,0.4650,3,0,RETIRED,HIGH_SCHOOL,SINGLE,AUTO,0
CUST-001104,31,95297.68,13,25803.40,36,23.63,509,0.2955,4,0,SALARIED,HIGH_SCHOOL,DIVORCED,AUTO,0
CUST-001105,39,132095.59,0,62077.74,60,21.78,323,0.4733,2,0,UNEMPLOYED,PHD,MARRIED,PERSONAL,0
CUST-001106,68,118015.89,12,59651.94,36,5.56,651,0.1714,1,2,RETIRED,BACHELORS,DIVORCED,EDUCATION,0
CUST-001107,31,145954.68,13,25582.05,24,18.86,783,0.4610,2,0,SELF_EMPLOYED,BACHELORS,MARRIED,AUTO,1
CUST-001108,55,143421.76,26,67939.00,12,21.65,834,0.2579,1,0,RETIRED,BACHELORS,MARRIED,HOME,0
CUST-001109,43,188260.44,6,10840.14,12,21.69,507,0.5949,4,0,SALARIED,PHD,SINGLE,EDUCATION,0
CUST-001110,50,170742.93,8,49944.04,48,16.73,327,0.4854,4,0,SELF_EMPLOYED,MASTERS,DIVORCED,AUTO,1
CUST-001111,31,60529.63,2,80208.52,36,16.16,632,0.0941,1,0,SELF_EMPLOYED,HIGH_SCHOOL,MARRIED,BUSINESS,0
CUST-001112,22,88693.25,4,11884.64,48,20.96,781,0.2528,6,1,SALARIED,MASTERS,SINGLE,HOME,1
CUST-001113,32,88779.47,1,47123.63,36,6.57,739,0.0735,6,0,SALARIED,MASTERS,SINGLE,AUTO,0
CUST-001114,57,59050.44,13,40203.96,36,24.71,338,0.1751,2,0,RETIRED,HIGH_SCHOOL,SINGLE,BUSINESS,1
CUST-001115,42,142237.73,10,73955.39,48,15.80,584,0.6222,2,0,SALARIED,PHD,SINGLE,PERSONAL,1
CUST-001116,27,120772.24,9,86178.07,48,12.85,510,0.4135,4,0,UNEMPLOYED,PHD,SINGLE,HOME,1
CUST-001117,45,81461.38,2,33664.71,48,12.44,461,0.2953,0,0,SELF_EMPLOYED,BACHELORS,SINGLE,AUTO,0
CUST-001118,63,168155.93,20,34109.29,48,24.05,744,0.2964,0,0,RETIRED,BACHELORS,DIVORCED,BUSINESS,0
CUST-001119,30,140673.74,1,64076.46,60,15.83,318,0.4872,3,0,UNEMPLOYED,MASTERS,MARRIED,AUTO,1
CUST-001120,30,151109.25,12,89051.84,12,23.30,300,0.3018,2,1,UNEMPLOYED,BACHELORS,DIVORCED,EDUCATION,1
CUST-001121,58,160974.52,8,46956.66,60,6.99,757,0.0646,4,0,SALARIED,PHD,SINGLE,EDUCATION,0
CUST-001122,21,110304.95,3,25612.03,60,23.66,590,0.3484,2,0,UNEMPLOYED,HIGH_SCHOOL,SINGLE,AUTO,0
CUST-001123,34,160552.48,14,24255.61,36,24.37,797,0.5283,4,0,SALARIED,PHD,SINGLE,BUSINESS,0
CUST-001124,23,92676.63,1,62763.66,12,16.61,768,0.3162,5,0,UNEMPLOYED,MASTERS,DIVORCED,HOME,0
CUST-001125,35,23780.28,17,87003.15,48,20.31,560,0.6071,3,3,RETIRED,BACHELORS,MARRIED,AUTO,1
CUST-001126,50,192292.95,15,71579.25,48,21.63,531,0.2616,2,0,SELF_EMPLOYED,HIGH_SCHOOL,DIVORCED,AUTO,1
CUST-001127,54,65090.23,11,52788.32,24,20.50,711,0.2180,5,0,UNEMPLOYED,MASTERS,DIVORCED,PERSONAL,1
CUST-001128,61,176620.41,8,67051.18,48,19.71,662,0.4287,6,0,RETIRED,BACHELORS,DIVORCED,PERSONAL,0
CUST-001129,39,36721.43,21,20531.35,12,9.15,421,0.1959,1,0,UNEMPLOYED,PHD,DIVORCED,AUTO,0
CUST-001130,62,177011.45,1,13127.54,48,24.12,425,0.6492,5,0,RETIRED,HIGH_SCHOOL,SINGLE,PERSONAL,0
CUST-001131,24,103202.76,6,52393.48,60,13.85,807,0.6375,2,2,SALARIED,HIGH_SCHOOL,DIVORCED,PERSONAL,1
CUST-001132,21,60282.44,3,26015.78,36,18.45,565,0.4607,2,1,SELF_EMPLOYED,MASTERS,SINGLE,BUSINESS,1
CUST-001133,60,114845.80,20,58630.99,60,12.69,314,0.6634,0,0,SALARIED,PHD,SINGLE,AUTO,0
CUST-001134,22,191868.95,4,20072.64,60,12.06,688,0.5695,6,0,UNEMPLOYED,MASTERS,DIVORCED,BUSINESS,0
CUST-001135,53,134838.70,1,65755.00,24,20.43,823,0.1777,0,0,RETIRED,HIGH_SCHOOL,MARRIED,AUTO,0
CUST-001136,32,156497.08,14,78641.02,60,12.39,333,0.2857,4,0,SALARIED,HIGH_SCHOOL,DIVORCED,PERSONAL,1
CUST-001137,54,97824.56,23,46487.49,48,11.87,596,0.1041,1,0,SALARIED,BACHELORS,DIVORCED,BUSINESS,0
CUST-001138,42,149278.62,13,65184.46,12,17.92,492,0.1427,4,0,UNEMPLOYED,HIGH_SCHOOL,DIVORCED,BUSINESS,1
CUST-001139,42,104751.76,4,51203.19,24,22.68,380,0.0723,5,0,SELF_EMPLOYED,HIGH_SCHOOL,SINGLE,HOME,0
CUST-001140,48,72202.70,29,59472.17,36,12.65,360,0.5048,3,0,UNEMPLOYED,HIGH_SCHOOL,DIVORCED,AUTO,1
CUST-001141,63,188476.54,24,52319.75,48,17.05,509,0.2293,0,0,UNEMPLOYED,MASTERS,MARRIED,PERSONAL,1
CUST-001142,22,43666.29,4,77526.84,36,24.18,478,0.2528,3,0,SELF_EMPLOYED,MASTERS,SINGLE,PERSONAL,0
CUST-001143,68,57269.95,6,41018.90,60,10.27,461,0.1341,0,0,SALARIED,MASTERS,MARRIED,BUSINESS,0
CUST-001144,42,189058.18,24,79501.84,12,12.76,718,0.1874,5,0,RETIRED,HIGH_SCHOOL,MARRIED,HOME,0
CUST-001145,54,109551.26,12,10785.89,24,15.89,355,0.2109,6,0,UNEMPLOYED,HIGH_SCHOOL,SINGLE,PERSONAL,1
CUST-001146,69,29648.31,17,36625.39,24,11.79,319,0.1025,1,0,RETIRED,PHD,DIVORCED,EDUCATION,1
CUST-001147,62,103749.22,30,21964.09,60,22.95,738,0.5464,3,1,UNEMPLOYED,HIGH_SCHOOL,MARRIED,BUSINESS,1
CUST-001148,44,182969.78,14,38001.02,60,10.40,542,0.6451,3,0,SELF_EMPLOYED,HIGH_SCHOOL,SINGLE,PERSONAL,1
CUST-001149,56,110140.55,18,72161.52,24,22.94,563,0.2515,0,1,SELF_EMPLOYED,MASTERS,SINGLE,EDUCATION,1
CUST-001150,24,127512.01,6,6977.59,48,8.95,591,0.1935,3,0,SALARIED,MASTERS,DIVORCED,PERSONAL,0
CUST-001151,66,73296.98,2,85994.80,24,18.14,?,0.5219,2,0,SELF_EMPLOYED,BACHELORS,DIVORCED,AUTO,0
CUST-001152,47,148202.23,25,55978.31,60,23.93,388,0.3536,2,0,UNEMPLOYED,MASTERS,DIVORCED,AUTO,0
CUST-001153,30,185506.15,12,11849.17,24,14.34,683,0.3898,0,0,UNEMPLOYED,BACHELORS,MARRIED,HOME,0
CUST-001154,68,136684.92,16,61817.64,12,8.02,738,0.1859,3,0,SELF_EMPLOYED,BACHELORS,DIVORCED,PERSONAL,0
CUST-001155,49,80499.07,20,18299.40,36,20.03,578,0.5574,3,0,SELF_EMPLOYED,BACHELORS,SINGLE,HOME,1
CUST-001156,22,140512.63,4,69565.10,60,9.37,845,0.6007,5,2,RETIRED,HIGH_SCHOOL,DIVORCED,BUSINESS,1
CUST-001157,42,28235.61,2,38290.84,60,12.26,734,0.6437,1,2,SELF_EMPLOYED,HIGH_SCHOOL,MARRIED,HOME,1
CUST-001158,52,23509.04,14,56686.18,24,19.34,302,0.4537,1,0,SALARIED,PHD,MARRIED,EDUCATION,1
CUST-001159,25,174828.06,7,36989.84,12,6.64,684,0.2608,5,0,SALARIED,MASTERS,DIVORCED,PERSONAL,0
CUST-001160,43,52343.57,10,88084.61,48,5.21,310,0.2878,2,0,SALARIED,MASTERS,MARRIED,HOME,0
CUST-001161,46,98148.77,22,72786.64,48,8.56,393,0.0626,5,1,SALARIED,BACHELORS,DIVORCED,AUTO,0
CUST-001162,32,146202.64,14,18028.68,36,10.63,486,0.3313,3,0,SALARIED,HIGH_SCHOOL,DIVORCED,AUTO,0
CUST-001163,63,41719.65,14,59833.26,60,14.77,643,0.3449,3,0,UNEMPLOYED,PHD,MARRIED,PERSONAL,1
CUST-001164,67,160527.80,13,29594.14,48,21.69,799,0.5445,2,1,UNEMPLOYED,MASTERS,SINGLE,BUSINESS,1
CUST-001165,30,90887.64,10,25728.43,60,21.11,572,0.1626,4,1,UNEMPLOYED,BACHELORS,SINGLE,AUTO,1
CUST-001166,29,194369.20,4,52705.24,60,23.81,414,0.5999,1,0,SELF_EMPLOYED,PHD,SINGLE,HOME,1
CUST-001167,57,133564.06,30,32156.58,24,20.67,734,0.6344,0,0,SELF_EMPLOYED,HIGH_SCHOOL,DIVORCED,PERSONAL,1
CUST-001168,52,36271.69,2,48151.14,36,20.45,537,0.3228,2,0,UNEMPLOYED,HIGH_SCHOOL,SINGLE,BUSINESS,1
CUST-001169,63,87229.53,12,56452.87,48,5.63,585,0.5781,6,0,UNEMPLOYED,BACHELORS,SINGLE,AUTO,0
CUST-001170,50,21028.00,9,18494.80,48,8.72,471,0.1912,6,0,SALARIED,PHD,DIVORCED,HOME,1
CUST-001171,29,26630.04,11,54669.53,36,6.08,826,0.6238,5,0,RETIRED,MASTERS,SINGLE,PERSONAL,0
CUST-001172,48,177289.56,27,15461.41,36,13.41,662,0.6822,2,0,SALARIED,BACHELORS,MARRIED,EDUCATION,1
CUST-001173,33,53223.27,7,35524.04,12,13.08,628,0.2290,4,0,UNEMPLOYED,HIGH_SCHOOL,MARRIED,EDUCATION,0
CUST-001174,60,85566.95,29,47654.62,36,14.01,474,0.5280,5,0,SALARIED,BACHELORS,SINGLE,AUTO,0
CUST-001175,39,182256.93,20,10180.69,60,5.73,407,0.2467,2,0,SELF_EMPLOYED,HIGH_SCHOOL,SINGLE,PERSONAL,0
CUST-001176,47,83786.61,28,65290.62,36,17.96,?,0.6249,5,0,RETIRED,BACHELORS,MARRIED,AUTO,1
CUST-001177,69,178514.06,25,68797.22,60,16.86,633,0.6143,3,0,SALARIED,HIGH_SCHOOL,MARRIED,HOME,0
CUST-001178,35,177492.05,9,50499.40,36,11.43,787,0.6752,6,0,SALARIED,MASTERS,SINGLE,PERSONAL,1
CUST-001179,55,78896.10,19,88155.83,60,11.67,476,0.3361,1,0,SELF_EMPLOYED,HIGH_SCHOOL,MARRIED,PERSONAL,1
CUST-001180,67,112221.00,5,47554.93,24,14.82,513,0.1033,3,0,UNEMPLOYED,BACHELORS,MARRIED,EDUCATION,1
CUST-001181,49,85347.36,10,20354.29,36,13.67,738,0.0564,2,0,RETIRED,HIGH_SCHOOL,MARRIED,BUSINESS,0
CUST-001182,51,145962.14,26,34902.14,48,23.71,785,0.6953,2,0,RETIRED,PHD,DIVORCED,AUTO,0
CUST-001183,41,56549.38,7,83920.56,36,5.00,593,0.2395,6,0,SALARIED,HIGH_SCHOOL,DIVORCED,PERSONAL,0
CUST-001184,37,143788.62,13,42238.15,12,5.13,631,0.1970,0,0,SALARIED,PHD,MARRIED,HOME,0
CUST-001185,59,167197.83,34,20472.07,36,14.80,835,0.3061,5,0,SELF_EMPLOYED,BACHELORS,DIVORCED,EDUCATION,0
CUST-001186,30,159804.53,3,26938.62,12,10.51,309,0.2086,4,0,UNEMPLOYED,BACHELORS,SINGLE,PERSONAL,0
CUST-001187,43,135888.15,24,67105.08,48,24.33,329,0.1806,3,0,UNEMPLOYED,MASTERS,SINGLE,HOME,1
CUST-001188,63,195706.90,16,83497.08,60,16.05,777,0.2243,0,0,SELF_EMPLOYED,BACHELORS,SINGLE,EDUCATION,0
CUST-001189,53,198107.21,2,56704.19,48,10.70,674,0.6209,1,0,UNEMPLOYED,MASTERS,SINGLE,HOME,1
CUST-001190,56,49785.33,19,29806.41,60,19.89,427,0.4984,1,0,SELF_EMPLOYED,HIGH_SCHOOL,SINGLE,PERSONAL,0
CUST-001191,29,35714.00,4,59195.20,48,20.13,685,0.4064,2,0,UNEMPLOYED,PHD,DIVORCED,EDUCATION,0
CUST-001192,54,109414.98,21,71749.24,60,15.81,618,0.1265,0,0,UNEMPLOYED,PHD,MARRIED,AUTO,1
CUST-001193,59,90226.91,13,55912.66,24,23.75,797,0.5726,1,0,SALARIED,HIGH_SCHOOL,MARRIED,EDUCATION,0
CUST-001194,27,53861.97,7,42195.57,12,9.28,849,0.4582,2,2,SALARIED,HIGH_SCHOOL,DIVORCED,EDUCATION,1
CUST-001195,64,52857.32,25,88980.86,60,21.76,546,0.6909,3,0,SELF_EMPLOYED,BACHELORS,DIVORCED,BUSINESS,0
CUST-001196,50,125261.09,9,69457.74,36,5.14,763,0.1078,6,0,SALARIED,BACHELORS,DIVORCED,EDUCATION,0
CUST-001197,50,119232.57,27,19946.39,24,19.34,319,0.6817,3,0,SELF_EMPLOYED,BACHELORS,SINGLE,EDUCATION,0
CUST-001198,42,170074.96,0,21869.22,60,21.85,646,0.3707,3,0,SALARIED,BACHELORS,SINGLE,HOME,1
CUST-001199,37,?,19,27966.16,60,24.04,328,0.2833,2,0,UNEMPLOYED,HIGH_SCHOOL,MARRIED,HOME,0
CUST-001200,31,153735.93,13,81394.52,12,17.39,409,0.3868,3,0,SALARIED,PHD,SINGLE,AUTO,0
CUST-001201,37,52901.74,12,8661.45,24,16.77,672,0.0851,6,1,SALARIED,HIGH_SCHOOL,MARRIED,PERSONAL,0
CUST-001202,51,92361.42,6,56296.05,24,22.94,354,0.0504,0,1,UNEMPLOYED,MASTERS,DIVORCED,HOME,1
CUST-001203,30,62490.78,6,15281.50,36,19.70,316,0.6802,2,0,SELF_EMPLOYED,MASTERS,DIVORCED,EDUCATION,1
CUST-001204,38,160136.58,0,76036.93,36,19.52,555,0.1841,5,2,SALARIED,MASTERS,MARRIED,HOME,1
CUST-001205,33,66068.53,9,31500.73,12,22.47,573,0.2693,5,0,SALARIED,MASTERS,MARRIED,AUTO,1
CUST-001206,34,20213.06,16,35634.30,36,9.22,454,0.2147,3,0,UNEMPLOYED,HIGH_SCHOOL,DIVORCED,PERSONAL,1
CUST-001207,48,157511.73,29,44609.38,48,15.26,652,0.2015,2,0,UNEMPLOYED,PHD,MARRIED,PERSONAL,1
CUST-001208,23,145934.46,5,15266.87,36,20.33,736,0.4021,6,0,RETIRED,HIGH_SCHOOL,SINGLE,PERSONAL,0
CUST-001209,57,100273.08,3,16323.52,48,14.24,635,0.6599,1,3,UNEMPLOYED,BACHELORS,SINGLE,HOME,1
CUST-001210,64,32761.40,13,71994.41,12,18.63,509,0.6961,2,2,SALARIED,HIGH_SCHOOL,MARRIED,BUSINESS,1
CUST-001211,22,147585.28,4,4563.49,60,23.66,739,0.2942,6,3,SELF_EMPLOYED,MASTERS,DIVORCED,PERSONAL,1
CUST-001212,65,81677.91,27,70575.73,48,12.34,740,0.5957,6,0,RETIRED,BACHELORS,SINGLE,AUTO,0
CUST-001213,28,41645.92,10,25813.16,12,9.34,793,0.0629,2,1,UNEMPLOYED,HIGH_SCHOOL,SINGLE,PERSONAL,0
CUST-001214,52,139864.48,18,29503.19,60,16.30,398,0.6829,0,1,SELF_EMPLOYED,PHD,DIVORCED,EDUCATION,0
CUST-001215,68,29854.45,24,53512.07,24,7.48,664,0.1211,6,0,SELF_EMPLOYED,BACHELORS,DIVORCED,EDUCATION,0
CUST-001216,40,141882.21,22,18789.74,36,15.61,799,0.1130,5,0,SELF_EMPLOYED,PHD,MARRIED,HOME,0
CUST-001217,38,67370.31,20,26989.37,36,9.85,414,0.0918,4,0,SELF_EMPLOYED,PHD,SINGLE,BUSINESS,0
CUST-001218,43,49006.08,4,26386.14,36,5.63,510,0.2963,6,3,SALARIED,HIGH_SCHOOL,MARRIED,AUTO,0
CUST-001219,32,199071.68,0,72240.23,36,11.50,679,0.5813,5,3,SELF_EMPLOYED,BACHELORS,DIVORCED,PERSONAL,0
CUST-001220,24,24733.32,6,40910.48,36,20.12,592,0.3433,0,0,RETIRED,MASTERS,SINGLE,PERSONAL,1
CUST-001221,53,29356.74,33,42404.78,36,21.60,?,0.3734,2,0,RETIRED,PHD,MARRIED,EDUCATION,0
CUST-001222,47,42505.74,19,80927.02,60,18.32,829,0.6221,3,0,UNEMPLOYED,BACHELORS,SINGLE,AUTO,1
CUST-001223,52,76660.25,23,84602.83,12,21.50,712,0.3189,4,3,SELF_EMPLOYED,HIGH_SCHOOL,DIVORCED,PERSONAL,1
CUST-001224,21,128646.27,3,57245.83,36,9.01,734,0.1440,4,0,RETIRED,PHD,MARRIED,EDUCATION,0
CUST-001225,34,80224.50,16,11001.18,24,12.91,434,0.4484,1,0,SELF_EMPLOYED,BACHELORS,SINGLE,EDUCATION,1
CUST-001226,24,149984.22,6,28327.42,24,15.32,468,0.6023,1,0,UNEMPLOYED,BACHELORS,SINGLE,HOME,1
CUST-001227,54,122975.77,18,25541.15,36,12.40,530,0.2725,6,0,SALARIED,MASTERS,DIVORCED,HOME,0
CUST-001228,50,152875.35,30,12374.42,12,8.42,581,0.1838,4,0,SALARIED,PHD,MARRIED,PERSONAL,0
CUST-001229,49,96884.22,6,12731.89,60,8.27,340,0.3911,2,0,UNEMPLOYED,HIGH_SCHOOL,SINGLE,AUTO,1
CUST-001230,54,137395.62,22,74121.18,60,8.27,796,0.6247,6,0,SELF_EMPLOYED,BACHELORS,SINGLE,PERSONAL,0
CUST-001231,32,178240.08,3,74203.80,24,17.66,334,0.4678,1,0,UNEMPLOYED,BACHELORS,MARRIED,EDUCATION,1
CUST-001232,31,120539.29,7,78424.93,36,22.00,448,0.5011,0,0,UNEMPLOYED,BACHELORS,SINGLE,BUSINESS,1
CUST-001233,52,24294.30,27,67007.31,60,23.59,326,0.6477,2,0,UNEMPLOYED,HIGH_SCHOOL,DIVORCED,HOME,0
CUST-001234,65,168915.57,17,70394.52,48,11.40,805,0.2659,6,0,UNEMPLOYED,PHD,DIVORCED,AUTO,0
CUST-001235,34,127735.74,16,6171.89,36,20.31,846,0.3378,0,0,UNEMPLOYED,PHD,DIVORCED,HOME,0
CUST-001236,61,90576.52,13,53142.79,48,23.91,736,0.0535,0,0,UNEMPLOYED,PHD,MARRIED,EDUCATION,0
CUST-001237,69,112396.94,5,36537.29,60,17.28,494,0.1656,5,0,SALARIED,PHD,MARRIED,AUTO,1
CUST-001238,50,182751.58,14,62833.63,48,23.05,422,0.3675,5,0,SELF_EMPLOYED,BACHELORS,SINGLE,AUTO,1
CUST-001239,37,196590.56,19,69217.03,48,7.80,538,0.0711,0,0,SALARIED,MASTERS,DIVORCED,BUSINESS,1
CUST-001240,43,176205.22,23,17875.87,24,8.61,487,0.1392,3,0,SELF_EMPLOYED,HIGH_SCHOOL,MARRIED,EDUCATION,0
CUST-001241,34,118440.60,16,79180.51,24,16.52,328,0.2992,6,3,SALARIED,PHD,DIVORCED,AUTO,1
CUST-001242,63,195171.56,27,80018.67,12,19.71,364,0.6189,5,0,SALARIED,MASTERS,DIVORCED,PERSONAL,0
CUST-001243,51,59063.39,11,31196.61,24,17.08,479,0.3013,1,0,SELF_EMPLOYED,HIGH_SCHOOL,SINGLE,PERSONAL,0
CUST-001244,21,79651.66,2,87671.49,60,8.92,574,0.4785,0,0,RETIRED,BACHELORS,SINGLE,HOME,1
CUST-001245,37,123462.71,11,14184.71,36,24.59,833,0.2987,0,0,RETIRED,MASTERS,MARRIED,HOME,1
CUST-001246,33,58792.73,6,11225.44,48,10.92,571,0.3145,0,2,SELF_EMPLOYED,HIGH_SCHOOL,MARRIED,HOME,1
CUST-001247,44,92471.86,18,28969.29,60,24.49,797,0.3453,3,0,RETIRED,HIGH_SCHOOL,MARRIED,PERSONAL,0
CUST-001248,69,35587.36,16,32963.68,60,11.40,800,0.6838,6,0,SELF_EMPLOYED,BACHELORS,MARRIED,HOME,1
CUST-001249,34,105436.48,2,22992.37,12,21.50,668,0.2363,5,0,RETIRED,PHD,DIVORCED,PERSONAL,1
CUST-001250,58,29420.15,11,7646.47,24,19.63,650,0.0662,3,0,RETIRED,BACHELORS,MARRIED,AUTO,0
CUST-001251,62,142344.35,9,74041.24,60,23.48,435,0.2093,6,0,RETIRED,BACHELORS,DIVORCED,AUTO,0
CUST-001252,53,99824.13,24,88542.85,24,9.08,493,0.2240,2,0,RETIRED,PHD,DIVORCED,HOME,0
CUST-001253,70,33683.63,17,73604.00,12,13.78,730,0.0742,5,0,SALARIED,MASTERS,SINGLE,EDUCATION,0
CUST-001254,24,42709.49,3,85692.45,12,23.33,358,0.1225,1,0,SALARIED,BACHELORS,MARRIED,EDUCATION,0
CUST-001255,39,144389.09,?,35432.72,48,10.11,593,0.1579,6,0,SALARIED,HIGH_SCHOOL,SINGLE,PERSONAL,0
CUST-001256,45,58263.61,27,73966.82,24,14.37,439,0.5967,3,0,RETIRED,BACHELORS,MARRIED,HOME,1
CUST-001257,33,35013.55,6,21568.42,24,24.17,419,0.2101,3,2,UNEMPLOYED,MASTERS,MARRIED,BUSINESS,1
CUST-001258,45,108941.73,27,70984.16,24,8.71,438,0.3979,6,0,SALARIED,PHD,MARRIED,PERSONAL,0
CUST-001259,66,139307.40,13,84737.79,36,19.50,777,0.1358,4,0,SELF_EMPLOYED,BACHELORS,MARRIED,PERSONAL,0
CUST-001260,53,160698.07,3,60329.10,60,22.74,368,0.2460,3,3,SELF_EMPLOYED,BACHELORS,MARRIED,BUSINESS,1
CUST-001261,38,193108.47,6,14231.45,48,11.29,740,0.6372,1,0,UNEMPLOYED,MASTERS,MARRIED,PERSONAL,1
CUST-001262,48,144956.14,14,76090.18,24,14.91,317,0.5909,0,0,SALARIED,HIGH_SCHOOL,SINGLE,EDUCATION,1
CUST-001263,51,54592.68,29,87294.50,12,6.60,449,0.4984,2,0,SELF_EMPLOYED,PHD,DIVORCED,PERSONAL,1
CUST-001264,34,96985.64,2,12231.81,36,24.19,355,0.3971,5,0,UNEMPLOYED,HIGH_SCHOOL,DIVORCED,PERSONAL,0
CUST-001265,42,83569.14,21,74020.87,36,23.53,601,0.1536,0,0,UNEMPLOYED,MASTERS,MARRIED,EDUCATION,0
CUST-001266,30,68749.99,12,49234.81,48,11.86,722,0.5294,0,2,UNEMPLOYED,PHD,SINGLE,PERSONAL,1
CUST-001267,31,125570.35,13,32830.81,36,20.45,790,0.6895,2,0,SALARIED,HIGH_SCHOOL,SINGLE,HOME,1
CUST-001268,34,34557.46,6,15226.25,48,7.11,829,0.3262,0,0,RETIRED,BACHELORS,SINGLE,BUSINESS,0
CUST-001269,67,32272.11,24,46834.56,48,8.23,329,0.4646,3,0,RETIRED,PHD,DIVORCED,EDUCATION,1
CUST-001270,42,158435.10,11,43364.45,12,11.68,345,0.0732,5,0,SELF_EMPLOYED,PHD,SINGLE,BUSINESS,1
CUST-001271,37,121341.60,19,48284.80,24,16.98,543,0.5250,4,0,SALARIED,HIGH_SCHOOL,SINGLE,EDUCATION,0
CUST-001272,45,185929.62,10,84258.59,48,15.79,639,0.6501,4,0,SALARIED,MASTERS,MARRIED,HOME,1
CUST-001273,26,152566.51,8,12719.88,48,15.64,?,0.5655,0,0,SELF_EMPLOYED,PHD,MARRIED,AUTO,0
CUST-001274,41,116591.48,22,18119.17,36,5.37,715,0.4633,3,0,SALARIED,BACHELORS,SINGLE,EDUCATION,0
CUST-001275,38,114766.75,2,35361.85,48,6.77,583,0.5591,2,0,UNEMPLOYED,BACHELORS,MARRIED,EDUCATION,1
CUST-001276,31,192598.63,13,86000.02,48,22.35,480,0.4003,4,0,SELF_EMPLOYED,MASTERS,DIVORCED,HOME,0
CUST-001277,50,129959.65,17,88943.36,60,19.33,566,0.2526,3,0,SELF_EMPLOYED,HIGH_SCHOOL,DIVORCED,EDUCATION,1
CUST-001278,50,146342.45,7,7621.63,48,7.96,364,0.2042,2,0,RETIRED,HIGH_SCHOOL,SINGLE,AUTO,1
CUST-001279,64,190017.52,29,59252.19,48,18.83,461,0.6708,4,0,RETIRED,MASTERS,SINGLE,AUTO,1
CUST-001280,63,146847.97,28,62900.10,48,7.79,358,0.3893,4,0,RETIRED,MASTERS,DIVORCED,PERSONAL,0
CUST-001281,67,125211.27,20,16968.76,36,18.71,807,0.4627,1,0,SALARIED,PHD,DIVORCED,EDUCATION,1
CUST-001282,67,53995.91,8,57738.89,60,20.63,386,0.6158,2,3,RETIRED,BACHELORS,MARRIED,HOME,1
CUST-001283,42,127690.13,18,55061.69,60,21.72,788,0.3350,2,0,SALARIED,MASTERS,SINGLE,BUSINESS,0
CUST-001284,68,146047.67,4,87922.69,36,22.37,684,0.4832,6,0,RETIRED,BACHELORS,DIVORCED,EDUCATION,1
CUST-001285,27,140684.76,9,36130.16,24,9.31,822,0.1606,5,3,UNEMPLOYED,PHD,MARRIED,HOME,1
CUST-001286,58,89865.07,28,30603.67,48,18.93,300,0.1584,5,0,SELF_EMPLOYED,PHD,MARRIED,PERSONAL,1
CUST-001287,62,88684.75,18,34995.65,24,15.38,475,0.2566,0,0,SALARIED,BACHELORS,DIVORCED,AUTO,0
CUST-001288,63,136433.75,5,86039.78,24,10.59,763,0.6282,0,0,SELF_EMPLOYED,BACHELORS,DIVORCED,PERSONAL,0
CUST-001289,59,92266.95,7,17056.83,12,8.77,408,0.0547,5,0,SALARIED,PHD,SINGLE,EDUCATION,0
CUST-001290,46,92384.46,3,82361.32,60,13.87,479,0.2650,5,0,SELF_EMPLOYED,BACHELORS,MARRIED,EDUCATION,0
CUST-001291,50,141928.21,4,38742.60,24,13.61,650,0.2722,6,0,UNEMPLOYED,MASTERS,DIVORCED,HOME,1
CUST-001292,36,?,18,23238.88,48,15.25,711,0.4933,2,2,UNEMPLOYED,HIGH_SCHOOL,SINGLE,AUTO,1
CUST-001293,41,189304.83,8,50015.69,60,10.74,332,0.4342,4,0,SALARIED,BACHELORS,DIVORCED,PERSONAL,0
CUST-001294,47,198680.48,10,21019.78,12,8.51,391,0.2459,4,0,UNEMPLOYED,HIGH_SCHOOL,MARRIED,HOME,0
CUST-001295,70,35879.07,26,23011.21,60,12.55,716,0.1087,4,0,SALARIED,PHD,DIVORCED,BUSINESS,0
CUST-001296,45,79685.86,26,77750.42,12,17.33,657,0.2228,0,1,SALARIED,HIGH_SCHOOL,SINGLE,AUTO,1
CUST-001297,43,74239.28,25,70552.54,12,6.41,748,0.0801,1,0,SALARIED,HIGH_SCHOOL,SINGLE,EDUCATION,0
CUST-001298,61,101618.87,12,48173.27,36,21.42,401,0.6940,3,0,SELF_EMPLOYED,BACHELORS,DIVORCED,HOME,1
CUST-001299,50,41449.36,25,77487.08,24,13.18,496,0.2068,1,0,SELF_EMPLOYED,PHD,SINGLE,EDUCATION,1
CUST-001300,70,70273.58,15,74502.76,12,12.59,827,0.5150,6,0,SALARIED,PHD,MARRIED,PERSONAL,0
CUST-001301,46,129015.17,12,86818.67,12,18.91,382,0.5125,3,0,UNEMPLOYED,HIGH_SCHOOL,DIVORCED,PERSONAL,0
CUST-001302,52,48561.29,5,31990.19,12,22.43,734,0.0607,2,0,SALARIED,HIGH_SCHOOL,MARRIED,AUTO,0
CUST-001303,29,178938.56,11,49512.60,36,11.34,725,0.1656,6,0,SELF_EMPLOYED,PHD,SINGLE,HOME,0
CUST-001304,27,107879.80,6,72056.96,12,24.29,333,0.2369,0,1,RETIRED,HIGH_SCHOOL,SINGLE,HOME,0
CUST-001305,63,151055.34,16,70609.01,48,16.99,393,0.1570,4,0,SALARIED,BACHELORS,MARRIED,HOME,0
CUST-001306,44,140222.55,3,85065.12,60,10.12,493,0.5059,3,3,SALARIED,MASTERS,DIVORCED,EDUCATION,1
CUST-001307,47,74425.55,29,10049.68,24,14.40,555,0.5009,4,0,RETIRED,MASTERS,MARRIED,PERSONAL,1
CUST-001308,46,131114.63,28,89228.57,24,21.86,440,0.4081,0,0,SELF_EMPLOYED,PHD,DIVORCED,PERSONAL,1
CUST-001309,33,68699.79,15,12941.67,12,24.83,529,0.6011,2,0,RETIRED,MASTERS,DIVORCED,EDUCATION,1
CUST-001310,58,46055.06,0,9142.84,12,10.16,521,0.6584,6,0,UNEMPLOYED,PHD,SINGLE,PERSONAL,1
CUST-001311,22,?,4,52794.30,24,22.07,383,0.1914,3,0,SALARIED,PHD,MARRIED,HOME,0
CUST-001312,22,43643.39,4,23478.19,12,15.89,394,0.4418,4,1,SELF_EMPLOYED,BACHELORS,DIVORCED,AUTO,1
CUST-001313,52,66319.50,29,54231.25,36,15.64,316,0.5792,1,0,RETIRED,BACHELORS,DIVORCED,BUSINESS,1
CUST-001314,28,193442.13,10,31392.56,24,6.96,810,0.1216,5,0,UNEMPLOYED,PHD,MARRIED,PERSONAL,1
CUST-001315,44,70192.75,5,3843.68,24,13.32,384,0.5224,6,0,RETIRED,MASTERS,SINGLE,PERSONAL,0
CUST-001316,40,180067.95,11,78603.00,12,13.33,336,0.0649,5,0,SALARIED,BACHELORS,SINGLE,PERSONAL,1
CUST-001317,32,159076.53,14,16739.83,48,17.88,335,0.1008,4,0,SELF_EMPLOYED,BACHELORS,DIVORCED,BUSINESS,0
CUST-001318,53,120035.28,9,46891.85,36,12.71,467,0.3384,6,3,RETIRED,HIGH_SCHOOL,DIVORCED,PERSONAL,1
CUST-001319,27,47049.88,9,17000.99,48,5.32,510,0.3986,4,0,SELF_EMPLOYED,MASTERS,MARRIED,AUTO,1
CUST-001320,50,124907.32,0,56784.48,24,9.31,344,0.4094,5,0,RETIRED,MASTERS,MARRIED,PERSONAL,0
CUST-001321,34,170639.12,10,22248.93,12,9.82,472,0.4162,3,0,RETIRED,MASTERS,MARRIED,HOME,0
CUST-001322,45,113380.15,14,53760.18,60,15.74,717,0.2498,6,0,UNEMPLOYED,PHD,SINGLE,EDUCATION,0
CUST-001323,57,?,12,80987.46,60,13.11,349,0.1801,3,0,RETIRED,MASTERS,DIVORCED,EDUCATION,0
CUST-001324,48,52601.95,18,48490.96,48,9.38,388,0.3830,2,0,RETIRED,BACHELORS,MARRIED,EDUCATION,1
CUST-001325,66,41889.14,15,24199.30,48,5.95,320,0.6904,0,0,SELF_EMPLOYED,PHD,MARRIED,AUTO,1
CUST-001326,27,172742.63,9,37902.13,12,7.71,352,0.1940,3,0,SALARIED,MASTERS,DIVORCED,BUSINESS,0
CUST-001327,43,29246.96,10,38501.44,48,18.82,656,0.6632,5,0,UNEMPLOYED,MASTERS,DIVORCED,AUTO,1
CUST-001328,37,81796.96,19,73462.41,60,20.23,784,0.6110,3,0,SELF_EMPLOYED,PHD,SINGLE,PERSONAL,0
CUST-001329,27,33638.25,9,82320.97,60,10.55,653,0.2129,2,0,UNEMPLOYED,MASTERS,DIVORCED,PERSONAL,0
CUST-001330,53,76939.12,34,75115.21,48,5.81,416,0.5225,3,0,SALARIED,PHD,DIVORCED,BUSINESS,1
CUST-001331,44,31197.37,17,11879.22,12,18.10,728,0.1243,1,1,SALARIED,BACHELORS,MARRIED,EDUCATION,0
CUST-001332,65,63184.56,13,4150.35,48,24.46,306,0.5523,0,0,UNEMPLOYED,PHD,SINGLE,PERSONAL,1
CUST-001333,21,194664.69,3,50911.99,36,13.25,559,0.4262,3,0,SALARIED,PHD,MARRIED,AUTO,1
CUST-001334,39,139339.83,5,8654.06,60,9.09,728,0.4613,1,2,SALARIED,PHD,SINGLE,BUSINESS,1
CUST-001335,22,107500.14,4,55296.11,12,23.85,661,0.4198,6,0,SELF_EMPLOYED,PHD,SINGLE,PERSONAL,0
CUST-001336,61,192122.98,34,21920.36,12,6.96,368,0.2555,1,0,SALARIED,PHD,MARRIED,BUSINESS,0
CUST-001337,32,102775.86,4,60793.00,12,18.16,569,0.2643,1,0,SALARIED,MASTERS,MARRIED,HOME,1
CUST-001338,22,151778.79,4,59184.54,48,15.29,515,0.4344,1,0,RETIRED,MASTERS,SINGLE,EDUCATION,1
CUST-001339,38,30797.27,20,28629.82,60,18.89,505,0.4584,0,0,SELF_EMPLOYED,BACHELORS,DIVORCED,AUTO,0
CUST-001340,29,134801.11,5,4882.00,24,20.49,776,0.5140,6,0,UNEMPLOYED,BACHELORS,DIVORCED,AUTO,1
CUST-001341,64,179321.38,15,70823.69,48,7.25,406,0.6930,1,0,RETIRED,BACHELORS,SINGLE,EDUCATION,0
CUST-001342,36,74137.07,4,40301.16,36,11.52,679,0.2270,0,0,UNEMPLOYED,BACHELORS,MARRIED,PERSONAL,0
CUST-001343,23,121845.98,5,77553.67,12,14.94,357,0.5153,4,0,SELF_EMPLOYED,BACHELORS,SINGLE,AUTO,1
CUST-001344,46,64817.56,28,19878.02,48,10.73,709,0.3537,6,0,SALARIED,MASTERS,MARRIED,HOME,0
CUST-001345,62,24722.46,15,48126.82,48,15.37,463,0.5058,2,0,SELF_EMPLOYED,PHD,DIVORCED,AUTO,1
CUST-001346,62,190742.45,18,27860.02,36,20.19,758,0.2457,3,0,RETIRED,PHD,MARRIED,EDUCATION,1
CUST-001347,43,99945.17,1,54165.04,36,24.58,319,0.6753,1,0,RETIRED,BACHELORS,MARRIED,BUSINESS,1
CUST-001348,30,107465.73,12,71594.34,24,14.20,774,0.5707,3,0,UNEMPLOYED,BACHELORS,MARRIED,HOME,0
CUST-001349,26,54249.10,8,53498.08,24,20.36,598,0.0724,4,0,RETIRED,MASTERS,SINGLE,PERSONAL,0
CUST-001350,39,186494.74,7,17596.22,60,12.99,431,0.2620,0,1,SALARIED,BACHELORS,MARRIED,PERSONAL,1
CUST-001351,23,96852.82,3,69635.59,60,5.67,561,0.2661,0,0,SELF_EMPLOYED,MASTERS,MARRIED,AUTO,1
CUST-001352,40,?,20,54388.29,48,18.65,551,0.6917,0,0,SELF_EMPLOYED,BACHELORS,DIVORCED,EDUCATION,0
CUST-001353,67,36404.02,2,64153.15,36,9.57,328,0.1596,2,0,SELF_EMPLOYED,HIGH_SCHOOL,MARRIED,AUTO,0
CUST-001354,26,172456.90,8,47161.28,24,12.59,654,0.6052,3,0,UNEMPLOYED,PHD,MARRIED,BUSINESS,1
CUST-001355,62,66587.87,0,20407.91,48,15.54,756,0.1438,2,0,SELF_EMPLOYED,MASTERS,SINGLE,EDUCATION,0
CUST-001356,51,172423.30,22,65008.45,36,14.18,496,0.0551,2,0,SELF_EMPLOYED,PHD,SINGLE,EDUCATION,1
CUST-001357,69,74176.40,11,47274.42,12,9.20,305,0.6789,4,0,SELF_EMPLOYED,MASTERS,SINGLE,PERSONAL,1
CUST-001358,43,91011.45,20,17558.29,60,9.96,559,0.2200,6,0,RETIRED,PHD,DIVORCED,AUTO,0
CUST-001359,70,65073.73,21,76879.43,48,9.49,479,0.3507,2,0,SELF_EMPLOYED,MASTERS,SINGLE,PERSONAL,1
CUST-001360,21,78990.06,3,39805.46,48,18.91,679,0.5149,5,0,UNEMPLOYED,PHD,MARRIED,HOME,0
CUST-001361,60,18073.55,10,26935.93,48,24.35,520,0.2652,1,0,SALARIED,PHD,DIVORCED,EDUCATION,1
CUST-001362,38,85563.96,19,69952.55,24,8.05,773,0.4013,3,0,RETIRED,HIGH_SCHOOL,MARRIED,EDUCATION,0
CUST-001363,34,60719.96,16,75684.42,60,21.79,452,0.4277,6,0,UNEMPLOYED,BACHELORS,MARRIED,BUSINESS,1
CUST-001364,61,134886.72,3,27568.26,48,6.84,760,0.2888,6,0,SELF_EMPLOYED,PHD,SINGLE,BUSINESS,0
CUST-001365,34,86973.62,16,11400.82,24,12.65,743,0.2014,6,0,UNEMPLOYED,HIGH_SCHOOL,MARRIED,HOME,0
CUST-001366,25,187474.56,7,22146.37,60,20.66,554,0.5465,5,0,SALARIED,BACHELORS,SINGLE,PERSONAL,1
CUST-001367,37,166998.62,19,38110.88,36,17.58,391,0.1755,0,1,RETIRED,HIGH_SCHOOL,MARRIED,HOME,0
CUST-001368,40,85849.42,22,25126.03,12,19.35,608,0.1640,4,0,UNEMPLOYED,BACHELORS,MARRIED,AUTO,1
CUST-001369,49,168487.46,23,49325.94,36,11.39,?,0.5261,0,0,SELF_EMPLOYED,BACHELORS,DIVORCED,EDUCATION,0
CUST-001370,22,123938.18,4,58596.32,36,18.76,332,0.3866,3,0,SALARIED,MASTERS,SINGLE,BUSINESS,1
CUST-001371,26,135337.90,8,5517.21,60,15.94,?,0.5336,6,0,SELF_EMPLOYED,HIGH_SCHOOL,MARRIED,PERSONAL,0
CUST-001372,30,29830.26,10,46981.48,24,5.69,419,0.1516,3,0,SELF_EMPLOYED,BACHELORS,MARRIED,HOME,1
CUST-001373,47,189216.30,20,29785.52,48,9.69,342,0.6513,6,0,SELF_EMPLOYED,PHD,MARRIED,PERSONAL,1
CUST-001374,23,185299.63,5,68526.47,36,12.53,793,0.4879,1,0,UNEMPLOYED,PHD,MARRIED,PERSONAL,1
CUST-001375,48,191224.21,14,88247.94,24,19.22,600,0.5790,0,0,RETIRED,HIGH_SCHOOL,DIVORCED,HOME,0
CUST-001376,50,64252.19,5,47788.40,24,16.30,463,0.0681,0,0,SELF_EMPLOYED,BACHELORS,MARRIED,HOME,1
CUST-001377,61,80621.73,28,25575.78,24,16.45,734,0.1809,0,0,SALARIED,BACHELORS,SINGLE,EDUCATION,0
CUST-001378,68,45961.23,27,81048.59,24,22.64,323,0.5578,3,0,RETIRED,MASTERS,SINGLE,PERSONAL,1
CUST-001379,32,43514.56,14,33638.04,60,10.91,717,0.6749,1,0,SALARIED,MASTERS,DIVORCED,EDUCATION,0
CUST-001380,61,67315.34,21,39722.71,36,13.46,848,0.2926,1,0,SELF_EMPLOYED,HIGH_SCHOOL,SINGLE,EDUCATION,0
CUST-001381,46,39221.61,28,88086.94,48,22.21,740,0.4984,3,0,SELF_EMPLOYED,PHD,MARRIED,AUTO,0
CUST-001382,26,81833.96,8,79559.48,12,8.61,384,0.4565,1,0,SELF_EMPLOYED,HIGH_SCHOOL,MARRIED,BUSINESS,1
CUST-001383,56,166497.29,21,29674.47,36,8.19,719,0.0774,4,0,UNEMPLOYED,HIGH_SCHOOL,SINGLE,BUSINESS,0
CUST-001384,61,111903.79,12,48082.99,12,7.78,693,0.3319,5,0,SALARIED,HIGH_SCHOOL,MARRIED,PERSONAL,0
CUST-001385,39,100922.51,3,5363.61,12,19.27,528,0.4780,5,0,RETIRED,MASTERS,MARRIED,PERSONAL,1
CUST-001386,50,169515.05,12,66648.60,36,15.17,332,0.3544,1,0,SELF_EMPLOYED,MASTERS,SINGLE,PERSONAL,1
CUST-001387,37,31974.89,19,85729.81,24,21.70,825,0.6977,2,0,SELF_EMPLOYED,HIGH_SCHOOL,SINGLE,BUSINESS,0
CUST-001388,43,176891.11,11,67515.70,60,6.30,685,0.5396,2,0,RETIRED,HIGH_SCHOOL,MARRIED,HOME,1
CUST-001389,26,86430.48,0,75760.14,12,18.24,384,0.3110,6,0,SELF_EMPLOYED,PHD,MARRIED,HOME,1
CUST-001390,60,51575.86,5,54116.05,60,11.70,626,0.1722,5,0,SALARIED,HIGH_SCHOOL,DIVORCED,PERSONAL,0
CUST-001391,28,72709.91,3,85554.55,48,19.30,809,0.1430,5,0,SELF_EMPLOYED,HIGH_SCHOOL,DIVORCED,PERSONAL,1
CUST-001392,33,49070.52,5,83296.52,12,12.77,702,0.2146,0,0,SALARIED,MASTERS,MARRIED,HOME,0
CUST-001393,55,115701.76,10,22020.78,36,12.11,486,0.5904,5,0,UNEMPLOYED,PHD,MARRIED,BUSINESS,0
CUST-001394,52,178370.35,10,40813.55,12,16.52,703,0.5955,4,0,SELF_EMPLOYED,PHD,MARRIED,PERSONAL,0
CUST-001395,60,37096.47,18,46563.35,12,13.49,716,0.4680,1,0,SELF_EMPLOYED,HIGH_SCHOOL,MARRIED,HOME,1
CUST-001396,67,127824.83,25,12555.03,24,6.31,408,0.1096,3,0,RETIRED,PHD,DIVORCED,HOME,1
CUST-001397,32,61284.01,14,53121.39,24,22.84,726,0.1322,0,2,RETIRED,HIGH_SCHOOL,MARRIED,HOME,1
CUST-001398,41,131029.18,15,63346.34,48,7.70,788,0.3606,6,0,SELF_EMPLOYED,MASTERS,SINGLE,BUSINESS,0
CUST-001399,32,49208.85,0,83259.68,12,24.82,590,0.3324,4,0,SALARIED,BACHELORS,MARRIED,AUTO,1
CUST-001400,25,100490.93,7,83338.90,36,20.32,730,0.4985,6,0,SALARIED,BACHELORS,DIVORCED,EDUCATION,0
CUST-001401,34,123945.97,16,22419.38,36,13.60,319,0.2568,0,1,SELF_EMPLOYED,BACHELORS,DIVORCED,BUSINESS,1
CUST-001402,29,34718.82,11,88047.62,12,8.30,655,0.3366,2,0,SALARIED,MASTERS,DIVORCED,BUSINESS,1
CUST-001403,70,81769.60,28,63223.77,12,24.21,482,0.1102,2,0,SALARIED,BACHELORS,DIVORCED,PERSONAL,1
CUST-001404,64,183267.77,33,22551.78,12,13.83,302,0.3642,3,0,SELF_EMPLOYED,MASTERS,MARRIED,EDUCATION,1
CUST-001405,54,90351.97,32,41466.19,48,6.12,599,0.3686,4,0,SELF_EMPLOYED,PHD,SINGLE,PERSONAL,0
CUST-001406,48,25817.84,7,88155.98,24,7.05,826,0.1470,2,3,SALARIED,BACHELORS,SINGLE,EDUCATION,1
CUST-001407,22,30370.36,4,49711.00,36,9.83,389,0.1444,0,0,RETIRED,MASTERS,SINGLE,PERSONAL,0
CUST-001408,36,114726.93,2,28488.58,60,18.53,?,0.0948,3,1,SELF_EMPLOYED,MASTERS,MARRIED,HOME,1
CUST-001409,37,146470.50,2,17834.66,36,18.85,691,0.6832,6,0,RETIRED,HIGH_SCHOOL,MARRIED,EDUCATION,0
CUST-001410,42,110288.92,1,68392.81,24,18.83,680,0.2984,5,0,SELF_EMPLOYED,PHD,MARRIED,BUSINESS,0
CUST-001411,44,99130.27,20,16798.09,36,14.03,440,0.3273,4,0,UNEMPLOYED,PHD,SINGLE,BUSINESS,1
CUST-001412,49,48275.82,4,47664.12,24,18.55,423,0.0897,2,3,UNEMPLOYED,HIGH_SCHOOL,MARRIED,BUSINESS,1
CUST-001413,61,53594.51,34,77167.39,48,16.08,367,0.6936,6,0,RETIRED,MASTERS,DIVORCED,AUTO,1
CUST-001414,55,146407.38,8,38083.58,12,22.47,736,0.4705,1,1,SELF_EMPLOYED,HIGH_SCHOOL,SINGLE,BUSINESS,1
CUST-001415,57,144169.01,23,31483.04,48,7.81,623,0.5791,2,0,RETIRED,MASTERS,MARRIED,EDUCATION,0
CUST-001416,67,57451.99,28,34480.94,60,9.62,807,0.6367,0,0,RETIRED,MASTERS,MARRIED,BUSINESS,0
CUST-001417,41,149832.08,23,35367.24,36,12.04,410,0.5231,6,0,RETIRED,HIGH_SCHOOL,MARRIED,BUSINESS,1
CUST-001418,63,50771.81,27,63710.23,36,20.04,782,0.5889,0,1,SELF_EMPLOYED,BACHELORS,SINGLE,HOME,1
CUST-001419,50,57513.29,13,78472.55,12,16.38,658,0.0521,4,0,RETIRED,MASTERS,SINGLE,BUSINESS,1
CUST-001420,29,146122.75,7,18054.36,60,13.63,729,0.5749,0,0,RETIRED,BACHELORS,SINGLE,EDUCATION,1
CUST-001421,64,52752.87,29,12209.18,24,22.21,484,0.5259,3,0,RETIRED,BACHELORS,DIVORCED,AUTO,1
CUST-001422,49,122427.20,31,80529.37,24,11.76,480,0.6649,4,0,SELF_EMPLOYED,HIGH_SCHOOL,MARRIED,BUSINESS,0
CUST-001423,26,147213.04,8,30166.00,48,15.72,784,0.0517,2,3,RETIRED,HIGH_SCHOOL,DIVORCED,HOME,1
CUST-001424,35,166393.95,17,53140.00,36,11.08,669,0.3745,6,0,SELF_EMPLOYED,PHD,SINGLE,EDUCATION,0
CUST-001425,36,174813.83,18,52897.81,36,21.52,315,0.6878,1,0,SELF_EMPLOYED,PHD,DIVORCED,BUSINESS,1
CUST-001426,35,121872.36,17,28455.11,12,12.31,592,0.6213,6,0,RETIRED,MASTERS,MARRIED,HOME,1
CUST-001427,52,188538.03,13,39218.70,36,24.83,397,0.1543,6,0,RETIRED,HIGH_SCHOOL,MARRIED,PERSONAL,0
CUST-001428,48,146512.63,11,15382.07,60,6.77,791,0.0631,3,0,SALARIED,PHD,SINGLE,PERSONAL,0
CUST-001429,53,72575.69,7,50381.46,12,17.63,675,0.4086,4,2,SALARIED,BACHELORS,SINGLE,AUTO,1
CUST-001430,69,173650.35,25,12970.18,36,11.22,368,0.1417,2,0,SALARIED,BACHELORS,DIVORCED,HOME,0
CUST-001431,49,41795.68,17,83051.33,48,23.26,797,0.4001,4,2,UNEMPLOYED,PHD,DIVORCED,BUSINESS,1
CUST-001432,33,140569.99,15,11136.40,24,12.43,320,0.2010,4,0,RETIRED,HIGH_SCHOOL,DIVORCED,BUSINESS,0
CUST-001433,62,33785.22,32,16841.99,24,22.09,357,0.3406,2,0,SALARIED,HIGH_SCHOOL,MARRIED,PERSONAL,0
CUST-001434,54,39849.08,0,23039.78,24,17.23,576,0.0936,0,1,SELF_EMPLOYED,MASTERS,DIVORCED,EDUCATION,1
CUST-001435,64,177969.54,29,6449.82,24,16.89,783,0.4965,5,0,RETIRED,MASTERS,DIVORCED,PERSONAL,0
CUST-001436,66,189238.70,32,12831.31,24,16.73,663,0.5951,3,0,RETIRED,MASTERS,MARRIED,AUTO,0
CUST-001437,65,?,20,50794.53,36,17.00,426,0.3039,6,0,SELF_EMPLOYED,MASTERS,DIVORCED,EDUCATION,0
CUST-001438,53,65069.08,10,45670.33,60,10.37,747,0.5661,1,0,UNEMPLOYED,MASTERS,MARRIED,AUTO,1
CUST-001439,33,53605.47,12,79881.57,24,16.30,831,0.1278,6,1,SALARIED,BACHELORS,MARRIED,HOME,1
CUST-001440,55,173795.46,11,53324.75,12,16.35,762,0.5470,5,0,SALARIED,PHD,DIVORCED,PERSONAL,1
CUST-001441,37,177062.79,19,30330.00,24,11.87,639,0.1422,1,0,SELF_EMPLOYED,MASTERS,DIVORCED,EDUCATION,1
CUST-001442,70,107104.47,26,65615.25,36,8.85,355,0.1880,2,3,UNEMPLOYED,BACHELORS,MARRIED,PERSONAL,1
CUST-001443,21,122018.45,3,18104.81,24,10.30,519,0.1470,5,0,UNEMPLOYED,MASTERS,DIVORCED,AUTO,1
CUST-001444,26,95676.19,8,72955.28,12,24.29,500,0.6083,0,0,SELF_EMPLOYED,HIGH_SCHOOL,DIVORCED,PERSONAL,1
CUST-001445,27,?,6,65495.50,24,24.91,?,0.3360,1,1,RETIRED,BACHELORS,MARRIED,AUTO,0
CUST-001446,45,139476.03,18,81061.08,12,16.77,845,0.4944,1,0,SALARIED,MASTERS,DIVORCED,BUSINESS,0
CUST-001447,21,29373.81,3,83634.23,60,14.26,472,0.4498,0,0,SALARIED,PHD,DIVORCED,AUTO,1
CUST-001448,26,85907.42,1,81423.93,60,14.77,623,0.1428,3,0,SELF_EMPLOYED,HIGH_SCHOOL,MARRIED,HOME,0
CUST-001449,29,94596.59,11,39351.53,12,6.96,471,0.4533,6,2,RETIRED,HIGH_SCHOOL,SINGLE,PERSONAL,1
CUST-001450,66,156631.09,14,66724.63,24,21.76,552,0.4969,1,0,SELF_EMPLOYED,BACHELORS,SINGLE,EDUCATION,1
CUST-001451,36,102089.90,2,19100.72,36,19.50,649,0.6721,2,0,SELF_EMPLOYED,BACHELORS,MARRIED,AUTO,1
CUST-001452,67,151900.15,10,15088.26,12,12.86,773,0.6812,2,0,RETIRED,MASTERS,DIVORCED,BUSINESS,1
CUST-001453,32,114738.52,8,18885.28,36,24.93,427,0.3556,3,0,SELF_EMPLOYED,BACHELORS,DIVORCED,AUTO,1
CUST-001454,44,138478.48,22,75385.53,24,24.71,682,0.2596,0,0,SELF_EMPLOYED,MASTERS,DIVORCED,EDUCATION,0
CUST-001455,25,169434.56,7,82518.61,36,5.85,809,0.5624,0,3,UNEMPLOYED,HIGH_SCHOOL,SINGLE,PERSONAL,0
CUST-001456,29,194064.00,11,41353.34,36,10.61,760,0.1551,3,0,RETIRED,HIGH_SCHOOL,DIVORCED,PERSONAL,0
CUST-001457,36,140829.75,18,75503.06,60,21.95,315,0.6934,0,0,SALARIED,PHD,SINGLE,HOME,1
CUST-001458,48,28917.15,10,66295.34,60,20.29,337,0.5675,2,0,UNEMPLOYED,MASTERS,SINGLE,AUTO,1
CUST-001459,28,91938.33,4,20622.80,48,6.35,518,0.1302,1,0,SALARIED,BACHELORS,MARRIED,AUTO,0
CUST-001460,23,178438.97,5,67073.19,24,9.74,352,0.1051,1,0,RETIRED,HIGH_SCHOOL,DIVORCED,EDUCATION,0
CUST-001461,44,92246.14,26,50334.02,60,6.53,757,0.4277,4,0,UNEMPLOYED,HIGH_SCHOOL,SINGLE,AUTO,0
CUST-001462,33,158406.34,2,15091.30,12,14.13,635,0.2853,4,0,SELF_EMPLOYED,PHD,DIVORCED,AUTO,0
CUST-001463,32,148517.47,14,53224.28,60,20.36,642,0.0853,5,0,UNEMPLOYED,MASTERS,DIVORCED,BUSINESS,1
CUST-001464,31,56276.62,13,53909.95,36,22.50,673,0.5266,4,0,UNEMPLOYED,BACHELORS,SINGLE,PERSONAL,1
CUST-001465,70,173643.74,31,58138.18,36,11.88,649,0.6704,2,0,SALARIED,HIGH_SCHOOL,MARRIED,PERSONAL,1
CUST-001466,48,158783.10,30,38927.09,24,21.49,743,0.4593,4,0,SALARIED,MASTERS,SINGLE,AUTO,0
CUST-001467,22,37760.83,4,40247.94,24,21.36,392,0.1373,3,0,RETIRED,MASTERS,SINGLE,HOME,1
CUST-001468,55,?,6,33208.02,48,16.79,628,0.6049,6,0,RETIRED,MASTERS,SINGLE,EDUCATION,0
CUST-001469,47,132598.41,22,19891.01,60,10.19,769,0.5350,1,0,UNEMPLOYED,HIGH_SCHOOL,MARRIED,AUTO,1
CUST-001470,62,69145.27,33,47958.27,12,12.65,371,0.6859,1,0,SELF_EMPLOYED,MASTERS,MARRIED,PERSONAL,1
CUST-001471,24,140776.64,4,43411.12,24,13.52,702,0.1739,5,0,SELF_EMPLOYED,MASTERS,DIVORCED,AUTO,0
CUST-001472,54,107454.59,30,19258.72,36,19.61,752,0.5957,2,0,RETIRED,HIGH_SCHOOL,SINGLE,AUTO,0
CUST-001473,67,193720.43,31,36915.37,48,10.80,729,0.2298,3,0,UNEMPLOYED,MASTERS,MARRIED,BUSINESS,0
CUST-001474,63,105850.04,2,61573.38,24,7.34,532,0.2263,1,0,UNEMPLOYED,HIGH_SCHOOL,SINGLE,PERSONAL,1
CUST-001475,61,93161.67,11,29992.98,24,8.08,823,0.1754,2,0,SALARIED,BACHELORS,SINGLE,EDUCATION,0
CUST-001476,55,50595.20,19,79194.29,12,6.84,833,0.6785,5,0,SELF_EMPLOYED,BACHELORS,DIVORCED,EDUCATION,0
CUST-001477,31,168751.76,13,24769.44,24,21.12,367,0.3986,0,0,SALARIED,BACHELORS,DIVORCED,EDUCATION,1
CUST-001478,68,132577.94,23,45906.12,60,22.59,401,0.3068,6,0,SALARIED,BACHELORS,MARRIED,HOME,0
CUST-001479,60,81599.45,21,71179.70,36,16.22,521,0.5383,1,0,RETIRED,PHD,MARRIED,AUTO,1
CUST-001480,55,193118.76,9,75679.57,24,19.67,320,0.1730,3,2,RETIRED,PHD,DIVORCED,BUSINESS,1
CUST-001481,39,96566.20,15,41303.32,24,13.97,793,0.3739,4,0,RETIRED,BACHELORS,SINGLE,PERSONAL,0
CUST-001482,67,69581.20,24,78722.96,12,14.77,483,0.0808,5,0,SELF_EMPLOYED,PHD,SINGLE,PERSONAL,0
CUST-001483,52,106690.49,14,53566.23,60,12.25,813,0.4784,6,0,SALARIED,MASTERS,MARRIED,EDUCATION,0
CUST-001484,66,141203.40,27,67359.86,24,16.49,762,0.2126,6,0,UNEMPLOYED,PHD,DIVORCED,HOME,0
CUST-001485,53,129230.45,19,35917.46,12,7.95,672,0.3551,0,0,SELF_EMPLOYED,BACHELORS,SINGLE,HOME,1
CUST-001486,50,183873.60,5,75222.94,36,10.43,505,0.4284,4,0,RETIRED,MASTERS,SINGLE,BUSINESS,0
CUST-001487,64,198995.33,22,41113.48,48,23.22,832,0.4629,5,0,SELF_EMPLOYED,MASTERS,DIVORCED,AUTO,0
CUST-001488,40,196597.39,14,45077.24,36,20.64,354,0.6426,2,0,RETIRED,MASTERS,DIVORCED,BUSINESS,1
CUST-001489,62,146842.82,14,32313.18,24,13.78,543,0.2291,0,0,SELF_EMPLOYED,MASTERS,DIVORCED,BUSINESS,1
CUST-001490,25,63482.02,7,83132.48,36,20.26,363,0.1919,3,0,RETIRED,PHD,SINGLE,AUTO,0
CUST-001491,57,111634.01,16,25268.28,24,13.32,358,0.3330,4,0,UNEMPLOYED,PHD,DIVORCED,HOME,0
CUST-001492,21,69059.51,3,16304.95,36,9.43,382,0.0871,2,0,UNEMPLOYED,HIGH_SCHOOL,MARRIED,BUSINESS,0
CUST-001493,35,89449.51,17,81878.50,12,6.55,849,0.6058,1,0,RETIRED,BACHELORS,DIVORCED,HOME,0
CUST-001494,32,137546.20,14,17433.58,36,7.44,332,0.2825,6,0,RETIRED,HIGH_SCHOOL,DIVORCED,EDUCATION,1
CUST-001495,65,63102.94,20,17690.66,48,13.83,748,0.4436,0,0,SELF_EMPLOYED,PHD,MARRIED,AUTO,1
CUST-001496,57,171868.00,12,10051.22,12,19.35,827,0.1482,0,2,RETIRED,MASTERS,MARRIED,PERSONAL,0
CUST-001497,60,142012.60,34,36194.68,60,9.66,693,0.0850,0,0,SALARIED,MASTERS,MARRIED,BUSINESS,1
CUST-001498,35,79000.92,11,27403.79,12,15.95,619,0.4948,6,0,SALARIED,BACHELORS,MARRIED,AUTO,1
CUST-001499,43,36887.35,15,76278.12,12,6.93,751,0.2463,2,0,SELF_EMPLOYED,MASTERS,MARRIED,HOME,0
CUST-001500,62,180970.98,22,7235.42,24,9.20,528,0.5981,3,0,SALARIED,PHD,SINGLE,EDUCATION,1
CUST-001501,70,47358.42,27,49215.42,48,14.94,397,0.6745,5,0,SALARIED,HIGH_SCHOOL,SINGLE,BUSINESS,1
CUST-001502,23,25271.36,5,59375.22,48,23.65,691,0.2307,1,0,SELF_EMPLOYED,HIGH_SCHOOL,DIVORCED,HOME,1
CUST-001503,56,126842.09,15,16618.26,60,5.79,603,0.3705,4,3,SALARIED,MASTERS,SINGLE,AUTO,0
CUST-001504,38,159149.18,2,86124.17,60,21.61,624,0.1318,3,0,SALARIED,PHD,SINGLE,AUTO,1
CUST-001505,29,39184.98,5,81686.71,12,6.10,517,0.5383,1,1,UNEMPLOYED,MASTERS,SINGLE,PERSONAL,1
CUST-001506,22,159986.96,4,87850.53,36,22.22,773,0.5272,6,0,RETIRED,BACHELORS,DIVORCED,BUSINESS,0
CUST-001507,49,126856.13,22,73111.51,12,15.30,620,0.6039,2,0,UNEMPLOYED,BACHELORS,MARRIED,BUSINESS,0
CUST-001508,22,134043.16,4,6935.65,24,7.02,554,0.3646,4,0,SELF_EMPLOYED,BACHELORS,SINGLE,HOME,0
CUST-001509,31,161838.34,13,54716.08,60,15.45,601,0.1770,3,1,UNEMPLOYED,BACHELORS,DIVORCED,EDUCATION,1
CUST-001510,29,113859.16,1,77596.48,60,22.71,758,0.2653,2,2,UNEMPLOYED,PHD,SINGLE,BUSINESS,1
CUST-001511,42,150543.27,10,63205.96,48,17.07,657,0.2494,1,3,RETIRED,PHD,SINGLE,BUSINESS,1
CUST-001512,59,18495.46,22,17768.24,36,18.50,651,0.1929,4,0,SELF_EMPLOYED,HIGH_SCHOOL,MARRIED,PERSONAL,1
CUST-001513,29,106556.68,11,44385.01,12,5.04,436,0.0584,6,0,UNEMPLOYED,PHD,SINGLE,PERSONAL,1
CUST-001514,66,29505.26,11,80396.86,24,23.25,483,0.5495,5,0,SALARIED,MASTERS,MARRIED,PERSONAL,1
CUST-001515,22,113640.14,4,66460.22,60,18.44,459,0.2112,3,0,RETIRED,MASTERS,SINGLE,AUTO,0
CUST-001516,29,42472.69,11,34299.43,36,21.31,475,0.5793,5,0,UNEMPLOYED,HIGH_SCHOOL,MARRIED,HOME,1
CUST-001517,56,22209.76,18,4453.04,36,20.11,360,0.1248,5,2,RETIRED,MASTERS,SINGLE,AUTO,1
CUST-001518,63,46595.63,29,71427.36,36,16.45,605,0.3545,3,1,SALARIED,BACHELORS,SINGLE,EDUCATION,1
CUST-001519,65,39772.30,0,74998.45,24,6.24,805,0.4336,3,3,RETIRED,MASTERS,SINGLE,AUTO,1
CUST-001520,44,199034.81,9,50316.99,60,17.90,503,0.3574,6,0,SALARIED,BACHELORS,SINGLE,PERSONAL,1
CUST-001521,52,117566.46,17,55277.34,60,6.85,349,0.4514,1,0,SALARIED,PHD,SINGLE,PERSONAL,0
CUST-001522,46,42845.15,19,85642.61,60,11.76,560,0.1122,2,1,SELF_EMPLOYED,HIGH_SCHOOL,MARRIED,HOME,0
CUST-001523,52,100339.75,30,73228.42,36,22.77,742,0.3430,0,0,SALARIED,MASTERS,SINGLE,HOME,0
CUST-001524,25,30458.08,5,8552.00,36,20.75,744,0.6119,6,0,SELF_EMPLOYED,HIGH_SCHOOL,SINGLE,PERSONAL,0
CUST-001525,62,123348.03,15,32082.44,60,19.54,339,0.4241,5,0,SALARIED,BACHELORS,DIVORCED,PERSONAL,1
CUST-001526,36,178016.20,10,59287.51,12,9.11,692,0.6569,5,0,RETIRED,PHD,DIVORCED,HOME,0
CUST-001527,27,29305.74,1,62882.95,60,16.22,390,0.3393,2,0,RETIRED,MASTERS,MARRIED,EDUCATION,0
CUST-001528,64,56788.25,5,65320.45,12,18.14,768,0.2691,0,0,RETIRED,PHD,DIVORCED,BUSINESS,0
CUST-001529,52,30333.30,4,35457.15,36,17.09,458,0.3086,5,0,SELF_EMPLOYED,MASTERS,DIVORCED,PERSONAL,1
CUST-001530,35,150036.20,17,26855.85,60,5.51,483,0.6200,0,0,RETIRED,HIGH_SCHOOL,MARRIED,EDUCATION,0
CUST-001531,42,49988.87,24,43351.83,36,17.57,702,0.1197,6,0,RETIRED,BACHELORS,DIVORCED,EDUCATION,0
CUST-001532,65,101121.62,21,11206.30,36,22.80,595,0.0864,2,1,SALARIED,HIGH_SCHOOL,SINGLE,BUSINESS,1
CUST-001533,65,194391.00,26,58220.98,48,5.55,578,0.1672,2,0,RETIRED,BACHELORS,MARRIED,PERSONAL,0
CUST-001534,32,85051.65,14,86139.54,48,19.15,350,0.3184,3,0,SALARIED,PHD,SINGLE,AUTO,0
CUST-001535,42,93970.44,17,89142.88,36,23.45,757,0.6218,5,0,UNEMPLOYED,MASTERS,DIVORCED,PERSONAL,1
CUST-001536,35,165178.67,1,65496.36,24,21.49,783,0.4151,5,0,SALARIED,HIGH_SCHOOL,MARRIED,AUTO,0
CUST-001537,44,29026.71,1,30551.19,48,8.93,515,0.5605,5,0,SELF_EMPLOYED,PHD,DIVORCED,HOME,0
CUST-001538,26,91231.89,8,77158.85,60,24.80,779,0.4951,5,0,UNEMPLOYED,BACHELORS,MARRIED,AUTO,1
CUST-001539,33,158924.55,7,70731.91,48,18.95,632,0.5631,2,0,UNEMPLOYED,BACHELORS,SINGLE,AUTO,1
CUST-001540,40,78592.14,1,43391.32,60,16.96,618,0.6982,4,0,RETIRED,HIGH_SCHOOL,DIVORCED,EDUCATION,0
CUST-001541,46,126551.11,27,38001.41,48,13.83,714,0.3335,3,0,UNEMPLOYED,PHD,DIVORCED,AUTO,0
CUST-001542,45,192096.68,11,68234.52,60,9.77,612,0.0550,6,0,UNEMPLOYED,PHD,DIVORCED,BUSINESS,1
CUST-001543,60,150986.56,24,80203.25,36,13.18,369,0.4486,2,0,UNEMPLOYED,MASTERS,DIVORCED,PERSONAL,0
CUST-001544,44,141962.19,26,78111.44,48,11.46,675,0.1028,5,3,UNEMPLOYED,PHD,MARRIED,BUSINESS,1
CUST-001545,22,71217.79,4,52753.20,60,18.55,410,0.3555,5,0,UNEMPLOYED,BACHELORS,SINGLE,BUSINESS,1
CUST-001546,55,19424.63,1,17005.06,24,7.72,690,0.2240,3,0,SELF_EMPLOYED,BACHELORS,MARRIED,EDUCATION,0
CUST-001547,52,157043.60,10,19501.10,24,10.11,785,0.2307,5,0,UNEMPLOYED,PHD,MARRIED,AUTO,0
CUST-001548,55,165449.31,34,53168.56,24,24.40,709,0.2736,2,0,SALARIED,BACHELORS,MARRIED,HOME,0
CUST-001549,48,42969.09,6,62678.92,24,7.79,446,0.3504,0,0,SALARIED,PHD,DIVORCED,AUTO,1
CUST-001550,64,110410.76,20,39314.01,60,13.15,406,0.6965,6,0,UNEMPLOYED,HIGH_SCHOOL,MARRIED,HOME,0
CUST-001551,51,192120.69,29,37014.11,60,8.47,761,0.3274,2,0,RETIRED,PHD,DIVORCED,AUTO,0
CUST-001552,67,41479.91,5,42565.79,36,23.77,483,0.1111,5,0,RETIRED,MASTERS,MARRIED,PERSONAL,0
CUST-001553,65,123360.95,29,7272.65,60,12.34,589,0.4861,0,0,UNEMPLOYED,PHD,SINGLE,EDUCATION,1
CUST-001554,42,189995.41,24,67545.92,36,13.56,522,0.4992,4,0,SELF_EMPLOYED,PHD,SINGLE,PERSONAL,1
CUST-001555,22,50220.36,4,3274.81,60,18.55,366,0.0606,1,0,UNEMPLOYED,HIGH_SCHOOL,MARRIED,PERSONAL,0
CUST-001556,49,55665.27,14,87277.24,48,16.49,836,0.2787,3,0,UNEMPLOYED,PHD,DIVORCED,AUTO,0
CUST-001557,35,190837.47,17,73542.84,12,15.79,368,0.6255,5,0,SALARIED,MASTERS,DIVORCED,AUTO,0
CUST-001558,50,62184.23,8,76980.59,24,19.93,519,0.6678,0,0,RETIRED,MASTERS,DIVORCED,PERSONAL,1
CUST-001559,34,25303.68,13,88196.19,60,14.27,471,0.5017,1,0,UNEMPLOYED,MASTERS,MARRIED,HOME,0
CUST-001560,44,143779.16,26,22646.12,24,20.35,646,0.5573,3,0,SELF_EMPLOYED,PHD,MARRIED,EDUCATION,1
CUST-001561,53,36100.95,24,31508.75,60,16.16,592,0.4802,0,0,UNEMPLOYED,HIGH_SCHOOL,DIVORCED,AUTO,1
CUST-001562,68,120012.30,6,43471.94,48,22.73,370,0.3981,4,0,SALARIED,PHD,MARRIED,HOME,0
CUST-001563,55,86650.37,10,25350.50,48,8.11,405,0.6886,2,0,UNEMPLOYED,PHD,SINGLE,EDUCATION,0
CUST-001564,53,108256.42,28,22675.08,24,18.56,400,0.2616,6,0,SALARIED,PHD,DIVORCED,BUSINESS,1
CUST-001565,43,100885.21,11,4851.18,24,19.29,681,0.5140,2,0,SALARIED,PHD,DIVORCED,HOME,0
CUST-001566,33,157162.80,15,68057.65,12,16.88,593,0.6265,5,0,SALARIED,PHD,MARRIED,PERSONAL,0
CUST-001567,68,92920.15,10,36388.09,60,13.69,645,0.6367,4,0,SELF_EMPLOYED,HIGH_SCHOOL,SINGLE,AUTO,1
CUST-001568,70,91438.03,31,52143.49,60,16.21,529,0.1225,4,0,RETIRED,MASTERS,SINGLE,HOME,0
CUST-001569,70,141329.83,34,84693.46,24,21.84,528,0.4485,6,0,SELF_EMPLOYED,MASTERS,MARRIED,PERSONAL,1
CUST-001570,61,126916.38,16,33113.54,36,11.94,327,0.4489,5,0,UNEMPLOYED,PHD,DIVORCED,EDUCATION,1
CUST-001571,23,177798.16,5,37021.49,12,16.54,361,0.4174,2,0,UNEMPLOYED,PHD,SINGLE,HOME,1
CUST-001572,62,95261.65,17,42312.23,36,14.62,485,0.2880,5,0,SELF_EMPLOYED,PHD,MARRIED,PERSONAL,0
CUST-001573,32,172406.98,14,19136.91,12,11.46,618,0.5195,3,0,SELF_EMPLOYED,MASTERS,MARRIED,AUTO,0
CUST-001574,48,44056.47,30,32374.90,60,24.61,668,0.4749,2,0,UNEMPLOYED,MASTERS,MARRIED,HOME,1
CUST-001575,57,144659.04,32,7858.53,36,13.94,430,0.0797,0,0,UNEMPLOYED,PHD,MARRIED,EDUCATION,1
CUST-001576,39,18715.34,16,25957.03,48,13.78,?,0.0593,2,0,SELF_EMPLOYED,HIGH_SCHOOL,SINGLE,AUTO,1
CUST-001577,34,93429.25,8,52182.35,36,17.77,449,0.3085,2,0,SALARIED,BACHELORS,MARRIED,AUTO,1
CUST-001578,60,177371.40,0,55664.78,36,11.91,394,0.5077,6,0,UNEMPLOYED,HIGH_SCHOOL,SINGLE,HOME,1
CUST-001579,51,91286.10,0,29318.96,12,12.12,449,0.6409,4,0,SALARIED,HIGH_SCHOOL,DIVORCED,EDUCATION,0
CUST-001580,22,156409.31,4,31569.55,60,8.80,303,0.4432,0,0,SELF_EMPLOYED,PHD,DIVORCED,EDUCATION,0
CUST-001581,44,169057.86,?,3642.20,48,9.51,593,0.4282,6,0,SALARIED,HIGH_SCHOOL,MARRIED,HOME,0
CUST-001582,41,175043.70,23,89535.66,24,19.59,385,0.3526,2,0,RETIRED,HIGH_SCHOOL,SINGLE,AUTO,1
CUST-001583,24,47050.13,6,5952.33,48,9.94,472,0.4199,6,0,SELF_EMPLOYED,PHD,SINGLE,AUTO,1
CUST-001584,63,130911.26,5,67842.89,60,9.55,300,0.5602,2,0,UNEMPLOYED,HIGH_SCHOOL,MARRIED,PERSONAL,0
CUST-001585,48,68533.85,28,43736.96,48,13.36,484,0.1091,4,2,RETIRED,MASTERS,DIVORCED,HOME,1
CUST-001586,50,154471.59,30,42458.25,48,24.04,605,0.1578,3,2,UNEMPLOYED,MASTERS,SINGLE,HOME,1
CUST-001587,65,82953.54,11,67079.52,24,11.28,741,0.5995,2,2,RETIRED,MASTERS,MARRIED,BUSINESS,1
CUST-001588,26,62348.65,8,54875.69,36,12.02,455,0.4657,5,0,UNEMPLOYED,BACHELORS,MARRIED,AUTO,1
CUST-001589,62,38536.34,10,77795.22,60,17.77,330,0.0601,0,0,RETIRED,PHD,SINGLE,HOME,1
CUST-001590,46,30773.25,28,58356.97,48,18.95,588,0.1737,0,0,RETIRED,BACHELORS,SINGLE,HOME,1
CUST-001591,69,91671.09,11,53136.66,12,20.54,684,0.2798,2,3,SALARIED,HIGH_SCHOOL,SINGLE,HOME,1
CUST-001592,27,82589.31,9,29544.62,36,18.97,481,0.4521,1,0,RETIRED,BACHELORS,MARRIED,PERSONAL,0
CUST-001593,30,40019.68,12,68551.11,12,9.89,693,0.6245,0,0,SELF_EMPLOYED,PHD,MARRIED,BUSINESS,0
CUST-001594,44,19915.56,11,20718.01,24,12.60,837,0.0888,4,0,RETIRED,HIGH_SCHOOL,MARRIED,PERSONAL,0
CUST-001595,32,56551.32,14,78459.85,12,24.23,728,0.5163,5,0,SELF_EMPLOYED,MASTERS,DIVORCED,PERSONAL,0
CUST-001596,44,122692.38,26,19055.36,60,21.71,621,0.4115,2,0,SELF_EMPLOYED,MASTERS,MARRIED,AUTO,1
CUST-001597,31,38229.29,?,73090.13,12,18.25,675,0.1583,4,0,RETIRED,MASTERS,MARRIED,AUTO,1
CUST-001598,61,23436.23,24,55894.96,12,15.90,350,0.3052,1,0,SELF_EMPLOYED,HIGH_SCHOOL,DIVORCED,HOME,1
CUST-001599,23,65952.74,5,76825.41,48,7.94,575,0.1842,3,0,SELF_EMPLOYED,MASTERS,DIVORCED,AUTO,1
CUST-001600,51,31987.58,14,64827.28,48,16.48,460,0.5378,2,0,RETIRED,MASTERS,DIVORCED,PERSONAL,1
CUST-001601,33,191541.72,7,40150.61,60,11.95,682,0.5928,0,0,UNEMPLOYED,PHD,MARRIED,AUTO,0
CUST-001602,35,39595.22,2,59669.79,60,11.42,786,0.6973,0,3,RETIRED,BACHELORS,SINGLE,EDUCATION,1
CUST-001603,64,52428.70,28,8669.70,12,22.13,322,0.2516,4,0,RETIRED,MASTERS,DIVORCED,HOME,0
CUST-001604,46,35802.79,10,37873.83,48,11.96,449,0.2766,5,0,RETIRED,BACHELORS,DIVORCED,BUSINESS,0
CUST-001605,49,145239.63,0,85446.83,12,22.62,774,0.4121,2,0,SALARIED,MASTERS,SINGLE,HOME,0
CUST-001606,23,175158.47,5,82428.38,48,10.82,843,0.3777,3,0,RETIRED,BACHELORS,SINGLE,HOME,0
CUST-001607,59,113839.70,5,41254.63,48,9.53,469,0.4094,1,0,SALARIED,BACHELORS,SINGLE,EDUCATION,0
CUST-001608,53,80491.99,29,41540.16,36,12.59,490,0.2238,2,1,SALARIED,HIGH_SCHOOL,SINGLE,BUSINESS,1
CUST-001609,30,30866.92,5,20780.31,48,5.82,725,0.2599,5,0,SELF_EMPLOYED,PHD,MARRIED,EDUCATION,0
CUST-001610,62,63969.08,10,54590.43,36,14.91,309,0.1551,0,0,RETIRED,MASTERS,SINGLE,EDUCATION,0
CUST-001611,46,167187.47,0,6713.55,24,18.02,320,0.1674,0,0,RETIRED,HIGH_SCHOOL,MARRIED,EDUCATION,0
CUST-001612,32,137869.41,2,56809.20,12,23.13,325,0.4352,6,3,SELF_EMPLOYED,HIGH_SCHOOL,DIVORCED,HOME,1
CUST-001613,66,137827.50,5,88816.96,12,11.69,539,0.1745,1,0,SALARIED,PHD,DIVORCED,AUTO,0
CUST-001614,52,66198.55,33,17087.55,24,24.53,820,0.6622,1,0,RETIRED,BACHELORS,DIVORCED,AUTO,1
CUST-001615,23,38218.62,5,42401.02,60,19.33,604,0.6024,6,0,SELF_EMPLOYED,PHD,DIVORCED,AUTO,1
CUST-001616,60,175779.71,28,84496.14,60,18.73,747,0.1176,3,0,SELF_EMPLOYED,PHD,MARRIED,PERSONAL,0
CUST-001617,55,180889.05,10,20264.94,24,14.44,703,0.3358,6,0,SELF_EMPLOYED,MASTERS,DIVORCED,PERSONAL,1
CUST-001618,58,126803.47,30,68667.18,12,7.91,739,0.4020,5,0,UNEMPLOYED,MASTERS,SINGLE,AUTO,0
CUST-001619,69,76299.69,10,28064.86,36,17.41,673,0.2194,3,3,SELF_EMPLOYED,BACHELORS,DIVORCED,EDUCATION,1
CUST-001620,22,135976.03,2,12335.64,24,19.97,553,0.4415,3,0,SALARIED,PHD,SINGLE,EDUCATION,1
CUST-001621,21,50113.56,0,22490.18,48,7.36,659,0.2045,5,0,RETIRED,HIGH_SCHOOL,SINGLE,EDUCATION,1
CUST-001622,54,48270.73,33,56165.41,12,16.55,801,0.3882,5,0,SALARIED,HIGH_SCHOOL,SINGLE,AUTO,0
CUST-001623,46,25253.63,28,65725.79,60,22.83,691,0.5807,1,0,SELF_EMPLOYED,HIGH_SCHOOL,MARRIED,BUSINESS,0
CUST-001624,39,50406.05,5,43513.09,48,15.84,312,0.4513,2,0,SELF_EMPLOYED,PHD,MARRIED,EDUCATION,1
CUST-001625,52,91860.78,12,36776.68,48,9.03,449,0.4879,0,0,SALARIED,MASTERS,MARRIED,AUTO,1
CUST-001626,24,89627.45,3,18851.62,60,21.43,410,0.6774,6,0,RETIRED,MASTERS,DIVORCED,HOME,0
CUST-001627,26,89094.48,8,38279.03,12,23.12,535,0.6839,5,0,SALARIED,BACHELORS,SINGLE,EDUCATION,1
CUST-001628,35,83080.69,17,57632.84,36,7.49,627,0.6839,5,0,RETIRED,HIGH_SCHOOL,SINGLE,HOME,0
CUST-001629,33,197008.32,15,65794.59,24,23.73,835,0.2351,4,0,RETIRED,MASTERS,MARRIED,AUTO,0
CUST-001630,50,31891.98,32,64823.08,48,14.00,?,0.1766,4,0,UNEMPLOYED,HIGH_SCHOOL,SINGLE,BUSINESS,1
CUST-001631,21,?,3,73935.20,24,22.26,782,0.1777,5,0,SELF_EMPLOYED,MASTERS,DIVORCED,HOME,0
CUST-001632,30,82032.18,11,4861.78,12,9.92,721,0.1267,5,0,SELF_EMPLOYED,HIGH_SCHOOL,DIVORCED,PERSONAL,0
CUST-001633,64,112284.91,8,11099.90,60,23.02,403,0.4887,3,0,RETIRED,BACHELORS,DIVORCED,AUTO,0
CUST-001634,45,27687.15,15,43674.06,36,24.93,621,0.6687,1,0,UNEMPLOYED,PHD,SINGLE,HOME,1
CUST-001635,26,23233.48,1,6286.86,60,6.23,519,0.1001,3,0,SELF_EMPLOYED,MASTERS,DIVORCED,PERSONAL,0
CUST-001636,59,165021.55,8,9509.81,36,14.96,517,0.4246,5,0,SELF_EMPLOYED,PHD,DIVORCED,PERSONAL,0
CUST-001637,27,146057.17,9,76225.63,24,5.43,849,0.6287,3,3,SALARIED,PHD,SINGLE,AUTO,1
CUST-001638,62,187917.62,9,23843.18,12,14.74,823,0.1706,0,0,UNEMPLOYED,HIGH_SCHOOL,MARRIED,BUSINESS,0
CUST-001639,33,126840.00,12,78203.43,24,21.52,792,0.2583,4,3,SELF_EMPLOYED,BACHELORS,SINGLE,BUSINESS,1
CUST-001640,62,109537.29,22,84819.63,12,9.05,455,0.1158,1,0,SALARIED,MASTERS,MARRIED,BUSINESS,0
CUST-001641,37,157756.38,19,3366.03,60,12.16,689,0.6792,2,0,RETIRED,BACHELORS,MARRIED,PERSONAL,0
CUST-001642,33,51557.35,15,30623.21,36,8.47,831,0.6605,2,0,SELF_EMPLOYED,MASTERS,SINGLE,BUSINESS,1
CUST-001643,64,41243.47,31,76970.56,12,24.75,646,0.1764,0,0,SALARIED,MASTERS,SINGLE,EDUCATION,1
CUST-001644,62,64271.18,4,86051.16,12,11.30,432,0.5077,1,0,UNEMPLOYED,MASTERS,DIVORCED,AUTO,0
CUST-001645,23,39370.68,5,65915.07,60,24.22,600,0.1798,5,1,SELF_EMPLOYED,MASTERS,SINGLE,AUTO,1
CUST-001646,60,117244.91,0,12117.26,36,14.34,847,0.6452,5,0,UNEMPLOYED,HIGH_SCHOOL,DIVORCED,BUSINESS,0
CUST-001647,30,106019.82,12,24309.15,60,14.17,371,0.4407,5,0,SALARIED,BACHELORS,DIVORCED,PERSONAL,0
CUST-001648,47,195542.77,22,64977.07,48,19.35,304,0.5867,0,1,SALARIED,HIGH_SCHOOL,DIVORCED,AUTO,0
CUST-001649,40,68418.68,21,12493.53,24,6.22,579,0.2522,0,0,SELF_EMPLOYED,PHD,DIVORCED,HOME,0
CUST-001650,26,49726.01,8,42920.97,48,10.10,747,0.4842,0,0,SELF_EMPLOYED,PHD,MARRIED,AUTO,0
CUST-001651,68,154285.47,0,88992.90,24,12.21,783,0.4740,3,0,RETIRED,HIGH_SCHOOL,SINGLE,PERSONAL,1
CUST-001652,68,131850.06,31,69644.23,12,15.55,477,0.2012,1,0,RETIRED,HIGH_SCHOOL,DIVORCED,HOME,1
CUST-001653,35,112562.11,9,26749.85,12,11.83,389,0.2880,1,1,SALARIED,MASTERS,DIVORCED,BUSINESS,1
CUST-001654,66,190993.23,34,81166.30,48,5.92,?,0.1256,6,0,UNEMPLOYED,BACHELORS,DIVORCED,BUSINESS,0
CUST-001655,43,33302.46,23,81232.62,48,18.96,554,0.0873,1,0,UNEMPLOYED,HIGH_SCHOOL,SINGLE,HOME,1
CUST-001656,31,145881.17,13,5999.75,12,14.38,804,0.1206,6,0,RETIRED,PHD,SINGLE,PERSONAL,0
CUST-001657,70,187005.78,11,17857.88,48,7.20,589,0.5330,5,0,SALARIED,PHD,MARRIED,PERSONAL,0
CUST-001658,68,161490.80,28,8691.64,12,15.98,535,0.0886,2,1,SELF_EMPLOYED,HIGH_SCHOOL,SINGLE,HOME,1
CUST-001659,22,133671.01,3,17695.28,36,13.51,327,0.6594,6,0,RETIRED,PHD,DIVORCED,BUSINESS,0
CUST-001660,57,196020.31,4,60698.69,36,21.30,645,0.5569,6,0,UNEMPLOYED,HIGH_SCHOOL,SINGLE,EDUCATION,1
CUST-001661,64,178493.58,25,85660.85,48,13.27,631,0.5229,4,0,UNEMPLOYED,MASTERS,DIVORCED,HOME,1
CUST-001662,46,81086.08,28,70939.88,12,8.16,467,0.0610,4,0,SALARIED,BACHELORS,SINGLE,EDUCATION,0
CUST-001663,36,137957.67,1,82201.45,24,10.40,708,0.6774,4,3,UNEMPLOYED,BACHELORS,SINGLE,AUTO,1
CUST-001664,28,98180.24,10,16374.47,60,19.81,553,0.2305,4,1,SELF_EMPLOYED,BACHELORS,SINGLE,EDUCATION,1
CUST-001665,31,65055.25,13,24287.90,24,6.66,784,0.6208,0,0,RETIRED,BACHELORS,DIVORCED,BUSINESS,0
CUST-001666,54,113085.13,3,16338.52,60,14.67,446,0.4462,0,0,SELF_EMPLOYED,HIGH_SCHOOL,MARRIED,BUSINESS,0
CUST-001667,38,81867.97,12,15254.39,36,18.21,?,0.2877,1,0,RETIRED,PHD,SINGLE,BUSINESS,0
CUST-001668,52,176702.61,10,9804.30,12,10.41,617,0.4484,0,0,SELF_EMPLOYED,BACHELORS,DIVORCED,BUSINESS,1
CUST-001669,68,48621.82,22,32885.29,12,20.12,679,0.4121,2,0,RETIRED,BACHELORS,MARRIED,PERSONAL,1
CUST-001670,61,108485.75,3,32944.08,60,5.05,455,0.4963,0,0,SALARIED,MASTERS,SINGLE,BUSINESS,0
CUST-001671,45,116099.74,4,26309.52,24,11.17,400,0.5178,3,0,RETIRED,PHD,MARRIED,HOME,1
CUST-001672,51,163805.29,33,35295.30,60,9.06,398,0.1419,1,0,RETIRED,MASTERS,DIVORCED,HOME,0
CUST-001673,66,158639.85,31,30599.43,36,14.82,645,0.2850,1,0,SALARIED,PHD,DIVORCED,AUTO,0
CUST-001674,59,51690.03,24,54760.21,48,15.65,433,0.6795,0,0,SALARIED,MASTERS,DIVORCED,BUSINESS,1
CUST-001675,59,152112.51,24,55986.26,12,12.06,429,0.2525,0,3,SALARIED,HIGH_SCHOOL,DIVORCED,EDUCATION,0
CUST-001676,26,186991.98,8,61522.41,24,10.43,523,0.0793,3,0,RETIRED,PHD,MARRIED,HOME,0
CUST-001677,34,158284.08,16,25236.69,12,5.39,590,0.6490,6,0,UNEMPLOYED,HIGH_SCHOOL,MARRIED,AUTO,1
CUST-001678,58,71906.22,20,60786.70,60,16.70,514,0.4165,3,0,SALARIED,MASTERS,SINGLE,PERSONAL,0
CUST-001679,41,110204.34,0,62942.06,36,7.08,361,0.5511,3,0,SALARIED,HIGH_SCHOOL,MARRIED,BUSINESS,0
CUST-001680,55,61722.40,12,22832.39,36,12.91,471,0.5692,3,0,SALARIED,HIGH_SCHOOL,MARRIED,AUTO,1
CUST-001681,60,44741.53,14,83633.91,48,15.29,833,0.3242,6,0,SALARIED,BACHELORS,SINGLE,HOME,0
CUST-001682,32,80816.93,14,60001.31,60,23.85,453,0.0564,3,0,UNEMPLOYED,BACHELORS,SINGLE,EDUCATION,1
CUST-001683,37,51965.73,0,33274.82,12,16.25,332,0.1228,3,0,SELF_EMPLOYED,MASTERS,DIVORCED,AUTO,0
CUST-001684,54,193814.64,19,57502.34,36,5.47,842,0.1058,5,0,RETIRED,MASTERS,MARRIED,PERSONAL,0
CUST-001685,27,91664.81,9,39344.89,36,17.90,390,0.5615,6,0,RETIRED,HIGH_SCHOOL,MARRIED,EDUCATION,0
CUST-001686,46,92881.81,27,45369.27,36,6.77,540,0.5033,6,0,SELF_EMPLOYED,PHD,DIVORCED,BUSINESS,0
CUST-001687,38,26788.90,20,12027.15,12,5.57,394,0.2968,3,0,RETIRED,MASTERS,SINGLE,HOME,0
CUST-001688,65,199077.55,2,60433.54,12,17.64,371,0.1581,5,2,UNEMPLOYED,HIGH_SCHOOL,MARRIED,EDUCATION,1
CUST-001689,40,66018.41,13,33460.81,12,20.90,551,0.3602,6,0,RETIRED,BACHELORS,DIVORCED,BUSINESS,0
CUST-001690,55,198296.80,29,53019.00,36,15.08,752,0.0545,1,0,RETIRED,BACHELORS,SINGLE,HOME,0
CUST-001691,63,127050.88,14,17543.56,36,7.21,344,0.5619,1,2,SALARIED,MASTERS,SINGLE,EDUCATION,1
CUST-001692,68,98789.93,?,28118.66,12,21.89,700,0.4366,2,0,RETIRED,BACHELORS,DIVORCED,PERSONAL,0
CUST-001693,49,178194.33,6,34825.11,12,9.87,578,0.0615,1,1,RETIRED,PHD,DIVORCED,BUSINESS,1
CUST-001694,51,163281.69,32,77249.77,24,9.84,459,0.1512,6,0,SELF_EMPLOYED,MASTERS,DIVORCED,HOME,0
CUST-001695,29,90636.84,11,60987.72,60,8.70,787,0.3964,1,0,UNEMPLOYED,MASTERS,DIVORCED,HOME,0
CUST-001696,68,83313.94,2,78034.70,36,13.09,400,0.5089,1,0,UNEMPLOYED,MASTERS,MARRIED,EDUCATION,1
CUST-001697,51,31718.33,26,45385.93,48,9.67,537,0.1148,6,2,SELF_EMPLOYED,BACHELORS,DIVORCED,HOME,1
CUST-001698,49,138354.83,25,86662.92,24,22.16,726,0.6100,5,0,RETIRED,PHD,MARRIED,PERSONAL,0
CUST-001699,47,134363.29,14,34630.06,24,15.12,819,0.6184,4,0,SELF_EMPLOYED,HIGH_SCHOOL,MARRIED,EDUCATION,0
CUST-001700,36,127186.82,12,3018.62,24,19.85,419,0.6205,2,1,UNEMPLOYED,HIGH_SCHOOL,SINGLE,AUTO,1
CUST-001701,70,44308.09,28,17633.03,48,20.40,554,0.0542,3,0,UNEMPLOYED,PHD,SINGLE,EDUCATION,0
CUST-001702,50,140698.47,31,45505.46,24,23.51,586,0.6164,3,0,UNEMPLOYED,HIGH_SCHOOL,DIVORCED,HOME,1
CUST-001703,53,96749.25,34,31721.56,48,12.22,511,0.3612,6,2,RETIRED,BACHELORS,DIVORCED,BUSINESS,1
CUST-001704,40,31886.73,18,71750.54,12,9.30,485,0.2872,0,0,SALARIED,PHD,MARRIED,EDUCATION,0
CUST-001705,41,70539.01,23,9656.88,12,22.74,753,0.5313,3,0,SELF_EMPLOYED,PHD,SINGLE,BUSINESS,1
CUST-001706,64,98971.25,32,25784.16,60,10.32,512,0.5552,6,0,SELF_EMPLOYED,PHD,MARRIED,EDUCATION,1
CUST-001707,50,39841.93,28,31299.79,48,10.46,679,0.1884,2,0,SALARIED,HIGH_SCHOOL,DIVORCED,AUTO,0
CUST-001708,29,145641.42,11,18445.78,60,13.97,648,0.6928,6,0,SELF_EMPLOYED,MASTERS,DIVORCED,AUTO,0
CUST-001709,26,167338.15,8,10230.41,12,15.02,621,0.6108,4,0,UNEMPLOYED,HIGH_SCHOOL,DIVORCED,HOME,1
CUST-001710,32,119095.13,7,18962.13,48,23.55,738,0.6618,6,0,SELF_EMPLOYED,BACHELORS,MARRIED,PERSONAL,1
CUST-001711,70,54601.70,13,72585.93,12,21.05,372,0.0503,0,2,SELF_EMPLOYED,BACHELORS,MARRIED,AUTO,0
CUST-001712,42,168331.10,13,24050.61,48,11.56,797,0.0818,6,3,RETIRED,HIGH_SCHOOL,SINGLE,HOME,1
CUST-001713,27,122857.78,9,82561.52,24,14.86,480,0.0853,6,0,RETIRED,MASTERS,MARRIED,AUTO,1
CUST-001714,42,26269.76,11,42505.85,12,17.12,814,0.4304,5,0,SELF_EMPLOYED,HIGH_SCHOOL,MARRIED,EDUCATION,1
CUST-001715,46,115207.20,3,7669.93,24,18.82,657,0.1189,1,0,RETIRED,PHD,MARRIED,BUSINESS,0
CUST-001716,24,34077.43,6,61905.56,60,23.44,707,0.6810,6,0,SALARIED,BACHELORS,MARRIED,EDUCATION,0
CUST-001717,62,130977.52,13,3981.86,48,16.47,301,0.2670,4,0,SALARIED,BACHELORS,MARRIED,HOME,0
CUST-001718,49,187790.73,6,71411.99,36,15.65,761,0.5692,5,0,SELF_EMPLOYED,HIGH_SCHOOL,MARRIED,PERSONAL,0
CUST-001719,59,96960.58,30,27744.51,60,9.84,597,0.2627,6,0,SALARIED,PHD,SINGLE,HOME,0
CUST-001720,70,99297.39,24,3261.35,60,8.80,364,0.5493,1,0,SALARIED,HIGH_SCHOOL,MARRIED,BUSINESS,0
CUST-001721,53,138788.79,10,27295.66,48,12.09,505,0.5889,5,0,SALARIED,HIGH_SCHOOL,DIVORCED,PERSONAL,0
CUST-001722,47,162395.43,11,74954.49,36,20.56,558,0.2522,6,0,SALARIED,BACHELORS,DIVORCED,AUTO,1
CUST-001723,40,124019.76,6,54380.62,48,23.50,712,0.5509,0,0,SELF_EMPLOYED,PHD,MARRIED,AUTO,1
CUST-001724,40,141373.69,21,48493.22,24,19.66,602,0.0889,2,0,SALARIED,MASTERS,DIVORCED,PERSONAL,0
CUST-001725,61,109131.35,7,72125.62,48,5.56,608,0.5815,5,2,UNEMPLOYED,MASTERS,SINGLE,BUSINESS,1
CUST-001726,56,159407.93,0,68201.46,24,13.77,808,0.1353,6,0,SALARIED,BACHELORS,MARRIED,AUTO,1
CUST-001727,69,173863.34,1,55420.10,60,9.05,561,0.3312,6,3,SALARIED,BACHELORS,MARRIED,PERSONAL,1
CUST-001728,56,143005.51,14,86166.86,60,19.42,346,0.3882,3,0,SELF_EMPLOYED,HIGH_SCHOOL,MARRIED,HOME,1
CUST-001729,32,38909.47,14,62359.91,48,8.09,331,0.2698,6,2,SALARIED,HIGH_SCHOOL,SINGLE,AUTO,1
CUST-001730,47,92177.00,22,8578.77,36,23.49,?,0.2408,0,0,SALARIED,HIGH_SCHOOL,DIVORCED,EDUCATION,0
CUST-001731,29,28026.85,11,42706.53,60,6.79,761,0.4999,2,2,SELF_EMPLOYED,BACHELORS,DIVORCED,BUSINESS,1
CUST-001732,29,79938.39,11,5816.55,12,22.23,826,0.1691,0,0,RETIRED,BACHELORS,DIVORCED,HOME,1
CUST-001733,43,47223.44,0,53623.19,60,8.85,614,0.3212,2,0,UNEMPLOYED,HIGH_SCHOOL,SINGLE,BUSINESS,1
CUST-001734,27,196130.51,2,22993.09,24,22.22,740,0.6015,2,0,RETIRED,HIGH_SCHOOL,DIVORCED,AUTO,0
CUST-001735,69,104116.43,11,23101.36,36,23.03,301,0.3661,3,0,RETIRED,MASTERS,DIVORCED,HOME,1
CUST-001736,49,35619.09,14,79332.34,48,6.56,579,0.5994,1,2,SELF_EMPLOYED,HIGH_SCHOOL,SINGLE,PERSONAL,1
CUST-001737,60,44420.76,19,43668.31,24,7.78,764,0.3412,1,0,SELF_EMPLOYED,PHD,DIVORCED,PERSONAL,1
CUST-001738,41,113506.75,23,63568.92,12,23.74,821,0.5968,2,0,UNEMPLOYED,PHD,DIVORCED,HOME,1
CUST-001739,70,180542.74,31,19746.96,48,21.39,522,0.0970,5,0,SELF_EMPLOYED,BACHELORS,DIVORCED,PERSONAL,0
CUST-001740,52,67004.13,4,19055.01,12,23.69,704,0.3115,4,0,RETIRED,BACHELORS,MARRIED,AUTO,0
CUST-001741,52,190290.35,20,41583.94,12,8.26,353,0.5727,3,0,RETIRED,HIGH_SCHOOL,DIVORCED,EDUCATION,0
CUST-001742,30,62585.94,12,87004.83,24,16.70,616,0.3806,3,0,RETIRED,BACHELORS,DIVORCED,EDUCATION,1
CUST-001743,28,37106.05,10,46379.93,12,11.60,803,0.5416,0,0,UNEMPLOYED,HIGH_SCHOOL,DIVORCED,AUTO,1
CUST-001744,64,40300.04,16,86663.28,24,18.78,432,0.1649,6,0,SELF_EMPLOYED,MASTERS,DIVORCED,HOME,0
CUST-001745,45,175571.68,27,70035.11,60,18.32,519,0.5262,5,2,RETIRED,MASTERS,MARRIED,AUTO,1
CUST-001746,43,81180.59,25,58305.97,60,6.79,751,0.5260,3,0,SELF_EMPLOYED,BACHELORS,DIVORCED,EDUCATION,1
CUST-001747,34,150337.46,16,60175.64,48,23.54,426,0.6426,5,0,SALARIED,MASTERS,SINGLE,AUTO,0
CUST-001748,60,157618.74,17,73225.62,12,15.40,638,0.1636,6,0,SALARIED,PHD,DIVORCED,PERSONAL,0
CUST-001749,58,151566.04,19,49443.68,12,10.41,794,0.5245,0,0,SALARIED,BACHELORS,DIVORCED,BUSINESS,0
CUST-001750,39,186767.45,17,14832.95,48,5.84,723,0.4577,6,1,SALARIED,MASTERS,SINGLE,PERSONAL,0
CUST-001751,28,69092.19,10,16873.91,48,8.40,822,0.2021,0,0,SELF_EMPLOYED,MASTERS,SINGLE,PERSONAL,0
CUST-001752,61,106502.47,0,68756.56,12,22.91,451,0.6368,0,0,RETIRED,PHD,DIVORCED,EDUCATION,1
CUST-001753,27,168853.34,9,43086.95,12,9.89,597,0.2770,1,0,UNEMPLOYED,MASTERS,DIVORCED,PERSONAL,1
CUST-001754,67,84145.12,34,81759.38,12,8.42,359,0.1015,4,0,SALARIED,MASTERS,SINGLE,EDUCATION,0
CUST-001755,36,126427.12,15,39400.12,12,8.05,540,0.1893,6,0,SALARIED,BACHELORS,DIVORCED,BUSINESS,0
CUST-001756,68,?,2,6937.18,48,7.26,508,0.0574,3,0,SELF_EMPLOYED,BACHELORS,MARRIED,PERSONAL,0
CUST-001757,23,87709.46,5,73831.49,12,6.49,730,0.3843,5,1,UNEMPLOYED,HIGH_SCHOOL,SINGLE,AUTO,1
CUST-001758,49,25338.00,18,19709.38,60,8.12,776,0.2804,6,2,RETIRED,BACHELORS,DIVORCED,EDUCATION,1
CUST-001759,27,64037.30,9,42345.54,48,6.39,839,0.5751,1,0,RETIRED,MASTERS,DIVORCED,BUSINESS,1
CUST-001760,61,85858.60,30,53583.91,36,11.91,486,0.5733,2,0,RETIRED,PHD,MARRIED,HOME,1
CUST-001761,51,92770.63,12,9832.02,60,16.57,448,0.4171,3,0,UNEMPLOYED,PHD,DIVORCED,PERSONAL,1
CUST-001762,35,68428.19,9,77837.34,48,9.64,727,0.0792,1,0,SALARIED,PHD,DIVORCED,AUTO,0
CUST-001763,68,74034.01,3,65155.39,36,17.28,674,0.6613,6,0,SALARIED,HIGH_SCHOOL,MARRIED,AUTO,0
CUST-001764,64,193411.20,5,79816.36,24,24.83,450,0.0707,5,0,UNEMPLOYED,PHD,DIVORCED,PERSONAL,0
CUST-001765,60,176211.75,28,70284.93,12,23.62,717,0.3280,2,0,SELF_EMPLOYED,MASTERS,MARRIED,BUSINESS,0
CUST-001766,50,109118.82,31,35013.58,36,10.05,488,0.4579,5,0,UNEMPLOYED,MASTERS,MARRIED,HOME,1
CUST-001767,67,47454.58,14,46357.57,12,21.88,779,0.3040,6,0,UNEMPLOYED,HIGH_SCHOOL,SINGLE,BUSINESS,1
CUST-001768,51,54380.11,33,27299.94,60,14.18,308,0.5716,4,0,SALARIED,HIGH_SCHOOL,DIVORCED,EDUCATION,0
CUST-001769,44,59597.79,4,22842.01,12,17.46,712,0.4869,0,0,UNEMPLOYED,BACHELORS,DIVORCED,BUSINESS,1
CUST-001770,38,136671.68,16,9543.13,24,23.36,337,0.3941,0,0,SELF_EMPLOYED,MASTERS,SINGLE,AUTO,1
CUST-001771,70,20504.89,32,52899.06,48,19.35,?,0.2543,3,0,SALARIED,BACHELORS,MARRIED,PERSONAL,0
CUST-001772,48,97319.26,19,87109.71,48,12.48,390,0.4673,2,0,SELF_EMPLOYED,PHD,MARRIED,HOME,1
CUST-001773,22,69793.87,4,62906.91,60,5.45,670,0.1538,5,0,SALARIED,BACHELORS,SINGLE,EDUCATION,0
CUST-001774,47,163946.70,0,50123.42,36,22.13,413,0.5517,2,0,SELF_EMPLOYED,MASTERS,SINGLE,BUSINESS,1
CUST-001775,61,67844.74,18,21319.91,48,13.07,580,0.1319,4,0,SALARIED,PHD,MARRIED,AUTO,0
CUST-001776,54,34792.43,12,56821.25,24,14.67,327,0.4405,2,0,SALARIED,HIGH_SCHOOL,MARRIED,AUTO,0
CUST-001777,62,104387.82,15,64882.19,60,22.31,645,0.2028,3,1,SALARIED,PHD,SINGLE,PERSONAL,0
CUST-001778,29,175778.48,11,43691.95,48,22.88,671,0.2118,6,0,SALARIED,BACHELORS,MARRIED,PERSONAL,1
CUST-001779,32,26313.26,14,3917.40,60,20.73,482,0.3366,4,0,UNEMPLOYED,PHD,SINGLE,AUTO,0
CUST-001780,37,167591.71,6,89828.53,60,14.37,434,0.4330,3,0,UNEMPLOYED,PHD,DIVORCED,PERSONAL,1
CUST-001781,34,47999.04,16,23168.70,24,11.48,717,0.1981,2,0,UNEMPLOYED,BACHELORS,SINGLE,PERSONAL,0
CUST-001782,55,168523.63,1,59561.72,12,18.29,520,0.4434,4,0,SALARIED,HIGH_SCHOOL,SINGLE,PERSONAL,0
CUST-001783,30,32072.48,12,60437.96,36,7.37,780,0.4357,4,1,SALARIED,BACHELORS,SINGLE,BUSINESS,0
CUST-001784,47,64480.09,?,29002.36,12,13.62,600,0.4619,2,0,RETIRED,PHD,SINGLE,EDUCATION,0
CUST-001785,46,150956.33,14,63307.69,12,19.40,547,0.6419,2,0,UNEMPLOYED,MASTERS,MARRIED,EDUCATION,1
CUST-001786,38,43155.46,13,59032.69,24,9.48,568,0.2897,0,0,UNEMPLOYED,BACHELORS,MARRIED,BUSINESS,1
CUST-001787,63,55859.40,32,69019.38,36,20.13,451,0.2980,0,0,SELF_EMPLOYED,MASTERS,MARRIED,PERSONAL,1
CUST-001788,24,74297.48,6,20967.56,36,8.21,304,0.5678,6,0,SALARIED,HIGH_SCHOOL,DIVORCED,HOME,0
CUST-001789,63,137118.77,10,74293.93,36,22.81,678,0.4271,6,0,RETIRED,MASTERS,MARRIED,HOME,1
CUST-001790,67,147701.88,24,70887.60,48,13.11,702,0.3830,1,0,UNEMPLOYED,BACHELORS,SINGLE,HOME,1
CUST-001791,48,48241.67,27,36677.47,60,5.65,612,0.5131,3,0,RETIRED,BACHELORS,SINGLE,PERSONAL,1
CUST-001792,66,184710.14,26,65555.72,24,12.18,465,0.3067,6,0,SALARIED,PHD,MARRIED,BUSINESS,0
CUST-001793,66,42334.39,3,31745.49,24,6.12,352,0.0525,0,0,SELF_EMPLOYED,HIGH_SCHOOL,MARRIED,HOME,0
CUST-001794,51,138999.65,26,58206.93,24,9.99,415,0.2327,1,0,SELF_EMPLOYED,BACHELORS,DIVORCED,HOME,1
CUST-001795,65,184933.66,9,81353.51,60,19.45,309,0.3337,4,0,SELF_EMPLOYED,HIGH_SCHOOL,DIVORCED,BUSINESS,1
CUST-001796,21,22682.93,?,83678.27,12,7.75,375,0.2225,2,0,SALARIED,MASTERS,DIVORCED,BUSINESS,1
CUST-001797,47,130839.65,26,18688.96,12,16.00,745,0.5307,4,2,SELF_EMPLOYED,MASTERS,DIVORCED,BUSINESS,1
CUST-001798,42,37504.77,20,3262.91,60,13.01,508,0.5761,0,2,SELF_EMPLOYED,BACHELORS,SINGLE,BUSINESS,1
CUST-001799,57,77772.02,32,22455.53,12,12.79,712,0.3807,6,0,SELF_EMPLOYED,BACHELORS,MARRIED,AUTO,1
CUST-001800,32,63501.68,14,25863.37,24,21.79,543,0.5825,6,0,RETIRED,PHD,SINGLE,EDUCATION,0
CUST-001801,66,64904.28,20,59638.23,24,23.97,830,0.2309,3,0,UNEMPLOYED,MASTERS,DIVORCED,BUSINESS,0
CUST-001802,28,50205.35,10,83789.24,60,12.65,351,0.3903,5,0,SALARIED,HIGH_SCHOOL,SINGLE,HOME,1
CUST-001803,47,56330.65,20,56050.77,60,13.92,491,0.2588,3,0,SELF_EMPLOYED,PHD,DIVORCED,PERSONAL,1
CUST-001804,24,134287.30,6,4735.91,12,9.50,575,0.4180,0,0,RETIRED,BACHELORS,DIVORCED,BUSINESS,0
CUST-001805,53,183109.17,11,17205.11,60,9.15,842,0.0686,3,0,SALARIED,PHD,DIVORCED,PERSONAL,0
CUST-001806,55,199618.44,21,9179.32,12,11.84,343,0.0840,0,0,UNEMPLOYED,PHD,DIVORCED,AUTO,0
CUST-001807,67,141646.11,22,40087.36,12,9.34,487,0.3434,5,0,UNEMPLOYED,MASTERS,MARRIED,AUTO,0
CUST-001808,62,24466.68,33,42739.74,48,7.80,665,0.5899,2,3,RETIRED,PHD,MARRIED,EDUCATION,1
CUST-001809,44,82521.23,26,26753.13,24,11.11,416,0.3135,0,0,UNEMPLOYED,BACHELORS,DIVORCED,AUTO,1
CUST-001810,51,145799.90,23,87014.76,48,5.92,560,0.4260,4,0,RETIRED,BACHELORS,MARRIED,PERSONAL,1
CUST-001811,31,110880.05,12,88384.53,12,9.30,810,0.1070,2,1,UNEMPLOYED,MASTERS,SINGLE,BUSINESS,0
CUST-001812,25,154105.67,7,53887.57,48,13.90,796,0.1618,5,0,RETIRED,PHD,MARRIED,AUTO,0
CUST-001813,53,147917.30,15,72517.24,12,13.72,321,0.4377,3,0,SALARIED,HIGH_SCHOOL,MARRIED,HOME,0
CUST-001814,64,182506.63,31,70707.55,36,13.00,629,0.1126,2,2,RETIRED,MASTERS,MARRIED,AUTO,1
CUST-001815,61,38211.08,18,23065.49,60,16.64,595,0.0672,5,0,UNEMPLOYED,HIGH_SCHOOL,MARRIED,EDUCATION,1
CUST-001816,57,129215.01,26,23376.48,48,15.87,393,0.6858,1,3,RETIRED,HIGH_SCHOOL,MARRIED,EDUCATION,1
CUST-001817,33,176965.29,15,53326.97,36,22.19,715,0.0532,4,0,SALARIED,BACHELORS,DIVORCED,PERSONAL,0
CUST-001818,61,158509.85,13,15232.91,24,6.39,581,0.2943,5,2,SELF_EMPLOYED,BACHELORS,MARRIED,PERSONAL,0
CUST-001819,44,153441.64,26,31184.57,48,15.73,301,0.6068,1,0,SELF_EMPLOYED,PHD,SINGLE,HOME,1
CUST-001820,25,46708.30,7,78517.93,24,15.44,499,0.0671,5,2,SALARIED,PHD,SINGLE,PERSONAL,1
CUST-001821,65,51398.74,0,49232.59,24,11.91,509,0.5375,3,0,RETIRED,MASTERS,DIVORCED,HOME,0
CUST-001822,50,62707.92,19,46464.93,48,19.56,742,0.4999,3,0,RETIRED,PHD,SINGLE,AUTO,1
CUST-001823,37,44744.30,9,36161.47,60,21.12,694,0.5744,4,0,SALARIED,MASTERS,SINGLE,AUTO,0
CUST-001824,56,129918.03,11,17926.56,12,20.89,321,0.5591,0,0,UNEMPLOYED,HIGH_SCHOOL,SINGLE,AUTO,1
CUST-001825,41,101858.14,9,75742.25,24,10.57,484,0.3960,6,2,UNEMPLOYED,PHD,SINGLE,PERSONAL,1
CUST-001826,31,180510.32,11,77144.81,36,15.14,440,0.4215,2,0,UNEMPLOYED,BACHELORS,MARRIED,HOME,0
CUST-001827,28,75830.96,1,40214.37,48,13.50,555,0.1558,5,0,SELF_EMPLOYED,HIGH_SCHOOL,DIVORCED,EDUCATION,0
CUST-001828,56,117826.32,25,40117.08,36,12.03,330,0.3970,0,0,SALARIED,MASTERS,SINGLE,AUTO,0
CUST-001829,70,174176.81,22,17013.99,12,22.79,352,0.3440,1,0,RETIRED,MASTERS,DIVORCED,BUSINESS,1
CUST-001830,50,170850.56,18,47308.97,36,6.49,677,0.3497,5,0,UNEMPLOYED,HIGH_SCHOOL,SINGLE,HOME,0
CUST-001831,32,93563.96,14,26311.82,60,19.53,542,0.4952,2,0,SELF_EMPLOYED,HIGH_SCHOOL,MARRIED,EDUCATION,1
CUST-001832,35,60629.28,17,35113.56,60,23.56,680,0.1841,4,0,RETIRED,HIGH_SCHOOL,MARRIED,HOME,0
CUST-001833,60,115896.54,0,66066.78,60,24.10,375,0.4433,6,0,SELF_EMPLOYED,BACHELORS,DIVORCED,HOME,1
CUST-001834,22,54839.44,4,36261.29,12,12.96,805,0.6360,6,0,UNEMPLOYED,HIGH_SCHOOL,SINGLE,EDUCATION,1
CUST-001835,44,23189.02,26,70847.90,24,7.55,395,0.0711,2,0,RETIRED,HIGH_SCHOOL,DIVORCED,AUTO,1
CUST-001836,53,81530.29,3,82714.38,24,19.95,836,0.6172,3,3,SALARIED,PHD,SINGLE,AUTO,1
CUST-001837,23,195560.87,5,89803.34,48,11.44,311,0.1518,0,0,UNEMPLOYED,BACHELORS,MARRIED,PERSONAL,0
CUST-001838,62,72419.17,32,24787.53,48,10.22,620,0.2795,3,0,RETIRED,MASTERS,MARRIED,PERSONAL,0
CUST-001839,38,184929.61,20,87130.95,48,12.55,745,0.5744,4,0,RETIRED,MASTERS,MARRIED,EDUCATION,0
CUST-001840,66,104303.16,2,55675.81,12,17.80,437,0.2251,2,0,UNEMPLOYED,HIGH_SCHOOL,DIVORCED,EDUCATION,0
CUST-001841,52,85982.81,9,73930.33,48,8.55,784,0.1217,1,0,SELF_EMPLOYED,BACHELORS,MARRIED,EDUCATION,0
CUST-001842,27,143235.25,9,48614.48,12,7.41,587,0.2326,2,0,SELF_EMPLOYED,PHD,SINGLE,PERSONAL,0
CUST-001843,35,69096.87,?,40331.16,48,15.46,386,0.3207,3,2,UNEMPLOYED,BACHELORS,MARRIED,BUSINESS,1
CUST-001844,56,70120.01,20,42170.26,12,16.90,395,0.3893,3,0,RETIRED,PHD,DIVORCED,AUTO,0
CUST-001845,37,88503.58,5,76356.12,12,6.42,564,0.2603,0,0,SALARIED,PHD,MARRIED,PERSONAL,0
CUST-001846,52,118236.76,19,24095.39,60,19.56,388,0.5899,0,0,SELF_EMPLOYED,BACHELORS,MARRIED,EDUCATION,1
CUST-001847,27,61832.34,9,12522.73,60,21.30,788,0.4168,6,0,SALARIED,MASTERS,DIVORCED,BUSINESS,0
CUST-001848,30,84066.33,4,66487.70,24,7.67,635,0.6698,6,0,SELF_EMPLOYED,BACHELORS,SINGLE,HOME,1
CUST-001849,25,110982.79,7,58013.76,24,21.79,349,0.6522,2,2,SELF_EMPLOYED,PHD,MARRIED,AUTO,1
CUST-001850,33,26538.71,15,8257.12,60,18.24,319,0.2647,1,0,RETIRED,PHD,SINGLE,HOME,1
CUST-001851,58,39443.70,17,16317.68,24,12.71,828,0.4745,0,0,RETIRED,HIGH_SCHOOL,MARRIED,HOME,0
CUST-001852,33,66614.69,15,70483.21,24,16.06,393,0.6882,5,0,RETIRED,PHD,SINGLE,BUSINESS,0
CUST-001853,22,60292.03,4,32878.02,36,13.75,420,0.3314,2,0,SALARIED,HIGH_SCHOOL,DIVORCED,AUTO,1
CUST-001854,68,168619.28,4,72535.16,60,20.67,643,0.6629,1,0,SALARIED,PHD,SINGLE,EDUCATION,1
CUST-001855,61,62232.39,25,15830.38,24,11.08,?,0.1306,3,0,SALARIED,BACHELORS,SINGLE,EDUCATION,0
CUST-001856,27,83928.44,9,45377.83,48,23.35,571,0.6555,6,0,RETIRED,BACHELORS,DIVORCED,PERSONAL,0
CUST-001857,42,195777.06,0,83014.65,36,23.76,513,0.6524,5,0,UNEMPLOYED,PHD,MARRIED,PERSONAL,1
CUST-001858,37,105732.54,19,60005.26,24,23.52,553,0.6108,2,1,SALARIED,PHD,SINGLE,PERSONAL,1
CUST-001859,47,104575.35,28,65151.56,12,15.79,380,0.2287,4,0,SALARIED,HIGH_SCHOOL,DIVORCED,HOME,0
CUST-001860,48,37636.94,30,18666.00,36,17.16,374,0.4654,3,2,RETIRED,HIGH_SCHOOL,MARRIED,BUSINESS,1
CUST-001861,61,31813.39,6,4832.54,36,13.36,489,0.3308,2,0,RETIRED,PHD,SINGLE,AUTO,0
CUST-001862,26,59633.70,8,47082.83,60,23.65,606,0.1877,2,0,SELF_EMPLOYED,PHD,MARRIED,HOME,1
CUST-001863,39,23802.85,21,22820.00,24,19.59,338,0.1660,6,0,UNEMPLOYED,PHD,MARRIED,EDUCATION,1
CUST-001864,47,158231.88,24,19186.61,36,12.36,654,0.5231,6,0,RETIRED,HIGH_SCHOOL,SINGLE,PERSONAL,1
CUST-001865,70,175038.29,30,42636.23,48,11.73,499,0.2961,0,0,RETIRED,MASTERS,SINGLE,EDUCATION,0
CUST-001866,41,65986.37,23,15318.23,48,5.16,806,0.4288,0,3,SELF_EMPLOYED,BACHELORS,MARRIED,EDUCATION,1
CUST-001867,49,48766.79,5,76875.72,48,18.21,512,0.2280,5,0,SELF_EMPLOYED,PHD,MARRIED,EDUCATION,1
CUST-001868,64,173358.72,0,87707.93,24,24.17,793,0.1134,1,0,UNEMPLOYED,PHD,MARRIED,PERSONAL,0
CUST-001869,34,155188.73,16,75115.88,48,5.47,701,0.1011,5,0,RETIRED,BACHELORS,SINGLE,PERSONAL,0
CUST-001870,36,?,18,38783.47,36,21.25,848,0.3589,3,0,SELF_EMPLOYED,HIGH_SCHOOL,MARRIED,EDUCATION,1
CUST-001871,32,32310.63,14,57660.93,60,9.97,550,0.3021,6,0,RETIRED,PHD,MARRIED,PERSONAL,0
CUST-001872,64,106383.53,27,84283.17,12,6.27,548,0.6583,2,0,UNEMPLOYED,PHD,DIVORCED,EDUCATION,1
CUST-001873,36,138003.21,1,37912.79,36,20.08,645,0.4835,3,0,UNEMPLOYED,HIGH_SCHOOL,DIVORCED,HOME,0
CUST-001874,28,172148.36,10,74521.47,60,9.73,680,0.5598,5,0,UNEMPLOYED,MASTERS,DIVORCED,BUSINESS,0
CUST-001875,52,71957.42,3,23332.35,36,6.59,755,0.2547,3,1,RETIRED,HIGH_SCHOOL,DIVORCED,BUSINESS,1
CUST-001876,55,135962.71,34,25184.74,36,14.40,690,0.1235,4,0,SALARIED,BACHELORS,MARRIED,AUTO,0
CUST-001877,51,62215.96,24,55555.65,12,14.19,550,0.2088,0,1,RETIRED,BACHELORS,DIVORCED,PERSONAL,1
CUST-001878,30,192488.31,4,75224.88,36,10.65,450,0.3909,0,0,SELF_EMPLOYED,PHD,MARRIED,AUTO,0
CUST-001879,64,196830.06,6,74054.09,36,9.47,694,0.6381,0,0,UNEMPLOYED,MASTERS,MARRIED,BUSINESS,1
CUST-001880,66,166884.92,2,3056.46,60,21.95,652,0.3789,0,0,SELF_EMPLOYED,BACHELORS,DIVORCED,PERSONAL,0
CUST-001881,54,181343.19,26,33689.25,12,19.05,664,0.6247,2,2,SELF_EMPLOYED,HIGH_SCHOOL,MARRIED,AUTO,0
CUST-001882,47,45719.35,7,58335.35,60,15.08,506,0.5763,0,3,UNEMPLOYED,HIGH_SCHOOL,MARRIED,EDUCATION,1
CUST-001883,39,172401.21,21,58514.27,48,9.80,404,0.4038,2,0,UNEMPLOYED,PHD,SINGLE,PERSONAL,0
CUST-001884,58,38443.57,1,79646.54,60,16.58,768,0.1727,3,0,UNEMPLOYED,PHD,DIVORCED,PERSONAL,1
CUST-001885,47,145070.81,29,82042.63,60,8.91,316,0.4989,1,0,SALARIED,HIGH_SCHOOL,MARRIED,PERSONAL,0
CUST-001886,62,87644.72,1,19153.03,24,20.94,474,0.3490,5,2,UNEMPLOYED,PHD,SINGLE,EDUCATION,1
CUST-001887,47,151746.35,14,88420.83,24,21.61,749,0.3436,5,0,SALARIED,BACHELORS,MARRIED,BUSINESS,0
CUST-001888,40,82120.77,4,68042.86,60,9.46,751,0.5786,0,0,UNEMPLOYED,MASTERS,SINGLE,EDUCATION,1
CUST-001889,50,67207.56,15,55227.39,24,14.58,826,0.4195,5,0,UNEMPLOYED,PHD,SINGLE,HOME,0
CUST-001890,38,176458.33,20,60615.60,48,12.88,407,0.1935,5,0,SALARIED,PHD,DIVORCED,EDUCATION,0
CUST-001891,62,175347.06,?,19246.75,36,5.22,401,0.3327,5,1,SALARIED,MASTERS,MARRIED,AUTO,1
CUST-001892,44,77734.12,26,21783.97,48,15.05,722,0.4660,0,0,RETIRED,BACHELORS,MARRIED,AUTO,0
CUST-001893,42,179255.16,3,4547.83,60,14.06,769,0.3844,5,0,UNEMPLOYED,BACHELORS,SINGLE,HOME,0
CUST-001894,31,138075.18,13,82519.57,12,10.11,503,0.4049,1,0,SELF_EMPLOYED,PHD,MARRIED,EDUCATION,0
CUST-001895,53,165991.21,13,22833.11,48,6.31,766,0.2164,2,0,SALARIED,HIGH_SCHOOL,SINGLE,PERSONAL,0
CUST-001896,67,156808.70,34,29341.13,12,17.79,371,0.5044,4,0,SELF_EMPLOYED,BACHELORS,SINGLE,EDUCATION,0
CUST-001897,42,22627.93,6,87274.15,24,21.95,574,0.6398,2,0,RETIRED,HIGH_SCHOOL,DIVORCED,HOME,1
CUST-001898,28,66745.17,9,62456.69,36,23.88,534,0.1480,1,0,SALARIED,PHD,DIVORCED,BUSINESS,1
CUST-001899,25,113088.76,?,62255.71,36,14.63,393,0.4597,1,0,SALARIED,BACHELORS,DIVORCED,EDUCATION,0
CUST-001900,21,127993.94,3,19199.89,36,7.87,618,0.6665,0,0,UNEMPLOYED,PHD,DIVORCED,HOME,1
CUST-001901,22,127984.66,4,40050.91,60,8.18,479,0.4959,4,0,UNEMPLOYED,PHD,SINGLE,PERSONAL,1
CUST-001902,68,193830.73,5,66747.70,36,21.39,438,0.3235,1,0,UNEMPLOYED,BACHELORS,SINGLE,HOME,1
CUST-001903,42,93447.48,24,68910.71,24,12.66,786,0.1934,4,0,RETIRED,MASTERS,MARRIED,BUSINESS,0
CUST-001904,22,107542.84,4,75399.95,12,24.18,588,0.2276,2,0,RETIRED,BACHELORS,MARRIED,HOME,0
CUST-001905,53,110380.80,24,73303.37,24,15.90,509,0.2942,3,0,SALARIED,MASTERS,DIVORCED,AUTO,1
CUST-001906,41,184518.92,19,35174.76,12,9.97,366,0.6096,2,0,SALARIED,HIGH_SCHOOL,MARRIED,PERSONAL,1
CUST-001907,46,190506.95,16,3207.56,48,7.39,578,0.4466,2,0,UNEMPLOYED,HIGH_SCHOOL,SINGLE,HOME,0
CUST-001908,66,125398.29,30,52221.31,60,20.09,801,0.3136,0,0,SELF_EMPLOYED,HIGH_SCHOOL,DIVORCED,BUSINESS,0
CUST-001909,39,190336.37,21,71357.92,48,22.98,693,0.3961,2,0,UNEMPLOYED,BACHELORS,DIVORCED,HOME,1
CUST-001910,47,60402.11,19,34212.24,48,9.51,359,0.4479,5,0,SALARIED,PHD,MARRIED,HOME,0
CUST-001911,69,166372.89,7,21258.90,24,23.18,695,0.2940,0,0,RETIRED,MASTERS,DIVORCED,EDUCATION,1
CUST-001912,25,178179.50,7,56611.13,60,7.98,626,0.5730,4,2,SELF_EMPLOYED,HIGH_SCHOOL,DIVORCED,EDUCATION,1
CUST-001913,47,159334.29,9,41220.92,48,24.97,306,0.1525,3,0,SELF_EMPLOYED,MASTERS,SINGLE,HOME,1
CUST-001914,67,104904.18,3,75596.30,36,16.14,808,0.3679,2,0,SELF_EMPLOYED,HIGH_SCHOOL,DIVORCED,EDUCATION,1
CUST-001915,26,110218.22,7,36852.26,48,11.63,452,0.0813,0,0,SELF_EMPLOYED,HIGH_SCHOOL,MARRIED,PERSONAL,0
CUST-001916,51,108475.30,32,88645.18,24,22.33,535,0.1821,2,1,SALARIED,BACHELORS,SINGLE,AUTO,0
CUST-001917,32,108580.57,14,15722.28,48,10.41,723,0.3480,5,0,SALARIED,HIGH_SCHOOL,DIVORCED,PERSONAL,0
CUST-001918,33,108726.98,15,30963.88,48,21.21,606,0.1035,4,0,UNEMPLOYED,MASTERS,DIVORCED,HOME,1
CUST-001919,57,135851.92,0,19922.41,12,9.79,724,0.6069,6,0,SALARIED,PHD,SINGLE,AUTO,0
CUST-001920,27,123396.92,7,57602.55,24,21.65,557,0.3326,6,0,SELF_EMPLOYED,HIGH_SCHOOL,DIVORCED,BUSINESS,1
CUST-001921,61,66811.34,12,60216.08,12,8.49,?,0.2428,5,0,SELF_EMPLOYED,BACHELORS,DIVORCED,EDUCATION,0
CUST-001922,35,146470.49,9,51854.18,48,9.03,495,0.5622,5,0,SALARIED,MASTERS,MARRIED,EDUCATION,1
CUST-001923,37,124240.27,19,15579.62,24,12.28,486,0.5652,4,0,SALARIED,MASTERS,DIVORCED,EDUCATION,0
CUST-001924,56,136169.20,10,66594.86,60,7.14,424,0.5788,6,0,RETIRED,HIGH_SCHOOL,SINGLE,HOME,1
CUST-001925,34,186029.70,2,32069.13,24,13.44,563,0.3964,2,0,SALARIED,BACHELORS,SINGLE,EDUCATION,1
CUST-001926,67,107197.77,24,56562.34,60,22.51,825,0.5576,6,0,UNEMPLOYED,BACHELORS,MARRIED,EDUCATION,1
CUST-001927,63,156877.10,6,81635.76,36,12.63,781,0.5271,2,0,RETIRED,MASTERS,DIVORCED,HOME,0
CUST-001928,26,26688.95,8,81821.98,24,5.08,770,0.3694,5,0,SALARIED,MASTERS,DIVORCED,BUSINESS,0
CUST-001929,45,32343.50,0,82240.94,24,12.04,845,0.4694,6,0,SELF_EMPLOYED,BACHELORS,MARRIED,HOME,1
CUST-001930,70,64873.90,34,67738.44,48,7.95,598,0.5778,6,0,SALARIED,HIGH_SCHOOL,MARRIED,AUTO,1
CUST-001931,35,192764.92,9,62748.06,48,11.19,718,0.3205,3,2,UNEMPLOYED,PHD,SINGLE,AUTO,0
CUST-001932,24,94897.89,6,83352.50,36,24.25,591,0.2369,1,0,SELF_EMPLOYED,MASTERS,DIVORCED,PERSONAL,0
CUST-001933,60,27466.39,8,73511.32,12,7.55,586,0.4487,6,0,SALARIED,MASTERS,DIVORCED,BUSINESS,0
CUST-001934,39,53121.42,21,83235.11,48,14.98,810,0.4486,0,0,SELF_EMPLOYED,BACHELORS,DIVORCED,AUTO,0
CUST-001935,37,198234.20,19,43773.41,12,5.01,579,0.3432,0,0,UNEMPLOYED,BACHELORS,SINGLE,AUTO,0
CUST-001936,21,115927.05,3,44486.38,48,5.36,758,0.4333,6,2,SELF_EMPLOYED,PHD,SINGLE,PERSONAL,1
CUST-001937,55,185101.42,9,73659.66,36,8.09,780,0.2260,3,0,SALARIED,BACHELORS,DIVORCED,HOME,0
CUST-001938,38,189539.35,20,57029.72,36,11.94,445,0.3742,6,0,RETIRED,BACHELORS,SINGLE,EDUCATION,0
CUST-001939,30,39013.16,12,18616.20,36,6.87,515,0.6277,2,0,UNEMPLOYED,BACHELORS,MARRIED,EDUCATION,1
CUST-001940,41,83552.04,9,9571.53,24,24.40,370,0.5348,2,0,RETIRED,MASTERS,DIVORCED,HOME,1
CUST-001941,46,99433.79,12,63343.40,60,10.77,476,0.5706,5,0,SELF_EMPLOYED,PHD,MARRIED,BUSINESS,1
CUST-001942,44,136646.05,26,31410.23,36,12.18,827,0.1578,0,0,SELF_EMPLOYED,MASTERS,SINGLE,EDUCATION,0
CUST-001943,41,178081.83,23,41336.35,48,20.29,468,0.6998,6,0,RETIRED,PHD,MARRIED,HOME,1
CUST-001944,22,71656.33,4,65305.87,60,14.46,308,0.3280,0,1,RETIRED,MASTERS,SINGLE,PERSONAL,0
CUST-001945,51,75720.88,27,40400.04,36,7.14,535,0.4379,0,0,UNEMPLOYED,HIGH_SCHOOL,SINGLE,AUTO,1
CUST-001946,55,71721.39,19,15602.94,12,15.19,647,0.6385,4,0,SELF_EMPLOYED,BACHELORS,SINGLE,EDUCATION,0
CUST-001947,53,63770.34,28,43379.75,12,5.78,642,0.0800,0,0,SALARIED,HIGH_SCHOOL,MARRIED,BUSINESS,0
CUST-001948,60,63452.22,9,88344.96,60,8.40,680,0.6537,2,0,UNEMPLOYED,HIGH_SCHOOL,DIVORCED,BUSINESS,1
CUST-001949,44,95566.64,5,12430.99,60,16.83,543,0.2895,1,0,RETIRED,BACHELORS,MARRIED,AUTO,0
CUST-001950,61,138422.18,?,68255.67,24,9.12,561,0.5043,6,0,UNEMPLOYED,PHD,SINGLE,EDUCATION,0
CUST-001951,46,183308.18,26,53546.23,48,15.07,358,0.6062,6,0,SELF_EMPLOYED,BACHELORS,SINGLE,PERSONAL,1
CUST-001952,58,164961.73,5,4388.06,60,18.53,333,0.4968,5,0,RETIRED,HIGH_SCHOOL,MARRIED,PERSONAL,1
CUST-001953,32,195966.70,10,87229.13,24,12.11,710,0.5441,1,0,UNEMPLOYED,MASTERS,DIVORCED,PERSONAL,1
CUST-001954,60,65439.53,18,68348.51,48,20.08,552,0.1508,2,0,UNEMPLOYED,MASTERS,MARRIED,HOME,1
CUST-001955,21,30472.60,3,33266.95,48,9.18,752,0.4537,5,0,SELF_EMPLOYED,PHD,MARRIED,AUTO,0
CUST-001956,51,?,0,43072.11,24,10.17,827,0.3298,4,0,SALARIED,MASTERS,SINGLE,PERSONAL,0
CUST-001957,27,20917.65,9,30377.61,24,6.55,800,0.5186,1,0,SALARIED,PHD,MARRIED,AUTO,0
CUST-001958,30,46854.12,12,13964.61,12,19.08,340,0.5276,2,2,SALARIED,BACHELORS,MARRIED,HOME,0
CUST-001959,43,32453.79,2,11031.42,12,10.32,302,0.0974,3,0,RETIRED,BACHELORS,SINGLE,EDUCATION,0
CUST-001960,47,123843.83,21,42105.70,60,12.03,492,0.6017,0,0,SALARIED,PHD,SINGLE,AUTO,1
CUST-001961,25,121047.89,7,27871.46,36,10.71,458,0.3347,5,0,UNEMPLOYED,MASTERS,SINGLE,PERSONAL,1
CUST-001962,34,101089.07,10,50829.43,48,17.58,499,0.0582,2,2,UNEMPLOYED,BACHELORS,SINGLE,PERSONAL,1
CUST-001963,52,178244.62,13,3230.20,36,11.18,402,0.1466,6,0,RETIRED,BACHELORS,MARRIED,AUTO,0
CUST-001964,68,25396.94,32,36387.79,12,8.41,482,0.4751,5,0,SALARIED,MASTERS,MARRIED,AUTO,1
CUST-001965,54,37975.75,13,84270.42,48,13.83,536,0.1107,4,0,SALARIED,PHD,DIVORCED,EDUCATION,0
CUST-001966,21,40707.21,2,87703.40,36,8.45,417,0.2396,0,0,SALARIED,MASTERS,DIVORCED,AUTO,1
CUST-001967,48,87499.25,0,25011.60,36,7.88,447,0.3899,2,0,SALARIED,MASTERS,MARRIED,PERSONAL,0
CUST-001968,38,64598.84,20,77774.78,36,21.92,328,0.2823,2,0,RETIRED,PHD,MARRIED,EDUCATION,0
CUST-001969,29,30688.37,10,9582.00,12,9.58,688,0.2848,5,2,RETIRED,PHD,SINGLE,HOME,1
CUST-001970,61,159880.85,27,10559.06,60,5.80,496,0.5800,2,0,RETIRED,BACHELORS,DIVORCED,PERSONAL,1
CUST-001971,43,111569.06,23,7706.47,12,13.62,540,0.2998,0,0,SALARIED,HIGH_SCHOOL,DIVORCED,BUSINESS,1
CUST-001972,67,133933.76,30,70456.77,36,12.82,589,0.3230,4,0,SALARIED,HIGH_SCHOOL,DIVORCED,BUSINESS,0
CUST-001973,30,64080.82,12,66522.94,36,16.61,387,0.2685,6,0,UNEMPLOYED,PHD,SINGLE,EDUCATION,0
CUST-001974,27,59122.26,1,28607.98,12,24.91,700,0.2841,3,0,SELF_EMPLOYED,BACHELORS,MARRIED,PERSONAL,0
CUST-001975,66,58570.34,8,52035.94,12,12.72,574,0.6880,6,0,UNEMPLOYED,PHD,MARRIED,PERSONAL,1
CUST-001976,40,92502.11,3,17099.62,60,15.87,304,0.4089,0,0,RETIRED,HIGH_SCHOOL,SINGLE,HOME,1
CUST-001977,31,167449.69,13,14173.95,48,12.44,427,0.2652,4,0,SALARIED,BACHELORS,SINGLE,EDUCATION,0
CUST-001978,25,92853.66,7,87616.23,36,5.49,674,0.3218,6,0,UNEMPLOYED,MASTERS,DIVORCED,HOME,1
CUST-001979,41,65107.57,13,45563.52,24,12.15,721,0.3258,0,0,RETIRED,HIGH_SCHOOL,MARRIED,AUTO,0
CUST-001980,40,149773.95,22,47279.27,48,10.41,362,0.2568,6,0,SALARIED,PHD,MARRIED,HOME,0
CUST-001981,70,165202.28,20,89241.00,12,7.51,762,0.4769,1,0,RETIRED,PHD,MARRIED,AUTO,0
CUST-001982,67,18686.01,28,22847.68,48,23.41,406,0.5416,6,0,SALARIED,HIGH_SCHOOL,MARRIED,PERSONAL,0
CUST-001983,52,180851.30,28,73257.71,60,8.56,728,0.3034,3,0,SELF_EMPLOYED,HIGH_SCHOOL,DIVORCED,PERSONAL,0
CUST-001984,28,36343.87,7,83504.23,24,22.37,643,0.2251,3,2,SELF_EMPLOYED,BACHELORS,DIVORCED,EDUCATION,1
CUST-001985,25,27522.21,7,28918.31,36,13.82,393,0.5178,2,0,SALARIED,MASTERS,MARRIED,BUSINESS,1
CUST-001986,50,81805.08,30,76065.03,60,17.45,694,0.1339,1,0,RETIRED,PHD,MARRIED,BUSINESS,1
CUST-001987,23,120926.24,5,27138.14,48,16.16,671,0.5952,6,0,SELF_EMPLOYED,MASTERS,MARRIED,BUSINESS,1
CUST-001988,35,40699.71,17,46352.59,24,13.03,365,0.1642,2,0,RETIRED,PHD,MARRIED,EDUCATION,0
CUST-001989,25,194976.76,7,51968.75,24,17.27,373,0.0991,4,0,SALARIED,MASTERS,SINGLE,AUTO,0
CUST-001990,54,85230.84,24,80193.72,36,5.70,526,0.3145,3,0,SELF_EMPLOYED,MASTERS,SINGLE,BUSINESS,0
CUST-001991,37,20131.27,1,66917.81,36,6.29,407,0.5673,6,0,UNEMPLOYED,PHD,MARRIED,HOME,1
CUST-001992,40,23807.84,22,38363.88,12,20.20,490,0.0872,4,0,RETIRED,HIGH_SCHOOL,MARRIED,AUTO,1
CUST-001993,69,101629.32,0,64280.36,12,11.02,397,0.5890,0,1,UNEMPLOYED,PHD,SINGLE,PERSONAL,1
CUST-001994,50,77987.33,12,64679.02,36,22.33,530,0.1930,6,0,UNEMPLOYED,HIGH_SCHOOL,SINGLE,AUTO,1
CUST-001995,32,95722.36,4,63312.83,12,10.93,642,0.3952,5,0,UNEMPLOYED,BACHELORS,SINGLE,BUSINESS,1
CUST-001996,43,153978.29,25,84696.88,24,20.89,514,0.2978,1,0,SALARIED,BACHELORS,DIVORCED,PERSONAL,1
CUST-001997,57,149821.83,22,68464.74,36,23.34,634,0.2603,5,0,SALARIED,BACHELORS,DIVORCED,EDUCATION,0
CUST-001998,49,110458.69,22,74888.10,36,16.49,657,0.2678,1,0,UNEMPLOYED,PHD,DIVORCED,HOME,0
CUST-001999,68,49650.21,1,58734.28,36,8.38,748,0.1323,2,0,UNEMPLOYED,HIGH_SCHOOL,SINGLE,EDUCATION,1
CUST-002000,25,?,7,41833.28,24,17.15,626,0.2636,4,0,SELF_EMPLOYED,MASTERS,MARRIED,PERSONAL,0
CUST-002001,65,24071.40,13,58724.32,36,20.28,426,0.6129,6,0,UNEMPLOYED,BACHELORS,SINGLE,PERSONAL,1
CUST-002002,30,175281.74,12,9803.98,48,22.07,843,0.5388,3,0,RETIRED,MASTERS,DIVORCED,HOME,0
CUST-002003,34,182345.76,16,60005.61,12,15.90,553,0.4056,2,0,SALARIED,MASTERS,DIVORCED,AUTO,0
CUST-002004,29,132836.95,11,73303.70,48,9.34,462,0.5472,4,0,UNEMPLOYED,HIGH_SCHOOL,SINGLE,HOME,0
CUST-002005,68,135543.42,22,41443.29,12,24.82,653,0.4663,1,0,UNEMPLOYED,HIGH_SCHOOL,DIVORCED,PERSONAL,1
CUST-002006,27,108241.05,9,23423.27,12,21.30,359,0.5965,6,0,SELF_EMPLOYED,MASTERS,SINGLE,AUTO,0
CUST-002007,38,120309.76,6,39539.11,60,10.03,667,0.6544,6,0,UNEMPLOYED,HIGH_SCHOOL,DIVORCED,AUTO,1
CUST-002008,65,96547.88,31,64792.08,36,5.61,654,0.5766,1,0,SALARIED,MASTERS,SINGLE,EDUCATION,1
CUST-002009,58,99057.48,30,3294.16,36,5.40,564,0.1804,0,0,RETIRED,BACHELORS,SINGLE,EDUCATION,1
CUST-002010,38,57426.97,6,66480.88,48,7.79,809,0.4323,4,0,SALARIED,MASTERS,SINGLE,EDUCATION,1
CUST-002011,47,102830.99,29,60893.19,48,8.77,661,0.0862,0,3,UNEMPLOYED,BACHELORS,SINGLE,AUTO,1
CUST-002012,64,153397.88,27,78292.64,36,11.11,344,0.3351,2,0,SALARIED,PHD,MARRIED,HOME,0
CUST-002013,23,162855.49,5,75480.95,36,6.79,650,0.0591,6,0,RETIRED,PHD,MARRIED,AUTO,0
CUST-002014,36,140827.76,18,4914.06,48,20.18,846,0.0689,4,0,SALARIED,BACHELORS,MARRIED,EDUCATION,0
CUST-002015,21,129351.54,1,23423.43,24,11.73,749,0.5281,1,0,SELF_EMPLOYED,MASTERS,DIVORCED,BUSINESS,0
CUST-002016,25,196076.96,7,65457.00,60,15.64,568,0.4931,1,0,RETIRED,BACHELORS,SINGLE,AUTO,1
CUST-002017,42,61830.27,7,31612.08,12,5.69,632,0.5365,2,0,SELF_EMPLOYED,HIGH_SCHOOL,SINGLE,EDUCATION,1
CUST-002018,26,168133.61,8,52249.81,12,10.47,538,0.1919,4,0,RETIRED,HIGH_SCHOOL,MARRIED,PERSONAL,0
CUST-002019,51,93644.12,24,41604.82,24,15.51,550,0.2332,3,0,RETIRED,MASTERS,DIVORCED,AUTO,0
CUST-002020,24,181336.94,2,87696.33,60,6.29,324,0.6318,0,0,SALARIED,MASTERS,DIVORCED,BUSINESS,1
CUST-002021,53,141161.54,34,87928.05,36,5.54,649,0.6794,4,0,RETIRED,BACHELORS,DIVORCED,BUSINESS,0
CUST-002022,44,53624.53,5,17019.88,12,10.55,771,0.5054,4,0,SELF_EMPLOYED,HIGH_SCHOOL,DIVORCED,PERSONAL,1
CUST-002023,51,162193.18,32,35099.85,60,24.41,595,0.0930,6,0,SALARIED,BACHELORS,DIVORCED,HOME,0
CUST-002024,65,131280.17,3,24750.53,24,9.47,548,0.3522,6,0,RETIRED,MASTERS,DIVORCED,EDUCATION,1
CUST-002025,63,150430.55,26,77337.12,48,15.68,547,0.3665,3,0,RETIRED,HIGH_SCHOOL,MARRIED,BUSINESS,0
CUST-002026,65,92736.31,6,41896.45,24,17.37,315,0.2220,2,0,SELF_EMPLOYED,HIGH_SCHOOL,DIVORCED,BUSINESS,0
CUST-002027,61,86583.13,24,17721.43,48,14.94,735,0.1923,4,0,SELF_EMPLOYED,BACHELORS,SINGLE,BUSINESS,0
CUST-002028,31,149175.32,13,76219.94,24,17.70,611,0.1225,6,3,UNEMPLOYED,BACHELORS,MARRIED,PERSONAL,1
CUST-002029,41,100491.41,13,47840.03,36,11.47,667,0.6324,5,0,SELF_EMPLOYED,MASTERS,SINGLE,HOME,1
CUST-002030,64,190046.22,0,41192.34,12,19.81,588,0.4002,4,2,SELF_EMPLOYED,MASTERS,DIVORCED,PERSONAL,1
CUST-002031,40,138785.34,3,68313.77,12,19.37,831,0.5825,0,0,UNEMPLOYED,MASTERS,DIVORCED,EDUCATION,1
CUST-002032,29,90478.63,11,34948.27,12,10.94,716,0.6215,6,0,SALARIED,MASTERS,SINGLE,BUSINESS,0
CUST-002033,22,76584.46,4,80542.50,48,9.32,747,0.2414,1,0,RETIRED,HIGH_SCHOOL,MARRIED,EDUCATION,0
CUST-002034,64,65060.55,24,57652.63,48,15.22,805,0.5581,5,3,UNEMPLOYED,MASTERS,SINGLE,BUSINESS,1
CUST-002035,68,97810.12,0,83061.35,36,21.35,353,0.1012,1,0,SELF_EMPLOYED,BACHELORS,SINGLE,BUSINESS,0
CUST-002036,64,132624.24,32,74522.62,24,20.54,687,0.5294,3,0,UNEMPLOYED,PHD,MARRIED,PERSONAL,1
CUST-002037,45,151992.50,9,56296.12,36,7.82,479,0.2690,6,0,SELF_EMPLOYED,HIGH_SCHOOL,MARRIED,AUTO,0
CUST-002038,29,55612.43,6,35598.76,36,9.34,629,0.1596,2,0,SALARIED,BACHELORS,SINGLE,BUSINESS,1
CUST-002039,50,78164.23,6,84548.59,12,14.58,318,0.3441,1,0,UNEMPLOYED,BACHELORS,MARRIED,EDUCATION,1
CUST-002040,30,83231.07,?,66085.02,36,6.13,778,0.3677,5,0,SELF_EMPLOYED,BACHELORS,DIVORCED,HOME,0
CUST-002041,36,68240.53,2,10580.36,48,8.53,758,0.0846,2,0,RETIRED,MASTERS,SINGLE,BUSINESS,0
CUST-002042,39,161038.73,18,25793.83,12,21.79,501,0.3025,6,0,SELF_EMPLOYED,BACHELORS,SINGLE,AUTO,1
CUST-002043,53,180071.25,26,22663.82,48,12.00,527,0.4837,0,0,UNEMPLOYED,BACHELORS,SINGLE,PERSONAL,1
CUST-002044,50,65839.92,14,27960.38,48,11.10,413,0.5195,0,0,SELF_EMPLOYED,PHD,MARRIED,AUTO,1
CUST-002045,50,120141.65,26,33344.05,12,7.99,705,0.1538,2,2,UNEMPLOYED,PHD,DIVORCED,AUTO,1
CUST-002046,59,174711.20,20,85947.80,24,13.91,464,0.1895,3,0,SALARIED,PHD,SINGLE,PERSONAL,0
CUST-002047,70,47794.90,33,42011.92,48,5.97,643,0.3791,5,0,RETIRED,BACHELORS,MARRIED,EDUCATION,1
CUST-002048,36,118014.54,18,83694.43,12,17.34,829,0.6218,1,0,SALARIED,MASTERS,DIVORCED,EDUCATION,1
CUST-002049,36,121602.18,18,84056.65,48,23.32,584,0.1955,0,0,SELF_EMPLOYED,PHD,DIVORCED,EDUCATION,0
CUST-002050,64,102445.32,11,42057.30,60,6.27,479,0.5506,1,0,UNEMPLOYED,PHD,MARRIED,HOME,0
CUST-002051,47,76472.20,22,75496.47,36,13.53,334,0.1815,4,0,SELF_EMPLOYED,HIGH_SCHOOL,SINGLE,BUSINESS,1
CUST-002052,42,103966.45,16,30706.91,24,13.48,611,0.1797,2,0,SELF_EMPLOYED,MASTERS,MARRIED,EDUCATION,0
CUST-002053,51,39544.23,32,75235.38,24,23.25,799,0.2310,2,3,SELF_EMPLOYED,MASTERS,SINGLE,PERSONAL,1
CUST-002054,70,107104.00,32,40210.60,36,7.55,467,0.1719,1,1,RETIRED,BACHELORS,DIVORCED,HOME,0
CUST-002055,48,170872.49,11,20117.24,36,12.26,351,0.2184,2,0,SELF_EMPLOYED,BACHELORS,DIVORCED,AUTO,0
CUST-002056,34,63462.47,16,61207.85,24,7.10,385,0.6456,3,0,SELF_EMPLOYED,PHD,DIVORCED,EDUCATION,1
CUST-002057,36,84958.97,18,40893.10,48,21.54,512,0.3492,6,0,RETIRED,PHD,SINGLE,AUTO,0
CUST-002058,50,103521.79,15,58563.02,12,22.98,805,0.1945,2,0,SALARIED,MASTERS,MARRIED,PERSONAL,0
CUST-002059,31,165061.05,12,58506.79,36,24.65,409,0.1349,5,0,SALARIED,BACHELORS,SINGLE,BUSINESS,0
CUST-002060,58,191720.71,7,88672.42,60,9.21,780,0.3235,1,0,RETIRED,HIGH_SCHOOL,SINGLE,EDUCATION,1
CUST-002061,21,38244.11,3,86125.02,36,19.68,396,0.1903,5,0,UNEMPLOYED,HIGH_SCHOOL,MARRIED,EDUCATION,1
CUST-002062,55,199683.61,14,14761.00,24,12.26,609,0.6551,2,0,SELF_EMPLOYED,MASTERS,DIVORCED,PERSONAL,0
CUST-002063,32,65336.37,13,69439.57,24,21.78,829,0.2440,4,0,UNEMPLOYED,HIGH_SCHOOL,MARRIED,BUSINESS,0
CUST-002064,39,164244.12,21,71293.81,60,8.73,755,0.5919,2,0,SELF_EMPLOYED,HIGH_SCHOOL,DIVORCED,HOME,0
CUST-002065,29,81851.66,11,59903.10,60,22.14,786,0.5811,1,0,SELF_EMPLOYED,MASTERS,DIVORCED,EDUCATION,1
CUST-002066,38,112896.26,20,75680.84,60,6.73,323,0.2834,2,0,RETIRED,MASTERS,MARRIED,EDUCATION,0
CUST-002067,68,85320.13,8,62809.07,60,7.24,636,0.3840,1,2,RETIRED,PHD,DIVORCED,EDUCATION,1
CUST-002068,29,92967.99,0,21213.69,60,10.11,766,0.6568,5,0,UNEMPLOYED,BACHELORS,MARRIED,AUTO,0
CUST-002069,46,80260.19,13,54007.95,36,24.05,713,0.1437,5,0,RETIRED,PHD,MARRIED,BUSINESS,1
CUST-002070,68,148895.48,5,37167.77,12,14.10,481,0.0719,0,0,SALARIED,MASTERS,SINGLE,EDUCATION,0
CUST-002071,61,155698.23,18,7825.74,48,6.18,352,0.2712,3,0,SELF_EMPLOYED,HIGH_SCHOOL,DIVORCED,EDUCATION,0
CUST-002072,52,102978.75,23,78370.17,24,12.26,488,0.6111,5,0,RETIRED,PHD,MARRIED,BUSINESS,1
CUST-002073,39,54014.95,21,63392.19,24,11.52,849,0.5181,0,0,UNEMPLOYED,BACHELORS,MARRIED,PERSONAL,0
CUST-002074,35,47600.72,11,26721.91,24,14.84,375,0.5940,5,0,RETIRED,MASTERS,MARRIED,AUTO,0
CUST-002075,45,121660.95,1,34304.14,60,8.19,676,0.4147,4,0,SELF_EMPLOYED,BACHELORS,MARRIED,EDUCATION,0
CUST-002076,43,45573.52,25,45998.00,36,7.87,641,0.1195,5,0,UNEMPLOYED,BACHELORS,MARRIED,PERSONAL,0
CUST-002077,27,96471.99,6,11568.10,24,12.63,585,0.2246,5,0,SELF_EMPLOYED,PHD,DIVORCED,AUTO,0
CUST-002078,36,133488.72,9,32406.92,36,7.58,557,0.5938,2,0,UNEMPLOYED,HIGH_SCHOOL,MARRIED,PERSONAL,0
CUST-002079,33,154037.97,15,20625.79,48,11.76,485,0.6228,5,0,SALARIED,PHD,MARRIED,PERSONAL,1
CUST-002080,33,32985.58,4,76516.97,60,19.82,448,0.5182,6,0,SALARIED,HIGH_SCHOOL,DIVORCED,EDUCATION,0
CUST-002081,61,51033.01,28,41174.40,36,23.41,365,0.3898,3,0,RETIRED,PHD,MARRIED,HOME,1
CUST-002082,21,54324.74,3,41197.29,24,7.60,673,0.6440,4,0,SELF_EMPLOYED,HIGH_SCHOOL,SINGLE,PERSONAL,0
CUST-002083,57,90910.75,6,59302.72,36,22.35,599,0.5489,4,0,SALARIED,PHD,MARRIED,BUSINESS,1
CUST-002084,69,55357.61,25,82306.72,36,13.11,417,0.6140,3,0,SALARIED,MASTERS,DIVORCED,BUSINESS,0
CUST-002085,57,80384.71,1,25501.60,12,21.79,501,0.4756,6,0,SELF_EMPLOYED,HIGH_SCHOOL,SINGLE,BUSINESS,1
CUST-002086,45,78698.89,23,64505.19,36,17.27,528,0.5319,1,0,SELF_EMPLOYED,HIGH_SCHOOL,MARRIED,AUTO,1
CUST-002087,67,97566.76,24,88207.39,24,23.41,500,0.5772,3,0,SELF_EMPLOYED,PHD,SINGLE,HOME,1
CUST-002088,69,136191.76,4,41645.82,60,13.01,381,0.1118,1,0,SALARIED,PHD,MARRIED,AUTO,0
CUST-002089,32,129931.84,14,40124.29,48,11.28,581,0.3784,1,0,UNEMPLOYED,PHD,SINGLE,PERSONAL,0
CUST-002090,29,21499.85,11,62674.40,36,5.64,567,0.1496,3,0,RETIRED,MASTERS,MARRIED,PERSONAL,1
CUST-002091,69,?,18,88390.50,36,16.66,801,0.1701,0,0,SALARIED,PHD,SINGLE,EDUCATION,0
CUST-002092,37,157787.25,19,35863.00,48,19.27,503,0.5502,0,0,SELF_EMPLOYED,HIGH_SCHOOL,DIVORCED,BUSINESS,1
CUST-002093,64,113766.03,32,87012.70,60,7.91,488,0.5157,4,0,SALARIED,MASTERS,SINGLE,AUTO,0
CUST-002094,55,95008.23,1,65265.80,36,19.50,498,0.6896,3,0,SALARIED,HIGH_SCHOOL,SINGLE,EDUCATION,1
CUST-002095,41,181746.71,23,60660.78,60,20.56,774,0.6735,3,1,SELF_EMPLOYED,HIGH_SCHOOL,MARRIED,AUTO,1
CUST-002096,59,165113.45,33,4610.17,36,6.18,647,0.4591,4,0,SELF_EMPLOYED,MASTERS,SINGLE,EDUCATION,0
CUST-002097,26,185682.18,8,20972.72,36,6.93,770,0.1074,2,0,UNEMPLOYED,BACHELORS,SINGLE,BUSINESS,0
CUST-002098,60,67776.54,9,63211.89,60,19.25,700,0.1623,6,0,RETIRED,HIGH_SCHOOL,DIVORCED,AUTO,0
CUST-002099,23,65526.77,5,34103.64,36,12.83,815,0.3916,4,0,UNEMPLOYED,HIGH_SCHOOL,MARRIED,AUTO,1
CUST-002100,59,121965.80,27,56955.88,48,14.39,399,0.5493,1,0,UNEMPLOYED,MASTERS,MARRIED,PERSONAL,1
CUST-002101,54,55132.58,5,73617.47,24,17.85,313,0.2675,4,0,RETIRED,MASTERS,MARRIED,HOME,1
CUST-002102,40,73661.66,5,10018.05,24,14.44,671,0.5458,4,0,SELF_EMPLOYED,BACHELORS,DIVORCED,EDUCATION,1
CUST-002103,26,138504.44,8,31692.83,36,10.77,347,0.2568,1,0,SELF_EMPLOYED,BACHELORS,SINGLE,HOME,0
CUST-002104,46,106851.08,16,18093.75,60,16.69,447,0.4881,3,1,RETIRED,BACHELORS,DIVORCED,BUSINESS,0
CUST-002105,27,79875.17,1,13397.66,48,21.53,703,0.2829,2,1,UNEMPLOYED,HIGH_SCHOOL,MARRIED,EDUCATION,0
CUST-002106,36,115709.23,17,84975.33,36,21.73,336,0.5420,0,0,SELF_EMPLOYED,BACHELORS,DIVORCED,EDUCATION,1
CUST-002107,69,183968.73,12,75808.28,36,24.94,442,0.1416,2,0,UNEMPLOYED,HIGH_SCHOOL,SINGLE,EDUCATION,0
CUST-002108,55,47706.58,3,32594.76,60,13.57,772,0.5138,3,0,RETIRED,PHD,SINGLE,EDUCATION,1
CUST-002109,68,33886.96,20,33545.90,48,5.22,406,0.2770,0,0,SELF_EMPLOYED,MASTERS,SINGLE,EDUCATION,0
CUST-002110,33,130432.02,11,62793.75,60,11.48,438,0.1109,0,3,UNEMPLOYED,MASTERS,MARRIED,BUSINESS,1
CUST-002111,49,165508.85,27,22709.17,24,22.99,721,0.5373,2,0,SALARIED,HIGH_SCHOOL,SINGLE,HOME,0
CUST-002112,69,147855.05,21,30861.36,60,21.94,496,0.6606,3,0,SELF_EMPLOYED,HIGH_SCHOOL,MARRIED,HOME,0
CUST-002113,45,133069.64,22,56529.36,48,11.50,548,0.5904,4,0,SALARIED,HIGH_SCHOOL,SINGLE,AUTO,1
CUST-002114,38,86355.66,20,50901.63,48,5.07,473,0.5063,5,0,RETIRED,BACHELORS,DIVORCED,AUTO,1
CUST-002115,53,88604.48,7,45005.25,24,24.08,818,0.3669,2,0,UNEMPLOYED,BACHELORS,MARRIED,AUTO,0
CUST-002116,37,139338.16,14,83798.99,36,22.68,655,0.6434,6,0,SELF_EMPLOYED,BACHELORS,MARRIED,BUSINESS,1
CUST-002117,67,184433.62,3,14702.37,60,14.27,668,0.6857,1,2,UNEMPLOYED,BACHELORS,DIVORCED,BUSINESS,1
CUST-002118,38,137869.81,19,86401.21,12,12.22,345,0.5729,6,0,RETIRED,BACHELORS,DIVORCED,HOME,1
CUST-002119,35,114927.19,17,34680.66,48,8.16,441,0.6810,6,0,SELF_EMPLOYED,HIGH_SCHOOL,MARRIED,BUSINESS,0
CUST-002120,54,148566.83,9,44471.52,48,21.42,645,0.4847,4,0,UNEMPLOYED,PHD,MARRIED,HOME,0
CUST-002121,45,197648.38,13,40886.43,60,6.05,335,0.1134,4,0,UNEMPLOYED,MASTERS,MARRIED,HOME,1
CUST-002122,60,85656.67,24,43339.77,24,10.55,713,0.3955,4,0,RETIRED,MASTERS,DIVORCED,HOME,0
CUST-002123,46,59272.74,3,79696.86,36,22.32,741,0.4267,4,0,SALARIED,BACHELORS,MARRIED,AUTO,1
CUST-002124,37,100318.87,11,87953.72,48,14.18,378,0.2304,1,1,RETIRED,MASTERS,SINGLE,AUTO,0
CUST-002125,65,152923.25,11,63692.91,60,23.74,487,0.1945,0,0,RETIRED,HIGH_SCHOOL,SINGLE,EDUCATION,0
CUST-002126,60,166666.89,7,58828.94,60,14.83,534,0.1510,4,0,SALARIED,HIGH_SCHOOL,MARRIED,EDUCATION,0
CUST-002127,29,158542.99,11,36903.71,36,9.81,540,0.3904,3,0,UNEMPLOYED,PHD,SINGLE,BUSINESS,0
CUST-002128,52,139660.32,5,23199.45,60,17.52,755,0.5918,6,0,SELF_EMPLOYED,HIGH_SCHOOL,SINGLE,PERSONAL,1
CUST-002129,43,53287.41,17,75388.06,36,10.36,743,0.2015,3,3,SALARIED,BACHELORS,DIVORCED,BUSINESS,1
CUST-002130,25,97573.67,7,46617.24,36,16.02,315,0.4029,0,0,SALARIED,MASTERS,DIVORCED,BUSINESS,0
CUST-002131,64,164741.64,30,50365.46,48,17.20,541,0.2986,2,0,SELF_EMPLOYED,HIGH_SCHOOL,DIVORCED,HOME,0
CUST-002132,33,192881.39,15,36169.65,24,20.88,754,0.5019,6,0,SELF_EMPLOYED,HIGH_SCHOOL,DIVORCED,HOME,1
CUST-002133,30,114136.58,1,47813.07,48,18.97,489,0.5955,2,0,SELF_EMPLOYED,HIGH_SCHOOL,DIVORCED,AUTO,1
CUST-002134,35,115379.34,12,4144.69,36,15.72,315,0.0660,1,0,RETIRED,HIGH_SCHOOL,SINGLE,PERSONAL,0
CUST-002135,42,157796.13,?,27471.01,48,17.33,769,0.6812,0,0,SELF_EMPLOYED,MASTERS,DIVORCED,PERSONAL,0
CUST-002136,49,108403.22,26,44207.90,48,6.89,571,0.1153,0,0,SALARIED,MASTERS,SINGLE,PERSONAL,0
CUST-002137,53,139753.12,15,20844.76,36,8.14,778,0.1141,4,0,UNEMPLOYED,PHD,MARRIED,EDUCATION,0
CUST-002138,53,42432.78,4,59017.16,60,17.97,411,0.4704,2,0,RETIRED,MASTERS,SINGLE,BUSINESS,0
CUST-002139,28,169392.42,7,71691.70,36,5.69,637,0.5779,5,0,SELF_EMPLOYED,MASTERS,DIVORCED,BUSINESS,0
CUST-002140,48,117349.40,6,10968.70,12,23.29,317,0.6847,0,1,SELF_EMPLOYED,HIGH_SCHOOL,SINGLE,PERSONAL,1
CUST-002141,65,85723.97,32,19234.91,12,14.81,687,0.2363,6,0,SELF_EMPLOYED,HIGH_SCHOOL,MARRIED,AUTO,0
CUST-002142,53,34388.56,13,26136.48,60,22.41,736,0.5458,4,0,SALARIED,HIGH_SCHOOL,MARRIED,PERSONAL,1
CUST-002143,60,79189.42,31,15860.58,36,21.88,527,0.1166,6,0,UNEMPLOYED,PHD,DIVORCED,AUTO,0
CUST-002144,70,183334.47,12,41421.89,60,24.76,719,0.2978,2,0,SALARIED,HIGH_SCHOOL,SINGLE,PERSONAL,1
CUST-002145,60,46792.28,20,30344.21,36,16.57,327,0.1916,4,0,UNEMPLOYED,HIGH_SCHOOL,MARRIED,HOME,1
CUST-002146,45,193799.80,6,24247.10,60,24.01,466,0.5981,0,0,SELF_EMPLOYED,HIGH_SCHOOL,SINGLE,EDUCATION,1
CUST-002147,69,115270.65,8,74249.99,60,17.83,327,0.2925,4,0,SELF_EMPLOYED,PHD,MARRIED,AUTO,1
CUST-002148,45,129490.43,27,60497.17,12,8.40,641,0.3620,1,0,SELF_EMPLOYED,PHD,MARRIED,PERSONAL,0
CUST-002149,61,111114.75,33,41725.13,60,9.13,553,0.3469,1,0,SALARIED,HIGH_SCHOOL,MARRIED,EDUCATION,0
CUST-002150,22,199491.22,4,84877.42,36,20.96,619,0.3048,1,0,UNEMPLOYED,PHD,SINGLE,PERSONAL,0
CUST-002151,53,135556.16,1,34524.22,24,21.00,547,0.2498,1,0,SALARIED,MASTERS,DIVORCED,HOME,0
CUST-002152,70,191858.02,27,72364.79,48,20.06,547,0.2618,4,0,UNEMPLOYED,BACHELORS,SINGLE,PERSONAL,0
CUST-002153,58,117508.94,11,47234.49,12,8.30,680,0.1694,0,0,RETIRED,PHD,SINGLE,HOME,0
CUST-002154,38,108700.83,20,61854.67,36,5.69,620,0.4384,3,0,RETIRED,BACHELORS,DIVORCED,PERSONAL,1
CUST-002155,33,?,1,59910.83,36,19.87,564,0.5792,5,0,RETIRED,PHD,SINGLE,PERSONAL,0
CUST-002156,52,141579.38,15,60092.85,24,6.37,345,0.2315,2,3,RETIRED,MASTERS,DIVORCED,AUTO,1
CUST-002157,61,85529.49,5,12259.38,12,22.40,417,0.1595,2,0,SELF_EMPLOYED,MASTERS,DIVORCED,HOME,0
CUST-002158,52,150964.78,32,28563.15,36,16.84,568,0.2863,5,0,SALARIED,BACHELORS,SINGLE,EDUCATION,1
CUST-002159,28,102823.35,10,71571.97,24,22.19,686,0.4915,2,0,RETIRED,BACHELORS,MARRIED,AUTO,0
CUST-002160,22,140737.10,4,33226.97,36,16.00,510,0.5753,6,0,RETIRED,PHD,SINGLE,EDUCATION,1
CUST-002161,56,110751.94,22,30656.47,24,15.37,394,0.1316,4,0,UNEMPLOYED,BACHELORS,SINGLE,EDUCATION,1
CUST-002162,29,81685.61,1,15468.19,60,20.17,487,0.6409,6,2,RETIRED,MASTERS,SINGLE,PERSONAL,1
CUST-002163,50,144010.77,11,29138.23,48,24.70,557,0.5847,6,0,UNEMPLOYED,MASTERS,MARRIED,PERSONAL,1
CUST-002164,52,172440.97,28,46692.68,60,24.28,674,0.1116,0,0,SELF_EMPLOYED,PHD,SINGLE,EDUCATION,0
CUST-002165,54,54195.14,28,44566.56,48,19.75,681,0.3440,2,0,SELF_EMPLOYED,PHD,DIVORCED,EDUCATION,0
CUST-002166,45,135019.13,7,84068.75,48,12.56,319,0.2810,0,0,UNEMPLOYED,HIGH_SCHOOL,MARRIED,PERSONAL,1
CUST-002167,52,125583.15,31,67622.32,24,24.44,847,0.6939,3,2,UNEMPLOYED,HIGH_SCHOOL,MARRIED,EDUCATION,0
CUST-002168,51,57487.40,29,53002.12,36,8.42,659,0.1655,6,1,UNEMPLOYED,HIGH_SCHOOL,DIVORCED,PERSONAL,1
CUST-002169,33,?,14,37333.25,60,9.22,328,0.2508,3,0,SELF_EMPLOYED,PHD,SINGLE,PERSONAL,0
CUST-002170,57,147042.02,25,49408.97,60,21.34,674,0.6710,0,0,UNEMPLOYED,MASTERS,DIVORCED,EDUCATION,0
CUST-002171,59,161607.93,25,45318.80,12,23.10,387,0.5787,5,0,UNEMPLOYED,BACHELORS,DIVORCED,BUSINESS,1
CUST-002172,54,135886.15,5,70459.17,24,7.79,645,0.4697,4,0,SALARIED,MASTERS,SINGLE,BUSINESS,0
CUST-002173,25,160327.46,7,45292.03,24,11.65,395,0.5688,0,3,SELF_EMPLOYED,PHD,DIVORCED,HOME,1
CUST-002174,62,39822.61,19,42197.09,60,17.70,827,0.1470,5,0,SALARIED,MASTERS,DIVORCED,EDUCATION,0
CUST-002175,51,119986.43,8,46734.43,24,6.91,466,0.6067,1,0,SELF_EMPLOYED,MASTERS,DIVORCED,BUSINESS,0
CUST-002176,61,38161.33,5,62247.20,36,18.46,721,0.1196,2,1,SELF_EMPLOYED,BACHELORS,SINGLE,EDUCATION,1
CUST-002177,51,81129.96,10,83746.81,48,11.97,514,0.6449,3,0,SALARIED,BACHELORS,MARRIED,AUTO,1
CUST-002178,31,64280.52,13,75433.33,48,15.67,623,0.3532,1,0,UNEMPLOYED,HIGH_SCHOOL,DIVORCED,AUTO,0
CUST-002179,37,103041.83,19,43075.57,24,9.06,459,0.5041,4,0,RETIRED,MASTERS,SINGLE,PERSONAL,1
CUST-002180,70,40241.80,19,46161.10,24,17.19,709,0.1686,3,0,SELF_EMPLOYED,BACHELORS,SINGLE,PERSONAL,0
CUST-002181,38,196769.87,12,42175.30,48,8.68,428,0.3331,4,2,SELF_EMPLOYED,BACHELORS,DIVORCED,EDUCATION,1
CUST-002182,44,172877.07,26,35121.23,48,14.97,516,0.5559,1,0,UNEMPLOYED,PHD,DIVORCED,EDUCATION,1
CUST-002183,35,137835.62,13,60694.01,12,5.76,740,0.6521,3,0,SALARIED,MASTERS,SINGLE,AUTO,0
CUST-002184,53,112200.79,22,85754.75,24,23.99,815,0.5584,1,0,UNEMPLOYED,BACHELORS,MARRIED,HOME,1
CUST-002185,70,163211.58,30,84549.15,24,24.77,527,0.3744,5,0,SELF_EMPLOYED,PHD,SINGLE,PERSONAL,0
CUST-002186,50,83211.76,11,10707.48,36,24.75,519,0.3669,2,0,RETIRED,BACHELORS,SINGLE,AUTO,1
CUST-002187,40,23961.79,9,83007.76,24,17.76,496,0.6846,4,1,SELF_EMPLOYED,PHD,MARRIED,HOME,1
CUST-002188,56,164872.71,1,67772.74,12,12.69,?,0.2280,6,3,SALARIED,PHD,SINGLE,BUSINESS,1
CUST-002189,47,106349.92,26,23727.86,24,18.29,847,0.2030,4,0,SELF_EMPLOYED,HIGH_SCHOOL,SINGLE,HOME,1
CUST-002190,57,87646.40,31,21621.72,24,5.94,?,0.6877,6,0,RETIRED,HIGH_SCHOOL,DIVORCED,AUTO,0
CUST-002191,57,147003.96,3,69781.17,48,8.82,824,0.6895,2,0,SELF_EMPLOYED,MASTERS,MARRIED,EDUCATION,0
CUST-002192,37,166864.67,16,24700.55,36,20.80,565,0.4119,1,0,UNEMPLOYED,PHD,SINGLE,EDUCATION,0
CUST-002193,63,131424.65,12,82902.18,36,11.39,345,0.5695,3,0,SALARIED,PHD,SINGLE,AUTO,0
CUST-002194,40,49026.93,22,77895.19,48,15.45,713,0.5028,0,0,UNEMPLOYED,PHD,DIVORCED,EDUCATION,1
CUST-002195,46,32463.46,12,54190.85,60,12.73,394,0.4142,1,0,UNEMPLOYED,HIGH_SCHOOL,MARRIED,AUTO,1
CUST-002196,68,165989.95,11,34394.77,36,10.49,381,0.6865,0,0,UNEMPLOYED,MASTERS,SINGLE,HOME,1
CUST-002197,70,125237.09,23,4206.26,24,5.17,338,0.1824,0,0,UNEMPLOYED,PHD,SINGLE,HOME,0
CUST-002198,69,183623.10,0,88612.55,60,21.15,661,0.0524,6,0,UNEMPLOYED,PHD,SINGLE,EDUCATION,0
CUST-002199,27,80343.77,9,35134.50,60,6.52,768,0.4515,0,0,RETIRED,HIGH_SCHOOL,DIVORCED,HOME,0
CUST-002200,59,139725.34,1,43888.16,24,23.70,482,0.3723,4,0,RETIRED,BACHELORS,SINGLE,HOME,0
CUST-002201,52,39073.08,13,67958.46,24,14.38,313,0.4141,1,0,SALARIED,MASTERS,MARRIED,AUTO,0
CUST-002202,28,156065.21,10,49446.29,60,24.21,695,0.6791,3,0,SELF_EMPLOYED,PHD,DIVORCED,PERSONAL,0
CUST-002203,51,43174.66,32,40015.98,36,15.41,823,0.3534,4,0,UNEMPLOYED,PHD,SINGLE,HOME,0
CUST-002204,60,139370.34,3,53711.90,36,20.91,654,0.4676,1,0,SELF_EMPLOYED,BACHELORS,SINGLE,PERSONAL,0
CUST-002205,51,160789.13,2,83320.81,60,22.83,829,0.2651,5,2,SALARIED,MASTERS,MARRIED,HOME,0
CUST-002206,38,26921.72,12,51213.16,24,13.27,644,0.2091,0,0,SALARIED,HIGH_SCHOOL,SINGLE,PERSONAL,1
CUST-002207,63,59821.02,22,28975.50,60,12.81,374,0.3847,2,0,SALARIED,PHD,DIVORCED,EDUCATION,0
CUST-002208,47,134634.10,10,56025.95,36,8.99,617,0.2432,1,0,SALARIED,MASTERS,DIVORCED,AUTO,0
CUST-002209,66,190185.47,32,51188.25,60,6.43,?,0.6815,1,0,UNEMPLOYED,HIGH_SCHOOL,DIVORCED,EDUCATION,1
CUST-002210,62,40103.86,6,3227.81,24,9.74,?,0.1305,6,0,UNEMPLOYED,MASTERS,DIVORCED,AUTO,0
CUST-002211,36,103488.44,11,75022.71,48,19.85,306,0.6483,5,0,SALARIED,BACHELORS,MARRIED,AUTO,0
CUST-002212,28,194327.24,10,34492.31,60,21.09,684,0.1122,5,2,UNEMPLOYED,MASTERS,SINGLE,PERSONAL,1
CUST-002213,69,40138.07,9,82474.12,12,19.78,579,0.1957,1,0,UNEMPLOYED,MASTERS,MARRIED,EDUCATION,1
CUST-002214,63,134990.80,5,35770.63,60,8.75,636,0.6192,2,0,RETIRED,MASTERS,DIVORCED,EDUCATION,0
CUST-002215,44,30318.52,2,50157.47,24,10.68,803,0.2045,3,0,SELF_EMPLOYED,BACHELORS,MARRIED,BUSINESS,1
CUST-002216,48,23313.22,28,61138.85,24,18.82,549,0.4355,2,0,SELF_EMPLOYED,MASTERS,SINGLE,AUTO,0
CUST-002217,56,36320.72,7,20825.18,48,14.06,529,0.3367,1,0,SELF_EMPLOYED,MASTERS,DIVORCED,PERSONAL,0
CUST-002218,54,93634.79,34,4067.80,36,9.34,736,0.6589,0,0,UNEMPLOYED,MASTERS,MARRIED,EDUCATION,0
CUST-002219,55,33912.88,27,51987.81,12,20.43,567,0.2921,2,0,SELF_EMPLOYED,HIGH_SCHOOL,DIVORCED,AUTO,1
CUST-002220,25,99317.58,7,29000.35,60,23.58,802,0.6756,3,0,RETIRED,PHD,DIVORCED,HOME,0
CUST-002221,31,134990.50,9,21617.33,36,17.38,604,0.2120,0,0,RETIRED,HIGH_SCHOOL,MARRIED,BUSINESS,0
CUST-002222,29,151441.07,11,43208.03,12,9.08,646,0.0820,3,0,SELF_EMPLOYED,PHD,MARRIED,AUTO,1
CUST-002223,30,57108.71,12,74854.04,24,7.98,397,0.3362,4,0,SALARIED,MASTERS,DIVORCED,EDUCATION,0
CUST-002224,58,38429.46,24,51833.37,48,18.79,?,0.0902,1,3,UNEMPLOYED,BACHELORS,SINGLE,AUTO,1
CUST-002225,43,177789.25,25,16397.84,48,24.26,712,0.5949,4,0,SELF_EMPLOYED,BACHELORS,SINGLE,BUSINESS,0
CUST-002226,40,192815.16,22,83474.21,24,24.01,627,0.1984,4,0,UNEMPLOYED,PHD,MARRIED,HOME,0
CUST-002227,39,197995.53,6,10185.62,12,16.69,790,0.0699,1,0,RETIRED,BACHELORS,MARRIED,HOME,0
CUST-002228,23,128143.84,5,78433.22,48,22.95,408,0.2482,5,0,SELF_EMPLOYED,PHD,SINGLE,EDUCATION,1
CUST-002229,40,21715.66,6,85239.59,12,6.59,647,0.6425,6,0,RETIRED,PHD,DIVORCED,PERSONAL,1
CUST-002230,34,94181.44,5,58466.61,24,19.18,714,0.0791,5,0,RETIRED,MASTERS,DIVORCED,EDUCATION,0
CUST-002231,25,37829.38,7,51875.92,12,5.56,457,0.3100,2,0,UNEMPLOYED,HIGH_SCHOOL,DIVORCED,EDUCATION,1
CUST-002232,33,74056.27,15,58259.43,48,21.65,346,0.3644,5,0,UNEMPLOYED,PHD,MARRIED,HOME,1
CUST-002233,48,123363.35,25,52105.08,36,21.56,421,0.4438,0,0,SALARIED,MASTERS,MARRIED,PERSONAL,1
CUST-002234,53,196623.00,25,64452.50,48,6.60,305,0.2264,5,3,SELF_EMPLOYED,BACHELORS,MARRIED,AUTO,1
CUST-002235,61,102705.28,?,8481.14,12,17.76,452,0.2335,6,0,RETIRED,BACHELORS,SINGLE,PERSONAL,0
CUST-002236,45,38592.46,23,19602.09,60,15.88,524,0.1380,3,0,RETIRED,PHD,SINGLE,EDUCATION,0
CUST-002237,60,22719.34,26,38790.31,24,17.33,714,0.6457,2,0,SALARIED,PHD,MARRIED,BUSINESS,1
CUST-002238,25,105634.21,7,54670.55,36,22.32,810,0.6652,1,0,RETIRED,BACHELORS,SINGLE,EDUCATION,0
CUST-002239,58,?,20,82957.61,48,9.10,302,0.4057,6,0,RETIRED,PHD,DIVORCED,HOME,1
CUST-002240,22,24437.90,4,43762.42,12,5.46,490,0.6257,1,0,RETIRED,MASTERS,SINGLE,BUSINESS,1
CUST-002241,65,83266.10,18,5628.03,48,9.28,793,0.4142,3,0,UNEMPLOYED,PHD,MARRIED,HOME,1
CUST-002242,35,197220.12,15,44183.77,36,20.39,605,0.0609,4,0,SALARIED,MASTERS,DIVORCED,PERSONAL,0
CUST-002243,66,35928.13,5,85214.04,36,17.96,548,0.3031,2,0,SELF_EMPLOYED,HIGH_SCHOOL,MARRIED,EDUCATION,1
CUST-002244,41,57005.22,16,34001.37,36,20.53,520,0.6648,4,0,UNEMPLOYED,PHD,SINGLE,PERSONAL,1
CUST-002245,57,143874.40,30,12490.78,24,6.60,770,0.1415,0,0,UNEMPLOYED,PHD,SINGLE,AUTO,0
CUST-002246,39,84314.49,1,70599.91,24,20.17,674,0.1622,6,0,SALARIED,PHD,MARRIED,PERSONAL,0
CUST-002247,27,155464.75,9,64713.49,36,16.95,410,0.1966,4,0,SELF_EMPLOYED,HIGH_SCHOOL,DIVORCED,AUTO,0
CUST-002248,56,96764.29,1,16467.61,12,9.28,465,0.0890,3,1,UNEMPLOYED,HIGH_SCHOOL,SINGLE,AUTO,1
CUST-002249,39,42690.28,21,87111.73,36,19.39,475,0.1957,4,1,SALARIED,MASTERS,MARRIED,BUSINESS,1
CUST-002250,24,30256.05,6,74622.84,48,16.15,330,0.4453,2,0,SALARIED,PHD,DIVORCED,BUSINESS,0
CUST-002251,24,180475.93,6,46057.52,24,6.63,482,0.4208,5,0,RETIRED,HIGH_SCHOOL,DIVORCED,PERSONAL,1
CUST-002252,39,39064.46,?,24440.44,48,17.04,489,0.2494,0,0,RETIRED,HIGH_SCHOOL,MARRIED,AUTO,0
CUST-002253,34,78505.79,16,81765.33,60,5.63,749,0.5851,3,0,UNEMPLOYED,PHD,MARRIED,AUTO,0
CUST-002254,56,94112.08,16,87240.86,60,17.78,320,0.6943,1,0,RETIRED,BACHELORS,SINGLE,EDUCATION,0
CUST-002255,42,171875.73,12,77101.81,48,22.03,418,0.6254,5,0,UNEMPLOYED,BACHELORS,MARRIED,HOME,1
CUST-002256,54,196950.76,34,37216.21,36,9.69,617,0.1208,5,0,RETIRED,MASTERS,MARRIED,BUSINESS,0
CUST-002257,27,146925.77,7,87804.88,60,9.76,480,0.5786,6,0,RETIRED,PHD,MARRIED,PERSONAL,0
CUST-002258,62,142757.52,9,53285.31,36,8.09,523,0.3579,2,0,RETIRED,MASTERS,DIVORCED,AUTO,0
CUST-002259,32,73582.48,14,89092.89,60,21.26,844,0.4275,1,0,RETIRED,PHD,MARRIED,PERSONAL,1
CUST-002260,65,38754.99,3,64129.76,48,18.62,430,0.5245,1,0,SALARIED,HIGH_SCHOOL,MARRIED,AUTO,0
CUST-002261,69,165029.96,27,12981.38,60,15.98,848,0.4889,5,0,SALARIED,HIGH_SCHOOL,DIVORCED,EDUCATION,0
CUST-002262,47,113366.00,11,81867.66,48,15.09,510,0.1004,6,0,UNEMPLOYED,BACHELORS,SINGLE,HOME,1
CUST-002263,37,181566.28,6,25732.36,60,21.61,406,0.2985,6,2,UNEMPLOYED,HIGH_SCHOOL,SINGLE,HOME,1
CUST-002264,35,127820.00,17,28458.64,36,16.24,546,0.6644,0,2,RETIRED,BACHELORS,MARRIED,HOME,1
CUST-002265,34,112093.75,6,68153.34,12,8.32,578,0.4864,1,0,SALARIED,BACHELORS,MARRIED,BUSINESS,1
CUST-002266,65,74921.84,8,76784.81,60,18.90,781,0.3367,2,0,SALARIED,BACHELORS,MARRIED,AUTO,0
CUST-002267,50,89669.42,29,81173.64,12,17.58,772,0.3334,1,3,RETIRED,BACHELORS,DIVORCED,PERSONAL,1
CUST-002268,40,197957.20,11,36515.45,36,11.22,819,0.5621,6,0,UNEMPLOYED,BACHELORS,MARRIED,EDUCATION,1
CUST-002269,42,165173.86,0,34090.43,48,10.93,472,0.1401,1,0,RETIRED,MASTERS,MARRIED,PERSONAL,0
CUST-002270,43,157767.81,25,50636.10,36,8.64,535,0.0645,3,0,SELF_EMPLOYED,HIGH_SCHOOL,SINGLE,HOME,0
CUST-002271,21,191749.47,3,22316.71,48,7.22,695,0.4506,1,0,SELF_EMPLOYED,MASTERS,SINGLE,EDUCATION,0
CUST-002272,46,157744.82,24,85431.30,48,18.96,686,0.0682,6,0,RETIRED,BACHELORS,DIVORCED,HOME,0
CUST-002273,41,190096.30,16,46263.93,12,9.52,450,0.3988,1,0,RETIRED,MASTERS,SINGLE,HOME,0
CUST-002274,28,156030.82,10,86779.24,36,5.35,477,0.3891,0,0,SALARIED,MASTERS,DIVORCED,EDUCATION,0
CUST-002275,31,133072.75,4,34342.19,48,15.58,652,0.1928,5,0,UNEMPLOYED,PHD,SINGLE,BUSINESS,0
CUST-002276,22,171474.92,4,6615.57,48,21.75,720,0.5271,3,0,SALARIED,BACHELORS,DIVORCED,PERSONAL,1
CUST-002277,29,176716.20,9,3377.69,48,19.54,598,0.1077,5,0,SALARIED,BACHELORS,SINGLE,HOME,0
CUST-002278,68,150111.06,28,81629.89,60,22.78,664,0.0705,2,0,UNEMPLOYED,PHD,SINGLE,EDUCATION,1
CUST-002279,43,80074.26,20,19405.18,48,21.90,494,0.4121,4,0,SELF_EMPLOYED,HIGH_SCHOOL,SINGLE,HOME,1
CUST-002280,63,175753.73,10,81376.90,60,20.82,343,0.1229,4,0,UNEMPLOYED,PHD,DIVORCED,EDUCATION,1
CUST-002281,43,72425.65,19,31794.51,36,14.43,787,0.5506,6,1,UNEMPLOYED,BACHELORS,DIVORCED,AUTO,1
CUST-002282,50,129663.34,26,16629.67,36,23.46,478,0.3786,5,0,SELF_EMPLOYED,PHD,MARRIED,BUSINESS,0
CUST-002283,22,33238.64,4,19537.86,60,5.47,718,0.6115,4,0,SELF_EMPLOYED,BACHELORS,SINGLE,EDUCATION,0
CUST-002284,29,75556.90,11,56600.24,48,16.08,808,0.5950,6,0,RETIRED,PHD,MARRIED,HOME,1
CUST-002285,45,52751.86,26,44732.21,48,8.00,500,0.1956,5,0,UNEMPLOYED,BACHELORS,DIVORCED,BUSINESS,1
CUST-002286,59,30774.82,1,54474.16,24,11.73,567,0.0632,1,0,SELF_EMPLOYED,HIGH_SCHOOL,MARRIED,AUTO,0
CUST-002287,54,160106.90,28,42379.92,24,21.11,421,0.2148,4,0,RETIRED,BACHELORS,SINGLE,AUTO,0
CUST-002288,49,131925.94,11,89274.95,36,5.45,635,0.4409,6,0,SELF_EMPLOYED,BACHELORS,DIVORCED,EDUCATION,0
CUST-002289,54,133234.72,14,19561.15,60,11.12,711,0.5558,2,0,RETIRED,MASTERS,MARRIED,HOME,0
CUST-002290,64,185181.80,24,60232.31,60,24.27,389,0.4156,0,0,RETIRED,BACHELORS,MARRIED,AUTO,0
CUST-002291,65,120920.80,4,64650.36,12,21.33,429,0.5918,3,0,SALARIED,HIGH_SCHOOL,SINGLE,HOME,1
CUST-002292,56,93799.92,12,7830.21,12,13.90,344,0.6344,3,0,SELF_EMPLOYED,PHD,DIVORCED,HOME,1
CUST-002293,54,89737.43,19,4694.52,24,5.36,303,0.6929,3,0,SALARIED,MASTERS,SINGLE,EDUCATION,1
CUST-002294,36,131093.20,18,46995.36,24,21.06,787,0.6302,1,0,UNEMPLOYED,HIGH_SCHOOL,SINGLE,AUTO,0
CUST-002295,36,181785.62,5,6719.80,36,21.45,536,0.1447,6,0,SALARIED,BACHELORS,DIVORCED,PERSONAL,0
CUST-002296,28,176271.51,10,10904.39,36,19.12,822,0.0915,6,0,SALARIED,HIGH_SCHOOL,DIVORCED,EDUCATION,0
CUST-002297,44,77340.36,4,17483.42,24,22.82,595,0.2978,0,0,RETIRED,BACHELORS,SINGLE,EDUCATION,0
CUST-002298,49,97333.20,20,49842.77,24,14.26,847,0.2929,6,0,SELF_EMPLOYED,BACHELORS,DIVORCED,BUSINESS,0
CUST-002299,56,190332.27,29,22642.46,60,15.51,467,0.1471,1,0,RETIRED,PHD,SINGLE,EDUCATION,1
CUST-002300,28,18668.90,10,75047.79,60,6.08,505,0.6983,2,0,SALARIED,MASTERS,MARRIED,EDUCATION,0
CUST-002301,36,120155.69,18,65738.41,36,19.86,593,0.5951,6,0,RETIRED,MASTERS,MARRIED,EDUCATION,1
CUST-002302,22,55241.59,4,55508.25,24,16.05,341,0.1481,5,0,UNEMPLOYED,BACHELORS,MARRIED,BUSINESS,1
CUST-002303,61,95391.30,17,74949.74,36,20.53,627,0.6547,3,0,SALARIED,MASTERS,DIVORCED,PERSONAL,1
CUST-002304,55,92045.07,33,72991.48,48,22.41,400,0.1137,5,0,RETIRED,PHD,MARRIED,AUTO,1
CUST-002305,62,164608.55,11,83006.98,60,5.23,434,0.3013,2,0,RETIRED,MASTERS,SINGLE,EDUCATION,0
CUST-002306,34,18536.51,16,70386.36,24,19.00,582,0.6486,5,0,SELF_EMPLOYED,PHD,SINGLE,EDUCATION,1
CUST-002307,44,149250.67,3,27755.84,36,19.92,830,0.4846,2,0,RETIRED,PHD,SINGLE,BUSINESS,0
CUST-002308,52,188401.53,29,41440.12,24,23.03,693,0.1621,1,0,SELF_EMPLOYED,MASTERS,DIVORCED,PERSONAL,0
CUST-002309,44,179373.15,12,21616.15,48,24.71,833,0.5276,0,0,SELF_EMPLOYED,BACHELORS,SINGLE,HOME,1
CUST-002310,26,58932.07,8,21535.72,36,8.77,810,0.2749,2,3,SELF_EMPLOYED,MASTERS,MARRIED,BUSINESS,1
CUST-002311,40,73272.02,17,88995.07,12,8.76,525,0.2149,2,0,SELF_EMPLOYED,HIGH_SCHOOL,SINGLE,EDUCATION,0
CUST-002312,33,72077.02,15,51554.71,24,14.12,761,0.3571,5,0,SELF_EMPLOYED,BACHELORS,MARRIED,BUSINESS,0
CUST-002313,53,98659.48,28,53601.06,12,11.52,587,0.6620,6,1,UNEMPLOYED,MASTERS,DIVORCED,PERSONAL,1
CUST-002314,41,53390.25,18,17734.70,60,18.18,822,0.1692,3,0,SELF_EMPLOYED,PHD,SINGLE,BUSINESS,0
CUST-002315,52,134730.98,25,87218.36,48,22.77,653,0.2646,5,0,UNEMPLOYED,HIGH_SCHOOL,MARRIED,BUSINESS,1
CUST-002316,30,24113.15,12,84549.86,24,15.83,817,0.5711,4,3,UNEMPLOYED,MASTERS,DIVORCED,PERSONAL,1
CUST-002317,30,66642.29,12,17022.20,48,5.96,664,0.5401,1,0,SALARIED,PHD,DIVORCED,HOME,1
CUST-002318,43,190951.83,21,13676.41,12,6.14,813,0.5302,1,0,UNEMPLOYED,HIGH_SCHOOL,MARRIED,HOME,0
CUST-002319,69,21459.67,14,73702.56,36,22.48,507,0.3289,3,0,UNEMPLOYED,MASTERS,MARRIED,HOME,1
CUST-002320,63,191218.79,13,81189.50,48,24.17,495,0.2491,4,1,UNEMPLOYED,HIGH_SCHOOL,MARRIED,EDUCATION,0
CUST-002321,59,56683.76,17,54558.69,36,9.29,768,0.5167,2,2,RETIRED,HIGH_SCHOOL,DIVORCED,BUSINESS,1
CUST-002322,45,174400.46,24,74348.11,48,15.28,558,0.2113,6,0,SELF_EMPLOYED,BACHELORS,MARRIED,EDUCATION,1
CUST-002323,52,56663.09,17,20194.14,36,14.48,648,0.1315,3,0,RETIRED,MASTERS,DIVORCED,HOME,1
CUST-002324,36,154488.39,16,80003.05,36,7.59,407,0.2970,6,0,SALARIED,BACHELORS,MARRIED,PERSONAL,0
CUST-002325,34,76404.84,16,18425.71,60,12.38,840,0.4010,4,0,SALARIED,MASTERS,DIVORCED,PERSONAL,0
CUST-002326,34,36258.63,6,60751.08,12,11.81,615,0.4835,5,0,SELF_EMPLOYED,MASTERS,MARRIED,AUTO,1
CUST-002327,29,165038.23,11,11849.35,12,17.90,494,0.1149,5,0,RETIRED,BACHELORS,DIVORCED,AUTO,1
CUST-002328,27,155134.18,0,48077.52,48,14.29,626,0.2208,5,0,SALARIED,PHD,SINGLE,PERSONAL,1
CUST-002329,48,90439.34,24,3010.88,24,7.20,308,0.2618,1,0,UNEMPLOYED,BACHELORS,SINGLE,PERSONAL,0
CUST-002330,29,22722.37,3,42555.99,12,14.00,373,0.3389,5,0,UNEMPLOYED,PHD,MARRIED,BUSINESS,1
CUST-002331,39,73720.57,21,27721.40,60,10.18,750,0.4740,0,0,SALARIED,PHD,DIVORCED,PERSONAL,0
CUST-002332,57,71151.43,15,40765.88,48,10.08,443,0.2819,2,0,SALARIED,HIGH_SCHOOL,DIVORCED,AUTO,0
CUST-002333,57,116385.50,10,6116.65,12,19.92,807,0.6190,1,0,SALARIED,BACHELORS,SINGLE,AUTO,1
CUST-002334,51,69912.34,11,76806.00,48,13.39,678,0.4447,5,0,SALARIED,PHD,DIVORCED,BUSINESS,0
CUST-002335,32,25845.85,10,42128.82,36,7.91,565,0.1203,1,0,SALARIED,BACHELORS,DIVORCED,PERSONAL,0
CUST-002336,61,135332.40,26,63494.67,24,13.20,706,0.3070,5,0,RETIRED,MASTERS,MARRIED,PERSONAL,0
CUST-002337,36,102561.94,16,63779.71,12,6.95,527,0.3313,5,0,SELF_EMPLOYED,HIGH_SCHOOL,DIVORCED,PERSONAL,0
CUST-002338,38,36985.26,20,12818.66,48,8.43,535,0.4157,1,0,SELF_EMPLOYED,PHD,MARRIED,AUTO,1
CUST-002339,41,76582.78,3,56988.99,24,9.21,682,0.3833,4,0,SALARIED,MASTERS,DIVORCED,EDUCATION,1
CUST-002340,50,37355.43,13,60237.49,60,23.54,403,0.2294,3,0,RETIRED,HIGH_SCHOOL,DIVORCED,HOME,1
CUST-002341,32,136922.61,6,7062.80,24,23.02,773,0.5336,1,0,SELF_EMPLOYED,BACHELORS,MARRIED,EDUCATION,0
CUST-002342,36,140249.29,18,24801.82,24,17.68,808,0.2817,1,0,RETIRED,BACHELORS,DIVORCED,EDUCATION,0
CUST-002343,45,168202.87,19,86515.39,12,6.79,623,0.6557,4,0,UNEMPLOYED,BACHELORS,DIVORCED,HOME,0
CUST-002344,61,126419.87,25,52654.57,12,7.12,669,0.2339,0,0,UNEMPLOYED,MASTERS,DIVORCED,EDUCATION,0
CUST-002345,22,128356.97,4,20429.69,12,15.46,420,0.6529,6,0,UNEMPLOYED,HIGH_SCHOOL,MARRIED,HOME,1
CUST-002346,68,77440.26,0,17037.29,60,19.56,681,0.0624,0,0,SALARIED,MASTERS,SINGLE,PERSONAL,0
CUST-002347,35,44128.87,3,58640.44,48,17.40,642,0.1243,3,0,UNEMPLOYED,PHD,DIVORCED,EDUCATION,0
CUST-002348,68,169065.78,8,31408.11,36,23.27,342,0.4832,1,0,SELF_EMPLOYED,HIGH_SCHOOL,DIVORCED,EDUCATION,1
CUST-002349,31,153771.98,13,35728.07,36,10.51,483,0.5359,2,0,SELF_EMPLOYED,HIGH_SCHOOL,MARRIED,EDUCATION,1
CUST-002350,30,125617.35,12,20401.83,36,23.53,749,0.6819,1,0,UNEMPLOYED,PHD,MARRIED,AUTO,0
CUST-002351,65,130578.07,17,12335.29,36,13.96,736,0.3455,3,0,SALARIED,HIGH_SCHOOL,MARRIED,HOME,0
CUST-002352,33,21428.61,15,35517.10,60,21.57,431,0.1591,2,3,RETIRED,HIGH_SCHOOL,DIVORCED,EDUCATION,1
CUST-002353,63,131493.57,18,55721.28,12,13.91,360,0.0558,1,0,SALARIED,PHD,SINGLE,PERSONAL,0
CUST-002354,69,62638.46,26,18660.33,12,12.57,730,0.2425,0,0,UNEMPLOYED,HIGH_SCHOOL,MARRIED,BUSINESS,0
CUST-002355,64,151200.19,18,54909.65,36,24.48,326,0.4311,2,0,SALARIED,PHD,SINGLE,BUSINESS,1
CUST-002356,70,28171.74,18,24326.55,12,22.79,788,0.6533,6,0,UNEMPLOYED,HIGH_SCHOOL,DIVORCED,BUSINESS,0
CUST-002357,41,163321.59,23,39996.50,60,17.43,426,0.5477,3,3,SELF_EMPLOYED,BACHELORS,DIVORCED,AUTO,1
CUST-002358,26,198959.23,8,4232.04,36,6.00,635,0.4884,4,0,SELF_EMPLOYED,PHD,DIVORCED,EDUCATION,1
CUST-002359,52,134899.04,14,88886.99,48,12.82,411,0.3505,3,0,RETIRED,HIGH_SCHOOL,SINGLE,AUTO,1
CUST-002360,42,165458.16,12,14834.67,36,23.96,443,0.4959,0,1,SALARIED,MASTERS,DIVORCED,HOME,0
CUST-002361,30,115592.89,12,79594.84,36,6.08,667,0.1842,1,0,UNEMPLOYED,PHD,MARRIED,HOME,1
CUST-002362,40,121177.68,12,59776.00,48,8.05,540,0.2507,6,2,RETIRED,BACHELORS,MARRIED,HOME,1
CUST-002363,57,78899.99,14,12883.86,48,6.55,580,0.2314,6,0,SELF_EMPLOYED,HIGH_SCHOOL,DIVORCED,PERSONAL,1
CUST-002364,64,84516.10,14,72737.20,48,10.28,759,0.1801,4,0,RETIRED,HIGH_SCHOOL,MARRIED,BUSINESS,0
CUST-002365,57,144882.53,5,63953.99,48,12.16,826,0.1966,3,0,RETIRED,MASTERS,MARRIED,AUTO,0
CUST-002366,39,119529.32,13,73209.03,24,20.10,772,0.0856,2,0,SALARIED,PHD,DIVORCED,PERSONAL,1
CUST-002367,48,172824.27,7,25939.49,48,16.91,803,0.4006,6,0,UNEMPLOYED,BACHELORS,MARRIED,PERSONAL,1
CUST-002368,23,93186.02,1,32748.18,48,6.62,508,0.1479,1,0,SELF_EMPLOYED,PHD,SINGLE,EDUCATION,1
CUST-002369,53,95963.38,4,58252.27,12,22.16,558,0.6609,5,0,RETIRED,MASTERS,SINGLE,HOME,1
CUST-002370,49,148324.71,28,4117.36,36,23.47,786,0.6788,5,0,SALARIED,HIGH_SCHOOL,DIVORCED,BUSINESS,0
CUST-002371,48,75241.36,6,37885.33,36,20.50,496,0.0774,4,0,UNEMPLOYED,MASTERS,DIVORCED,AUTO,0
CUST-002372,33,149940.04,15,63780.11,24,22.25,701,0.6341,2,0,SELF_EMPLOYED,BACHELORS,MARRIED,BUSINESS,1
CUST-002373,62,60783.12,4,29518.82,12,20.02,621,0.6349,3,0,RETIRED,BACHELORS,DIVORCED,EDUCATION,0
CUST-002374,38,171977.95,11,81603.56,24,19.85,582,0.3526,0,0,SELF_EMPLOYED,MASTERS,DIVORCED,HOME,1
CUST-002375,50,89562.02,22,65261.25,12,16.27,381,0.4593,1,0,UNEMPLOYED,BACHELORS,MARRIED,AUTO,1
CUST-002376,38,191106.91,20,39847.82,24,23.36,524,0.4397,6,0,RETIRED,MASTERS,MARRIED,AUTO,0
CUST-002377,69,118758.82,32,20884.29,24,6.26,421,0.2293,4,0,UNEMPLOYED,HIGH_SCHOOL,SINGLE,BUSINESS,0
CUST-002378,27,63305.69,9,65207.23,36,8.95,490,0.2001,3,0,SALARIED,BACHELORS,SINGLE,EDUCATION,1
CUST-002379,56,134882.27,33,77623.13,60,6.46,771,0.6809,2,0,SALARIED,HIGH_SCHOOL,SINGLE,AUTO,0
CUST-002380,47,123937.84,24,74822.04,48,23.53,408,0.2932,4,0,SALARIED,PHD,MARRIED,AUTO,0
CUST-002381,22,38193.57,4,60640.18,60,15.41,517,0.2582,1,0,SELF_EMPLOYED,MASTERS,SINGLE,PERSONAL,1
CUST-002382,54,26009.51,3,51950.23,36,5.84,841,0.3073,3,2,SELF_EMPLOYED,MASTERS,MARRIED,HOME,1
CUST-002383,51,162824.48,30,35339.19,12,18.26,485,0.4355,3,2,UNEMPLOYED,HIGH_SCHOOL,MARRIED,EDUCATION,1
CUST-002384,48,91777.56,0,78853.85,12,9.36,432,0.6545,2,0,SALARIED,PHD,SINGLE,BUSINESS,1
CUST-002385,30,34852.62,12,69155.37,12,13.82,570,0.6914,3,2,SALARIED,PHD,MARRIED,BUSINESS,1
CUST-002386,47,42561.56,29,33878.56,36,14.54,671,0.1304,0,0,UNEMPLOYED,BACHELORS,DIVORCED,AUTO,0
CUST-002387,64,178618.09,10,55285.80,60,5.03,365,0.2601,5,3,UNEMPLOYED,HIGH_SCHOOL,MARRIED,PERSONAL,1
CUST-002388,38,99126.36,20,14414.86,24,18.71,678,0.4651,1,0,SALARIED,MASTERS,DIVORCED,BUSINESS,1
CUST-002389,53,143497.61,4,34676.99,24,13.82,350,0.5526,0,3,UNEMPLOYED,BACHELORS,SINGLE,BUSINESS,1
CUST-002390,55,177291.72,21,42832.95,60,24.61,469,0.3770,2,0,SELF_EMPLOYED,HIGH_SCHOOL,SINGLE,EDUCATION,1
CUST-002391,42,77999.93,7,67468.25,36,17.56,511,0.2689,2,0,UNEMPLOYED,MASTERS,SINGLE,BUSINESS,0
CUST-002392,42,108341.56,24,66081.40,48,23.86,406,0.0615,6,0,UNEMPLOYED,BACHELORS,SINGLE,BUSINESS,1
CUST-002393,52,115200.30,18,54795.71,12,21.90,473,0.2927,6,0,UNEMPLOYED,BACHELORS,MARRIED,PERSONAL,1
CUST-002394,56,61593.76,14,51760.03,60,22.87,618,0.5482,4,0,SALARIED,HIGH_SCHOOL,MARRIED,BUSINESS,0
CUST-002395,29,95322.97,11,74318.95,48,11.23,771,0.5081,3,0,SELF_EMPLOYED,HIGH_SCHOOL,MARRIED,AUTO,0
CUST-002396,36,25911.24,13,81885.77,48,22.09,548,0.6836,5,2,SELF_EMPLOYED,HIGH_SCHOOL,DIVORCED,HOME,1
CUST-002397,35,145855.80,17,32624.01,36,6.63,755,0.1332,0,0,UNEMPLOYED,MASTERS,MARRIED,HOME,0
CUST-002398,33,123850.76,11,4229.22,12,9.33,?,0.4570,2,0,UNEMPLOYED,MASTERS,MARRIED,AUTO,0
CUST-002399,26,156968.06,8,57291.35,12,9.69,674,0.1250,4,0,SALARIED,BACHELORS,MARRIED,PERSONAL,0
CUST-002400,51,37190.94,29,7384.76,12,11.26,614,0.1182,0,2,RETIRED,HIGH_SCHOOL,DIVORCED,EDUCATION,1
CUST-002401,58,71882.71,3,54584.98,60,11.87,398,0.3106,4,0,SALARIED,PHD,MARRIED,PERSONAL,1
CUST-002402,26,59719.32,8,8262.95,48,19.45,793,0.1976,2,0,UNEMPLOYED,BACHELORS,MARRIED,EDUCATION,0
CUST-002403,70,142098.40,18,3976.90,24,16.65,457,0.1486,5,0,SALARIED,HIGH_SCHOOL,SINGLE,BUSINESS,0
CUST-002404,33,76955.69,2,47154.33,36,10.56,822,0.6996,4,0,UNEMPLOYED,BACHELORS,DIVORCED,BUSINESS,1
CUST-002405,28,38076.14,5,61108.70,12,13.62,841,0.4802,1,0,SALARIED,MASTERS,DIVORCED,BUSINESS,0
CUST-002406,53,193133.16,21,29540.71,24,20.79,407,0.3850,2,0,RETIRED,HIGH_SCHOOL,SINGLE,AUTO,0
CUST-002407,46,154529.12,3,70609.73,48,12.93,608,0.4620,4,0,RETIRED,PHD,DIVORCED,PERSONAL,0
CUST-002408,51,?,30,51811.29,24,5.81,395,0.6062,4,0,SELF_EMPLOYED,BACHELORS,MARRIED,BUSINESS,1
CUST-002409,41,20816.18,5,60941.42,48,6.74,757,0.0519,6,2,UNEMPLOYED,BACHELORS,SINGLE,AUTO,1
CUST-002410,33,199470.34,10,12205.23,36,13.73,832,0.1914,5,0,SALARIED,PHD,MARRIED,AUTO,0
CUST-002411,28,195918.60,10,76202.50,60,14.97,722,0.5903,1,2,UNEMPLOYED,BACHELORS,DIVORCED,AUTO,1
CUST-002412,48,131651.43,14,62957.20,48,5.83,530,0.3720,3,1,UNEMPLOYED,BACHELORS,SINGLE,AUTO,1
CUST-002413,37,81591.56,14,8314.68,24,21.69,834,0.6481,5,0,SALARIED,BACHELORS,SINGLE,AUTO,1
CUST-002414,58,127359.44,6,56921.23,60,9.54,384,0.2508,3,0,UNEMPLOYED,PHD,MARRIED,BUSINESS,1
CUST-002415,40,160297.62,13,7915.65,24,11.63,556,0.6588,5,1,SALARIED,MASTERS,SINGLE,AUTO,0
CUST-002416,51,54605.12,25,39065.35,36,10.47,615,0.5952,4,0,SELF_EMPLOYED,PHD,MARRIED,PERSONAL,1
CUST-002417,25,70844.95,0,80436.33,24,18.49,433,0.6421,3,0,SALARIED,HIGH_SCHOOL,DIVORCED,AUTO,1
CUST-002418,36,98267.86,16,64286.55,24,5.66,610,0.1667,3,0,SALARIED,PHD,MARRIED,HOME,0
CUST-002419,29,63815.93,11,39551.61,24,16.59,460,0.3306,0,3,UNEMPLOYED,HIGH_SCHOOL,SINGLE,PERSONAL,1
CUST-002420,21,75740.61,1,6690.74,48,13.58,456,0.6489,3,0,SALARIED,BACHELORS,MARRIED,EDUCATION,0
CUST-002421,30,22046.95,12,20790.57,12,13.07,314,0.3349,2,0,SELF_EMPLOYED,BACHELORS,DIVORCED,HOME,0
CUST-002422,67,102222.40,34,32049.85,36,8.76,770,0.3461,5,1,UNEMPLOYED,PHD,DIVORCED,AUTO,0
CUST-002423,39,42119.99,6,55486.58,48,18.36,723,0.1831,3,3,UNEMPLOYED,HIGH_SCHOOL,DIVORCED,AUTO,1
CUST-002424,67,161938.35,18,12658.66,24,23.07,679,0.3396,0,1,UNEMPLOYED,HIGH_SCHOOL,MARRIED,PERSONAL,0
CUST-002425,44,30395.51,0,57152.39,12,18.51,402,0.3742,0,0,SALARIED,PHD,DIVORCED,HOME,1
CUST-002426,43,67122.44,15,89058.26,12,22.62,782,0.2648,4,0,SELF_EMPLOYED,PHD,SINGLE,EDUCATION,0
CUST-002427,38,176502.85,12,29216.89,60,6.58,467,0.0881,1,0,SELF_EMPLOYED,PHD,MARRIED,BUSINESS,0
CUST-002428,41,116900.68,11,60569.74,12,18.80,332,0.6158,4,0,SELF_EMPLOYED,BACHELORS,DIVORCED,HOME,1
CUST-002429,61,65335.94,14,26894.83,60,21.20,746,0.0947,2,0,UNEMPLOYED,MASTERS,MARRIED,HOME,0
CUST-002430,47,145940.03,4,10331.99,48,24.47,810,0.1782,0,0,UNEMPLOYED,BACHELORS,DIVORCED,HOME,0
CUST-002431,60,88552.57,3,48435.03,60,8.92,480,0.2518,0,0,SALARIED,PHD,SINGLE,BUSINESS,0
CUST-002432,25,133139.15,7,75954.88,48,16.14,620,0.5821,1,0,UNEMPLOYED,HIGH_SCHOOL,DIVORCED,AUTO,0
CUST-002433,32,144947.90,4,89530.61,24,7.65,454,0.6221,2,3,RETIRED,HIGH_SCHOOL,MARRIED,HOME,1
CUST-002434,23,33191.22,2,46741.24,36,13.76,824,0.6947,1,0,UNEMPLOYED,HIGH_SCHOOL,SINGLE,BUSINESS,1
CUST-002435,66,143487.56,10,28200.88,12,17.16,305,0.6428,3,0,UNEMPLOYED,BACHELORS,SINGLE,AUTO,1
CUST-002436,69,194616.27,23,19986.80,12,21.67,477,0.2974,6,0,UNEMPLOYED,PHD,SINGLE,AUTO,1
CUST-002437,57,123200.13,26,55598.82,36,18.06,582,0.2578,3,0,SALARIED,PHD,SINGLE,PERSONAL,1
CUST-002438,52,100918.57,21,3840.76,24,15.02,627,0.2058,2,0,SALARIED,HIGH_SCHOOL,MARRIED,BUSINESS,0
CUST-002439,41,126202.65,10,26644.85,12,17.41,418,0.0938,2,0,SALARIED,MASTERS,MARRIED,AUTO,1
CUST-002440,45,?,19,48190.80,48,7.79,333,0.1227,1,0,UNEMPLOYED,MASTERS,MARRIED,PERSONAL,0
CUST-002441,21,140123.82,3,84817.13,12,5.96,395,0.5553,0,0,SELF_EMPLOYED,HIGH_SCHOOL,SINGLE,PERSONAL,1
CUST-002442,25,178459.32,7,59258.13,12,19.48,594,0.1240,6,0,SELF_EMPLOYED,HIGH_SCHOOL,SINGLE,AUTO,1
CUST-002443,56,82449.60,2,39371.50,24,5.18,481,0.5891,2,0,RETIRED,BACHELORS,DIVORCED,PERSONAL,0
CUST-002444,63,128468.81,30,65106.13,48,11.23,833,0.6614,1,3,SALARIED,MASTERS,SINGLE,AUTO,1
CUST-002445,51,89372.14,26,32109.31,24,7.58,797,0.1009,1,0,UNEMPLOYED,MASTERS,DIVORCED,EDUCATION,1
CUST-002446,27,87606.56,9,72870.08,60,16.87,301,0.0988,6,3,RETIRED,BACHELORS,SINGLE,BUSINESS,1
CUST-002447,63,170148.85,31,18916.62,60,13.50,324,0.2735,1,0,SALARIED,HIGH_SCHOOL,SINGLE,HOME,1
CUST-002448,64,72230.51,?,60405.45,12,11.54,796,0.1765,4,0,SELF_EMPLOYED,MASTERS,SINGLE,EDUCATION,0
CUST-002449,26,107257.06,8,15322.53,36,13.15,549,0.3142,4,0,UNEMPLOYED,BACHELORS,DIVORCED,HOME,0
CUST-002450,24,187326.31,6,53572.17,24,19.63,349,0.5551,6,0,SALARIED,MASTERS,DIVORCED,BUSINESS,0
CUST-002451,50,76709.67,17,51689.25,12,16.24,401,0.3657,5,0,SALARIED,BACHELORS,MARRIED,HOME,1
CUST-002452,34,52451.13,16,5234.07,12,19.23,675,0.3571,4,0,SALARIED,PHD,SINGLE,HOME,1
CUST-002453,68,185933.50,21,26676.59,48,9.52,314,0.6786,4,0,RETIRED,PHD,DIVORCED,EDUCATION,0
CUST-002454,47,55415.84,28,13056.76,24,9.83,450,0.2454,3,0,SELF_EMPLOYED,MASTERS,MARRIED,AUTO,1
CUST-002455,27,194994.74,9,66281.30,12,13.65,491,0.5982,0,0,RETIRED,BACHELORS,MARRIED,BUSINESS,0
CUST-002456,63,105103.57,33,66764.47,24,5.43,550,0.6067,2,0,SELF_EMPLOYED,HIGH_SCHOOL,MARRIED,EDUCATION,1
CUST-002457,28,120561.62,10,38320.11,12,22.46,826,0.3780,1,0,SELF_EMPLOYED,BACHELORS,DIVORCED,BUSINESS,0
CUST-002458,51,171335.05,16,15359.66,60,21.21,749,0.4618,6,0,SALARIED,BACHELORS,MARRIED,BUSINESS,0
CUST-002459,53,159166.63,32,29669.31,24,9.02,686,0.6685,0,0,UNEMPLOYED,BACHELORS,DIVORCED,PERSONAL,1
CUST-002460,32,89087.23,4,24324.67,12,14.61,485,0.5056,4,0,RETIRED,HIGH_SCHOOL,MARRIED,EDUCATION,1
CUST-002461,42,190995.40,24,83883.40,24,5.79,585,0.1096,5,0,UNEMPLOYED,BACHELORS,MARRIED,EDUCATION,0
CUST-002462,45,150230.35,24,35352.18,24,21.53,796,0.4507,6,0,SALARIED,BACHELORS,MARRIED,PERSONAL,0
CUST-002463,69,163688.98,33,8038.21,48,10.99,819,0.3761,0,0,RETIRED,BACHELORS,MARRIED,AUTO,0
CUST-002464,62,187574.12,21,59083.71,24,11.44,450,0.4609,5,3,SALARIED,BACHELORS,DIVORCED,BUSINESS,1
CUST-002465,68,131115.38,13,9881.11,36,9.15,555,0.4920,0,0,RETIRED,MASTERS,SINGLE,BUSINESS,1
CUST-002466,31,56174.32,10,68385.30,48,22.06,818,0.5407,4,0,RETIRED,BACHELORS,SINGLE,HOME,1
CUST-002467,42,157469.07,7,80370.52,12,15.46,532,0.6834,4,3,UNEMPLOYED,PHD,MARRIED,BUSINESS,1
CUST-002468,64,75020.34,9,19715.18,12,13.15,444,0.5942,4,1,SELF_EMPLOYED,BACHELORS,MARRIED,AUTO,1
CUST-002469,38,44781.23,4,51410.16,48,5.62,587,0.4584,3,0,RETIRED,MASTERS,MARRIED,EDUCATION,1
CUST-002470,68,52259.14,24,30673.88,24,15.50,512,0.6065,4,0,SELF_EMPLOYED,PHD,DIVORCED,EDUCATION,1
CUST-002471,21,145475.84,2,72080.78,36,23.19,618,0.1806,6,0,RETIRED,MASTERS,DIVORCED,EDUCATION,1
CUST-002472,50,26203.27,21,78804.36,36,10.06,746,0.1449,6,0,UNEMPLOYED,BACHELORS,DIVORCED,BUSINESS,0
CUST-002473,31,198281.31,0,70653.81,48,15.22,462,0.4271,1,0,UNEMPLOYED,BACHELORS,MARRIED,AUTO,0
CUST-002474,60,68968.98,7,51787.13,48,14.70,609,0.4147,3,0,SALARIED,BACHELORS,SINGLE,PERSONAL,0
CUST-002475,56,140323.49,18,59625.78,12,17.08,340,0.3173,5,0,UNEMPLOYED,HIGH_SCHOOL,SINGLE,PERSONAL,1
CUST-002476,59,62700.24,29,21815.58,24,5.61,420,0.1007,6,0,SALARIED,BACHELORS,SINGLE,PERSONAL,0
CUST-002477,33,106826.66,12,25485.18,60,13.48,467,0.1425,0,0,RETIRED,PHD,MARRIED,HOME,1
CUST-002478,52,196245.14,24,68800.77,12,17.44,625,0.2968,2,0,UNEMPLOYED,MASTERS,MARRIED,HOME,0
CUST-002479,67,66179.11,14,28137.96,36,24.56,549,0.3610,0,0,UNEMPLOYED,PHD,SINGLE,BUSINESS,1
CUST-002480,47,29286.69,11,35556.94,36,24.46,477,0.3807,3,0,UNEMPLOYED,HIGH_SCHOOL,DIVORCED,HOME,0
CUST-002481,52,109444.98,29,9683.03,48,24.04,725,0.4425,1,0,UNEMPLOYED,HIGH_SCHOOL,DIVORCED,HOME,0
CUST-002482,44,27509.16,9,40217.60,12,11.91,377,0.5056,6,0,SALARIED,PHD,MARRIED,HOME,1
CUST-002483,23,59158.53,5,15918.67,36,24.49,529,0.6869,5,0,SELF_EMPLOYED,MASTERS,DIVORCED,PERSONAL,0
CUST-002484,47,164436.62,29,42939.29,24,19.61,334,0.1287,5,1,SALARIED,HIGH_SCHOOL,DIVORCED,AUTO,0
CUST-002485,62,184310.78,30,32379.84,36,12.76,768,0.0910,3,0,RETIRED,MASTERS,MARRIED,EDUCATION,0
CUST-002486,43,105458.01,25,24859.29,12,20.78,764,0.1115,6,0,SELF_EMPLOYED,MASTERS,SINGLE,BUSINESS,0
CUST-002487,42,188329.74,24,61118.80,36,10.06,837,0.3873,0,0,SALARIED,BACHELORS,MARRIED,HOME,0
CUST-002488,35,44055.17,1,9121.78,48,17.68,762,0.1131,0,0,SELF_EMPLOYED,BACHELORS,DIVORCED,EDUCATION,0
CUST-002489,57,143477.26,2,80599.70,36,7.85,727,0.4485,1,0,UNEMPLOYED,PHD,MARRIED,BUSINESS,0
CUST-002490,40,18292.94,9,16282.09,60,18.96,361,0.3445,4,0,SELF_EMPLOYED,PHD,SINGLE,AUTO,0
CUST-002491,32,84245.92,14,7562.73,24,22.10,590,0.5526,6,0,SALARIED,PHD,SINGLE,HOME,1
CUST-002492,26,38352.55,8,10856.40,48,21.20,479,0.3915,5,1,UNEMPLOYED,PHD,SINGLE,AUTO,0
CUST-002493,25,71254.80,7,36269.56,48,19.39,829,0.3373,5,0,UNEMPLOYED,HIGH_SCHOOL,DIVORCED,HOME,0
CUST-002494,52,53457.92,4,77654.81,48,21.45,576,0.3768,5,0,UNEMPLOYED,HIGH_SCHOOL,DIVORCED,EDUCATION,1
CUST-002495,51,69673.24,0,67938.17,60,6.55,832,0.5461,5,0,UNEMPLOYED,MASTERS,MARRIED,BUSINESS,1
CUST-002496,39,162790.30,6,40978.77,36,20.13,332,0.5547,5,0,UNEMPLOYED,MASTERS,DIVORCED,HOME,1
CUST-002497,53,180693.71,22,63201.50,12,13.70,587,0.1127,1,2,RETIRED,MASTERS,SINGLE,PERSONAL,1
CUST-002498,44,22232.53,12,12063.50,24,14.33,671,0.6119,3,0,SALARIED,HIGH_SCHOOL,SINGLE,BUSINESS,0
CUST-002499,49,163108.37,18,36815.61,60,6.15,318,0.6313,4,1,SALARIED,PHD,MARRIED,PERSONAL,0
CUST-002500,35,111036.02,17,24675.67,24,20.33,706,0.3359,4,0,UNEMPLOYED,HIGH_SCHOOL,SINGLE,AUTO,0
CUST-002501,26,183542.41,0,61729.78,36,12.54,401,0.3966,1,0,SELF_EMPLOYED,HIGH_SCHOOL,DIVORCED,AUTO,0
CUST-002502,27,85274.84,1,5883.12,24,18.24,632,0.4961,1,0,SELF_EMPLOYED,PHD,SINGLE,EDUCATION,1
CUST-002503,41,186462.10,16,70405.81,60,8.61,546,0.2548,2,0,RETIRED,PHD,SINGLE,HOME,0
CUST-002504,63,174053.00,0,49077.55,36,20.75,704,0.6949,1,0,SELF_EMPLOYED,HIGH_SCHOOL,DIVORCED,HOME,0
CUST-002505,48,158413.28,18,43388.23,24,21.19,347,0.3414,0,0,SALARIED,HIGH_SCHOOL,SINGLE,EDUCATION,1
CUST-002506,62,145541.69,16,51048.36,60,8.97,340,0.1240,6,0,UNEMPLOYED,HIGH_SCHOOL,MARRIED,HOME,1
CUST-002507,64,39263.13,25,86727.89,60,6.31,689,0.6216,6,0,SELF_EMPLOYED,BACHELORS,SINGLE,AUTO,0
CUST-002508,64,95986.91,27,33410.50,12,11.22,436,0.5238,2,1,RETIRED,MASTERS,MARRIED,HOME,1
CUST-002509,68,36519.97,11,52751.52,24,14.92,538,0.2755,2,0,SELF_EMPLOYED,HIGH_SCHOOL,DIVORCED,EDUCATION,1
CUST-002510,34,45527.75,16,35476.14,24,13.32,450,0.6995,3,0,UNEMPLOYED,HIGH_SCHOOL,DIVORCED,BUSINESS,1
CUST-002511,48,105378.53,23,34837.12,48,21.24,372,0.4509,3,0,SELF_EMPLOYED,HIGH_SCHOOL,MARRIED,AUTO,1
CUST-002512,25,33131.24,7,36387.75,24,18.82,691,0.6996,5,0,UNEMPLOYED,BACHELORS,MARRIED,HOME,1
CUST-002513,64,186145.98,13,26501.15,48,14.46,745,0.5878,4,0,RETIRED,MASTERS,DIVORCED,EDUCATION,0
CUST-002514,34,82561.74,3,89488.70,60,20.96,679,0.5515,0,0,SALARIED,HIGH_SCHOOL,DIVORCED,PERSONAL,0
CUST-002515,46,186715.88,17,40555.15,24,24.29,399,0.4006,5,0,UNEMPLOYED,BACHELORS,MARRIED,EDUCATION,1
CUST-002516,63,?,19,7950.05,12,14.89,499,0.2986,2,0,SALARIED,MASTERS,SINGLE,AUTO,0
CUST-002517,61,62329.32,5,89862.94,48,12.26,516,0.2609,2,0,UNEMPLOYED,PHD,MARRIED,EDUCATION,1
CUST-002518,27,35055.52,5,70296.26,12,12.78,510,0.2470,1,0,SELF_EMPLOYED,PHD,DIVORCED,BUSINESS,0
CUST-002519,27,169362.71,4,51214.98,12,10.33,428,0.1838,2,1,RETIRED,BACHELORS,SINGLE,EDUCATION,1
CUST-002520,47,85706.23,14,14401.40,48,11.12,510,0.6984,6,2,SALARIED,PHD,SINGLE,EDUCATION,1
CUST-002521,51,47394.39,7,24063.75,12,13.57,490,0.3430,2,0,SALARIED,PHD,SINGLE,HOME,1
CUST-002522,35,82653.09,14,48527.25,60,13.36,781,0.3602,3,1,RETIRED,PHD,MARRIED,PERSONAL,0
CUST-002523,42,27415.62,1,87076.52,24,10.75,633,0.3132,4,0,SALARIED,MASTERS,MARRIED,BUSINESS,1
CUST-002524,52,106216.15,22,37334.09,60,24.25,704,0.1059,1,0,UNEMPLOYED,PHD,MARRIED,AUTO,1
CUST-002525,23,85485.02,5,88831.31,36,10.49,328,0.4409,1,0,RETIRED,BACHELORS,MARRIED,BUSINESS,1
CUST-002526,59,48479.42,1,44477.02,60,17.27,552,0.3878,0,0,RETIRED,PHD,DIVORCED,AUTO,1
CUST-002527,40,138315.89,22,27043.86,36,17.02,520,0.6741,3,1,SELF_EMPLOYED,MASTERS,SINGLE,EDUCATION,1
CUST-002528,66,188773.08,5,44079.88,12,14.91,678,0.1047,3,0,UNEMPLOYED,PHD,DIVORCED,EDUCATION,0
CUST-002529,51,121665.69,28,8492.69,24,17.51,641,0.6425,6,0,RETIRED,PHD,DIVORCED,BUSINESS,0
CUST-002530,26,52903.75,8,57759.82,48,14.90,729,0.3513,4,0,UNEMPLOYED,HIGH_SCHOOL,MARRIED,HOME,0
CUST-002531,22,50428.01,4,27798.71,48,16.57,609,0.2928,6,0,UNEMPLOYED,HIGH_SCHOOL,SINGLE,BUSINESS,0
CUST-002532,28,180002.09,10,7242.70,24,14.68,546,0.5403,4,2,SELF_EMPLOYED,BACHELORS,DIVORCED,EDUCATION,1
CUST-002533,31,158089.87,3,53557.93,36,7.42,577,0.1207,2,0,RETIRED,PHD,SINGLE,EDUCATION,0
CUST-002534,54,186466.63,29,61866.77,12,21.83,429,0.5329,4,0,RETIRED,BACHELORS,DIVORCED,EDUCATION,0
CUST-002535,34,35089.45,12,49779.23,12,23.35,849,0.1034,5,0,SALARIED,BACHELORS,MARRIED,EDUCATION,1
CUST-002536,38,155748.03,9,71292.20,36,23.06,786,0.2794,4,0,RETIRED,BACHELORS,MARRIED,BUSINESS,0
CUST-002537,53,52798.51,31,64827.17,48,21.58,753,0.1942,6,0,SELF_EMPLOYED,MASTERS,DIVORCED,BUSINESS,1
CUST-002538,31,152129.76,3,63449.27,60,20.45,591,0.5025,0,0,UNEMPLOYED,BACHELORS,MARRIED,AUTO,0
CUST-002539,29,142752.25,0,15055.94,12,23.41,795,0.4068,1,0,UNEMPLOYED,HIGH_SCHOOL,SINGLE,AUTO,1
CUST-002540,35,82223.97,2,48181.53,12,24.86,?,0.4595,6,1,SALARIED,HIGH_SCHOOL,DIVORCED,EDUCATION,0
CUST-002541,25,?,7,36862.20,12,19.30,339,0.3331,4,0,RETIRED,MASTERS,MARRIED,PERSONAL,1
CUST-002542,49,96437.93,15,44776.34,36,7.85,736,0.1308,0,0,RETIRED,HIGH_SCHOOL,MARRIED,PERSONAL,0
CUST-002543,22,21194.71,4,77990.76,48,18.53,364,0.4128,4,0,UNEMPLOYED,MASTERS,MARRIED,PERSONAL,0
CUST-002544,61,179892.94,26,41732.06,12,10.67,710,0.2121,0,0,SELF_EMPLOYED,PHD,DIVORCED,PERSONAL,0
CUST-002545,48,36738.01,30,51129.02,60,14.64,476,0.4919,2,0,UNEMPLOYED,BACHELORS,SINGLE,AUTO,1
CUST-002546,22,66338.63,4,70882.66,24,14.38,745,0.6614,2,0,RETIRED,MASTERS,MARRIED,EDUCATION,0
CUST-002547,53,42123.83,34,20701.35,12,13.86,566,0.6110,1,0,SELF_EMPLOYED,PHD,DIVORCED,BUSINESS,1
CUST-002548,55,108758.33,14,19849.81,48,22.99,480,0.5173,4,0,UNEMPLOYED,PHD,MARRIED,BUSINESS,1
CUST-002549,49,161034.96,6,80275.19,24,24.19,421,0.4913,3,0,SALARIED,PHD,MARRIED,HOME,0
CUST-002550,55,97406.41,26,26719.37,24,11.78,468,0.3132,3,0,SALARIED,MASTERS,MARRIED,HOME,0
CUST-002551,48,162391.24,22,66737.82,12,10.55,481,0.2978,3,0,RETIRED,BACHELORS,MARRIED,EDUCATION,1
CUST-002552,41,72061.38,20,11500.08,60,21.76,604,0.0508,0,0,SALARIED,BACHELORS,SINGLE,BUSINESS,0
CUST-002553,62,89314.12,12,48824.00,36,19.23,547,0.3564,5,0,SALARIED,MASTERS,MARRIED,HOME,1
CUST-002554,52,115422.17,10,14517.31,36,9.82,798,0.6905,0,0,UNEMPLOYED,PHD,SINGLE,AUTO,0
CUST-002555,35,141696.07,9,71371.96,24,9.01,746,0.0880,5,0,SALARIED,MASTERS,MARRIED,PERSONAL,0
CUST-002556,28,173714.27,10,38146.87,12,13.58,313,0.2844,5,0,RETIRED,HIGH_SCHOOL,DIVORCED,PERSONAL,0
CUST-002557,37,20238.99,19,55280.50,24,20.69,569,0.3384,1,2,SALARIED,BACHELORS,SINGLE,BUSINESS,1
CUST-002558,50,174530.19,31,51887.39,60,18.71,598,0.6614,3,0,UNEMPLOYED,BACHELORS,DIVORCED,HOME,0
CUST-002559,40,51744.88,14,44771.53,12,14.53,467,0.5038,4,0,SELF_EMPLOYED,MASTERS,SINGLE,BUSINESS,1
CUST-002560,55,26987.35,4,6067.51,24,23.83,481,0.6994,5,0,SELF_EMPLOYED,MASTERS,DIVORCED,AUTO,1
CUST-002561,64,171531.33,28,27544.02,48,22.85,368,0.4656,0,0,RETIRED,PHD,SINGLE,HOME,1
CUST-002562,58,150699.62,12,54268.56,12,21.25,598,0.2905,3,3,SELF_EMPLOYED,PHD,DIVORCED,EDUCATION,1
CUST-002563,42,63500.75,0,32858.85,12,18.82,486,0.6674,2,0,SELF_EMPLOYED,PHD,SINGLE,HOME,1
CUST-002564,51,161192.15,7,4486.28,24,21.65,439,0.2293,4,0,UNEMPLOYED,MASTERS,MARRIED,AUTO,0
CUST-002565,48,56905.83,21,44279.36,60,18.97,306,0.0756,1,0,SELF_EMPLOYED,PHD,DIVORCED,BUSINESS,1
CUST-002566,67,63792.52,33,86875.12,12,7.18,633,0.3845,4,0,SELF_EMPLOYED,PHD,SINGLE,PERSONAL,1
CUST-002567,34,51214.36,9,79240.89,24,23.85,351,0.3450,0,0,SELF_EMPLOYED,PHD,SINGLE,BUSINESS,1
CUST-002568,47,21272.09,5,7054.69,12,5.56,753,0.6431,3,0,SALARIED,MASTERS,DIVORCED,BUSINESS,0
CUST-002569,30,193819.24,12,36272.74,48,5.19,494,0.1106,4,0,SALARIED,MASTERS,DIVORCED,BUSINESS,1
CUST-002570,31,28002.96,13,52232.58,12,15.91,307,0.5075,0,0,RETIRED,PHD,MARRIED,EDUCATION,1
CUST-002571,58,45594.32,19,58317.04,24,23.81,545,0.5002,1,1,SALARIED,HIGH_SCHOOL,DIVORCED,BUSINESS,1
CUST-002572,63,50604.48,14,10547.46,12,8.93,397,0.6001,4,0,SALARIED,HIGH_SCHOOL,SINGLE,BUSINESS,0
CUST-002573,37,72690.61,4,44256.26,12,17.56,397,0.3686,2,0,UNEMPLOYED,HIGH_SCHOOL,DIVORCED,PERSONAL,1
CUST-002574,69,195731.97,9,66523.04,36,24.28,661,0.6842,2,2,SELF_EMPLOYED,PHD,MARRIED,PERSONAL,1
CUST-002575,61,195367.60,31,42731.08,36,12.53,562,0.6545,3,2,SALARIED,MASTERS,SINGLE,BUSINESS,1
CUST-002576,27,23747.39,2,81011.65,60,17.46,541,0.5120,4,0,UNEMPLOYED,HIGH_SCHOOL,SINGLE,BUSINESS,1
CUST-002577,38,110790.89,7,84882.30,48,14.63,485,0.4397,6,0,SALARIED,MASTERS,SINGLE,BUSINESS,1
CUST-002578,30,25400.79,12,51209.04,24,12.35,603,0.4078,2,0,UNEMPLOYED,PHD,SINGLE,EDUCATION,1
CUST-002579,41,55465.21,11,8103.26,48,16.73,363,0.3401,0,0,RETIRED,MASTERS,SINGLE,EDUCATION,1
CUST-002580,69,140314.48,6,47619.59,48,14.47,498,0.2081,5,2,UNEMPLOYED,BACHELORS,DIVORCED,AUTO,1
CUST-002581,57,113029.45,21,31532.47,24,6.19,540,0.4185,0,0,SALARIED,HIGH_SCHOOL,SINGLE,AUTO,0
CUST-002582,44,30212.26,26,17636.11,12,11.98,512,0.2652,1,0,UNEMPLOYED,PHD,DIVORCED,PERSONAL,1
CUST-002583,25,105218.81,7,71537.91,12,13.49,517,0.6349,5,0,SELF_EMPLOYED,BACHELORS,MARRIED,PERSONAL,1
CUST-002584,61,151504.23,2,75174.42,36,14.10,747,0.2990,6,0,RETIRED,HIGH_SCHOOL,MARRIED,BUSINESS,1
CUST-002585,31,27402.52,8,41702.67,48,7.18,746,0.6516,4,1,UNEMPLOYED,MASTERS,MARRIED,EDUCATION,1
CUST-002586,46,122556.28,16,72360.98,48,13.96,634,0.3042,2,0,UNEMPLOYED,MASTERS,DIVORCED,AUTO,0
CUST-002587,50,172830.70,32,30409.40,24,7.50,522,0.0760,0,2,RETIRED,BACHELORS,MARRIED,EDUCATION,1
CUST-002588,41,138129.63,20,37650.01,48,17.83,790,0.5927,0,2,SALARIED,HIGH_SCHOOL,SINGLE,PERSONAL,1
CUST-002589,63,119686.10,13,65448.83,60,6.84,734,0.0570,2,0,RETIRED,BACHELORS,SINGLE,HOME,1
CUST-002590,36,78192.99,1,53573.41,12,8.42,460,0.6459,2,0,SALARIED,BACHELORS,DIVORCED,EDUCATION,1
CUST-002591,65,117627.14,0,46843.97,48,16.58,736,0.1517,5,0,SALARIED,PHD,DIVORCED,EDUCATION,0
CUST-002592,42,191018.21,24,54806.99,12,10.81,810,0.3019,2,0,SALARIED,PHD,SINGLE,BUSINESS,0
CUST-002593,31,148873.77,13,73914.44,36,24.16,811,0.1528,2,1,SELF_EMPLOYED,PHD,MARRIED,EDUCATION,1
CUST-002594,61,72586.25,15,65333.00,60,19.33,355,0.4776,6,0,UNEMPLOYED,PHD,SINGLE,EDUCATION,1
CUST-002595,45,73534.14,9,12289.10,36,14.68,538,0.1181,5,0,RETIRED,HIGH_SCHOOL,MARRIED,PERSONAL,0
CUST-002596,22,56337.80,4,65948.01,60,8.97,653,0.0759,5,0,RETIRED,MASTERS,DIVORCED,EDUCATION,1
CUST-002597,33,196052.64,6,43162.97,24,9.92,488,0.5799,6,0,SALARIED,PHD,MARRIED,HOME,1
CUST-002598,24,170383.20,2,51941.97,24,12.25,337,0.6283,3,0,SALARIED,MASTERS,MARRIED,BUSINESS,1
CUST-002599,56,55345.90,15,73459.62,36,23.92,434,0.5587,4,0,UNEMPLOYED,HIGH_SCHOOL,DIVORCED,AUTO,1
CUST-002600,42,141942.96,24,56287.85,60,23.86,451,0.5698,6,0,SALARIED,MASTERS,MARRIED,AUTO,1
CUST-002601,48,175534.04,26,8588.90,60,6.70,504,0.3128,0,0,SALARIED,PHD,MARRIED,AUTO,0
CUST-002602,24,122154.88,6,6029.79,48,18.81,620,0.5186,5,0,UNEMPLOYED,MASTERS,MARRIED,AUTO,1
CUST-002603,60,199997.77,22,67551.47,48,7.34,457,0.3719,5,0,SELF_EMPLOYED,PHD,MARRIED,AUTO,0
CUST-002604,24,65959.45,6,47042.97,12,9.86,484,0.2756,3,0,UNEMPLOYED,HIGH_SCHOOL,MARRIED,EDUCATION,1
CUST-002605,37,163022.78,15,84157.58,60,21.82,831,0.3986,5,0,UNEMPLOYED,HIGH_SCHOOL,SINGLE,EDUCATION,0
CUST-002606,65,131956.83,18,35498.88,12,18.27,476,0.4914,4,0,UNEMPLOYED,MASTERS,SINGLE,EDUCATION,1
CUST-002607,35,114242.22,17,48493.86,36,16.17,838,0.1531,6,0,SALARIED,PHD,DIVORCED,BUSINESS,0
CUST-002608,26,159482.09,8,66221.64,24,14.77,486,0.2862,1,0,UNEMPLOYED,HIGH_SCHOOL,DIVORCED,AUTO,1
CUST-002609,61,155578.32,4,56296.57,12,8.46,575,0.3330,0,0,RETIRED,BACHELORS,DIVORCED,PERSONAL,0
CUST-002610,52,100099.83,8,79909.08,24,24.89,682,0.6847,3,0,SALARIED,MASTERS,MARRIED,BUSINESS,0
CUST-002611,59,139971.18,2,74451.01,24,21.00,506,0.5640,4,0,UNEMPLOYED,PHD,MARRIED,EDUCATION,1
CUST-002612,21,145458.73,3,31339.58,60,6.85,344,0.3553,5,0,SELF_EMPLOYED,HIGH_SCHOOL,DIVORCED,EDUCATION,1
CUST-002613,27,57127.28,9,20827.05,24,12.82,620,0.6949,1,0,UNEMPLOYED,BACHELORS,SINGLE,AUTO,0
CUST-002614,70,88737.57,12,87046.88,60,7.54,632,0.6243,6,0,UNEMPLOYED,PHD,DIVORCED,HOME,1
CUST-002615,58,103798.69,12,34585.64,36,24.68,693,0.6397,5,3,UNEMPLOYED,MASTERS,SINGLE,HOME,1
CUST-002616,59,?,12,46147.58,48,5.58,510,0.4662,3,0,RETIRED,MASTERS,DIVORCED,PERSONAL,0
CUST-002617,39,173418.98,8,33200.03,48,23.04,696,0.5394,2,0,SELF_EMPLOYED,HIGH_SCHOOL,SINGLE,HOME,0
CUST-002618,50,158530.21,13,10280.16,12,7.79,609,0.6370,1,0,SALARIED,PHD,DIVORCED,AUTO,1
CUST-002619,58,164140.34,30,34686.99,60,7.74,403,0.0687,5,0,UNEMPLOYED,PHD,MARRIED,EDUCATION,1
CUST-002620,70,155504.38,9,25082.35,24,6.28,631,0.5000,2,0,SALARIED,PHD,DIVORCED,BUSINESS,1
CUST-002621,70,83691.69,31,89007.09,36,9.37,428,0.6472,2,0,UNEMPLOYED,MASTERS,MARRIED,PERSONAL,1
CUST-002622,45,58112.39,22,63073.53,24,15.00,815,0.5059,6,0,SELF_EMPLOYED,HIGH_SCHOOL,SINGLE,PERSONAL,0
CUST-002623,57,164128.26,4,71686.53,60,7.23,788,0.2067,4,0,RETIRED,PHD,MARRIED,EDUCATION,0
CUST-002624,51,137714.09,5,46558.99,60,14.83,424,0.5835,1,0,UNEMPLOYED,MASTERS,SINGLE,EDUCATION,1
CUST-002625,61,41163.23,21,76465.74,12,21.20,301,0.3778,1,0,UNEMPLOYED,MASTERS,SINGLE,BUSINESS,1
CUST-002626,60,117506.46,7,28748.12,48,11.84,703,0.6385,4,0,SALARIED,PHD,DIVORCED,EDUCATION,0
CUST-002627,47,79523.76,6,58972.22,12,17.86,757,0.2443,1,0,SALARIED,MASTERS,SINGLE,AUTO,0
CUST-002628,38,107992.58,16,50579.47,48,24.91,320,0.1187,2,0,RETIRED,PHD,MARRIED,AUTO,0
CUST-002629,25,146394.50,7,19144.67,36,8.55,386,0.6439,6,3,SALARIED,PHD,SINGLE,AUTO,1
CUST-002630,40,48825.20,5,36317.19,24,16.62,801,0.2826,4,0,UNEMPLOYED,HIGH_SCHOOL,DIVORCED,AUTO,0
CUST-002631,37,192494.90,19,77120.38,24,16.93,680,0.6795,3,0,SALARIED,HIGH_SCHOOL,MARRIED,EDUCATION,0
CUST-002632,68,194129.25,32,76207.51,12,23.08,836,0.4006,1,0,SELF_EMPLOYED,BACHELORS,MARRIED,HOME,0
CUST-002633,29,129953.95,0,49624.29,60,6.28,804,0.0652,3,0,UNEMPLOYED,HIGH_SCHOOL,MARRIED,AUTO,0
CUST-002634,45,51651.83,10,54186.37,60,16.64,342,0.5159,0,0,UNEMPLOYED,BACHELORS,DIVORCED,AUTO,1
CUST-002635,29,135342.67,11,8925.86,24,10.44,521,0.0664,3,0,UNEMPLOYED,MASTERS,MARRIED,EDUCATION,1
CUST-002636,60,184410.39,16,6642.29,24,18.15,392,0.4248,5,3,SELF_EMPLOYED,BACHELORS,SINGLE,AUTO,1
CUST-002637,32,178590.43,0,8020.17,12,13.79,798,0.0565,0,0,SALARIED,BACHELORS,MARRIED,HOME,1
CUST-002638,21,66954.42,3,58555.48,12,17.98,686,0.3710,1,0,UNEMPLOYED,BACHELORS,SINGLE,BUSINESS,1
CUST-002639,39,192299.03,21,35125.69,60,18.95,826,0.1673,1,0,RETIRED,HIGH_SCHOOL,MARRIED,EDUCATION,0
CUST-002640,39,98828.08,21,42607.79,60,21.87,438,0.3552,4,0,UNEMPLOYED,PHD,MARRIED,AUTO,1
CUST-002641,39,?,21,25169.07,36,18.64,334,0.2619,3,2,RETIRED,BACHELORS,DIVORCED,EDUCATION,1
CUST-002642,41,156076.12,8,63482.36,36,12.43,662,0.5185,2,1,SALARIED,HIGH_SCHOOL,MARRIED,AUTO,1
CUST-002643,22,83986.02,4,67532.36,60,16.08,800,0.5908,1,0,SELF_EMPLOYED,PHD,SINGLE,BUSINESS,0
CUST-002644,35,123645.44,17,4054.30,48,9.74,679,0.3741,1,0,RETIRED,MASTERS,MARRIED,EDUCATION,0
CUST-002645,33,197605.28,6,31188.01,48,23.07,394,0.0784,0,0,SELF_EMPLOYED,BACHELORS,MARRIED,AUTO,1
CUST-002646,56,128146.67,27,7503.43,36,6.14,512,0.5023,3,2,UNEMPLOYED,PHD,SINGLE,AUTO,1
CUST-002647,30,162539.37,4,41746.78,36,8.87,601,0.3921,0,0,SALARIED,MASTERS,SINGLE,EDUCATION,0
CUST-002648,31,125345.21,11,4910.41,60,22.03,741,0.6941,4,0,SALARIED,HIGH_SCHOOL,SINGLE,EDUCATION,0
CUST-002649,23,131791.13,5,50836.27,12,23.22,346,0.6172,3,0,SELF_EMPLOYED,PHD,SINGLE,AUTO,0
CUST-002650,59,166358.65,?,48276.34,36,17.47,610,0.6726,3,0,RETIRED,MASTERS,SINGLE,AUTO,1
CUST-002651,56,102649.14,12,3527.08,60,16.49,733,0.2449,3,0,SALARIED,BACHELORS,MARRIED,PERSONAL,1
CUST-002652,44,165691.84,1,41577.35,12,12.32,590,0.4394,4,0,SALARIED,BACHELORS,MARRIED,EDUCATION,1
CUST-002653,22,153460.84,4,79357.61,60,17.15,408,0.4851,2,0,UNEMPLOYED,MASTERS,SINGLE,BUSINESS,1
CUST-002654,52,178593.99,22,40598.75,60,23.49,380,0.1892,3,0,SELF_EMPLOYED,BACHELORS,SINGLE,HOME,0
CUST-002655,35,97872.96,14,57617.41,24,12.10,420,0.3138,5,0,SELF_EMPLOYED,MASTERS,MARRIED,HOME,1
CUST-002656,61,40516.59,7,15951.54,60,14.55,632,0.1249,5,0,RETIRED,BACHELORS,DIVORCED,HOME,0
CUST-002657,63,59259.88,2,14677.51,60,7.78,666,0.1542,5,0,SELF_EMPLOYED,HIGH_SCHOOL,MARRIED,PERSONAL,1
CUST-002658,58,130353.83,21,47397.09,48,13.51,348,0.3972,5,0,SELF_EMPLOYED,MASTERS,DIVORCED,AUTO,1
CUST-002659,33,159006.40,0,89631.42,60,18.68,492,0.5401,2,1,SELF_EMPLOYED,MASTERS,DIVORCED,AUTO,1
CUST-002660,64,131814.16,6,51057.52,36,23.22,704,0.3228,6,0,UNEMPLOYED,PHD,MARRIED,BUSINESS,1
CUST-002661,45,181399.65,21,17950.80,12,20.54,533,0.2937,2,0,SALARIED,PHD,MARRIED,AUTO,1
CUST-002662,21,167303.27,3,68892.27,36,5.13,321,0.3024,6,2,SELF_EMPLOYED,MASTERS,DIVORCED,BUSINESS,1
CUST-002663,46,38487.92,28,4735.87,60,14.93,416,0.4267,2,0,SELF_EMPLOYED,MASTERS,MARRIED,BUSINESS,1
CUST-002664,21,71982.19,3,58788.84,24,14.63,733,0.1887,1,0,UNEMPLOYED,PHD,SINGLE,PERSONAL,1
CUST-002665,59,72580.45,7,9131.01,12,18.47,438,0.5042,4,0,RETIRED,MASTERS,SINGLE,HOME,1
CUST-002666,29,126403.26,11,79249.23,36,23.04,566,0.6085,6,2,SALARIED,MASTERS,DIVORCED,BUSINESS,1
CUST-002667,60,134496.35,16,38778.09,48,23.34,673,0.5425,1,0,SELF_EMPLOYED,MASTERS,SINGLE,BUSINESS,0
CUST-002668,36,81856.16,18,45025.67,48,8.16,426,0.3846,0,0,UNEMPLOYED,PHD,SINGLE,AUTO,0
CUST-002669,38,35002.42,14,15558.57,24,16.87,402,0.6591,4,0,RETIRED,MASTERS,SINGLE,BUSINESS,1
CUST-002670,23,54755.89,5,8104.16,48,19.83,727,0.5804,1,2,SALARIED,HIGH_SCHOOL,SINGLE,HOME,0
CUST-002671,30,23348.82,12,49943.98,36,21.29,651,0.5217,5,3,UNEMPLOYED,MASTERS,DIVORCED,AUTO,0
CUST-002672,22,91024.86,1,66903.93,60,22.36,342,0.6930,3,2,SALARIED,MASTERS,DIVORCED,PERSONAL,1
CUST-002673,47,96279.77,29,22862.67,60,8.04,743,0.5518,6,0,SELF_EMPLOYED,PHD,SINGLE,EDUCATION,0
CUST-002674,26,175027.08,4,9462.39,24,8.36,825,0.1974,3,0,SELF_EMPLOYED,MASTERS,DIVORCED,EDUCATION,0
CUST-002675,49,95991.93,15,71275.13,60,14.47,696,0.5501,1,3,SALARIED,HIGH_SCHOOL,MARRIED,AUTO,1
CUST-002676,35,143361.25,12,7742.63,60,20.98,735,0.6124,0,2,SALARIED,BACHELORS,SINGLE,PERSONAL,1
CUST-002677,65,28877.36,0,61637.18,48,7.79,589,0.5162,5,0,UNEMPLOYED,HIGH_SCHOOL,DIVORCED,EDUCATION,1
CUST-002678,25,151295.75,7,20880.03,60,11.33,643,0.1142,6,0,UNEMPLOYED,PHD,MARRIED,HOME,0
CUST-002679,37,159761.39,18,53428.00,36,5.37,366,0.6363,1,0,UNEMPLOYED,MASTERS,MARRIED,PERSONAL,1
CUST-002680,29,36028.80,11,18050.63,24,23.43,310,0.1861,2,0,SALARIED,PHD,DIVORCED,BUSINESS,1
CUST-002681,22,119222.04,4,48017.80,24,11.16,356,0.3338,5,0,SELF_EMPLOYED,MASTERS,DIVORCED,EDUCATION,0
CUST-002682,55,32496.00,24,43024.93,12,16.93,531,0.4656,0,0,SELF_EMPLOYED,HIGH_SCHOOL,MARRIED,PERSONAL,1
CUST-002683,44,172609.08,?,85407.17,36,8.15,596,0.3704,1,0,SALARIED,HIGH_SCHOOL,SINGLE,BUSINESS,1
CUST-002684,51,158522.80,12,50296.82,48,9.19,738,0.5091,2,0,RETIRED,BACHELORS,SINGLE,HOME,0
CUST-002685,49,127357.39,29,67675.33,48,7.05,463,0.2943,3,0,SALARIED,HIGH_SCHOOL,DIVORCED,BUSINESS,0
CUST-002686,43,82721.80,25,72119.07,60,9.13,448,0.6025,4,0,SELF_EMPLOYED,MASTERS,SINGLE,EDUCATION,1
CUST-002687,43,?,25,15059.71,24,10.70,843,0.5668,5,1,UNEMPLOYED,MASTERS,DIVORCED,PERSONAL,1
CUST-002688,68,142575.35,6,66082.65,36,5.26,425,0.1421,1,0,SALARIED,BACHELORS,SINGLE,HOME,0
CUST-002689,35,38467.15,12,73367.37,24,18.60,759,0.6148,4,0,SALARIED,PHD,SINGLE,BUSINESS,1
CUST-002690,45,162898.99,27,27045.54,48,8.15,842,0.2914,4,3,SALARIED,BACHELORS,MARRIED,EDUCATION,1
CUST-002691,42,95374.44,?,76240.09,24,17.55,580,0.3870,5,0,SALARIED,PHD,SINGLE,AUTO,1
CUST-002692,35,93580.65,5,77422.42,12,14.85,838,0.2548,2,0,SALARIED,HIGH_SCHOOL,MARRIED,HOME,0
CUST-002693,64,122346.31,0,55705.27,12,8.55,710,0.4040,4,0,SELF_EMPLOYED,MASTERS,MARRIED,AUTO,1
CUST-002694,66,93589.42,17,18526.33,60,16.93,503,0.6662,4,0,SALARIED,HIGH_SCHOOL,DIVORCED,AUTO,1
CUST-002695,44,99798.97,26,4316.69,60,15.35,776,0.2639,0,0,UNEMPLOYED,BACHELORS,MARRIED,BUSINESS,1
CUST-002696,22,190639.91,4,81309.94,48,13.14,429,0.4851,4,0,SELF_EMPLOYED,HIGH_SCHOOL,DIVORCED,HOME,1
CUST-002697,36,18772.64,18,69293.21,12,8.33,751,0.1888,2,3,SALARIED,HIGH_SCHOOL,DIVORCED,EDUCATION,1
CUST-002698,53,65090.00,22,34507.56,48,21.56,472,0.4131,5,0,UNEMPLOYED,HIGH_SCHOOL,SINGLE,PERSONAL,0
CUST-002699,53,153485.82,15,30962.78,24,24.71,751,0.6610,4,0,UNEMPLOYED,MASTERS,DIVORCED,HOME,1
CUST-002700,24,27868.35,?,41070.59,12,24.96,799,0.5797,5,0,UNEMPLOYED,PHD,SINGLE,AUTO,1
CUST-002701,42,35776.41,21,60168.90,60,21.27,311,0.4284,0,0,SALARIED,PHD,DIVORCED,BUSINESS,0
CUST-002702,40,31029.96,16,42993.07,60,6.93,849,0.4817,5,0,SELF_EMPLOYED,PHD,MARRIED,AUTO,1
CUST-002703,64,99808.37,2,6271.72,12,20.02,583,0.1349,0,0,RETIRED,HIGH_SCHOOL,MARRIED,BUSINESS,0
CUST-002704,39,29457.34,21,29660.91,48,16.84,339,0.3812,3,0,SALARIED,HIGH_SCHOOL,SINGLE,BUSINESS,1
CUST-002705,43,162806.40,21,56716.82,36,10.73,547,0.4176,4,2,RETIRED,PHD,DIVORCED,BUSINESS,1
CUST-002706,69,110230.93,21,57535.71,12,6.55,321,0.5058,5,2,SELF_EMPLOYED,PHD,DIVORCED,AUTO,1
CUST-002707,60,185826.92,32,3599.65,60,24.17,783,0.5163,1,0,SELF_EMPLOYED,PHD,MARRIED,EDUCATION,0
CUST-002708,46,182938.03,18,70125.99,12,12.11,511,0.3954,2,0,SALARIED,HIGH_SCHOOL,MARRIED,AUTO,0
CUST-002709,49,101035.71,16,59499.27,60,17.41,754,0.3053,1,0,SELF_EMPLOYED,HIGH_SCHOOL,MARRIED,AUTO,0
CUST-002710,70,134282.54,8,26836.68,60,21.72,474,0.1079,2,0,SALARIED,PHD,SINGLE,AUTO,0
CUST-002711,47,84585.07,25,11255.90,48,12.21,762,0.2129,2,0,RETIRED,MASTERS,SINGLE,PERSONAL,0
CUST-002712,63,58008.02,5,32630.51,12,8.86,301,0.4521,0,0,SELF_EMPLOYED,PHD,MARRIED,HOME,1
CUST-002713,24,?,6,26259.84,12,7.59,827,0.5727,5,0,UNEMPLOYED,HIGH_SCHOOL,SINGLE,AUTO,1
CUST-002714,61,86179.34,8,43832.18,60,19.26,548,0.1377,5,3,SALARIED,MASTERS,MARRIED,BUSINESS,1
CUST-002715,55,191698.31,26,30889.63,48,14.84,422,0.6477,3,0,UNEMPLOYED,MASTERS,DIVORCED,PERSONAL,1
CUST-002716,35,194370.13,17,55842.39,48,11.39,305,0.3538,3,0,UNEMPLOYED,MASTERS,DIVORCED,AUTO,0
CUST-002717,33,115493.18,15,72008.34,36,9.74,504,0.2166,0,0,SALARIED,BACHELORS,DIVORCED,PERSONAL,0
CUST-002718,50,24396.62,1,49422.09,48,6.66,727,0.1336,6,0,SELF_EMPLOYED,MASTERS,MARRIED,EDUCATION,0
CUST-002719,55,166381.42,1,14333.03,12,13.08,438,0.0968,3,0,RETIRED,BACHELORS,MARRIED,BUSINESS,0
CUST-002720,46,175206.89,22,18283.11,24,13.73,518,0.2205,0,0,SELF_EMPLOYED,MASTERS,MARRIED,HOME,0
CUST-002721,48,71302.01,16,18858.65,12,14.68,408,0.3708,3,0,SALARIED,PHD,MARRIED,HOME,1
CUST-002722,55,139455.79,21,49838.39,24,12.48,384,0.5178,2,0,SALARIED,MASTERS,MARRIED,EDUCATION,1
CUST-002723,49,59248.22,30,51018.01,60,10.62,416,0.4861,4,0,SALARIED,HIGH_SCHOOL,SINGLE,AUTO,0
CUST-002724,63,53747.17,26,76534.92,60,11.98,810,0.1710,4,0,SALARIED,BACHELORS,SINGLE,HOME,0
CUST-002725,44,163379.28,19,51109.37,60,21.46,407,0.6947,1,0,SELF_EMPLOYED,BACHELORS,SINGLE,HOME,0
CUST-002726,24,123583.87,1,71176.42,36,7.89,468,0.4776,6,0,RETIRED,HIGH_SCHOOL,SINGLE,HOME,1
CUST-002727,58,138584.14,18,18387.28,12,15.05,717,0.6132,5,0,SALARIED,HIGH_SCHOOL,SINGLE,HOME,0
CUST-002728,29,41720.00,7,57563.15,24,15.67,778,0.5602,0,0,SALARIED,MASTERS,DIVORCED,PERSONAL,0
CUST-002729,60,71283.40,32,75635.01,48,11.60,786,0.3518,6,0,SALARIED,PHD,MARRIED,HOME,0
CUST-002730,27,96025.85,6,81013.80,36,14.28,670,0.2381,2,0,RETIRED,BACHELORS,SINGLE,EDUCATION,1
CUST-002731,27,135663.90,9,87907.31,36,12.80,512,0.1654,3,0,RETIRED,BACHELORS,DIVORCED,EDUCATION,0
CUST-002732,38,114772.43,10,74592.45,24,9.79,844,0.4762,3,0,SELF_EMPLOYED,PHD,MARRIED,AUTO,1
CUST-002733,43,21771.90,2,38445.41,48,21.72,366,0.2035,6,0,RETIRED,PHD,MARRIED,HOME,0
CUST-002734,62,65062.47,17,56508.80,12,13.86,394,0.2859,1,0,SALARIED,BACHELORS,MARRIED,HOME,0
CUST-002735,33,37797.97,12,8421.69,60,9.05,553,0.5359,4,0,RETIRED,BACHELORS,MARRIED,AUTO,1
CUST-002736,34,140414.94,?,30728.95,60,20.58,405,0.2492,6,0,SELF_EMPLOYED,HIGH_SCHOOL,SINGLE,BUSINESS,1
CUST-002737,34,25567.98,16,46738.41,48,24.97,399,0.6901,3,0,RETIRED,PHD,MARRIED,PERSONAL,1
CUST-002738,64,113214.98,3,6331.54,36,9.32,343,0.4007,4,0,UNEMPLOYED,HIGH_SCHOOL,DIVORCED,BUSINESS,1
CUST-002739,37,119493.10,19,89485.65,60,14.10,311,0.6320,6,0,SELF_EMPLOYED,PHD,MARRIED,EDUCATION,1
CUST-002740,47,171188.00,15,66098.88,48,10.66,315,0.2969,0,0,UNEMPLOYED,HIGH_SCHOOL,MARRIED,EDUCATION,1
CUST-002741,48,61617.01,2,69855.97,36,12.93,624,0.4944,2,3,RETIRED,MASTERS,MARRIED,BUSINESS,1
CUST-002742,62,90594.03,10,76034.12,48,22.07,634,0.3655,2,0,SALARIED,HIGH_SCHOOL,DIVORCED,AUTO,1
CUST-002743,48,66780.29,13,44054.22,48,15.33,732,0.4821,0,0,SELF_EMPLOYED,MASTERS,MARRIED,PERSONAL,0
CUST-002744,31,102493.84,13,72908.55,36,17.55,327,0.0828,1,0,UNEMPLOYED,PHD,SINGLE,HOME,1
CUST-002745,69,192830.06,15,76934.26,24,7.67,348,0.2347,5,1,SELF_EMPLOYED,PHD,MARRIED,AUTO,0
CUST-002746,27,31256.50,9,56445.32,48,21.26,811,0.5125,0,0,SALARIED,HIGH_SCHOOL,MARRIED,BUSINESS,0
CUST-002747,35,80185.07,17,28554.90,48,22.04,781,0.6885,6,0,UNEMPLOYED,PHD,DIVORCED,HOME,1
CUST-002748,50,171847.01,2,86019.79,12,12.51,332,0.5288,4,0,UNEMPLOYED,BACHELORS,DIVORCED,EDUCATION,0
CUST-002749,24,58486.09,?,33876.14,60,6.57,399,0.2154,6,0,SALARIED,BACHELORS,SINGLE,EDUCATION,0
CUST-002750,67,35727.46,4,16678.79,60,7.51,493,0.2026,3,0,RETIRED,PHD,DIVORCED,BUSINESS,0
CUST-002751,56,97576.13,15,32585.97,60,8.58,462,0.3849,5,0,SALARIED,MASTERS,SINGLE,AUTO,0
CUST-002752,54,22445.00,1,39776.75,24,24.55,487,0.6478,5,0,SELF_EMPLOYED,BACHELORS,DIVORCED,AUTO,1
CUST-002753,54,176912.76,14,68373.38,24,10.29,428,0.5716,4,0,SALARIED,HIGH_SCHOOL,MARRIED,HOME,0
CUST-002754,49,35368.93,31,40337.12,48,17.25,610,0.1058,1,0,SELF_EMPLOYED,BACHELORS,MARRIED,BUSINESS,1
CUST-002755,61,91765.60,4,22034.95,48,8.96,741,0.4065,2,0,SELF_EMPLOYED,BACHELORS,DIVORCED,PERSONAL,0
CUST-002756,24,113443.96,2,45307.22,36,18.52,539,0.1096,0,0,SALARIED,MASTERS,MARRIED,EDUCATION,1
CUST-002757,46,98712.18,28,28676.01,48,13.95,673,0.4663,5,0,UNEMPLOYED,MASTERS,SINGLE,EDUCATION,1
CUST-002758,39,29293.85,8,31252.87,12,15.95,463,0.2019,2,0,SELF_EMPLOYED,HIGH_SCHOOL,MARRIED,BUSINESS,0
CUST-002759,29,175711.72,11,85536.77,36,24.91,769,0.4056,3,0,SALARIED,PHD,MARRIED,BUSINESS,1
CUST-002760,57,136202.93,26,47993.14,48,9.37,363,0.3247,5,2,RETIRED,MASTERS,DIVORCED,EDUCATION,1
CUST-002761,37,42819.84,0,38416.28,36,6.82,835,0.6413,4,0,SALARIED,BACHELORS,MARRIED,BUSINESS,0
CUST-002762,34,21339.86,16,27249.24,12,15.10,510,0.4300,5,0,RETIRED,HIGH_SCHOOL,MARRIED,HOME,1
CUST-002763,31,38826.98,13,30073.17,24,16.31,804,0.1567,1,0,SALARIED,PHD,DIVORCED,EDUCATION,0
CUST-002764,45,?,21,24954.15,12,21.53,429,0.4866,0,2,RETIRED,HIGH_SCHOOL,MARRIED,BUSINESS,1
CUST-002765,25,102139.37,7,15917.02,60,15.88,625,0.0786,1,0,UNEMPLOYED,BACHELORS,SINGLE,BUSINESS,0
CUST-002766,22,131207.88,4,19228.91,36,16.35,572,0.5964,1,0,UNEMPLOYED,PHD,MARRIED,BUSINESS,0
CUST-002767,36,49824.89,18,88192.88,36,12.23,522,0.3243,0,0,RETIRED,HIGH_SCHOOL,DIVORCED,EDUCATION,1
CUST-002768,46,129543.92,24,55485.78,36,9.55,703,0.2027,1,0,UNEMPLOYED,HIGH_SCHOOL,MARRIED,PERSONAL,0
CUST-002769,39,43394.90,3,23995.86,36,17.59,720,0.4681,3,3,UNEMPLOYED,PHD,DIVORCED,HOME,1
CUST-002770,56,88292.72,7,19941.59,12,18.12,457,0.6685,2,0,RETIRED,MASTERS,MARRIED,EDUCATION,0
CUST-002771,36,100888.33,4,36280.91,24,14.53,626,0.0612,2,0,SELF_EMPLOYED,PHD,MARRIED,BUSINESS,1
CUST-002772,54,119362.62,6,19220.69,36,24.31,374,0.2677,1,0,SALARIED,HIGH_SCHOOL,MARRIED,HOME,1
CUST-002773,58,33143.19,10,66154.61,48,14.47,617,0.2751,2,0,SELF_EMPLOYED,MASTERS,DIVORCED,BUSINESS,1
CUST-002774,45,122577.07,27,85801.52,60,23.44,326,0.2456,3,0,UNEMPLOYED,MASTERS,DIVORCED,EDUCATION,1
CUST-002775,34,81032.92,3,57286.95,48,9.03,583,0.6130,6,0,UNEMPLOYED,HIGH_SCHOOL,DIVORCED,PERSONAL,1
CUST-002776,49,105221.65,31,32928.95,24,22.02,431,0.4122,4,0,SALARIED,HIGH_SCHOOL,DIVORCED,BUSINESS,0
CUST-002777,23,25511.53,5,3206.99,24,21.43,822,0.1863,1,0,SALARIED,PHD,DIVORCED,HOME,0
CUST-002778,50,166443.17,25,5928.95,12,19.70,459,0.3273,6,0,SALARIED,BACHELORS,SINGLE,HOME,1
CUST-002779,68,23843.17,23,79647.61,60,8.96,783,0.2523,6,0,UNEMPLOYED,BACHELORS,MARRIED,PERSONAL,1
CUST-002780,57,198804.06,16,23193.66,24,13.94,386,0.6413,2,0,UNEMPLOYED,BACHELORS,DIVORCED,HOME,0
CUST-002781,22,193283.81,4,36976.56,60,10.22,555,0.4296,3,2,UNEMPLOYED,BACHELORS,SINGLE,HOME,1
CUST-002782,22,182504.60,0,30576.38,36,18.12,534,0.2985,5,0,UNEMPLOYED,MASTERS,MARRIED,BUSINESS,1
CUST-002783,41,23081.40,21,62886.84,12,19.96,821,0.4681,5,0,UNEMPLOYED,HIGH_SCHOOL,SINGLE,HOME,0
CUST-002784,30,39870.59,2,79059.69,24,9.39,605,0.4410,1,0,SELF_EMPLOYED,BACHELORS,MARRIED,PERSONAL,1
CUST-002785,52,45038.50,5,17457.15,24,6.60,757,0.3328,2,0,UNEMPLOYED,BACHELORS,MARRIED,HOME,0
CUST-002786,52,70683.33,17,72042.98,12,11.38,469,0.3158,2,2,RETIRED,BACHELORS,SINGLE,PERSONAL,1
CUST-002787,59,68427.17,6,49675.06,60,11.74,485,0.5742,1,0,SELF_EMPLOYED,MASTERS,SINGLE,BUSINESS,0
CUST-002788,64,59333.16,31,25736.55,24,18.96,345,0.5567,3,0,UNEMPLOYED,BACHELORS,DIVORCED,PERSONAL,1
CUST-002789,60,137320.36,13,60750.02,60,14.54,825,0.0788,5,0,SELF_EMPLOYED,PHD,SINGLE,BUSINESS,0
CUST-002790,69,107906.22,23,10117.17,48,9.84,536,0.1665,5,0,SALARIED,HIGH_SCHOOL,DIVORCED,HOME,0
CUST-002791,59,96565.08,20,33655.96,36,23.51,551,0.3187,2,3,RETIRED,BACHELORS,SINGLE,AUTO,1
CUST-002792,42,18113.80,24,36618.47,24,19.92,488,0.4386,3,0,UNEMPLOYED,HIGH_SCHOOL,MARRIED,BUSINESS,1
CUST-002793,29,62822.65,6,13839.99,48,14.93,478,0.5975,0,0,RETIRED,HIGH_SCHOOL,DIVORCED,EDUCATION,0
CUST-002794,34,25069.91,16,32876.75,36,7.91,511,0.0543,6,0,SALARIED,BACHELORS,DIVORCED,AUTO,1
CUST-002795,30,148031.03,12,86419.25,24,17.60,814,0.5587,0,0,SALARIED,MASTERS,DIVORCED,PERSONAL,0
CUST-002796,66,63743.57,1,6967.13,48,7.09,792,0.3768,0,2,RETIRED,PHD,MARRIED,EDUCATION,1
CUST-002797,42,26382.68,24,42577.47,60,6.26,595,0.3748,1,0,UNEMPLOYED,BACHELORS,MARRIED,BUSINESS,1
CUST-002798,35,114530.30,15,13376.02,60,11.57,367,0.3162,1,0,UNEMPLOYED,PHD,SINGLE,AUTO,1
CUST-002799,69,32240.24,5,46879.97,36,18.35,499,0.4655,2,0,RETIRED,BACHELORS,DIVORCED,HOME,0
CUST-002800,50,196802.17,26,50765.39,60,12.57,676,0.2659,0,0,UNEMPLOYED,PHD,DIVORCED,PERSONAL,0
CUST-002801,44,87385.48,0,20448.37,48,7.16,543,0.3430,3,0,SELF_EMPLOYED,HIGH_SCHOOL,DIVORCED,BUSINESS,0
CUST-002802,41,151351.55,16,59534.60,60,18.01,519,0.5623,2,0,UNEMPLOYED,MASTERS,MARRIED,HOME,0
CUST-002803,33,187248.73,1,50046.02,36,5.12,506,0.1670,4,0,SALARIED,PHD,MARRIED,BUSINESS,1
CUST-002804,39,169126.73,20,25088.78,48,6.31,431,0.4393,3,2,RETIRED,PHD,MARRIED,HOME,1
CUST-002805,31,22818.05,13,85199.77,48,12.95,586,0.5393,3,0,UNEMPLOYED,PHD,MARRIED,BUSINESS,1
CUST-002806,54,95996.91,5,42736.53,36,23.21,812,0.4874,5,0,RETIRED,HIGH_SCHOOL,DIVORCED,BUSINESS,0
CUST-002807,45,77291.32,5,74927.03,24,19.67,337,0.5547,0,0,RETIRED,PHD,DIVORCED,EDUCATION,1
CUST-002808,42,29078.69,14,75276.80,12,11.91,398,0.6953,6,0,UNEMPLOYED,BACHELORS,SINGLE,BUSINESS,1
CUST-002809,67,38149.25,21,25627.86,36,8.22,723,0.1990,4,0,UNEMPLOYED,MASTERS,DIVORCED,EDUCATION,1
CUST-002810,36,45157.40,18,57825.65,60,19.99,563,0.4070,6,0,RETIRED,MASTERS,SINGLE,EDUCATION,1
CUST-002811,50,147601.45,27,38019.73,48,8.42,331,0.3148,3,0,SELF_EMPLOYED,HIGH_SCHOOL,SINGLE,EDUCATION,1
CUST-002812,23,114077.75,5,24713.44,36,18.99,572,0.1750,3,0,SALARIED,PHD,MARRIED,HOME,1
CUST-002813,24,133920.24,6,3191.43,60,23.00,323,0.6319,3,2,UNEMPLOYED,MASTERS,MARRIED,EDUCATION,1
CUST-002814,41,185316.55,4,16569.82,60,12.73,666,0.1255,2,0,RETIRED,MASTERS,DIVORCED,AUTO,0
CUST-002815,31,112799.65,13,16279.86,12,19.89,696,0.3599,5,0,UNEMPLOYED,BACHELORS,MARRIED,HOME,0
CUST-002816,29,132498.15,6,30675.14,48,7.36,639,0.5867,3,0,UNEMPLOYED,HIGH_SCHOOL,DIVORCED,BUSINESS,0
CUST-002817,58,157655.87,25,74540.31,24,17.88,646,0.5900,4,0,SALARIED,BACHELORS,MARRIED,HOME,0
CUST-002818,66,177203.10,20,5463.53,48,5.94,673,0.4303,2,0,SALARIED,BACHELORS,DIVORCED,AUTO,1
CUST-002819,66,156304.28,9,58958.04,12,24.34,818,0.6649,5,0,SELF_EMPLOYED,PHD,MARRIED,HOME,0
CUST-002820,33,23159.95,15,79328.80,12,13.55,?,0.3184,2,0,SELF_EMPLOYED,BACHELORS,MARRIED,BUSINESS,0
CUST-002821,30,175713.37,1,57270.38,60,18.01,812,0.4220,6,0,SELF_EMPLOYED,BACHELORS,SINGLE,PERSONAL,0
CUST-002822,62,185107.98,31,80018.60,36,24.92,458,0.2187,2,0,RETIRED,HIGH_SCHOOL,DIVORCED,EDUCATION,0
CUST-002823,41,159009.89,16,30696.89,60,18.87,489,0.4858,0,0,UNEMPLOYED,BACHELORS,SINGLE,HOME,1
CUST-002824,50,191243.45,18,6819.46,24,22.62,451,0.4465,2,0,SALARIED,PHD,MARRIED,HOME,1
CUST-002825,43,103298.09,7,68091.59,24,17.75,746,0.2630,2,0,RETIRED,BACHELORS,DIVORCED,HOME,0
CUST-002826,70,163063.91,2,72023.68,12,7.83,774,0.1546,0,0,SELF_EMPLOYED,BACHELORS,SINGLE,BUSINESS,0
CUST-002827,21,46651.16,3,30148.31,48,5.46,580,0.4108,3,0,SELF_EMPLOYED,HIGH_SCHOOL,DIVORCED,BUSINESS,0
CUST-002828,63,159574.86,25,61339.06,24,22.82,332,0.3870,2,0,UNEMPLOYED,MASTERS,SINGLE,AUTO,1
CUST-002829,22,135802.95,4,57702.98,24,7.91,687,0.2693,4,1,RETIRED,HIGH_SCHOOL,DIVORCED,BUSINESS,0
CUST-002830,41,30935.07,9,68059.81,36,10.79,511,0.1541,3,0,SELF_EMPLOYED,MASTERS,SINGLE,AUTO,0
CUST-002831,32,?,14,30598.70,24,9.41,515,0.3560,4,0,RETIRED,PHD,SINGLE,PERSONAL,0
CUST-002832,57,151433.33,3,62619.86,60,6.67,601,0.5296,5,0,RETIRED,BACHELORS,SINGLE,EDUCATION,0
CUST-002833,65,145432.13,12,77711.17,12,24.09,751,0.4178,3,0,SELF_EMPLOYED,HIGH_SCHOOL,MARRIED,AUTO,0
CUST-002834,42,81366.93,24,6664.77,60,6.99,437,0.3339,5,0,RETIRED,HIGH_SCHOOL,SINGLE,BUSINESS,0
CUST-002835,61,108439.62,28,38813.48,60,10.90,708,0.3805,3,0,RETIRED,HIGH_SCHOOL,MARRIED,EDUCATION,1
CUST-002836,47,42060.77,27,42026.78,24,10.36,335,0.6633,0,0,SALARIED,MASTERS,MARRIED,AUTO,1
CUST-002837,69,64033.28,25,40971.24,24,23.88,513,0.2215,3,0,SELF_EMPLOYED,MASTERS,SINGLE,AUTO,1
CUST-002838,27,93680.86,2,54069.22,60,16.87,632,0.3323,4,0,UNEMPLOYED,MASTERS,DIVORCED,HOME,1
CUST-002839,60,78315.05,31,12888.56,36,22.63,780,0.3480,5,0,UNEMPLOYED,HIGH_SCHOOL,MARRIED,EDUCATION,0
CUST-002840,21,60381.50,3,65885.94,24,8.51,414,0.1138,0,0,SELF_EMPLOYED,BACHELORS,MARRIED,HOME,0
CUST-002841,40,157318.22,2,84044.77,36,17.51,837,0.0603,4,0,RETIRED,PHD,DIVORCED,PERSONAL,0
CUST-002842,43,54570.81,6,42918.29,36,22.08,842,0.3932,1,0,SALARIED,HIGH_SCHOOL,DIVORCED,PERSONAL,1
CUST-002843,44,125527.09,12,30397.10,36,6.17,495,0.5343,2,0,SALARIED,HIGH_SCHOOL,DIVORCED,HOME,0
CUST-002844,39,128557.49,21,89881.27,48,13.42,344,0.5686,4,0,UNEMPLOYED,BACHELORS,MARRIED,PERSONAL,1
CUST-002845,53,65402.22,30,37890.47,48,21.91,653,0.3943,1,0,RETIRED,BACHELORS,DIVORCED,PERSONAL,0
CUST-002846,38,167605.37,8,46910.35,60,20.07,755,0.4361,2,0,RETIRED,BACHELORS,MARRIED,PERSONAL,0
CUST-002847,67,172260.32,4,73272.70,36,21.29,405,0.0628,4,0,SELF_EMPLOYED,HIGH_SCHOOL,DIVORCED,PERSONAL,1
CUST-002848,59,46205.58,27,52210.99,24,10.00,659,0.6149,3,0,UNEMPLOYED,HIGH_SCHOOL,SINGLE,PERSONAL,1
CUST-002849,33,120472.44,10,82465.03,24,6.72,446,0.1672,1,0,SALARIED,BACHELORS,DIVORCED,EDUCATION,1
CUST-002850,59,21656.22,14,42448.88,24,17.52,840,0.6505,1,0,RETIRED,HIGH_SCHOOL,SINGLE,HOME,1
CUST-002851,47,83644.79,3,83197.07,36,18.82,343,0.6904,6,0,UNEMPLOYED,MASTERS,DIVORCED,BUSINESS,1
CUST-002852,21,188663.97,3,49713.56,36,10.00,815,0.4918,0,2,RETIRED,MASTERS,DIVORCED,PERSONAL,1
CUST-002853,64,107220.98,25,29351.23,48,10.47,736,0.5166,2,0,UNEMPLOYED,BACHELORS,MARRIED,BUSINESS,0
CUST-002854,68,71410.88,20,30761.95,24,18.61,364,0.0968,1,0,SALARIED,PHD,DIVORCED,EDUCATION,1
CUST-002855,70,31156.54,4,26933.14,48,13.58,569,0.2441,4,0,RETIRED,PHD,DIVORCED,EDUCATION,1
CUST-002856,25,48038.19,7,32107.63,60,14.11,692,0.3914,3,1,SELF_EMPLOYED,MASTERS,SINGLE,HOME,0
CUST-002857,59,29127.46,0,13856.04,24,10.53,692,0.1143,1,0,SELF_EMPLOYED,PHD,MARRIED,PERSONAL,0
CUST-002858,54,148609.26,8,13855.25,24,8.76,842,0.5252,2,0,RETIRED,MASTERS,DIVORCED,EDUCATION,0
CUST-002859,28,170296.87,10,51756.29,60,11.88,796,0.2940,1,0,RETIRED,HIGH_SCHOOL,SINGLE,EDUCATION,0
CUST-002860,55,63171.57,28,38212.50,12,19.13,678,0.3797,5,0,SELF_EMPLOYED,HIGH_SCHOOL,SINGLE,HOME,1
CUST-002861,49,193407.31,10,75600.54,24,16.49,692,0.5629,2,0,RETIRED,BACHELORS,SINGLE,EDUCATION,0
CUST-002862,69,34827.12,2,28235.99,12,5.88,616,0.4362,4,0,RETIRED,HIGH_SCHOOL,DIVORCED,EDUCATION,1
CUST-002863,32,110307.33,5,84191.28,48,21.90,525,0.1593,5,0,SELF_EMPLOYED,BACHELORS,MARRIED,BUSINESS,0
CUST-002864,33,163856.33,15,67544.71,48,17.65,730,0.1473,0,0,SALARIED,PHD,MARRIED,AUTO,0
CUST-002865,50,189535.25,17,45174.87,48,7.69,496,0.3464,0,0,SALARIED,MASTERS,SINGLE,AUTO,1
CUST-002866,54,191070.62,28,69705.68,48,19.67,760,0.0819,2,0,UNEMPLOYED,BACHELORS,MARRIED,BUSINESS,0
CUST-002867,51,197734.03,10,28564.35,24,10.48,535,0.1850,0,0,UNEMPLOYED,BACHELORS,MARRIED,BUSINESS,0
CUST-002868,40,19615.00,22,16134.89,36,7.65,434,0.6570,1,0,RETIRED,HIGH_SCHOOL,MARRIED,AUTO,0
CUST-002869,40,143628.24,14,17209.20,12,12.18,716,0.0801,6,0,SELF_EMPLOYED,BACHELORS,MARRIED,BUSINESS,0
CUST-002870,48,192352.97,24,62076.30,36,6.50,316,0.4432,0,0,RETIRED,HIGH_SCHOOL,SINGLE,PERSONAL,1
CUST-002871,26,109380.38,8,20928.00,48,9.57,385,0.4657,1,0,SALARIED,PHD,MARRIED,EDUCATION,1
CUST-002872,27,147971.77,9,10739.57,36,11.25,826,0.2541,4,2,UNEMPLOYED,BACHELORS,SINGLE,EDUCATION,1
CUST-002873,60,130196.52,28,10201.17,60,24.27,321,0.5766,3,0,SALARIED,PHD,MARRIED,EDUCATION,0
CUST-002874,30,87605.40,12,13684.95,36,16.01,453,0.3354,0,0,RETIRED,MASTERS,SINGLE,BUSINESS,1
CUST-002875,25,83863.67,7,80111.34,60,10.94,575,0.4423,4,2,RETIRED,HIGH_SCHOOL,SINGLE,BUSINESS,1
CUST-002876,46,149598.63,6,89243.94,48,23.01,401,0.2029,2,0,UNEMPLOYED,HIGH_SCHOOL,SINGLE,EDUCATION,1
CUST-002877,34,28649.41,16,42157.49,60,22.50,506,0.4148,3,0,SALARIED,HIGH_SCHOOL,MARRIED,AUTO,0
CUST-002878,67,164814.50,2,28541.76,24,14.38,374,0.1946,4,0,RETIRED,BACHELORS,SINGLE,PERSONAL,0
CUST-002879,32,110600.22,14,87246.41,36,17.58,751,0.4327,1,0,RETIRED,MASTERS,SINGLE,HOME,0
CUST-002880,64,41843.28,32,77301.36,60,9.19,731,0.0761,3,0,UNEMPLOYED,BACHELORS,SINGLE,EDUCATION,0
CUST-002881,68,32308.38,1,29689.36,48,23.17,?,0.1487,1,0,SELF_EMPLOYED,HIGH_SCHOOL,MARRIED,PERSONAL,1
CUST-002882,22,148730.63,4,20492.06,36,15.47,309,0.3377,0,0,RETIRED,BACHELORS,MARRIED,PERSONAL,0
CUST-002883,42,194062.60,14,40925.63,48,6.14,391,0.3442,1,0,UNEMPLOYED,MASTERS,MARRIED,HOME,0
CUST-002884,60,181511.45,13,28103.23,60,9.40,690,0.5449,4,0,SALARIED,MASTERS,MARRIED,PERSONAL,0
CUST-002885,44,154483.13,26,88505.40,36,5.89,469,0.6998,3,0,UNEMPLOYED,MASTERS,MARRIED,PERSONAL,1
CUST-002886,34,175296.79,16,6993.32,12,11.21,591,0.4531,5,0,RETIRED,PHD,MARRIED,AUTO,0
CUST-002887,24,181455.41,4,83378.27,60,15.11,432,0.4559,1,0,SELF_EMPLOYED,MASTERS,DIVORCED,AUTO,0
CUST-002888,44,162103.17,6,59481.40,12,14.82,357,0.5192,3,0,SALARIED,BACHELORS,MARRIED,AUTO,0
CUST-002889,61,120900.68,26,45678.28,24,20.19,376,0.6196,2,0,RETIRED,MASTERS,MARRIED,HOME,1
CUST-002890,38,131572.24,3,46475.16,48,7.61,603,0.4556,3,0,SELF_EMPLOYED,MASTERS,SINGLE,PERSONAL,1
CUST-002891,32,134766.30,14,49907.14,36,6.45,300,0.6664,3,0,RETIRED,HIGH_SCHOOL,MARRIED,BUSINESS,1
CUST-002892,53,31833.18,5,49460.79,12,15.84,555,0.1152,3,0,UNEMPLOYED,PHD,SINGLE,AUTO,0
CUST-002893,47,168847.41,3,65019.47,12,23.48,351,0.5196,0,0,UNEMPLOYED,BACHELORS,SINGLE,PERSONAL,1
CUST-002894,51,71531.10,25,51216.26,36,18.30,790,0.3583,6,0,SELF_EMPLOYED,BACHELORS,SINGLE,EDUCATION,0
CUST-002895,69,174311.04,18,72823.40,24,24.07,497,0.5517,4,0,RETIRED,BACHELORS,DIVORCED,PERSONAL,0
CUST-002896,39,156266.75,1,44033.90,12,20.03,663,0.4047,0,0,SELF_EMPLOYED,BACHELORS,MARRIED,AUTO,0
CUST-002897,21,74067.01,3,38119.28,24,10.07,550,0.6835,1,0,SALARIED,HIGH_SCHOOL,MARRIED,HOME,1
CUST-002898,56,27645.28,32,51007.30,24,16.52,550,0.3406,1,2,RETIRED,HIGH_SCHOOL,DIVORCED,AUTO,1
CUST-002899,34,64235.89,1,78910.87,12,13.63,629,0.2533,3,0,RETIRED,MASTERS,SINGLE,PERSONAL,0
CUST-002900,58,73604.96,4,68451.23,12,13.12,336,0.2824,5,1,SELF_EMPLOYED,BACHELORS,SINGLE,PERSONAL,1
CUST-002901,52,192644.72,5,85661.60,36,12.84,403,0.3363,0,0,RETIRED,PHD,SINGLE,AUTO,0
CUST-002902,23,77882.13,5,89069.33,60,17.40,669,0.6333,3,0,UNEMPLOYED,HIGH_SCHOOL,DIVORCED,PERSONAL,1
CUST-002903,29,22592.05,11,32864.29,12,16.07,520,0.5451,5,0,RETIRED,HIGH_SCHOOL,SINGLE,AUTO,1
CUST-002904,23,179318.57,5,82273.07,24,18.69,376,0.6952,3,0,SELF_EMPLOYED,BACHELORS,MARRIED,AUTO,1
CUST-002905,21,55991.71,3,85843.58,24,10.28,729,0.4577,3,0,UNEMPLOYED,PHD,SINGLE,AUTO,0
CUST-002906,60,33397.56,24,77625.10,60,20.51,384,0.6616,5,0,SELF_EMPLOYED,MASTERS,MARRIED,HOME,1
CUST-002907,30,171918.75,12,15560.23,60,14.99,411,0.3056,0,0,RETIRED,PHD,SINGLE,PERSONAL,0
CUST-002908,25,18727.14,7,89352.57,24,11.88,356,0.4351,4,0,UNEMPLOYED,PHD,SINGLE,BUSINESS,1
CUST-002909,47,61642.11,27,62364.46,24,24.26,751,0.6387,1,0,UNEMPLOYED,PHD,SINGLE,AUTO,0
CUST-002910,37,131262.63,19,49169.38,60,9.31,322,0.1700,4,0,SELF_EMPLOYED,MASTERS,MARRIED,HOME,0
CUST-002911,35,176445.67,4,33944.41,12,8.26,335,0.5518,2,0,SALARIED,PHD,MARRIED,PERSONAL,1
CUST-002912,67,136942.82,23,15096.63,24,7.37,744,0.3349,4,0,SALARIED,BACHELORS,MARRIED,HOME,0
CUST-002913,23,27485.37,5,71740.91,48,12.14,786,0.4008,1,0,SALARIED,PHD,SINGLE,BUSINESS,0
CUST-002914,65,175169.79,2,47005.08,12,18.00,444,0.4783,4,0,SALARIED,MASTERS,DIVORCED,AUTO,1
CUST-002915,44,165030.95,26,75444.07,48,21.08,505,0.6493,0,0,SALARIED,BACHELORS,DIVORCED,BUSINESS,1
CUST-002916,41,140604.04,2,28585.05,12,22.22,811,0.4083,5,3,SELF_EMPLOYED,HIGH_SCHOOL,SINGLE,EDUCATION,1
CUST-002917,63,101533.47,33,60670.58,60,17.87,653,0.3673,3,0,RETIRED,MASTERS,SINGLE,AUTO,1
CUST-002918,38,62490.85,9,84365.86,60,15.75,346,0.4597,6,0,SALARIED,BACHELORS,MARRIED,PERSONAL,1
CUST-002919,25,28397.45,3,42065.13,60,21.24,632,0.6743,5,0,SALARIED,PHD,DIVORCED,BUSINESS,1
CUST-002920,35,153708.69,17,5894.97,24,21.46,717,0.2955,6,3,SELF_EMPLOYED,HIGH_SCHOOL,MARRIED,BUSINESS,1
CUST-002921,43,20979.43,25,6225.55,48,12.78,666,0.5255,6,0,RETIRED,HIGH_SCHOOL,DIVORCED,HOME,0
CUST-002922,59,133704.62,3,24021.86,12,14.09,384,0.6160,1,0,RETIRED,HIGH_SCHOOL,SINGLE,PERSONAL,0
CUST-002923,32,135796.37,14,22843.17,12,7.30,395,0.2055,5,0,SELF_EMPLOYED,BACHELORS,DIVORCED,HOME,0
CUST-002924,48,188491.54,27,6401.37,24,16.27,349,0.1428,4,0,SALARIED,HIGH_SCHOOL,MARRIED,HOME,0
CUST-002925,67,113994.39,34,76602.00,48,21.85,353,0.5378,0,2,SELF_EMPLOYED,HIGH_SCHOOL,DIVORCED,EDUCATION,1
CUST-002926,42,162852.44,12,56055.16,12,20.46,440,0.6227,1,0,UNEMPLOYED,BACHELORS,DIVORCED,HOME,0
CUST-002927,63,42896.83,14,59680.66,24,14.28,506,0.6173,5,0,UNEMPLOYED,HIGH_SCHOOL,DIVORCED,HOME,1
CUST-002928,32,123332.84,14,36684.57,36,24.80,387,0.3579,3,0,SELF_EMPLOYED,HIGH_SCHOOL,MARRIED,PERSONAL,0
CUST-002929,42,82278.46,11,69230.58,12,17.25,632,0.6500,2,0,UNEMPLOYED,PHD,DIVORCED,BUSINESS,1
CUST-002930,33,187133.92,15,33281.89,36,7.17,729,0.2098,3,0,RETIRED,PHD,DIVORCED,AUTO,0
CUST-002931,31,27497.95,13,45893.52,36,9.59,450,0.1276,2,0,SELF_EMPLOYED,PHD,DIVORCED,AUTO,1
CUST-002932,34,43466.04,16,71033.65,12,8.15,356,0.1482,6,1,SELF_EMPLOYED,MASTERS,DIVORCED,PERSONAL,0
CUST-002933,41,51613.90,19,18100.43,24,17.56,830,0.5481,2,2,SELF_EMPLOYED,PHD,SINGLE,HOME,1
CUST-002934,28,61099.07,8,43657.87,24,19.49,?,0.1851,0,0,UNEMPLOYED,HIGH_SCHOOL,SINGLE,EDUCATION,0
CUST-002935,63,20454.88,25,43667.76,24,23.20,429,0.5242,1,0,SALARIED,HIGH_SCHOOL,DIVORCED,AUTO,1
CUST-002936,46,129996.03,28,28962.48,36,17.39,620,0.2703,3,0,SELF_EMPLOYED,PHD,MARRIED,EDUCATION,0
CUST-002937,54,139655.13,29,85095.04,12,14.93,667,0.0610,5,0,RETIRED,BACHELORS,DIVORCED,HOME,0
CUST-002938,62,60026.93,30,56414.85,48,16.64,450,0.5836,3,0,SELF_EMPLOYED,HIGH_SCHOOL,DIVORCED,EDUCATION,1
CUST-002939,47,155154.59,22,70543.46,48,16.30,791,0.1703,4,0,RETIRED,MASTERS,SINGLE,HOME,0
CUST-002940,64,172212.97,12,68315.15,36,8.83,587,0.1683,1,0,SELF_EMPLOYED,MASTERS,DIVORCED,AUTO,0
CUST-002941,53,92107.47,29,30965.21,48,13.81,367,0.3805,0,0,UNEMPLOYED,BACHELORS,MARRIED,PERSONAL,1
CUST-002942,22,174889.79,4,60698.68,12,13.92,349,0.1221,3,1,UNEMPLOYED,HIGH_SCHOOL,DIVORCED,EDUCATION,0
CUST-002943,66,61387.40,28,74514.71,24,20.30,506,0.1649,5,0,SALARIED,HIGH_SCHOOL,MARRIED,AUTO,1
CUST-002944,29,125877.01,11,83415.62,60,24.93,?,0.2998,4,0,RETIRED,HIGH_SCHOOL,MARRIED,BUSINESS,1
CUST-002945,69,82554.01,21,86440.55,36,20.66,715,0.6577,4,0,SALARIED,BACHELORS,SINGLE,HOME,0
CUST-002946,38,114812.56,17,73466.16,24,14.32,670,0.4837,2,0,RETIRED,MASTERS,DIVORCED,BUSINESS,0
CUST-002947,60,120962.82,16,18598.47,36,10.67,494,0.6627,0,2,SELF_EMPLOYED,BACHELORS,SINGLE,BUSINESS,1
CUST-002948,32,179854.35,14,45834.93,36,5.63,628,0.1693,4,2,RETIRED,HIGH_SCHOOL,DIVORCED,HOME,1
CUST-002949,25,190513.97,7,51064.36,12,5.35,605,0.1449,4,0,RETIRED,MASTERS,DIVORCED,AUTO,1
CUST-002950,31,33740.38,13,89805.87,60,17.25,726,0.6807,3,0,SELF_EMPLOYED,BACHELORS,SINGLE,HOME,1
CUST-002951,43,?,25,68488.59,36,12.48,599,0.3671,0,0,SELF_EMPLOYED,MASTERS,DIVORCED,BUSINESS,1
CUST-002952,54,127499.77,19,84863.84,12,18.66,703,0.1318,1,0,SALARIED,MASTERS,MARRIED,HOME,0
CUST-002953,49,34661.87,5,6631.13,12,13.23,439,0.6205,2,1,RETIRED,HIGH_SCHOOL,MARRIED,HOME,1
CUST-002954,57,159543.57,4,13418.38,24,17.31,584,0.1799,3,0,RETIRED,PHD,MARRIED,HOME,1
CUST-002955,34,76597.48,16,41955.30,48,6.61,682,0.1302,3,0,SALARIED,MASTERS,MARRIED,AUTO,0
CUST-002956,54,127288.13,19,59978.77,12,15.06,339,0.2284,2,0,UNEMPLOYED,BACHELORS,MARRIED,HOME,1
CUST-002957,62,116532.77,7,56197.53,36,13.37,449,0.5882,3,0,SALARIED,BACHELORS,MARRIED,AUTO,0
CUST-002958,39,100416.56,21,29258.56,48,21.32,663,0.5322,3,0,UNEMPLOYED,MASTERS,SINGLE,EDUCATION,0
CUST-002959,67,69984.41,29,4711.05,12,20.93,634,0.1847,6,0,UNEMPLOYED,MASTERS,SINGLE,AUTO,0
CUST-002960,69,123242.07,30,83667.74,24,24.38,422,0.5793,0,0,SELF_EMPLOYED,PHD,SINGLE,PERSONAL,0
CUST-002961,41,104366.87,2,46980.44,48,17.68,812,0.5957,4,0,RETIRED,HIGH_SCHOOL,DIVORCED,HOME,1
CUST-002962,30,141837.15,12,52548.74,24,9.57,393,0.6305,3,0,SALARIED,BACHELORS,DIVORCED,PERSONAL,0
CUST-002963,52,199464.51,24,63376.13,36,5.96,531,0.4404,6,0,SALARIED,PHD,MARRIED,PERSONAL,0
CUST-002964,44,177331.50,16,74530.88,24,13.31,833,0.4451,4,1,SELF_EMPLOYED,HIGH_SCHOOL,SINGLE,BUSINESS,0
CUST-002965,44,137508.15,26,4869.69,48,16.11,413,0.1097,4,0,UNEMPLOYED,PHD,DIVORCED,AUTO,1
CUST-002966,62,23411.31,16,16310.67,36,15.24,550,0.2057,3,0,UNEMPLOYED,PHD,MARRIED,BUSINESS,1
CUST-002967,29,42303.56,11,23951.62,48,5.60,515,0.2357,0,0,UNEMPLOYED,BACHELORS,MARRIED,AUTO,0
CUST-002968,30,71546.97,12,29856.36,60,22.36,499,0.1364,5,0,UNEMPLOYED,BACHELORS,DIVORCED,BUSINESS,1
CUST-002969,60,60504.91,12,19782.14,24,8.77,301,0.5859,5,0,SALARIED,BACHELORS,SINGLE,HOME,0
CUST-002970,69,49774.73,3,48142.20,36,24.30,483,0.6089,1,0,UNEMPLOYED,HIGH_SCHOOL,MARRIED,AUTO,1
CUST-002971,38,170996.90,20,66604.47,24,17.88,541,0.4963,0,0,SELF_EMPLOYED,BACHELORS,DIVORCED,BUSINESS,1
CUST-002972,50,56115.42,18,73313.40,24,17.50,609,0.1415,3,0,SELF_EMPLOYED,PHD,SINGLE,PERSONAL,0
CUST-002973,30,25902.30,0,75468.10,12,7.62,484,0.3554,6,1,UNEMPLOYED,BACHELORS,DIVORCED,HOME,1
CUST-002974,48,83359.04,16,73056.42,36,8.68,328,0.3697,6,0,UNEMPLOYED,PHD,DIVORCED,AUTO,1
CUST-002975,26,123944.47,8,56569.93,24,7.96,323,0.1478,1,0,UNEMPLOYED,MASTERS,SINGLE,EDUCATION,1
CUST-002976,35,165485.47,17,54422.14,60,19.78,543,0.1341,2,3,SELF_EMPLOYED,MASTERS,DIVORCED,BUSINESS,1
CUST-002977,63,187511.11,29,34819.10,36,21.72,499,0.1739,2,0,SALARIED,HIGH_SCHOOL,MARRIED,BUSINESS,1
CUST-002978,57,165645.50,19,66961.63,60,12.20,752,0.6845,1,0,SELF_EMPLOYED,HIGH_SCHOOL,MARRIED,BUSINESS,0
CUST-002979,40,30568.18,22,57789.28,48,22.13,810,0.6089,1,0,SELF_EMPLOYED,MASTERS,DIVORCED,HOME,1
CUST-002980,46,81993.45,9,37133.76,12,22.55,604,0.0525,6,0,UNEMPLOYED,HIGH_SCHOOL,MARRIED,PERSONAL,0
CUST-002981,24,125830.93,6,46185.74,60,21.64,608,0.0518,0,0,UNEMPLOYED,MASTERS,DIVORCED,BUSINESS,0
CUST-002982,63,102874.79,17,81937.79,12,19.68,368,0.0940,3,0,SELF_EMPLOYED,HIGH_SCHOOL,MARRIED,PERSONAL,1
CUST-002983,22,87479.16,4,31508.36,60,9.99,337,0.0937,6,0,RETIRED,PHD,SINGLE,HOME,0
CUST-002984,27,107634.38,8,41485.71,48,16.68,576,0.0679,3,0,UNEMPLOYED,BACHELORS,DIVORCED,PERSONAL,1
CUST-002985,64,52178.60,0,22523.46,24,7.66,365,0.6592,3,0,UNEMPLOYED,PHD,DIVORCED,PERSONAL,1
CUST-002986,50,23701.44,10,18876.46,12,19.60,398,0.6691,5,0,UNEMPLOYED,BACHELORS,MARRIED,EDUCATION,1
CUST-002987,25,64666.28,7,57405.36,24,12.00,613,0.5049,4,0,SALARIED,PHD,SINGLE,AUTO,1
CUST-002988,40,147826.89,2,15711.23,60,7.31,449,0.3813,6,1,UNEMPLOYED,BACHELORS,DIVORCED,EDUCATION,1
CUST-002989,60,140187.19,14,45773.65,48,13.42,318,0.2612,6,0,UNEMPLOYED,HIGH_SCHOOL,SINGLE,AUTO,1
CUST-002990,31,118285.92,3,11835.56,48,8.34,541,0.6746,4,0,RETIRED,BACHELORS,SINGLE,HOME,0
CUST-002991,33,135890.19,1,79535.86,12,21.50,761,0.5927,1,0,UNEMPLOYED,PHD,MARRIED,PERSONAL,1
CUST-002992,47,104320.63,29,64353.75,60,13.11,572,0.5859,4,0,UNEMPLOYED,PHD,DIVORCED,BUSINESS,1
CUST-002993,52,156156.83,6,10436.56,48,21.72,729,0.1014,3,3,RETIRED,PHD,SINGLE,HOME,1
CUST-002994,50,38907.75,18,64990.43,60,10.86,744,0.2570,2,0,UNEMPLOYED,BACHELORS,DIVORCED,PERSONAL,0
CUST-002995,21,176903.55,3,68833.96,48,18.46,413,0.3860,2,0,UNEMPLOYED,BACHELORS,DIVORCED,HOME,1
CUST-002996,51,79019.12,12,67613.35,60,13.83,615,0.0902,6,0,SALARIED,PHD,MARRIED,PERSONAL,0
CUST-002997,52,38022.71,11,8285.48,60,21.74,797,0.2388,6,0,SALARIED,HIGH_SCHOOL,DIVORCED,EDUCATION,0
CUST-002998,30,194139.04,9,67890.22,36,24.57,702,0.5784,2,0,SELF_EMPLOYED,BACHELORS,DIVORCED,BUSINESS,1
CUST-002999,67,183032.39,1,69352.66,36,18.56,848,0.1509,3,0,SALARIED,HIGH_SCHOOL,DIVORCED,HOME,0
CUST-003000,65,?,17,78889.50,60,21.17,498,0.6292,3,0,UNEMPLOYED,MASTERS,MARRIED,EDUCATION,1
CUST-003001,22,118907.75,4,47892.63,36,16.82,675,0.2638,6,0,SALARIED,PHD,MARRIED,HOME,0
CUST-003002,52,179955.44,25,53883.08,36,15.35,447,0.3624,4,1,SALARIED,HIGH_SCHOOL,DIVORCED,PERSONAL,1
CUST-003003,64,21047.38,18,17815.95,12,21.52,461,0.6040,2,0,UNEMPLOYED,MASTERS,DIVORCED,HOME,1
CUST-003004,63,111746.62,2,49126.42,48,10.52,425,0.3054,4,0,RETIRED,HIGH_SCHOOL,DIVORCED,BUSINESS,1
CUST-003005,28,45086.72,5,23697.60,48,24.30,414,0.1763,3,0,SELF_EMPLOYED,PHD,SINGLE,AUTO,1
CUST-003006,45,72974.96,6,14539.45,48,13.18,812,0.1627,1,0,SELF_EMPLOYED,PHD,SINGLE,AUTO,0
CUST-003007,40,164851.79,18,85696.82,36,10.59,558,0.2603,4,2,RETIRED,MASTERS,DIVORCED,PERSONAL,0
CUST-003008,41,96515.86,23,40924.95,24,13.03,773,0.6853,5,0,SELF_EMPLOYED,PHD,DIVORCED,AUTO,0
CUST-003009,25,102227.58,7,52115.93,12,21.11,841,0.4222,6,2,RETIRED,PHD,SINGLE,AUTO,1
CUST-003010,43,188557.68,24,32971.65,60,24.54,757,0.5930,1,0,SELF_EMPLOYED,PHD,DIVORCED,HOME,1
CUST-003011,30,157210.93,12,27838.76,24,17.75,587,0.0714,5,0,SELF_EMPLOYED,MASTERS,SINGLE,PERSONAL,1
CUST-003012,55,?,9,89010.30,24,23.88,603,0.2504,4,0,UNEMPLOYED,PHD,DIVORCED,AUTO,1
CUST-003013,42,162366.03,17,51675.97,60,12.98,424,0.0786,0,0,RETIRED,HIGH_SCHOOL,MARRIED,EDUCATION,0
CUST-003014,33,94064.87,15,3878.61,12,5.13,390,0.3531,5,0,RETIRED,HIGH_SCHOOL,DIVORCED,EDUCATION,1
CUST-003015,56,31626.79,4,53949.72,60,12.09,748,0.5909,3,0,UNEMPLOYED,PHD,DIVORCED,EDUCATION,1
CUST-003016,49,96695.73,6,50991.86,36,14.10,661,0.5863,3,0,UNEMPLOYED,BACHELORS,DIVORCED,AUTO,0
CUST-003017,67,93321.98,23,24743.95,24,22.97,718,0.3023,2,0,UNEMPLOYED,BACHELORS,DIVORCED,HOME,0
CUST-003018,31,60790.02,12,85260.22,12,22.79,835,0.1209,4,0,SELF_EMPLOYED,MASTERS,DIVORCED,BUSINESS,0
CUST-003019,69,106583.28,15,61493.72,48,10.46,513,0.2788,3,0,SELF_EMPLOYED,HIGH_SCHOOL,MARRIED,PERSONAL,0
CUST-003020,38,?,12,51685.23,24,17.01,598,0.6102,0,0,SALARIED,MASTERS,SINGLE,EDUCATION,0
CUST-003021,35,154749.99,17,24232.43,60,8.02,507,0.4486,3,0,UNEMPLOYED,HIGH_SCHOOL,MARRIED,EDUCATION,1
CUST-003022,42,21388.42,?,66055.26,12,21.81,319,0.4001,0,0,SALARIED,BACHELORS,DIVORCED,PERSONAL,1
CUST-003023,30,150668.21,2,84114.55,12,7.21,378,0.2090,2,1,SALARIED,MASTERS,DIVORCED,BUSINESS,1
CUST-003024,63,96438.56,?,85471.58,24,10.17,792,0.0970,6,0,SALARIED,HIGH_SCHOOL,DIVORCED,EDUCATION,0
CUST-003025,34,60159.65,16,78091.42,48,16.40,456,0.4205,4,0,RETIRED,PHD,SINGLE,PERSONAL,1
CUST-003026,25,30502.50,?,11462.86,24,20.35,?,0.6647,5,0,SELF_EMPLOYED,MASTERS,DIVORCED,AUTO,1
CUST-003027,60,194195.13,25,20731.40,60,22.52,347,0.6434,4,0,UNEMPLOYED,PHD,DIVORCED,EDUCATION,1
CUST-003028,63,189836.36,8,13438.59,60,5.28,587,0.6404,0,0,SELF_EMPLOYED,HIGH_SCHOOL,DIVORCED,PERSONAL,0
CUST-003029,54,160607.05,30,48514.20,36,10.73,489,0.1152,0,1,UNEMPLOYED,BACHELORS,SINGLE,AUTO,1
CUST-003030,38,94975.07,15,14465.45,36,7.29,418,0.2663,5,0,SALARIED,PHD,MARRIED,AUTO,1
CUST-003031,59,119454.88,32,23862.48,36,10.06,303,0.2450,1,0,SELF_EMPLOYED,MASTERS,DIVORCED,AUTO,1
CUST-003032,65,82243.39,25,25642.09,60,20.09,557,0.5633,4,0,SELF_EMPLOYED,MASTERS,SINGLE,HOME,0
CUST-003033,43,22265.59,7,71620.18,60,12.29,583,0.3609,1,0,SALARIED,MASTERS,SINGLE,EDUCATION,0
CUST-003034,37,143170.28,6,20923.37,36,15.75,843,0.0570,2,0,SALARIED,HIGH_SCHOOL,MARRIED,EDUCATION,0
CUST-003035,39,172475.62,10,78868.97,48,9.48,311,0.2723,1,0,SALARIED,HIGH_SCHOOL,MARRIED,BUSINESS,0
CUST-003036,66,128553.98,3,23372.49,36,9.50,445,0.0949,6,0,SELF_EMPLOYED,HIGH_SCHOOL,DIVORCED,BUSINESS,1
CUST-003037,69,108960.75,17,74317.75,60,16.94,686,0.1154,6,0,UNEMPLOYED,MASTERS,DIVORCED,HOME,0
CUST-003038,61,68180.39,21,64604.77,12,11.86,486,0.6346,5,0,SALARIED,HIGH_SCHOOL,MARRIED,EDUCATION,0
CUST-003039,26,56672.35,8,17169.95,24,8.18,396,0.6256,6,0,SELF_EMPLOYED,PHD,DIVORCED,EDUCATION,0
CUST-003040,53,170918.48,26,73678.94,48,5.92,807,0.3257,0,0,RETIRED,PHD,DIVORCED,HOME,0
CUST-003041,43,147733.52,1,69968.23,60,9.82,426,0.2973,4,0,SELF_EMPLOYED,HIGH_SCHOOL,DIVORCED,HOME,1
CUST-003042,64,30745.42,20,59804.17,60,15.66,668,0.1399,4,0,UNEMPLOYED,BACHELORS,SINGLE,HOME,0
CUST-003043,42,199667.32,24,58626.34,36,16.66,586,0.6841,3,0,SALARIED,MASTERS,MARRIED,PERSONAL,0
CUST-003044,41,34591.24,23,57210.76,60,15.56,770,0.5807,2,0,SALARIED,PHD,MARRIED,BUSINESS,1
CUST-003045,26,32969.58,?,15654.18,24,11.19,361,0.5983,3,3,RETIRED,HIGH_SCHOOL,SINGLE,BUSINESS,1
CUST-003046,33,56143.32,6,67810.24,36,15.23,?,0.5179,5,0,SELF_EMPLOYED,BACHELORS,SINGLE,AUTO,1
CUST-003047,70,182609.55,9,78533.96,24,9.29,377,0.1605,1,0,SELF_EMPLOYED,MASTERS,DIVORCED,PERSONAL,0
CUST-003048,64,194585.49,?,26526.56,36,21.37,446,0.2104,5,0,SALARIED,BACHELORS,MARRIED,HOME,0
CUST-003049,37,114333.04,9,81536.18,36,13.52,306,0.2548,5,3,SELF_EMPLOYED,BACHELORS,MARRIED,PERSONAL,1
CUST-003050,46,136028.02,7,79249.48,60,11.66,408,0.2539,6,0,SALARIED,HIGH_SCHOOL,MARRIED,HOME,0
CUST-003051,48,154904.32,22,18844.57,36,17.40,674,0.5842,2,0,SELF_EMPLOYED,BACHELORS,SINGLE,BUSINESS,1
CUST-003052,42,73315.30,11,71073.48,36,8.24,729,0.2874,2,0,UNEMPLOYED,BACHELORS,MARRIED,PERSONAL,1
CUST-003053,65,155641.54,21,24914.65,48,23.73,740,0.6550,6,0,RETIRED,PHD,MARRIED,EDUCATION,0
CUST-003054,53,96678.07,29,35955.38,24,11.25,654,0.5595,4,3,UNEMPLOYED,BACHELORS,DIVORCED,EDUCATION,1
CUST-003055,61,168098.96,16,73196.20,60,8.49,556,0.5629,0,3,UNEMPLOYED,HIGH_SCHOOL,MARRIED,EDUCATION,1
CUST-003056,44,115523.85,16,27293.40,36,18.66,510,0.4332,6,2,UNEMPLOYED,PHD,MARRIED,AUTO,1
CUST-003057,22,190375.98,4,48160.42,24,19.66,490,0.5645,2,1,UNEMPLOYED,BACHELORS,MARRIED,EDUCATION,1
CUST-003058,42,130543.84,17,30527.41,36,22.48,400,0.6694,3,0,RETIRED,MASTERS,MARRIED,PERSONAL,1
CUST-003059,60,166011.05,9,74458.10,24,19.95,?,0.2680,5,1,SALARIED,HIGH_SCHOOL,MARRIED,EDUCATION,0
CUST-003060,55,167738.16,24,17782.09,24,6.65,529,0.1266,3,0,SALARIED,MASTERS,MARRIED,HOME,0
CUST-003061,42,176754.72,24,42335.63,12,5.99,562,0.1779,4,0,UNEMPLOYED,HIGH_SCHOOL,DIVORCED,BUSINESS,1
CUST-003062,40,117439.56,11,56869.32,36,19.60,811,0.4257,1,1,UNEMPLOYED,MASTERS,SINGLE,AUTO,1
CUST-003063,37,41119.89,19,64393.15,36,22.85,596,0.6298,0,3,SALARIED,BACHELORS,DIVORCED,BUSINESS,1
CUST-003064,40,59695.65,22,34922.13,12,18.83,684,0.1096,6,0,RETIRED,PHD,DIVORCED,AUTO,0
CUST-003065,43,128495.15,19,42602.27,36,9.30,768,0.1697,5,0,SELF_EMPLOYED,PHD,MARRIED,AUTO,0
CUST-003066,47,189509.53,27,5326.33,24,14.75,380,0.6880,1,0,UNEMPLOYED,MASTERS,MARRIED,PERSONAL,1
CUST-003067,28,37779.25,10,25774.97,36,16.09,523,0.4630,2,0,RETIRED,BACHELORS,DIVORCED,EDUCATION,1
CUST-003068,38,76239.73,20,44756.43,12,13.62,353,0.2705,6,0,UNEMPLOYED,MASTERS,SINGLE,EDUCATION,1
CUST-003069,31,126355.36,13,76329.75,48,23.23,711,0.1144,3,0,SELF_EMPLOYED,MASTERS,SINGLE,HOME,0
CUST-003070,26,121881.77,8,8503.95,24,18.91,305,0.3543,6,0,RETIRED,HIGH_SCHOOL,SINGLE,HOME,0
CUST-003071,55,147708.20,2,77900.85,48,20.64,365,0.0802,3,2,SALARIED,PHD,DIVORCED,AUTO,1
CUST-003072,39,49908.40,3,35249.62,48,8.68,475,0.1085,5,1,SALARIED,MASTERS,SINGLE,BUSINESS,1
CUST-003073,31,123383.93,13,71116.31,12,15.95,661,0.1690,6,0,RETIRED,PHD,SINGLE,HOME,0
CUST-003074,38,44960.87,20,89479.43,60,8.72,842,0.6096,2,0,SALARIED,MASTERS,MARRIED,BUSINESS,0
CUST-003075,66,165338.09,22,71529.20,60,5.69,592,0.3651,6,0,RETIRED,BACHELORS,MARRIED,HOME,0
CUST-003076,26,100413.87,8,31899.32,12,5.15,673,0.2710,6,0,RETIRED,PHD,MARRIED,BUSINESS,0
CUST-003077,31,112453.68,10,22821.70,24,16.81,812,0.3366,2,0,RETIRED,BACHELORS,SINGLE,AUTO,0
CUST-003078,53,54294.78,15,57401.98,60,22.51,?,0.2452,3,1,UNEMPLOYED,PHD,DIVORCED,PERSONAL,1
CUST-003079,39,94234.87,18,64740.45,60,15.13,609,0.2890,1,0,SALARIED,HIGH_SCHOOL,MARRIED,PERSONAL,1
CUST-003080,34,174578.81,13,71030.43,24,17.33,537,0.4330,6,0,UNEMPLOYED,BACHELORS,DIVORCED,BUSINESS,1
CUST-003081,44,194765.78,24,46327.08,24,16.49,559,0.3498,2,0,UNEMPLOYED,BACHELORS,SINGLE,HOME,1
CUST-003082,45,83640.82,6,48290.15,60,10.64,649,0.0897,3,0,SELF_EMPLOYED,BACHELORS,DIVORCED,HOME,0
CUST-003083,47,134874.59,27,55082.54,24,17.56,323,0.3798,6,0,RETIRED,BACHELORS,MARRIED,HOME,0
CUST-003084,24,94807.80,6,25485.52,12,17.77,447,0.4004,6,0,SELF_EMPLOYED,MASTERS,SINGLE,PERSONAL,1
CUST-003085,63,103668.45,32,9957.35,12,7.38,680,0.2731,0,0,SALARIED,PHD,MARRIED,HOME,0
CUST-003086,47,74550.37,8,31609.36,12,19.53,612,0.6926,1,0,SALARIED,MASTERS,SINGLE,AUTO,0
CUST-003087,53,42371.29,29,45150.78,60,13.30,463,0.3203,0,2,RETIRED,MASTERS,SINGLE,AUTO,1
CUST-003088,28,138589.64,4,64284.97,36,21.59,788,0.4044,6,0,RETIRED,BACHELORS,MARRIED,HOME,0
CUST-003089,29,101495.10,1,39465.77,60,22.70,525,0.5167,2,0,UNEMPLOYED,MASTERS,SINGLE,PERSONAL,0
CUST-003090,48,54349.13,20,35870.76,12,15.92,719,0.0903,1,0,SELF_EMPLOYED,BACHELORS,MARRIED,PERSONAL,0
CUST-003091,31,82154.83,13,89241.69,60,10.02,514,0.4604,5,0,SELF_EMPLOYED,PHD,DIVORCED,BUSINESS,1
CUST-003092,50,177230.89,18,68243.78,24,9.85,309,0.3653,2,0,UNEMPLOYED,PHD,MARRIED,HOME,0
CUST-003093,21,74530.13,3,25919.93,12,12.41,345,0.1253,1,0,UNEMPLOYED,BACHELORS,SINGLE,AUTO,1
CUST-003094,52,130748.46,23,10649.66,60,7.78,763,0.0666,3,0,RETIRED,HIGH_SCHOOL,SINGLE,AUTO,0
CUST-003095,36,114508.13,6,17218.57,24,19.30,649,0.1950,3,0,UNEMPLOYED,HIGH_SCHOOL,MARRIED,PERSONAL,1
CUST-003096,31,64851.67,1,64433.70,48,23.34,669,0.0697,1,0,UNEMPLOYED,MASTERS,DIVORCED,PERSONAL,0
CUST-003097,39,169212.87,21,52991.72,48,23.14,533,0.6757,4,0,SELF_EMPLOYED,PHD,DIVORCED,EDUCATION,1
CUST-003098,41,126625.27,18,42434.07,24,14.69,819,0.3726,0,0,UNEMPLOYED,MASTERS,SINGLE,EDUCATION,1
CUST-003099,30,174800.92,7,89423.54,24,23.36,401,0.0781,1,0,UNEMPLOYED,PHD,MARRIED,HOME,1
CUST-003100,56,103322.17,6,26223.46,24,18.09,535,0.0937,2,0,RETIRED,HIGH_SCHOOL,MARRIED,HOME,1
CUST-003101,64,175790.92,22,44459.13,36,17.71,690,0.3711,1,0,UNEMPLOYED,PHD,MARRIED,AUTO,0
CUST-003102,49,192943.98,0,67737.54,60,21.06,750,0.6802,1,0,SALARIED,BACHELORS,DIVORCED,HOME,0
CUST-003103,66,176408.12,11,13578.22,12,10.88,639,0.4325,5,0,SALARIED,PHD,MARRIED,BUSINESS,0
CUST-003104,35,49096.80,17,88553.51,48,13.79,777,0.3828,0,0,SALARIED,MASTERS,SINGLE,AUTO,0
CUST-003105,55,199617.69,33,15117.22,12,13.78,724,0.5615,2,0,UNEMPLOYED,PHD,MARRIED,EDUCATION,1
CUST-003106,49,161625.24,3,55176.05,12,22.92,543,0.0596,6,0,SALARIED,MASTERS,DIVORCED,EDUCATION,0
CUST-003107,70,181243.59,26,20377.89,60,19.90,641,0.5272,3,0,RETIRED,MASTERS,SINGLE,BUSINESS,1
CUST-003108,58,79339.62,18,18097.78,36,19.16,715,0.1864,4,0,RETIRED,MASTERS,DIVORCED,EDUCATION,1
CUST-003109,30,174104.07,12,64792.14,24,14.96,812,0.3655,6,0,UNEMPLOYED,BACHELORS,SINGLE,EDUCATION,0
CUST-003110,34,178811.02,14,14954.06,36,8.29,810,0.2819,6,0,RETIRED,BACHELORS,MARRIED,EDUCATION,0
CUST-003111,32,126896.34,1,73565.68,24,13.32,535,0.0766,6,0,SELF_EMPLOYED,BACHELORS,SINGLE,EDUCATION,0
CUST-003112,64,?,28,28469.64,48,8.83,740,0.1869,3,2,RETIRED,MASTERS,SINGLE,AUTO,1
CUST-003113,41,155354.54,7,78310.52,12,8.37,622,0.3257,2,0,RETIRED,BACHELORS,SINGLE,PERSONAL,0
CUST-003114,37,79003.72,19,38264.99,60,12.91,339,0.5928,3,3,SALARIED,HIGH_SCHOOL,SINGLE,HOME,1
CUST-003115,25,174901.96,7,27924.02,48,10.95,837,0.2481,1,0,UNEMPLOYED,HIGH_SCHOOL,MARRIED,AUTO,0
CUST-003116,23,78092.80,5,19177.04,24,17.40,439,0.1790,5,0,RETIRED,HIGH_SCHOOL,SINGLE,PERSONAL,1
CUST-003117,65,127551.08,12,59953.29,60,23.24,355,0.1353,6,2,SELF_EMPLOYED,PHD,SINGLE,BUSINESS,0
CUST-003118,52,124936.18,4,13228.13,12,19.87,411,0.2837,3,0,UNEMPLOYED,HIGH_SCHOOL,DIVORCED,AUTO,1
CUST-003119,30,143611.99,12,54922.58,24,16.90,627,0.5753,2,0,RETIRED,PHD,SINGLE,AUTO,0
CUST-003120,62,45535.39,31,25924.85,12,10.48,627,0.3372,1,0,SELF_EMPLOYED,MASTERS,MARRIED,EDUCATION,0
CUST-003121,60,76990.57,30,38273.03,48,24.22,445,0.1574,6,0,SELF_EMPLOYED,PHD,MARRIED,EDUCATION,1
CUST-003122,63,134407.58,23,4516.57,36,12.06,305,0.1088,5,3,SALARIED,HIGH_SCHOOL,SINGLE,PERSONAL,1
CUST-003123,32,138643.42,14,24108.53,12,24.00,551,0.1805,5,0,RETIRED,PHD,MARRIED,BUSINESS,1
CUST-003124,68,77132.04,2,12115.08,36,10.19,398,0.6379,0,0,SALARIED,PHD,DIVORCED,HOME,1
CUST-003125,59,157137.00,26,3155.43,60,20.29,787,0.4506,1,0,SALARIED,PHD,SINGLE,BUSINESS,0
CUST-003126,65,46241.99,19,84536.29,48,9.90,541,0.6508,2,0,RETIRED,BACHELORS,MARRIED,HOME,1
CUST-003127,27,46112.94,9,54469.75,60,13.58,686,0.6496,3,0,SELF_EMPLOYED,HIGH_SCHOOL,MARRIED,BUSINESS,1
CUST-003128,57,23684.76,17,85605.30,48,19.98,347,0.0610,4,0,UNEMPLOYED,HIGH_SCHOOL,DIVORCED,HOME,1
CUST-003129,49,37754.25,7,48855.11,12,10.84,487,0.5861,4,0,SALARIED,MASTERS,MARRIED,EDUCATION,1
CUST-003130,46,121899.86,0,23908.75,24,15.77,713,0.2586,6,0,SELF_EMPLOYED,BACHELORS,SINGLE,BUSINESS,0
CUST-003131,58,18660.05,7,34060.11,12,14.70,398,0.2977,5,3,RETIRED,MASTERS,DIVORCED,AUTO,1
CUST-003132,31,36858.45,6,28442.39,48,8.87,808,0.3046,2,0,RETIRED,PHD,SINGLE,AUTO,0
CUST-003133,67,25515.83,27,87783.66,24,13.26,544,0.2858,2,0,SELF_EMPLOYED,HIGH_SCHOOL,MARRIED,PERSONAL,1
CUST-003134,40,198845.95,3,3882.35,36,12.61,446,0.2510,5,0,RETIRED,MASTERS,SINGLE,BUSINESS,1
CUST-003135,31,19169.69,13,30289.91,24,13.17,702,0.1658,5,1,SALARIED,BACHELORS,DIVORCED,BUSINESS,1
CUST-003136,36,121962.22,6,81967.96,60,13.34,496,0.1934,5,0,RETIRED,MASTERS,MARRIED,HOME,0
CUST-003137,37,186037.19,19,23048.18,24,13.38,419,0.1208,4,0,RETIRED,MASTERS,DIVORCED,EDUCATION,0
CUST-003138,53,89345.46,5,61639.83,24,24.62,822,0.5186,6,0,SALARIED,MASTERS,DIVORCED,EDUCATION,0
CUST-003139,45,42121.39,2,78335.81,36,14.26,432,0.5423,4,0,SELF_EMPLOYED,MASTERS,SINGLE,PERSONAL,1
CUST-003140,56,132360.97,1,31053.44,12,12.59,781,0.6827,0,0,UNEMPLOYED,MASTERS,MARRIED,EDUCATION,0
CUST-003141,67,50089.48,19,8571.46,60,18.26,498,0.1096,2,0,SELF_EMPLOYED,HIGH_SCHOOL,SINGLE,EDUCATION,0
CUST-003142,33,145331.48,3,54826.50,12,7.90,?,0.2351,1,0,UNEMPLOYED,BACHELORS,MARRIED,AUTO,0
CUST-003143,44,33002.95,15,5803.17,60,6.52,758,0.3775,5,1,SALARIED,PHD,MARRIED,EDUCATION,1
CUST-003144,22,72487.54,4,47999.28,48,11.35,792,0.4643,2,0,SELF_EMPLOYED,HIGH_SCHOOL,DIVORCED,HOME,0
CUST-003145,21,80084.46,3,24385.68,12,18.17,816,0.5859,4,0,UNEMPLOYED,HIGH_SCHOOL,SINGLE,EDUCATION,0
CUST-003146,32,96088.82,14,15101.70,12,13.65,780,0.6226,0,0,SELF_EMPLOYED,BACHELORS,MARRIED,BUSINESS,0
CUST-003147,56,24106.89,33,41739.36,60,13.37,751,0.6068,2,0,SELF_EMPLOYED,MASTERS,SINGLE,PERSONAL,0
CUST-003148,30,161941.58,12,50425.67,48,9.57,845,0.2599,1,0,SELF_EMPLOYED,HIGH_SCHOOL,DIVORCED,PERSONAL,0
CUST-003149,62,158574.59,34,56588.73,48,22.38,370,0.5740,2,0,UNEMPLOYED,BACHELORS,DIVORCED,BUSINESS,0
CUST-003150,39,58433.91,8,66166.43,48,18.37,397,0.3967,6,0,SELF_EMPLOYED,MASTERS,MARRIED,HOME,1
CUST-003151,46,176149.27,13,81555.61,60,7.94,577,0.5689,6,3,UNEMPLOYED,HIGH_SCHOOL,MARRIED,AUTO,1
CUST-003152,46,52669.77,13,67404.32,12,24.96,343,0.2430,3,0,UNEMPLOYED,HIGH_SCHOOL,SINGLE,PERSONAL,1
CUST-003153,36,150075.31,18,77724.82,60,20.27,563,0.4733,0,0,RETIRED,HIGH_SCHOOL,SINGLE,PERSONAL,0
CUST-003154,43,186660.49,4,62463.04,60,21.59,342,0.0974,5,0,SALARIED,MASTERS,SINGLE,PERSONAL,0
CUST-003155,24,78856.78,6,75678.04,24,14.73,843,0.6450,2,2,SALARIED,PHD,MARRIED,AUTO,1
CUST-003156,59,38792.54,33,72748.37,12,16.58,836,0.1866,5,0,SALARIED,BACHELORS,MARRIED,BUSINESS,0
CUST-003157,54,139183.39,8,71390.68,36,19.48,383,0.6122,4,1,UNEMPLOYED,PHD,SINGLE,AUTO,1
CUST-003158,61,87102.54,9,26563.23,12,20.28,821,0.0923,5,0,SELF_EMPLOYED,BACHELORS,DIVORCED,BUSINESS,0
CUST-003159,29,73372.59,11,41338.43,12,14.55,544,0.6723,4,0,RETIRED,MASTERS,MARRIED,HOME,0
CUST-003160,45,89374.87,17,5271.58,24,24.47,517,0.4452,4,0,RETIRED,PHD,MARRIED,HOME,0
CUST-003161,55,35999.81,30,81545.26,36,16.72,849,0.6381,2,0,UNEMPLOYED,HIGH_SCHOOL,DIVORCED,PERSONAL,1
CUST-003162,50,50017.39,8,52554.33,12,13.40,707,0.1558,6,0,RETIRED,HIGH_SCHOOL,DIVORCED,BUSINESS,0
CUST-003163,32,98384.26,14,82905.11,36,14.07,475,0.5423,1,0,SELF_EMPLOYED,BACHELORS,DIVORCED,HOME,0
CUST-003164,46,58996.02,4,7245.87,48,11.16,840,0.1964,5,0,SALARIED,BACHELORS,MARRIED,PERSONAL,0
CUST-003165,60,183576.43,10,33898.63,24,19.83,461,0.4945,3,0,UNEMPLOYED,MASTERS,MARRIED,HOME,0
CUST-003166,56,24496.48,26,73022.89,60,21.11,328,0.2938,2,0,SALARIED,MASTERS,MARRIED,HOME,1
CUST-003167,35,37897.82,14,19670.50,48,23.20,593,0.1736,3,0,SALARIED,BACHELORS,DIVORCED,BUSINESS,0
CUST-003168,62,68000.11,3,23368.72,36,21.28,626,0.4909,5,0,RETIRED,MASTERS,DIVORCED,AUTO,1
CUST-003169,63,24144.40,14,64334.24,48,10.91,734,0.4776,0,0,SELF_EMPLOYED,MASTERS,MARRIED,BUSINESS,1
CUST-003170,32,118484.10,14,30655.34,12,22.84,672,0.3188,3,0,UNEMPLOYED,BACHELORS,SINGLE,HOME,0
CUST-003171,44,60073.39,14,49572.37,12,20.60,730,0.6671,1,0,SALARIED,HIGH_SCHOOL,MARRIED,EDUCATION,0
CUST-003172,68,87384.34,28,68631.37,12,7.17,461,0.1377,0,0,SELF_EMPLOYED,BACHELORS,MARRIED,PERSONAL,1
CUST-003173,28,155201.11,5,30800.50,12,24.80,563,0.3705,2,0,SALARIED,HIGH_SCHOOL,MARRIED,AUTO,0
CUST-003174,35,115163.47,2,25031.48,36,5.31,812,0.1269,2,0,SELF_EMPLOYED,MASTERS,SINGLE,HOME,0
CUST-003175,54,132989.43,11,58597.83,48,12.60,372,0.6822,3,0,SALARIED,BACHELORS,MARRIED,BUSINESS,0
CUST-003176,21,33113.71,3,42895.34,60,13.30,777,0.2219,6,0,RETIRED,BACHELORS,MARRIED,EDUCATION,0
CUST-003177,50,24281.55,2,34397.44,48,22.74,406,0.3991,2,0,SALARIED,MASTERS,MARRIED,PERSONAL,0
CUST-003178,50,70994.04,24,9524.86,48,6.93,642,0.1846,2,0,RETIRED,MASTERS,DIVORCED,AUTO,0
CUST-003179,22,23662.55,4,80607.30,12,18.79,738,0.5057,4,0,SALARIED,BACHELORS,SINGLE,BUSINESS,1
CUST-003180,69,162866.27,13,85166.46,36,17.02,714,0.2058,5,0,SALARIED,PHD,SINGLE,AUTO,0
CUST-003181,35,42474.85,?,3267.22,48,21.42,613,0.6323,1,3,UNEMPLOYED,HIGH_SCHOOL,DIVORCED,EDUCATION,1
CUST-003182,23,177508.81,5,13332.56,48,17.61,594,0.3378,3,0,UNEMPLOYED,BACHELORS,SINGLE,BUSINESS,1
CUST-003183,67,59170.66,33,85548.21,24,13.22,562,0.4281,2,0,SALARIED,PHD,DIVORCED,HOME,1
CUST-003184,27,93706.62,9,56643.83,12,17.48,485,0.1010,6,0,SELF_EMPLOYED,PHD,MARRIED,PERSONAL,1
CUST-003185,57,186239.12,33,61945.24,12,12.51,759,0.5264,0,0,RETIRED,BACHELORS,SINGLE,EDUCATION,1
CUST-003186,24,18802.69,6,9729.81,24,19.62,605,0.4337,2,0,SELF_EMPLOYED,BACHELORS,MARRIED,BUSINESS,1
CUST-003187,49,139114.99,22,78333.45,36,6.63,355,0.3324,6,0,SALARIED,PHD,MARRIED,HOME,0
CUST-003188,28,18698.70,2,21015.71,12,10.00,763,0.2304,4,0,SALARIED,BACHELORS,DIVORCED,BUSINESS,0
CUST-003189,70,57491.08,22,34249.54,24,17.83,679,0.1613,3,0,RETIRED,PHD,SINGLE,BUSINESS,0
CUST-003190,53,137164.18,30,70683.48,48,24.91,315,0.4842,1,0,RETIRED,PHD,DIVORCED,BUSINESS,0
CUST-003191,22,148548.21,4,76684.45,36,18.44,684,0.4785,0,0,RETIRED,BACHELORS,DIVORCED,HOME,1
CUST-003192,33,59944.01,15,20506.95,24,9.46,499,0.5276,4,0,SELF_EMPLOYED,PHD,SINGLE,HOME,1
CUST-003193,28,114803.74,7,19924.27,60,12.41,372,0.6860,5,0,UNEMPLOYED,PHD,DIVORCED,EDUCATION,1
CUST-003194,24,103922.71,6,53037.10,48,19.44,407,0.6951,4,3,SELF_EMPLOYED,MASTERS,MARRIED,BUSINESS,1
CUST-003195,53,176597.79,18,63956.67,24,23.15,588,0.5151,4,0,RETIRED,MASTERS,DIVORCED,BUSINESS,0
CUST-003196,42,28576.27,21,8251.78,36,24.92,498,0.6243,6,0,SALARIED,BACHELORS,MARRIED,AUTO,1
CUST-003197,53,144558.40,24,48077.95,60,15.62,634,0.4939,3,0,SELF_EMPLOYED,PHD,MARRIED,PERSONAL,1
CUST-003198,48,25267.32,30,69830.91,60,23.65,460,0.6792,4,0,UNEMPLOYED,HIGH_SCHOOL,DIVORCED,HOME,1
CUST-003199,60,53121.50,27,76691.56,48,13.05,729,0.3924,3,0,SELF_EMPLOYED,HIGH_SCHOOL,SINGLE,PERSONAL,0
CUST-003200,64,184797.67,24,57324.72,48,18.39,662,0.2360,6,0,RETIRED,HIGH_SCHOOL,DIVORCED,AUTO,0
CUST-003201,58,29831.43,16,43573.00,60,19.25,393,0.4825,2,0,SELF_EMPLOYED,BACHELORS,DIVORCED,EDUCATION,1
CUST-003202,62,56529.43,5,14346.12,12,17.64,705,0.0558,4,0,SELF_EMPLOYED,HIGH_SCHOOL,MARRIED,PERSONAL,1
CUST-003203,29,156220.73,11,79232.85,12,21.71,553,0.2339,4,0,RETIRED,BACHELORS,MARRIED,EDUCATION,0
CUST-003204,24,57855.30,6,7639.04,48,17.69,533,0.2667,5,0,SALARIED,PHD,DIVORCED,BUSINESS,0
CUST-003205,33,90296.75,15,66248.53,36,13.34,579,0.6176,4,0,SALARIED,HIGH_SCHOOL,DIVORCED,PERSONAL,1
CUST-003206,63,97034.45,19,9990.60,48,24.77,814,0.5544,4,0,UNEMPLOYED,PHD,DIVORCED,HOME,1
CUST-003207,64,32430.19,5,88970.05,12,13.20,629,0.2024,1,1,SELF_EMPLOYED,HIGH_SCHOOL,SINGLE,EDUCATION,0
CUST-003208,47,126483.41,29,6599.78,12,11.37,724,0.5903,5,0,SALARIED,MASTERS,MARRIED,PERSONAL,0
CUST-003209,38,178761.39,10,55928.21,48,8.97,358,0.5198,3,0,SELF_EMPLOYED,MASTERS,DIVORCED,HOME,1
CUST-003210,51,86552.57,19,43182.32,36,15.71,781,0.5959,5,0,SALARIED,HIGH_SCHOOL,DIVORCED,EDUCATION,0
CUST-003211,45,134511.52,17,76171.98,48,16.71,589,0.3949,3,0,SELF_EMPLOYED,MASTERS,DIVORCED,EDUCATION,0
CUST-003212,21,189046.79,3,16124.38,60,24.00,696,0.3883,1,0,RETIRED,MASTERS,SINGLE,AUTO,0
CUST-003213,53,60249.54,28,24512.62,12,7.02,477,0.6427,0,0,SALARIED,HIGH_SCHOOL,DIVORCED,EDUCATION,0
CUST-003214,67,129045.06,8,51939.68,60,6.04,519,0.5957,0,0,RETIRED,BACHELORS,MARRIED,AUTO,0
CUST-003215,34,51244.72,16,64665.08,60,13.13,757,0.1988,0,0,RETIRED,HIGH_SCHOOL,SINGLE,PERSONAL,0
CUST-003216,22,196299.87,4,51117.93,12,16.71,690,0.1397,3,0,SELF_EMPLOYED,PHD,MARRIED,EDUCATION,0
CUST-003217,57,66237.74,20,49169.53,36,17.31,820,0.5861,6,0,RETIRED,HIGH_SCHOOL,DIVORCED,AUTO,0
CUST-003218,50,132317.22,7,64134.32,36,22.94,849,0.4712,2,0,SELF_EMPLOYED,BACHELORS,MARRIED,HOME,0
CUST-003219,28,133484.77,?,31613.81,12,20.14,405,0.1491,2,0,UNEMPLOYED,PHD,MARRIED,BUSINESS,0
CUST-003220,55,96038.52,5,82378.62,12,24.93,743,0.6938,1,1,SALARIED,MASTERS,MARRIED,BUSINESS,1
CUST-003221,37,61447.32,17,87393.21,24,10.42,444,0.1481,2,0,RETIRED,BACHELORS,SINGLE,HOME,0
CUST-003222,62,145343.90,10,33470.12,24,14.34,726,0.3687,2,0,RETIRED,MASTERS,SINGLE,PERSONAL,0
CUST-003223,32,111431.41,14,57115.60,48,16.84,550,0.5107,3,0,SALARIED,HIGH_SCHOOL,MARRIED,EDUCATION,1
CUST-003224,25,44469.91,?,34315.82,24,21.34,796,0.1962,5,0,SELF_EMPLOYED,HIGH_SCHOOL,SINGLE,EDUCATION,0
CUST-003225,63,34538.17,27,62102.08,60,16.34,840,0.1091,6,0,SALARIED,BACHELORS,SINGLE,EDUCATION,0
CUST-003226,53,65760.65,19,25816.95,12,22.06,403,0.2975,4,3,RETIRED,PHD,DIVORCED,BUSINESS,1
CUST-003227,35,176114.97,17,17933.82,24,10.39,673,0.1769,0,0,SALARIED,PHD,MARRIED,AUTO,1
CUST-003228,22,45503.21,4,76654.69,36,17.22,585,0.5827,2,0,SALARIED,BACHELORS,MARRIED,BUSINESS,0
CUST-003229,59,139221.17,33,28734.21,24,5.54,817,0.1455,0,0,SELF_EMPLOYED,HIGH_SCHOOL,MARRIED,BUSINESS,0
CUST-003230,23,191716.16,5,52359.49,60,19.24,379,0.5540,4,0,SALARIED,HIGH_SCHOOL,MARRIED,EDUCATION,1
CUST-003231,66,49500.80,12,16905.67,48,21.37,778,0.4843,4,0,UNEMPLOYED,BACHELORS,MARRIED,AUTO,0
CUST-003232,26,193454.95,8,68505.18,48,9.15,667,0.1347,0,0,SALARIED,PHD,MARRIED,HOME,0
CUST-003233,64,41153.85,1,57630.48,12,17.48,762,0.5845,1,0,SALARIED,MASTERS,DIVORCED,EDUCATION,0
CUST-003234,40,121509.75,22,75385.77,60,20.70,705,0.0718,0,0,SALARIED,BACHELORS,SINGLE,AUTO,0
CUST-003235,44,147602.67,22,89794.37,36,20.46,621,0.1689,0,0,SALARIED,BACHELORS,DIVORCED,HOME,1
CUST-003236,29,114766.69,11,44630.04,60,22.59,?,0.3721,3,0,RETIRED,BACHELORS,SINGLE,AUTO,0
CUST-003237,49,137882.94,6,37226.47,36,5.01,716,0.3528,3,0,SALARIED,MASTERS,SINGLE,BUSINESS,0
CUST-003238,57,71794.42,5,11774.29,36,21.82,815,0.2639,6,0,SELF_EMPLOYED,BACHELORS,SINGLE,AUTO,0
CUST-003239,59,38034.34,15,4162.04,36,10.16,781,0.2020,1,0,UNEMPLOYED,BACHELORS,DIVORCED,AUTO,0
CUST-003240,65,196548.34,32,54822.71,24,7.14,469,0.4677,6,0,SELF_EMPLOYED,MASTERS,SINGLE,EDUCATION,0
CUST-003241,43,91559.39,25,54609.92,60,12.09,741,0.1988,3,1,RETIRED,BACHELORS,DIVORCED,AUTO,0
CUST-003242,25,54476.45,7,19735.86,12,15.95,521,0.2633,6,0,UNEMPLOYED,PHD,DIVORCED,AUTO,0
CUST-003243,36,79479.04,18,33313.39,36,6.83,573,0.2497,5,0,SELF_EMPLOYED,MASTERS,DIVORCED,PERSONAL,0
CUST-003244,22,?,4,41805.13,48,19.15,809,0.0715,0,0,SELF_EMPLOYED,PHD,SINGLE,BUSINESS,0
CUST-003245,25,156897.92,7,36898.40,60,6.36,737,0.6367,4,3,SALARIED,PHD,DIVORCED,AUTO,1
CUST-003246,47,69846.26,18,63668.75,36,8.60,481,0.3855,3,0,SALARIED,BACHELORS,MARRIED,BUSINESS,1
CUST-003247,34,173722.32,16,69399.20,48,16.78,324,0.1670,0,0,SELF_EMPLOYED,PHD,DIVORCED,PERSONAL,0
CUST-003248,70,100930.47,10,26248.63,12,20.55,416,0.3396,2,2,UNEMPLOYED,HIGH_SCHOOL,DIVORCED,AUTO,1
CUST-003249,45,118548.73,27,53214.82,48,21.10,592,0.1372,0,1,UNEMPLOYED,BACHELORS,SINGLE,AUTO,1
CUST-003250,41,79893.91,23,81537.79,24,12.78,499,0.0802,2,0,SALARIED,HIGH_SCHOOL,MARRIED,HOME,0
CUST-003251,27,114733.14,9,35997.40,24,15.91,743,0.2962,4,0,SALARIED,MASTERS,MARRIED,PERSONAL,0
CUST-003252,26,23594.57,1,86520.38,48,16.59,754,0.2076,2,0,SELF_EMPLOYED,HIGH_SCHOOL,MARRIED,BUSINESS,0
CUST-003253,30,177294.09,12,47127.63,60,7.95,707,0.4499,2,3,SELF_EMPLOYED,BACHELORS,SINGLE,HOME,0
CUST-003254,64,28055.67,16,40532.11,60,16.99,842,0.2032,3,0,SELF_EMPLOYED,MASTERS,SINGLE,BUSINESS,1
CUST-003255,66,160412.71,26,50322.88,60,23.21,652,0.3512,1,0,UNEMPLOYED,HIGH_SCHOOL,MARRIED,HOME,0
CUST-003256,49,128936.31,4,32735.40,36,21.30,515,0.3780,2,0,RETIRED,MASTERS,SINGLE,HOME,0
CUST-003257,25,141900.70,7,24939.18,24,15.83,519,0.2486,5,0,SELF_EMPLOYED,HIGH_SCHOOL,SINGLE,BUSINESS,1
CUST-003258,28,121574.26,10,65835.70,60,7.95,511,0.2342,1,0,SELF_EMPLOYED,BACHELORS,SINGLE,AUTO,0
CUST-003259,38,137165.65,0,31467.53,12,8.59,699,0.2198,3,0,RETIRED,PHD,MARRIED,HOME,0
CUST-003260,34,162710.12,7,37021.89,12,9.08,722,0.0692,5,0,SELF_EMPLOYED,HIGH_SCHOOL,MARRIED,BUSINESS,0
CUST-003261,25,22479.55,7,65299.72,48,19.05,462,0.3458,0,0,RETIRED,HIGH_SCHOOL,SINGLE,HOME,0
CUST-003262,47,97811.34,10,51416.94,48,15.64,716,0.4598,4,0,SELF_EMPLOYED,BACHELORS,DIVORCED,PERSONAL,0
CUST-003263,59,186086.72,30,87152.54,48,6.50,359,0.5739,6,0,SELF_EMPLOYED,BACHELORS,DIVORCED,EDUCATION,0
CUST-003264,23,48036.78,5,40593.30,48,20.99,841,0.3250,6,0,UNEMPLOYED,PHD,SINGLE,BUSINESS,1
CUST-003265,69,66084.27,34,57065.93,48,7.96,385,0.4556,0,1,SELF_EMPLOYED,PHD,DIVORCED,BUSINESS,1
CUST-003266,24,185467.13,6,55059.35,12,6.40,609,0.5141,4,1,SALARIED,HIGH_SCHOOL,DIVORCED,BUSINESS,1
CUST-003267,35,120292.30,17,85363.74,48,9.46,680,0.5262,3,0,SELF_EMPLOYED,HIGH_SCHOOL,DIVORCED,BUSINESS,1
CUST-003268,51,127280.24,19,82314.42,36,9.66,453,0.2024,1,0,RETIRED,MASTERS,DIVORCED,BUSINESS,0
CUST-003269,57,43852.76,23,77346.76,24,21.36,357,0.1252,1,0,SELF_EMPLOYED,MASTERS,DIVORCED,HOME,1
CUST-003270,59,84906.34,2,16574.95,60,7.08,471,0.1667,6,0,SALARIED,MASTERS,DIVORCED,BUSINESS,0
CUST-003271,61,106086.46,7,10205.77,36,6.53,446,0.1865,4,0,SALARIED,MASTERS,SINGLE,AUTO,0
CUST-003272,69,191220.24,13,55635.78,36,22.93,?,0.1470,3,0,RETIRED,MASTERS,MARRIED,AUTO,0
CUST-003273,36,88066.53,18,14807.99,36,7.19,371,0.6685,0,0,SELF_EMPLOYED,PHD,MARRIED,HOME,0
CUST-003274,41,183687.80,13,19578.58,36,18.05,435,0.4678,0,0,SELF_EMPLOYED,BACHELORS,SINGLE,AUTO,1
CUST-003275,32,47862.22,14,80332.26,60,23.55,541,0.3514,5,0,SELF_EMPLOYED,BACHELORS,DIVORCED,HOME,0
CUST-003276,40,23937.15,22,77671.19,12,13.28,357,0.2661,1,0,SELF_EMPLOYED,MASTERS,SINGLE,HOME,0
CUST-003277,35,131841.22,7,41490.39,12,15.96,796,0.3365,2,0,SELF_EMPLOYED,HIGH_SCHOOL,MARRIED,HOME,1
CUST-003278,44,155612.62,25,49727.95,24,22.92,408,0.2816,3,0,SELF_EMPLOYED,HIGH_SCHOOL,MARRIED,HOME,0
CUST-003279,67,119340.11,16,53677.06,12,22.51,416,0.2914,4,0,UNEMPLOYED,HIGH_SCHOOL,DIVORCED,EDUCATION,0
CUST-003280,63,99158.86,13,14795.42,24,20.72,609,0.6957,1,2,UNEMPLOYED,MASTERS,SINGLE,AUTO,1
CUST-003281,27,138856.63,9,84880.03,36,15.31,733,0.0922,3,0,SELF_EMPLOYED,HIGH_SCHOOL,MARRIED,EDUCATION,0
CUST-003282,35,69768.96,17,14581.22,12,23.04,772,0.4700,5,0,RETIRED,BACHELORS,MARRIED,EDUCATION,0
CUST-003283,24,168718.00,6,82117.92,12,17.21,389,0.6029,5,0,SELF_EMPLOYED,MASTERS,SINGLE,HOME,1
CUST-003284,67,?,33,32781.30,36,7.21,352,0.0769,6,1,SALARIED,BACHELORS,DIVORCED,PERSONAL,0
CUST-003285,52,196344.19,0,4019.29,36,18.61,654,0.3495,5,0,SALARIED,MASTERS,DIVORCED,PERSONAL,1
CUST-003286,70,101302.93,22,88587.69,60,8.96,520,0.6538,5,0,UNEMPLOYED,BACHELORS,SINGLE,EDUCATION,1
CUST-003287,51,156139.33,13,77131.91,24,9.96,686,0.1698,6,3,UNEMPLOYED,PHD,DIVORCED,PERSONAL,1
CUST-003288,52,167123.45,21,89356.51,12,12.50,595,0.6222,1,0,RETIRED,MASTERS,DIVORCED,AUTO,0
CUST-003289,48,190961.03,29,82655.16,36,19.76,620,0.6210,6,2,SALARIED,HIGH_SCHOOL,SINGLE,AUTO,1
CUST-003290,65,151869.91,12,86262.67,48,14.88,533,0.4799,1,0,SELF_EMPLOYED,MASTERS,DIVORCED,PERSONAL,1
CUST-003291,30,166423.22,12,9018.42,12,21.36,783,0.0564,5,0,SALARIED,BACHELORS,MARRIED,PERSONAL,0
CUST-003292,68,104309.91,14,18680.68,36,20.73,417,0.3367,3,0,UNEMPLOYED,MASTERS,DIVORCED,PERSONAL,1
CUST-003293,61,105635.95,20,85268.48,24,10.45,519,0.5847,2,0,UNEMPLOYED,MASTERS,DIVORCED,HOME,0
CUST-003294,33,87390.10,15,32181.98,12,18.03,568,0.2463,4,2,RETIRED,PHD,DIVORCED,BUSINESS,1
CUST-003295,27,141052.61,5,48918.83,12,12.50,356,0.0723,6,0,RETIRED,BACHELORS,SINGLE,HOME,0
CUST-003296,27,111058.60,9,10765.43,60,14.22,820,0.4501,5,0,UNEMPLOYED,BACHELORS,DIVORCED,HOME,0
CUST-003297,40,195997.24,9,73018.96,60,16.31,737,0.5699,2,0,SELF_EMPLOYED,BACHELORS,MARRIED,AUTO,0
CUST-003298,66,102035.39,6,87626.46,60,8.70,766,0.1176,1,0,RETIRED,MASTERS,DIVORCED,PERSONAL,0
CUST-003299,44,46915.26,24,65644.22,36,5.30,655,0.4699,0,0,SELF_EMPLOYED,PHD,SINGLE,HOME,1
CUST-003300,50,104176.13,29,30694.18,60,5.06,316,0.4324,6,0,SALARIED,PHD,MARRIED,PERSONAL,0
CUST-003301,58,184475.21,17,24831.49,48,13.67,588,0.6031,2,0,SELF_EMPLOYED,HIGH_SCHOOL,SINGLE,HOME,0
CUST-003302,31,70741.89,13,30984.07,48,15.78,687,0.4443,6,2,RETIRED,PHD,SINGLE,EDUCATION,1
CUST-003303,26,63831.82,8,45542.33,12,5.85,317,0.2588,1,0,RETIRED,BACHELORS,MARRIED,PERSONAL,1
CUST-003304,34,55785.24,8,82281.26,36,9.70,461,0.2227,5,0,SELF_EMPLOYED,MASTERS,MARRIED,AUTO,1
CUST-003305,27,75433.02,0,54610.19,12,8.75,842,0.1236,4,0,SALARIED,BACHELORS,DIVORCED,EDUCATION,0
CUST-003306,34,198526.55,16,34828.82,24,10.32,746,0.3303,4,0,UNEMPLOYED,MASTERS,MARRIED,PERSONAL,1
CUST-003307,63,128513.48,11,69194.41,60,11.05,466,0.4571,3,3,RETIRED,BACHELORS,DIVORCED,PERSONAL,1
CUST-003308,38,103421.66,20,69331.73,36,11.74,449,0.3248,6,0,SELF_EMPLOYED,MASTERS,MARRIED,BUSINESS,1
CUST-003309,32,166450.39,14,37608.53,12,8.85,789,0.5595,2,0,SALARIED,PHD,SINGLE,AUTO,0
CUST-003310,60,38171.44,7,88558.24,60,5.16,473,0.2790,1,0,UNEMPLOYED,HIGH_SCHOOL,MARRIED,EDUCATION,1
CUST-003311,45,68371.03,1,23688.12,48,16.77,524,0.4184,0,0,SALARIED,MASTERS,DIVORCED,HOME,0
CUST-003312,62,131011.51,32,52698.02,48,20.39,453,0.2650,4,0,UNEMPLOYED,BACHELORS,DIVORCED,PERSONAL,1
CUST-003313,51,172536.14,27,48480.78,36,14.17,406,0.1236,2,0,SELF_EMPLOYED,MASTERS,MARRIED,EDUCATION,0
CUST-003314,35,99271.27,17,71816.53,36,8.52,840,0.4891,3,0,UNEMPLOYED,MASTERS,SINGLE,AUTO,1
CUST-003315,55,45190.72,31,37474.65,60,11.50,461,0.6487,3,0,RETIRED,MASTERS,DIVORCED,EDUCATION,1
CUST-003316,26,53742.39,8,15873.17,48,20.03,843,0.4478,2,1,RETIRED,PHD,MARRIED,AUTO,0
CUST-003317,46,97951.13,4,68163.55,12,14.49,431,0.6805,3,0,SALARIED,MASTERS,SINGLE,PERSONAL,1
CUST-003318,44,94872.57,17,9181.91,36,18.78,452,0.1831,3,0,UNEMPLOYED,PHD,SINGLE,BUSINESS,1
CUST-003319,38,191504.00,?,80906.00,36,14.34,793,0.0535,5,0,RETIRED,HIGH_SCHOOL,MARRIED,PERSONAL,0
CUST-003320,22,133444.50,?,35327.48,48,9.19,695,0.5455,1,0,SELF_EMPLOYED,PHD,DIVORCED,BUSINESS,0
CUST-003321,59,134173.66,17,29990.33,60,14.23,363,0.4898,3,0,SELF_EMPLOYED,PHD,DIVORCED,PERSONAL,1
CUST-003322,54,81341.76,34,71464.24,24,14.36,317,0.0718,4,0,UNEMPLOYED,BACHELORS,SINGLE,HOME,0
CUST-003323,37,62719.05,11,77350.85,48,13.04,742,0.5076,0,0,SALARIED,PHD,SINGLE,HOME,0
CUST-003324,29,36779.48,11,36609.47,36,15.03,570,0.6925,3,0,UNEMPLOYED,MASTERS,SINGLE,HOME,1
CUST-003325,67,149267.62,12,12548.12,60,20.90,376,0.5802,5,0,SALARIED,HIGH_SCHOOL,SINGLE,PERSONAL,1
CUST-003326,34,49195.56,0,37352.03,12,14.92,612,0.0970,3,0,SELF_EMPLOYED,PHD,SINGLE,HOME,1
CUST-003327,57,137929.62,26,81699.72,12,19.60,514,0.1502,4,0,UNEMPLOYED,PHD,DIVORCED,BUSINESS,1
CUST-003328,38,186303.38,4,38316.63,24,5.59,576,0.5108,6,0,UNEMPLOYED,BACHELORS,MARRIED,EDUCATION,1
CUST-003329,58,75538.66,19,23925.27,60,15.17,713,0.3765,2,0,UNEMPLOYED,PHD,SINGLE,EDUCATION,1
CUST-003330,51,133845.06,18,9706.13,24,24.13,442,0.1935,4,0,SALARIED,BACHELORS,SINGLE,PERSONAL,0
CUST-003331,49,90361.68,26,59223.44,36,24.41,517,0.4240,5,3,UNEMPLOYED,MASTERS,MARRIED,BUSINESS,1
CUST-003332,31,73501.52,9,25300.92,24,12.04,827,0.4833,4,0,SELF_EMPLOYED,MASTERS,DIVORCED,EDUCATION,0
CUST-003333,38,144426.48,2,22703.64,12,6.40,393,0.5525,1,0,UNEMPLOYED,PHD,DIVORCED,PERSONAL,1
CUST-003334,33,139821.48,15,53463.88,24,20.13,747,0.2235,1,0,UNEMPLOYED,PHD,SINGLE,HOME,1
CUST-003335,37,148279.58,13,64047.03,36,16.66,784,0.2822,6,0,RETIRED,HIGH_SCHOOL,DIVORCED,PERSONAL,1
CUST-003336,55,187592.99,8,20080.16,48,18.01,597,0.4211,2,0,SELF_EMPLOYED,MASTERS,MARRIED,EDUCATION,1
CUST-003337,27,101065.40,9,45338.57,12,18.15,738,0.6798,3,0,UNEMPLOYED,MASTERS,MARRIED,BUSINESS,0
CUST-003338,38,164731.54,0,23293.63,12,5.78,302,0.2034,3,0,SELF_EMPLOYED,HIGH_SCHOOL,MARRIED,BUSINESS,0
CUST-003339,27,89659.97,9,45932.94,12,23.00,313,0.1212,6,0,SALARIED,MASTERS,MARRIED,BUSINESS,1
CUST-003340,65,70636.28,14,80988.76,12,24.69,676,0.2503,5,2,UNEMPLOYED,BACHELORS,MARRIED,PERSONAL,0
CUST-003341,24,95942.51,0,83576.77,60,10.84,383,0.6034,3,0,SALARIED,HIGH_SCHOOL,DIVORCED,EDUCATION,0
CUST-003342,23,135425.80,4,66859.31,36,17.15,532,0.6236,3,0,UNEMPLOYED,MASTERS,DIVORCED,PERSONAL,0
CUST-003343,39,62784.18,16,15527.95,12,16.92,597,0.3931,0,1,UNEMPLOYED,BACHELORS,MARRIED,EDUCATION,1
CUST-003344,47,138196.41,5,31421.08,24,5.92,583,0.6123,3,0,SELF_EMPLOYED,PHD,SINGLE,PERSONAL,1
CUST-003345,42,101156.12,4,80275.50,60,13.18,523,0.2392,1,0,RETIRED,PHD,DIVORCED,AUTO,0
CUST-003346,32,107389.39,10,24392.95,24,15.53,529,0.3767,1,2,SALARIED,HIGH_SCHOOL,SINGLE,HOME,1
CUST-003347,29,168416.96,11,19646.23,48,12.02,328,0.3456,3,0,RETIRED,MASTERS,MARRIED,AUTO,0
CUST-003348,47,79690.52,22,85531.83,12,6.28,551,0.0755,6,0,RETIRED,PHD,MARRIED,BUSINESS,0
CUST-003349,24,60541.51,6,53333.32,48,7.32,590,0.4333,1,0,UNEMPLOYED,MASTERS,SINGLE,HOME,0
CUST-003350,62,159683.97,3,61099.36,60,6.99,352,0.3496,2,0,SALARIED,PHD,SINGLE,HOME,1
CUST-003351,55,191839.35,21,38219.48,60,21.01,719,0.5884,0,0,UNEMPLOYED,BACHELORS,SINGLE,EDUCATION,1
CUST-003352,40,165930.84,22,13193.42,60,24.36,433,0.6122,5,0,SALARIED,MASTERS,DIVORCED,HOME,1
CUST-003353,39,154492.87,21,10311.58,12,13.66,620,0.0962,6,0,SALARIED,MASTERS,SINGLE,HOME,0
CUST-003354,60,189513.73,1,28715.06,24,10.04,611,0.5876,1,0,UNEMPLOYED,MASTERS,SINGLE,AUTO,1
CUST-003355,54,80344.89,21,33259.22,12,12.70,612,0.4116,1,0,UNEMPLOYED,BACHELORS,DIVORCED,HOME,0
CUST-003356,36,161978.30,16,66122.59,24,17.70,532,0.0913,3,0,SALARIED,HIGH_SCHOOL,SINGLE,AUTO,0
CUST-003357,59,196201.72,33,35406.77,60,13.63,347,0.1688,5,0,SALARIED,MASTERS,DIVORCED,PERSONAL,0
CUST-003358,41,137201.79,4,3161.46,48,17.95,778,0.0856,4,0,SELF_EMPLOYED,PHD,DIVORCED,PERSONAL,0
CUST-003359,32,46603.52,14,15791.07,60,24.09,582,0.6635,6,0,SALARIED,BACHELORS,MARRIED,HOME,0
CUST-003360,41,71999.15,23,68327.27,48,6.30,642,0.5054,0,0,RETIRED,MASTERS,SINGLE,PERSONAL,0
CUST-003361,63,83323.04,16,18093.87,12,14.45,687,0.6654,6,0,SELF_EMPLOYED,HIGH_SCHOOL,SINGLE,HOME,1
CUST-003362,27,67846.75,9,85140.68,60,10.66,302,0.2101,3,2,SELF_EMPLOYED,BACHELORS,DIVORCED,AUTO,1
CUST-003363,28,125383.07,10,35543.45,60,8.43,544,0.6342,0,0,SALARIED,HIGH_SCHOOL,MARRIED,HOME,0
CUST-003364,45,88408.16,14,45202.40,36,21.36,566,0.2271,5,0,RETIRED,BACHELORS,MARRIED,HOME,0
CUST-003365,43,195283.94,10,32759.18,60,24.34,654,0.5904,1,0,RETIRED,HIGH_SCHOOL,MARRIED,HOME,0
CUST-003366,36,?,13,20555.27,48,14.69,689,0.5819,1,0,SELF_EMPLOYED,PHD,SINGLE,AUTO,0
CUST-003367,63,163902.77,7,79854.11,12,12.80,556,0.4543,0,0,UNEMPLOYED,MASTERS,SINGLE,AUTO,1
CUST-003368,64,106011.88,14,24906.14,24,20.11,651,0.4859,2,0,RETIRED,BACHELORS,DIVORCED,BUSINESS,1
CUST-003369,24,112909.95,6,84279.13,12,7.60,386,0.2385,3,0,SALARIED,BACHELORS,MARRIED,PERSONAL,0
CUST-003370,28,168944.14,10,32895.99,12,5.54,468,0.0981,5,0,SALARIED,BACHELORS,SINGLE,EDUCATION,0
CUST-003371,35,75017.09,17,83257.86,24,15.34,679,0.2848,2,2,RETIRED,BACHELORS,SINGLE,BUSINESS,1
CUST-003372,62,98662.96,23,34984.66,60,15.16,623,0.3822,2,0,UNEMPLOYED,PHD,MARRIED,PERSONAL,1
CUST-003373,38,99210.73,20,24717.33,60,8.38,454,0.6738,0,0,SALARIED,HIGH_SCHOOL,SINGLE,AUTO,1
CUST-003374,65,90649.32,?,33521.71,36,12.71,606,0.4784,4,0,SELF_EMPLOYED,BACHELORS,SINGLE,HOME,0
CUST-003375,42,128674.65,10,66955.43,36,12.64,614,0.1508,1,0,SALARIED,HIGH_SCHOOL,MARRIED,HOME,0
CUST-003376,60,130486.24,31,3021.64,12,16.82,553,0.5837,6,0,RETIRED,BACHELORS,DIVORCED,AUTO,1
CUST-003377,68,107024.38,4,84958.92,12,7.96,699,0.0747,1,0,UNEMPLOYED,HIGH_SCHOOL,SINGLE,BUSINESS,1
CUST-003378,28,160527.20,8,33387.51,24,12.80,332,0.4868,1,0,RETIRED,MASTERS,SINGLE,BUSINESS,0
CUST-003379,40,63117.50,19,43092.12,12,9.73,615,0.4745,2,0,UNEMPLOYED,HIGH_SCHOOL,DIVORCED,BUSINESS,1
CUST-003380,40,159775.98,5,56300.86,48,11.63,600,0.6312,0,0,SELF_EMPLOYED,PHD,MARRIED,BUSINESS,1
CUST-003381,52,40381.66,11,72202.15,48,5.30,842,0.2073,0,0,RETIRED,PHD,MARRIED,EDUCATION,1
CUST-003382,57,42208.23,0,55522.19,48,9.67,428,0.2718,4,1,UNEMPLOYED,PHD,DIVORCED,HOME,1
CUST-003383,43,194512.77,23,41008.12,24,21.05,618,0.0650,6,0,UNEMPLOYED,PHD,DIVORCED,PERSONAL,1
CUST-003384,23,86847.46,5,80370.09,48,11.66,546,0.3226,5,0,RETIRED,MASTERS,SINGLE,EDUCATION,0
CUST-003385,28,166919.78,10,31290.54,60,23.91,521,0.3409,5,0,RETIRED,PHD,SINGLE,BUSINESS,0
CUST-003386,67,155379.56,20,84144.22,48,16.71,665,0.1374,0,0,SALARIED,MASTERS,MARRIED,PERSONAL,0
CUST-003387,21,122580.68,3,23184.65,36,8.17,586,0.6178,6,0,UNEMPLOYED,HIGH_SCHOOL,MARRIED,BUSINESS,1
CUST-003388,28,103790.37,10,33575.52,48,8.52,553,0.1445,5,0,SELF_EMPLOYED,MASTERS,DIVORCED,PERSONAL,1
CUST-003389,55,?,17,14429.62,24,19.69,759,0.6676,6,0,RETIRED,MASTERS,DIVORCED,BUSINESS,1
CUST-003390,59,188712.49,19,61259.98,48,18.91,759,0.1066,1,0,RETIRED,MASTERS,DIVORCED,HOME,0
CUST-003391,32,81441.70,14,72844.36,36,11.11,758,0.1723,1,0,RETIRED,PHD,DIVORCED,EDUCATION,0
CUST-003392,22,136673.85,4,63030.28,60,8.06,362,0.3142,0,0,UNEMPLOYED,BACHELORS,SINGLE,EDUCATION,1
CUST-003393,46,159552.78,22,13948.41,12,14.66,785,0.6905,3,0,SELF_EMPLOYED,BACHELORS,SINGLE,HOME,0
CUST-003394,61,25958.47,13,45281.78,12,15.97,563,0.5226,1,0,UNEMPLOYED,MASTERS,SINGLE,AUTO,1
CUST-003395,38,113460.26,1,26980.90,12,23.20,590,0.3649,4,1,SELF_EMPLOYED,PHD,SINGLE,BUSINESS,0
CUST-003396,43,162431.44,13,33879.91,24,21.59,820,0.0636,0,0,SALARIED,MASTERS,SINGLE,AUTO,0
CUST-003397,33,129157.93,2,30641.60,36,17.27,801,0.5159,4,0,RETIRED,BACHELORS,MARRIED,PERSONAL,0
CUST-003398,65,53039.66,30,20115.57,36,11.88,662,0.3141,2,0,RETIRED,PHD,MARRIED,EDUCATION,0
CUST-003399,22,?,4,10730.61,24,7.34,369,0.5722,0,1,SELF_EMPLOYED,MASTERS,MARRIED,BUSINESS,1
CUST-003400,24,130891.31,6,52368.09,48,8.11,537,0.4149,0,0,UNEMPLOYED,BACHELORS,DIVORCED,HOME,1
CUST-003401,48,28492.79,5,7818.68,48,5.89,760,0.6100,1,2,SELF_EMPLOYED,MASTERS,DIVORCED,BUSINESS,1
CUST-003402,23,114490.77,5,64518.91,12,14.78,644,0.6136,6,0,UNEMPLOYED,HIGH_SCHOOL,SINGLE,AUTO,0
CUST-003403,48,106762.99,17,44129.24,24,16.99,701,0.6297,4,0,RETIRED,PHD,MARRIED,PERSONAL,1
CUST-003404,55,159753.77,14,4395.61,36,24.66,435,0.5460,6,0,SELF_EMPLOYED,BACHELORS,SINGLE,AUTO,1
CUST-003405,41,153951.98,12,57182.03,60,6.98,493,0.3218,4,0,SELF_EMPLOYED,PHD,SINGLE,AUTO,0
CUST-003406,32,24023.32,5,36314.44,48,22.87,737,0.3610,0,0,RETIRED,MASTERS,DIVORCED,BUSINESS,1
CUST-003407,39,55434.58,13,83341.38,60,5.53,781,0.1302,4,0,UNEMPLOYED,MASTERS,DIVORCED,AUTO,0
CUST-003408,65,18023.07,11,26659.45,24,11.57,498,0.5269,0,0,RETIRED,PHD,MARRIED,PERSONAL,0
CUST-003409,32,107225.47,11,22294.53,24,19.37,780,0.6944,2,0,UNEMPLOYED,MASTERS,DIVORCED,PERSONAL,0
CUST-003410,53,153465.24,27,8760.09,36,19.27,798,0.5788,3,0,SELF_EMPLOYED,HIGH_SCHOOL,SINGLE,HOME,0
CUST-003411,43,34840.29,0,21421.70,24,15.51,420,0.1294,0,0,RETIRED,PHD,DIVORCED,BUSINESS,1
CUST-003412,44,150376.23,?,66201.85,48,14.26,697,0.4990,4,0,RETIRED,MASTERS,SINGLE,EDUCATION,0
CUST-003413,25,75055.37,7,63236.26,36,6.33,490,0.6309,2,0,SALARIED,MASTERS,MARRIED,PERSONAL,0
CUST-003414,25,143244.77,7,87594.81,12,11.92,514,0.2405,1,0,UNEMPLOYED,PHD,SINGLE,AUTO,1
CUST-003415,69,26780.96,18,44469.26,60,22.41,674,0.0796,6,0,RETIRED,HIGH_SCHOOL,DIVORCED,PERSONAL,0
CUST-003416,45,116169.06,10,57850.31,48,11.47,783,0.4350,4,0,RETIRED,BACHELORS,DIVORCED,EDUCATION,1
CUST-003417,46,157326.69,8,34317.40,60,7.02,477,0.6018,0,0,RETIRED,MASTERS,MARRIED,AUTO,1
CUST-003418,49,120819.25,14,3122.82,12,7.64,819,0.2191,4,0,SALARIED,BACHELORS,DIVORCED,EDUCATION,0
CUST-003419,66,158588.71,13,59982.67,60,7.27,464,0.2974,4,0,RETIRED,BACHELORS,SINGLE,HOME,0
CUST-003420,45,134369.78,24,50186.29,12,14.63,548,0.2023,6,0,SALARIED,BACHELORS,MARRIED,EDUCATION,0
CUST-003421,64,129840.07,28,5091.40,48,5.99,848,0.1282,6,0,UNEMPLOYED,BACHELORS,MARRIED,HOME,0
CUST-003422,30,76755.76,?,52169.99,24,6.83,538,0.3525,0,0,SALARIED,PHD,SINGLE,EDUCATION,1
CUST-003423,59,157823.37,4,6916.08,48,12.96,849,0.2402,3,1,SALARIED,MASTERS,DIVORCED,BUSINESS,0
CUST-003424,56,22517.55,34,20544.73,12,18.98,663,0.5285,1,0,UNEMPLOYED,BACHELORS,MARRIED,BUSINESS,1
CUST-003425,31,48228.54,13,42035.34,36,20.45,432,0.0901,1,1,RETIRED,MASTERS,MARRIED,AUTO,1
CUST-003426,31,21899.07,4,3119.69,12,10.32,811,0.1154,0,0,RETIRED,MASTERS,SINGLE,AUTO,0
CUST-003427,58,181894.42,30,78749.18,48,7.37,721,0.6658,4,0,RETIRED,MASTERS,DIVORCED,HOME,0
CUST-003428,65,67881.47,21,26641.84,36,14.66,305,0.2229,3,0,RETIRED,PHD,MARRIED,EDUCATION,0
CUST-003429,25,67062.30,7,39220.77,60,20.58,649,0.4186,2,0,RETIRED,PHD,DIVORCED,PERSONAL,0
CUST-003430,49,27694.29,28,10168.81,48,16.36,693,0.2872,0,0,UNEMPLOYED,BACHELORS,MARRIED,HOME,0
CUST-003431,43,155271.52,23,45516.11,12,7.18,464,0.6786,5,0,SALARIED,HIGH_SCHOOL,MARRIED,BUSINESS,0
CUST-003432,45,54854.41,23,49020.00,36,5.14,338,0.2929,6,0,SELF_EMPLOYED,BACHELORS,MARRIED,PERSONAL,0
CUST-003433,32,?,1,38809.77,36,15.96,450,0.2674,5,0,RETIRED,BACHELORS,SINGLE,EDUCATION,0
CUST-003434,30,124394.53,6,69620.58,60,13.51,716,0.0622,0,0,SALARIED,MASTERS,DIVORCED,EDUCATION,0
CUST-003435,42,20297.64,24,57018.35,24,12.60,323,0.4908,5,0,SELF_EMPLOYED,PHD,DIVORCED,PERSONAL,1
CUST-003436,66,38102.93,26,44741.15,12,24.77,805,0.2398,0,0,SELF_EMPLOYED,HIGH_SCHOOL,MARRIED,HOME,0
CUST-003437,24,135964.76,1,28530.72,48,17.46,698,0.2697,4,0,SALARIED,PHD,MARRIED,BUSINESS,0
CUST-003438,35,96976.70,17,39437.04,24,22.51,586,0.0628,4,0,RETIRED,BACHELORS,DIVORCED,PERSONAL,0
CUST-003439,64,193320.24,19,5456.20,48,13.10,569,0.0555,4,0,RETIRED,PHD,SINGLE,BUSINESS,0
CUST-003440,58,153301.81,34,84023.19,36,9.76,551,0.6212,6,0,UNEMPLOYED,MASTERS,DIVORCED,HOME,1
CUST-003441,55,196633.28,15,42539.79,12,16.86,789,0.1242,2,0,SELF_EMPLOYED,BACHELORS,SINGLE,BUSINESS,0
CUST-003442,44,161311.85,5,19927.27,48,6.08,833,0.4007,6,0,SELF_EMPLOYED,BACHELORS,DIVORCED,AUTO,0
CUST-003443,55,61921.24,16,36607.43,24,17.17,588,0.5677,3,0,SELF_EMPLOYED,MASTERS,SINGLE,BUSINESS,1
CUST-003444,63,174003.25,17,46906.46,48,19.81,390,0.3128,2,2,RETIRED,HIGH_SCHOOL,MARRIED,EDUCATION,1
CUST-003445,22,82740.99,4,37212.81,36,9.51,444,0.3272,0,0,UNEMPLOYED,HIGH_SCHOOL,SINGLE,BUSINESS,0
CUST-003446,24,83820.29,6,25889.85,12,22.23,845,0.3860,0,0,UNEMPLOYED,MASTERS,MARRIED,BUSINESS,0
CUST-003447,21,192055.31,3,21814.04,60,6.90,639,0.2247,6,3,UNEMPLOYED,MASTERS,SINGLE,PERSONAL,1
CUST-003448,36,61067.65,0,31496.61,48,20.80,733,0.4846,6,0,RETIRED,PHD,MARRIED,PERSONAL,1
CUST-003449,64,60816.85,?,52475.26,12,23.92,560,0.2264,3,0,UNEMPLOYED,BACHELORS,MARRIED,HOME,1
CUST-003450,69,124389.59,30,76024.95,24,10.96,736,0.4526,2,0,SELF_EMPLOYED,BACHELORS,SINGLE,PERSONAL,0
CUST-003451,33,84596.79,6,5819.41,60,16.67,692,0.5078,5,0,RETIRED,HIGH_SCHOOL,MARRIED,EDUCATION,0
CUST-003452,52,38689.86,9,58574.21,36,11.31,363,0.3287,4,0,RETIRED,BACHELORS,SINGLE,AUTO,1
CUST-003453,60,43800.54,15,85669.43,24,11.98,733,0.6789,4,0,RETIRED,PHD,MARRIED,HOME,0
CUST-003454,46,182288.20,28,37802.48,48,10.27,784,0.4558,6,0,SELF_EMPLOYED,HIGH_SCHOOL,MARRIED,HOME,1
CUST-003455,47,186696.60,27,60615.38,24,12.08,476,0.4102,6,0,UNEMPLOYED,HIGH_SCHOOL,SINGLE,AUTO,0
CUST-003456,32,195456.84,9,12042.55,60,24.62,576,0.0740,2,0,SALARIED,PHD,MARRIED,PERSONAL,0
CUST-003457,43,154699.11,16,71802.83,60,19.45,340,0.6132,4,0,RETIRED,BACHELORS,MARRIED,HOME,1
CUST-003458,62,36766.38,28,52389.12,12,19.87,407,0.6366,2,0,RETIRED,BACHELORS,MARRIED,EDUCATION,1
CUST-003459,37,64882.71,19,14883.00,24,16.12,706,0.0522,3,0,UNEMPLOYED,HIGH_SCHOOL,DIVORCED,HOME,0
CUST-003460,31,159293.19,8,83170.78,12,18.08,598,0.4795,3,3,UNEMPLOYED,HIGH_SCHOOL,MARRIED,PERSONAL,1
CUST-003461,44,132465.18,8,59849.90,48,24.34,839,0.3292,5,2,SALARIED,HIGH_SCHOOL,SINGLE,HOME,1
CUST-003462,43,80858.64,14,38469.68,36,7.46,354,0.6261,1,0,SELF_EMPLOYED,PHD,MARRIED,HOME,1
CUST-003463,42,36725.12,9,16801.94,12,8.65,836,0.2538,5,0,SALARIED,MASTERS,MARRIED,PERSONAL,1
CUST-003464,62,71415.07,15,55755.87,60,12.72,500,0.6367,6,0,SALARIED,PHD,SINGLE,BUSINESS,0
CUST-003465,66,149649.99,29,27595.82,24,10.62,353,0.4529,6,1,UNEMPLOYED,BACHELORS,MARRIED,HOME,1
CUST-003466,66,125482.86,34,44937.02,48,8.36,661,0.6901,0,0,UNEMPLOYED,HIGH_SCHOOL,DIVORCED,PERSONAL,0
CUST-003467,52,109274.09,16,18523.45,48,16.70,418,0.5408,5,3,RETIRED,BACHELORS,MARRIED,HOME,1
CUST-003468,36,45263.62,18,82325.82,36,11.07,320,0.5056,4,0,SALARIED,HIGH_SCHOOL,MARRIED,AUTO,0
CUST-003469,61,171662.49,28,73144.89,48,12.62,658,0.2613,1,2,SALARIED,BACHELORS,SINGLE,EDUCATION,1
CUST-003470,54,167507.10,13,39403.33,24,6.37,770,0.5856,5,0,RETIRED,MASTERS,MARRIED,EDUCATION,1
CUST-003471,22,178191.09,4,75070.19,48,16.55,541,0.3689,4,3,RETIRED,HIGH_SCHOOL,SINGLE,PERSONAL,1
CUST-003472,33,62835.23,15,19665.98,24,12.83,811,0.6953,6,0,UNEMPLOYED,PHD,SINGLE,BUSINESS,1
CUST-003473,34,156733.31,3,41736.78,48,24.70,579,0.6826,6,3,SELF_EMPLOYED,PHD,MARRIED,BUSINESS,1
CUST-003474,35,32965.80,?,66451.58,36,21.17,473,0.5275,6,2,RETIRED,HIGH_SCHOOL,MARRIED,PERSONAL,1
CUST-003475,59,93507.80,1,30000.03,12,16.67,592,0.5259,6,0,SELF_EMPLOYED,HIGH_SCHOOL,DIVORCED,AUTO,0
CUST-003476,47,85111.03,29,29013.67,12,6.49,595,0.6669,1,0,UNEMPLOYED,HIGH_SCHOOL,MARRIED,BUSINESS,0
CUST-003477,33,35665.53,15,87745.55,12,8.68,460,0.5822,5,0,RETIRED,BACHELORS,SINGLE,EDUCATION,0
CUST-003478,36,151842.92,7,29519.56,24,6.38,646,0.6002,4,3,SELF_EMPLOYED,BACHELORS,DIVORCED,PERSONAL,1
CUST-003479,42,?,22,29765.12,12,17.82,532,0.0615,4,0,SALARIED,MASTERS,SINGLE,HOME,1
CUST-003480,52,104827.81,3,48506.23,12,7.75,721,0.0893,5,0,RETIRED,BACHELORS,MARRIED,BUSINESS,0
CUST-003481,26,97355.00,8,16708.33,60,23.22,718,0.3717,0,0,SELF_EMPLOYED,BACHELORS,SINGLE,BUSINESS,0
CUST-003482,27,101466.50,9,35776.62,36,20.43,541,0.0881,1,0,SALARIED,MASTERS,DIVORCED,AUTO,0
CUST-003483,60,197990.08,18,65183.10,12,19.29,331,0.0888,0,0,SELF_EMPLOYED,PHD,SINGLE,AUTO,0
CUST-003484,65,94356.77,10,50206.70,60,14.23,820,0.0918,5,0,SELF_EMPLOYED,PHD,SINGLE,AUTO,0
CUST-003485,40,109859.80,5,48803.70,48,6.29,652,0.0970,3,0,RETIRED,BACHELORS,DIVORCED,EDUCATION,0
CUST-003486,56,133312.79,11,6833.41,12,24.16,830,0.6470,5,3,SALARIED,HIGH_SCHOOL,SINGLE,BUSINESS,1
CUST-003487,62,71447.62,32,41579.58,36,6.64,642,0.3146,2,0,RETIRED,MASTERS,SINGLE,HOME,0
CUST-003488,70,39425.79,27,36499.00,12,24.55,440,0.3835,2,0,SELF_EMPLOYED,MASTERS,MARRIED,AUTO,1
CUST-003489,38,115063.19,20,47123.67,60,7.74,402,0.5345,4,0,SELF_EMPLOYED,HIGH_SCHOOL,SINGLE,BUSINESS,1
CUST-003490,34,21237.04,10,76079.22,60,5.44,631,0.0567,1,0,SALARIED,HIGH_SCHOOL,SINGLE,EDUCATION,0
CUST-003491,63,179109.67,32,33389.22,24,23.44,809,0.4874,6,0,SALARIED,MASTERS,MARRIED,EDUCATION,0
CUST-003492,68,97588.92,21,5357.62,12,12.10,330,0.5625,3,0,SELF_EMPLOYED,MASTERS,SINGLE,PERSONAL,1
CUST-003493,42,62405.22,24,30463.74,60,15.79,484,0.2125,2,0,SALARIED,PHD,MARRIED,PERSONAL,0
CUST-003494,48,143787.54,29,3393.47,24,22.32,451,0.3806,0,0,RETIRED,BACHELORS,MARRIED,EDUCATION,0
CUST-003495,65,164609.87,21,15642.99,12,22.16,772,0.4050,2,0,SELF_EMPLOYED,MASTERS,MARRIED,HOME,0
CUST-003496,69,133288.20,13,60116.92,12,9.82,426,0.5890,0,0,SELF_EMPLOYED,PHD,MARRIED,EDUCATION,0
CUST-003497,26,139488.95,8,25001.33,48,20.53,803,0.4516,0,0,SALARIED,PHD,MARRIED,PERSONAL,0
CUST-003498,46,112203.69,12,6263.58,12,14.29,322,0.3042,2,3,RETIRED,MASTERS,SINGLE,HOME,0
CUST-003499,51,175103.81,3,59395.29,48,19.54,301,0.4402,3,0,RETIRED,MASTERS,MARRIED,AUTO,1
CUST-003500,62,76262.34,15,58944.81,12,9.14,833,0.0866,3,0,SALARIED,BACHELORS,MARRIED,HOME,0
CUST-003501,65,46397.97,19,55541.99,60,14.98,649,0.2689,1,0,UNEMPLOYED,HIGH_SCHOOL,MARRIED,PERSONAL,0
CUST-003502,69,24303.24,15,9640.26,24,5.06,654,0.4746,3,0,SELF_EMPLOYED,HIGH_SCHOOL,MARRIED,BUSINESS,0
CUST-003503,57,78924.58,32,13217.48,24,10.58,652,0.5893,0,0,RETIRED,HIGH_SCHOOL,DIVORCED,PERSONAL,1
CUST-003504,32,71956.89,14,26885.63,12,8.43,437,0.5266,6,0,SALARIED,HIGH_SCHOOL,MARRIED,EDUCATION,0
CUST-003505,65,126586.13,25,84049.78,24,11.55,666,0.3135,5,0,SALARIED,HIGH_SCHOOL,DIVORCED,PERSONAL,0
CUST-003506,30,159468.52,8,14878.10,12,14.15,848,0.1150,5,0,RETIRED,HIGH_SCHOOL,DIVORCED,AUTO,0
CUST-003507,32,60481.63,2,43585.54,24,23.28,705,0.6971,0,0,UNEMPLOYED,PHD,DIVORCED,EDUCATION,1
CUST-003508,41,53011.02,0,21091.32,60,20.31,339,0.6183,0,3,UNEMPLOYED,BACHELORS,SINGLE,HOME,1
CUST-003509,36,105807.33,12,33770.70,60,16.88,682,0.2286,4,0,RETIRED,BACHELORS,SINGLE,AUTO,0
CUST-003510,69,55026.17,5,49114.28,24,17.12,400,0.3558,2,0,UNEMPLOYED,PHD,DIVORCED,EDUCATION,1
CUST-003511,41,73508.12,18,20461.15,36,7.86,548,0.5872,4,0,SALARIED,HIGH_SCHOOL,SINGLE,PERSONAL,1
CUST-003512,27,29476.05,9,19413.10,12,8.66,328,0.3658,5,0,RETIRED,MASTERS,SINGLE,EDUCATION,0
CUST-003513,31,30979.00,13,40348.17,48,6.09,785,0.1232,0,0,SALARIED,PHD,DIVORCED,HOME,0
CUST-003514,41,193624.86,23,40586.02,36,16.85,?,0.0799,2,0,SALARIED,PHD,DIVORCED,PERSONAL,0
CUST-003515,48,172015.38,21,80456.42,36,11.30,501,0.1601,4,0,UNEMPLOYED,BACHELORS,DIVORCED,BUSINESS,0
CUST-003516,67,111664.36,13,75475.50,12,12.13,843,0.4250,4,0,SELF_EMPLOYED,BACHELORS,SINGLE,HOME,0
CUST-003517,59,147439.33,28,60285.46,48,22.46,629,0.2629,4,0,SELF_EMPLOYED,HIGH_SCHOOL,DIVORCED,HOME,1
CUST-003518,30,154082.63,9,13974.84,24,9.19,539,0.6254,0,0,SALARIED,HIGH_SCHOOL,SINGLE,AUTO,0
CUST-003519,47,165985.63,17,4740.48,24,21.83,826,0.1064,0,0,SALARIED,MASTERS,MARRIED,AUTO,0
CUST-003520,65,127631.01,34,60919.45,24,23.96,358,0.1325,1,2,SALARIED,PHD,SINGLE,BUSINESS,0
CUST-003521,22,70664.55,4,13620.90,12,20.92,622,0.6931,0,0,UNEMPLOYED,MASTERS,SINGLE,AUTO,1
CUST-003522,48,141012.98,14,60797.59,36,13.41,641,0.6186,0,3,SALARIED,PHD,DIVORCED,HOME,1
CUST-003523,29,133245.51,11,82322.51,60,24.27,787,0.5386,2,0,SELF_EMPLOYED,MASTERS,MARRIED,BUSINESS,1
CUST-003524,54,67433.72,25,6041.73,24,22.47,612,0.5113,5,0,SALARIED,BACHELORS,SINGLE,PERSONAL,0
CUST-003525,33,153598.66,1,5357.20,12,6.31,716,0.3536,2,0,SALARIED,MASTERS,DIVORCED,BUSINESS,0
CUST-003526,69,190554.16,27,25411.61,48,24.81,782,0.4532,0,0,SELF_EMPLOYED,BACHELORS,MARRIED,PERSONAL,0
CUST-003527,41,91956.99,23,19504.63,48,20.91,453,0.6588,4,0,SALARIED,BACHELORS,DIVORCED,PERSONAL,1
CUST-003528,58,187997.86,14,39429.54,60,11.22,443,0.1307,5,0,SELF_EMPLOYED,MASTERS,DIVORCED,AUTO,1
CUST-003529,27,190758.10,9,49901.01,60,15.15,428,0.3246,0,0,SALARIED,HIGH_SCHOOL,SINGLE,BUSINESS,0
CUST-003530,21,180723.48,3,55210.69,12,16.38,641,0.1765,1,0,UNEMPLOYED,HIGH_SCHOOL,SINGLE,EDUCATION,1
CUST-003531,30,?,12,12912.01,60,6.34,477,0.6577,1,0,SALARIED,HIGH_SCHOOL,MARRIED,HOME,0
CUST-003532,29,110557.51,11,52239.69,36,10.50,308,0.2854,2,0,SELF_EMPLOYED,PHD,DIVORCED,AUTO,0
CUST-003533,54,119289.94,11,51703.45,24,20.79,392,0.6762,4,0,UNEMPLOYED,HIGH_SCHOOL,MARRIED,AUTO,1
CUST-003534,33,144875.73,4,46459.10,48,15.63,330,0.6650,1,3,SALARIED,BACHELORS,SINGLE,BUSINESS,1
CUST-003535,38,25194.11,5,56505.58,48,18.39,403,0.5517,3,0,RETIRED,MASTERS,SINGLE,PERSONAL,0
CUST-003536,63,180867.64,17,62124.28,12,16.93,391,0.1649,6,0,UNEMPLOYED,PHD,SINGLE,EDUCATION,1
CUST-003537,55,95940.85,1,89228.95,12,9.07,308,0.6295,0,0,UNEMPLOYED,PHD,MARRIED,AUTO,1
CUST-003538,47,46624.25,7,58957.43,60,6.86,496,0.3481,5,0,SALARIED,MASTERS,DIVORCED,AUTO,0
CUST-003539,27,?,3,54798.48,12,7.63,421,0.3141,2,0,SALARIED,PHD,SINGLE,BUSINESS,0
CUST-003540,59,194374.58,3,58351.08,60,14.28,686,0.2318,5,2,SALARIED,BACHELORS,DIVORCED,PERSONAL,1
CUST-003541,51,197893.80,16,33735.86,48,12.80,655,0.6802,2,0,SELF_EMPLOYED,MASTERS,SINGLE,BUSINESS,0
CUST-003542,35,129329.18,17,71325.17,24,13.05,735,0.2735,4,0,UNEMPLOYED,HIGH_SCHOOL,DIVORCED,EDUCATION,0
CUST-003543,66,169973.99,30,22459.80,12,9.06,556,0.1138,5,0,RETIRED,HIGH_SCHOOL,SINGLE,BUSINESS,1
CUST-003544,40,85926.48,15,82019.00,12,22.33,346,0.2100,2,0,SALARIED,BACHELORS,SINGLE,BUSINESS,1
CUST-003545,53,?,21,29467.07,12,23.31,680,0.6787,2,0,SELF_EMPLOYED,PHD,DIVORCED,AUTO,1
CUST-003546,22,54034.33,4,43649.42,12,16.41,593,0.3837,0,0,UNEMPLOYED,PHD,SINGLE,HOME,0
CUST-003547,56,23478.58,10,69779.34,48,13.07,572,0.4373,0,0,RETIRED,PHD,DIVORCED,PERSONAL,0
CUST-003548,22,180762.10,4,49861.24,48,19.11,442,0.4677,4,0,SELF_EMPLOYED,MASTERS,DIVORCED,PERSONAL,0
CUST-003549,26,43634.48,8,21091.12,24,22.15,?,0.5466,6,0,SALARIED,PHD,MARRIED,PERSONAL,0
CUST-003550,66,40533.96,30,70968.45,48,21.32,539,0.1721,5,0,RETIRED,BACHELORS,SINGLE,BUSINESS,0
CUST-003551,60,110604.27,21,86044.58,48,22.95,696,0.5916,4,0,UNEMPLOYED,HIGH_SCHOOL,DIVORCED,BUSINESS,1
CUST-003552,45,138234.78,22,6969.53,12,7.38,679,0.2685,3,0,UNEMPLOYED,MASTERS,SINGLE,HOME,1
CUST-003553,62,101109.35,0,36470.46,60,20.77,323,0.2169,3,1,UNEMPLOYED,HIGH_SCHOOL,DIVORCED,PERSONAL,1
CUST-003554,51,165206.09,1,78230.63,60,16.42,344,0.5067,6,0,UNEMPLOYED,BACHELORS,DIVORCED,HOME,0
CUST-003555,63,89666.97,31,13501.25,24,12.99,327,0.3050,0,0,SALARIED,HIGH_SCHOOL,DIVORCED,EDUCATION,0
CUST-003556,51,62151.05,32,49434.12,48,17.80,480,0.5263,3,0,RETIRED,BACHELORS,MARRIED,AUTO,1
CUST-003557,24,131594.83,6,74876.83,48,6.93,569,0.2549,4,0,UNEMPLOYED,BACHELORS,DIVORCED,PERSONAL,1
CUST-003558,21,189351.82,3,45047.20,60,12.16,461,0.2765,3,0,RETIRED,PHD,MARRIED,PERSONAL,0
CUST-003559,26,167968.36,1,6956.64,12,12.78,599,0.4998,3,0,RETIRED,MASTERS,MARRIED,AUTO,0
CUST-003560,42,133460.57,24,68187.36,36,17.41,333,0.2029,1,0,SELF_EMPLOYED,MASTERS,MARRIED,BUSINESS,1
CUST-003561,29,49591.37,3,43051.89,36,24.21,652,0.1196,6,2,UNEMPLOYED,MASTERS,MARRIED,AUTO,0
CUST-003562,52,96288.85,18,53760.02,36,7.39,487,0.1235,6,0,UNEMPLOYED,MASTERS,DIVORCED,HOME,1
CUST-003563,35,143771.39,17,3151.12,60,5.76,396,0.1588,0,0,SELF_EMPLOYED,BACHELORS,DIVORCED,PERSONAL,1
CUST-003564,52,96134.22,18,89295.32,36,12.21,436,0.6123,5,0,SALARIED,MASTERS,DIVORCED,BUSINESS,1
CUST-003565,50,195351.38,16,33458.72,12,11.81,575,0.3244,2,0,RETIRED,MASTERS,MARRIED,BUSINESS,1
CUST-003566,36,83246.47,16,16994.76,24,12.40,680,0.6091,2,0,SELF_EMPLOYED,MASTERS,MARRIED,BUSINESS,1
CUST-003567,32,45262.44,11,84713.37,12,18.91,727,0.4190,3,2,SALARIED,PHD,MARRIED,EDUCATION,1
CUST-003568,35,187533.74,17,79230.75,60,11.63,397,0.4056,6,0,SELF_EMPLOYED,PHD,SINGLE,BUSINESS,1
CUST-003569,39,73590.62,19,61415.54,12,5.14,384,0.5777,1,0,SALARIED,PHD,SINGLE,EDUCATION,0
CUST-003570,56,147753.07,27,5660.31,12,6.81,480,0.1491,1,0,SALARIED,PHD,SINGLE,PERSONAL,0
CUST-003571,27,188088.39,9,25881.79,48,12.86,780,0.4084,0,1,RETIRED,PHD,DIVORCED,AUTO,1
CUST-003572,31,21999.22,13,32477.19,12,7.63,342,0.5444,6,0,UNEMPLOYED,MASTERS,SINGLE,PERSONAL,1
CUST-003573,45,188049.51,27,57096.62,36,17.02,726,0.0557,6,0,SELF_EMPLOYED,MASTERS,SINGLE,PERSONAL,0
CUST-003574,39,44351.45,8,87685.25,12,22.93,337,0.5772,3,0,SALARIED,PHD,SINGLE,HOME,1
CUST-003575,57,164040.10,15,61341.51,60,13.40,420,0.3386,5,0,UNEMPLOYED,HIGH_SCHOOL,SINGLE,PERSONAL,0
CUST-003576,47,47216.27,10,15189.30,48,12.72,700,0.2726,3,0,UNEMPLOYED,MASTERS,MARRIED,HOME,0
CUST-003577,65,192196.96,3,46844.29,60,5.56,816,0.1716,0,0,SALARIED,PHD,MARRIED,AUTO,0
CUST-003578,64,83973.52,6,13905.55,48,15.12,645,0.1997,4,0,SALARIED,BACHELORS,DIVORCED,BUSINESS,0
CUST-003579,51,128776.26,19,9758.21,24,21.87,845,0.4902,0,0,SALARIED,MASTERS,DIVORCED,BUSINESS,0
CUST-003580,56,81544.18,0,6175.68,12,20.23,757,0.2576,0,0,RETIRED,MASTERS,MARRIED,EDUCATION,0
CUST-003581,40,110105.95,17,81814.76,48,5.35,337,0.1322,3,0,UNEMPLOYED,BACHELORS,SINGLE,EDUCATION,1
CUST-003582,40,150011.71,2,11802.50,60,6.85,426,0.1649,0,0,SALARIED,HIGH_SCHOOL,MARRIED,HOME,1
CUST-003583,69,79117.24,3,12620.11,36,23.46,483,0.4008,2,0,SALARIED,PHD,MARRIED,AUTO,0
CUST-003584,42,139054.82,10,87641.81,48,7.75,606,0.1234,0,0,SALARIED,BACHELORS,DIVORCED,HOME,0
CUST-003585,37,132133.04,0,66403.63,12,11.56,310,0.5804,2,0,RETIRED,MASTERS,SINGLE,HOME,0
CUST-003586,69,45598.66,23,68827.01,12,13.78,829,0.3940,5,0,RETIRED,BACHELORS,DIVORCED,BUSINESS,0
CUST-003587,49,183494.67,7,4999.98,24,21.73,756,0.5470,4,3,UNEMPLOYED,HIGH_SCHOOL,SINGLE,HOME,0
CUST-003588,45,73331.43,5,41382.92,48,16.27,847,0.0616,5,0,RETIRED,PHD,MARRIED,EDUCATION,0
CUST-003589,34,189316.21,16,6268.12,60,23.95,457,0.6911,2,0,RETIRED,HIGH_SCHOOL,MARRIED,AUTO,0
CUST-003590,59,102499.03,15,72738.09,60,21.70,653,0.3473,5,0,RETIRED,PHD,SINGLE,PERSONAL,0
CUST-003591,28,67450.00,10,71633.87,60,17.33,349,0.2528,3,1,UNEMPLOYED,MASTERS,DIVORCED,HOME,1
CUST-003592,53,111081.48,29,18379.44,12,17.17,493,0.6053,4,0,SALARIED,BACHELORS,DIVORCED,HOME,1
CUST-003593,40,159223.20,17,7101.41,36,18.98,715,0.1153,4,2,SELF_EMPLOYED,BACHELORS,SINGLE,AUTO,0
CUST-003594,62,151968.52,31,69535.13,48,24.54,714,0.2099,3,0,SALARIED,BACHELORS,MARRIED,BUSINESS,0
CUST-003595,65,96679.21,?,39570.20,60,14.43,789,0.3604,2,1,SALARIED,PHD,DIVORCED,AUTO,0
CUST-003596,41,131058.28,5,62265.86,24,19.19,803,0.3551,3,0,SELF_EMPLOYED,HIGH_SCHOOL,DIVORCED,EDUCATION,1
CUST-003597,63,163199.52,8,60008.74,36,18.09,697,0.3969,6,0,SELF_EMPLOYED,MASTERS,MARRIED,HOME,1
CUST-003598,65,65310.29,11,15470.17,24,11.67,483,0.3711,0,0,UNEMPLOYED,PHD,DIVORCED,BUSINESS,1
CUST-003599,53,113122.07,34,26182.08,24,23.05,412,0.5879,3,0,SELF_EMPLOYED,HIGH_SCHOOL,MARRIED,AUTO,1
CUST-003600,52,21935.68,13,56529.73,24,7.46,489,0.6945,5,0,SALARIED,HIGH_SCHOOL,MARRIED,HOME,1
CUST-003601,58,113490.12,18,9688.41,12,10.12,584,0.4036,3,0,SALARIED,PHD,MARRIED,EDUCATION,1
CUST-003602,40,118406.50,22,24294.34,60,20.85,348,0.3833,5,0,UNEMPLOYED,BACHELORS,MARRIED,EDUCATION,1
CUST-003603,48,138938.36,26,89715.17,60,16.21,424,0.4725,3,0,SALARIED,HIGH_SCHOOL,DIVORCED,HOME,1
CUST-003604,31,94593.34,13,26496.44,48,23.30,560,0.5423,6,0,RETIRED,PHD,MARRIED,AUTO,0
CUST-003605,56,152054.82,15,64413.65,24,14.59,350,0.1547,3,0,UNEMPLOYED,HIGH_SCHOOL,DIVORCED,PERSONAL,1
CUST-003606,41,181019.32,1,78419.57,24,22.28,570,0.5107,0,0,UNEMPLOYED,MASTERS,DIVORCED,AUTO,1
CUST-003607,27,69456.16,2,56688.66,48,21.55,807,0.6663,1,0,UNEMPLOYED,MASTERS,DIVORCED,BUSINESS,0
CUST-003608,54,163812.94,24,6879.77,60,24.48,756,0.2009,4,0,RETIRED,BACHELORS,DIVORCED,AUTO,0
CUST-003609,43,196838.93,2,31306.32,48,7.23,430,0.4470,0,0,UNEMPLOYED,PHD,SINGLE,PERSONAL,1
CUST-003610,46,132624.48,10,29570.22,24,20.78,834,0.3657,0,0,RETIRED,HIGH_SCHOOL,SINGLE,BUSINESS,1
CUST-003611,26,86306.05,8,81134.53,24,16.90,640,0.4290,2,2,SALARIED,BACHELORS,SINGLE,EDUCATION,1
CUST-003612,60,191360.87,1,37794.06,48,12.41,437,0.1661,2,0,SALARIED,BACHELORS,MARRIED,HOME,0
CUST-003613,39,153543.78,12,3604.85,48,10.73,568,0.3113,2,0,RETIRED,BACHELORS,DIVORCED,PERSONAL,1
CUST-003614,60,100834.41,22,25187.86,60,11.33,490,0.0628,0,0,RETIRED,MASTERS,DIVORCED,PERSONAL,0
CUST-003615,22,194840.91,4,41021.73,12,20.25,647,0.0525,4,0,RETIRED,PHD,DIVORCED,BUSINESS,1
CUST-003616,62,120468.50,20,60559.02,12,10.57,363,0.5496,0,0,SALARIED,HIGH_SCHOOL,MARRIED,HOME,0
CUST-003617,54,147860.70,9,87103.15,60,14.59,341,0.2741,5,0,SELF_EMPLOYED,BACHELORS,DIVORCED,AUTO,0
CUST-003618,53,63140.07,1,88478.54,36,22.99,531,0.1305,6,0,UNEMPLOYED,BACHELORS,MARRIED,PERSONAL,1
CUST-003619,31,173975.46,13,35235.31,24,8.65,818,0.0866,4,0,SELF_EMPLOYED,HIGH_SCHOOL,MARRIED,BUSINESS,0
CUST-003620,48,115355.98,7,22685.52,48,24.15,682,0.1117,3,0,SELF_EMPLOYED,HIGH_SCHOOL,SINGLE,PERSONAL,1
CUST-003621,67,21084.58,14,18080.60,24,21.72,634,0.3843,5,0,SALARIED,HIGH_SCHOOL,MARRIED,PERSONAL,0
CUST-003622,21,135024.93,3,80951.31,60,6.03,721,0.1846,4,0,SALARIED,MASTERS,DIVORCED,BUSINESS,0
CUST-003623,43,39788.58,3,29813.22,24,7.79,422,0.3409,2,0,SALARIED,HIGH_SCHOOL,SINGLE,HOME,0
CUST-003624,68,29706.24,14,73336.43,60,15.05,595,0.6221,1,0,RETIRED,PHD,DIVORCED,AUTO,1
CUST-003625,24,165480.59,6,67373.30,48,22.12,318,0.2881,6,0,SALARIED,PHD,DIVORCED,AUTO,0
CUST-003626,65,106999.61,26,46250.91,12,15.48,833,0.1601,5,0,SALARIED,BACHELORS,DIVORCED,HOME,0
CUST-003627,64,194689.36,23,3059.66,48,18.08,519,0.4329,1,0,UNEMPLOYED,BACHELORS,MARRIED,PERSONAL,1
CUST-003628,23,78422.17,5,86438.47,48,19.58,403,0.4813,6,0,RETIRED,BACHELORS,MARRIED,PERSONAL,1
CUST-003629,31,150962.63,13,34335.12,12,6.94,445,0.6689,2,0,RETIRED,MASTERS,DIVORCED,AUTO,1
CUST-003630,54,114365.58,31,42278.31,36,7.87,380,0.1191,0,1,SALARIED,PHD,SINGLE,EDUCATION,0
CUST-003631,37,65343.81,19,43367.29,60,21.22,849,0.5428,1,3,SELF_EMPLOYED,HIGH_SCHOOL,SINGLE,HOME,1
CUST-003632,64,155942.27,11,72662.39,24,10.26,714,0.2608,6,0,SELF_EMPLOYED,BACHELORS,DIVORCED,HOME,0
CUST-003633,29,95841.07,11,88226.01,60,10.53,807,0.4078,4,1,SALARIED,PHD,MARRIED,AUTO,1
CUST-003634,46,137637.86,28,8875.45,36,16.71,674,0.6417,1,0,SALARIED,PHD,MARRIED,EDUCATION,1
CUST-003635,21,131786.78,3,73818.58,12,21.87,410,0.6922,6,0,SELF_EMPLOYED,MASTERS,SINGLE,PERSONAL,1
CUST-003636,48,47598.09,20,35484.20,24,21.67,841,0.3403,5,0,SELF_EMPLOYED,MASTERS,MARRIED,HOME,0
CUST-003637,26,156922.62,8,71722.97,12,20.91,468,0.1572,1,0,SALARIED,PHD,SINGLE,HOME,0
CUST-003638,27,?,9,11291.54,36,17.69,703,0.5334,0,0,UNEMPLOYED,PHD,MARRIED,AUTO,1
CUST-003639,61,159167.86,29,9686.07,48,22.89,848,0.2911,2,0,SALARIED,MASTERS,MARRIED,PERSONAL,0
CUST-003640,65,131953.51,14,45495.70,60,22.54,544,0.6344,6,0,SELF_EMPLOYED,HIGH_SCHOOL,MARRIED,PERSONAL,1
CUST-003641,35,92166.04,17,11014.33,60,17.54,769,0.5340,5,0,RETIRED,BACHELORS,MARRIED,PERSONAL,1
CUST-003642,34,28768.77,6,51501.76,36,11.05,517,0.2290,1,0,SALARIED,BACHELORS,MARRIED,PERSONAL,0
CUST-003643,34,22198.82,16,39680.46,48,9.80,737,0.0507,2,1,SALARIED,PHD,MARRIED,BUSINESS,0
CUST-003644,33,100365.60,12,59563.33,36,8.80,654,0.3844,2,0,SALARIED,BACHELORS,SINGLE,HOME,1
CUST-003645,50,23020.34,1,3333.63,60,23.32,516,0.1915,3,0,RETIRED,BACHELORS,DIVORCED,HOME,1
CUST-003646,59,117265.82,27,43710.68,12,5.97,499,0.1594,1,0,SALARIED,BACHELORS,MARRIED,PERSONAL,0
CUST-003647,30,176426.89,1,53911.43,48,14.36,619,0.6404,3,1,UNEMPLOYED,HIGH_SCHOOL,SINGLE,EDUCATION,1
CUST-003648,37,81194.13,5,14718.76,48,5.54,484,0.1731,6,0,UNEMPLOYED,HIGH_SCHOOL,DIVORCED,EDUCATION,1
CUST-003649,50,129746.74,5,69287.93,12,13.40,657,0.3085,5,0,RETIRED,BACHELORS,SINGLE,HOME,0
CUST-003650,67,89547.47,11,18094.66,24,17.95,789,0.2794,3,0,RETIRED,HIGH_SCHOOL,SINGLE,BUSINESS,0
CUST-003651,62,72239.17,10,59310.18,12,20.87,647,0.3399,2,1,SALARIED,BACHELORS,SINGLE,AUTO,0
CUST-003652,55,187294.34,8,74707.49,60,18.28,773,0.6781,0,0,SALARIED,PHD,MARRIED,PERSONAL,0
CUST-003653,22,183261.44,0,85484.14,36,8.19,808,0.6801,1,0,UNEMPLOYED,HIGH_SCHOOL,MARRIED,AUTO,1
CUST-003654,36,70350.40,16,43614.87,12,20.71,777,0.2159,5,1,RETIRED,BACHELORS,DIVORCED,PERSONAL,1
CUST-003655,38,100487.08,13,3710.07,12,8.98,406,0.0979,1,3,UNEMPLOYED,HIGH_SCHOOL,SINGLE,HOME,1
CUST-003656,29,178989.98,11,26485.93,60,19.13,575,0.4298,3,0,SELF_EMPLOYED,MASTERS,DIVORCED,BUSINESS,1
CUST-003657,63,188987.20,20,43198.00,60,5.18,390,0.5733,1,0,UNEMPLOYED,PHD,SINGLE,AUTO,1
CUST-003658,38,150290.31,12,28979.92,48,23.53,820,0.5638,5,0,SELF_EMPLOYED,BACHELORS,MARRIED,BUSINESS,0
CUST-003659,40,141143.43,22,82571.02,24,22.29,585,0.5238,5,0,SALARIED,BACHELORS,DIVORCED,BUSINESS,1
CUST-003660,40,129582.17,22,53107.13,36,14.70,685,0.5977,2,0,RETIRED,PHD,DIVORCED,BUSINESS,1
CUST-003661,27,75071.84,9,57000.59,48,15.21,509,0.2543,0,0,UNEMPLOYED,MASTERS,DIVORCED,EDUCATION,1
CUST-003662,26,180991.91,8,19927.17,12,14.42,782,0.6105,5,1,SELF_EMPLOYED,BACHELORS,SINGLE,EDUCATION,0
CUST-003663,23,91562.55,1,51842.48,36,12.15,763,0.1267,1,0,SELF_EMPLOYED,BACHELORS,DIVORCED,AUTO,0
CUST-003664,62,174170.42,14,81900.02,60,14.96,792,0.5229,6,3,RETIRED,HIGH_SCHOOL,MARRIED,PERSONAL,0
CUST-003665,21,103628.33,3,70174.11,48,9.31,748,0.6208,1,2,SELF_EMPLOYED,PHD,DIVORCED,HOME,1
CUST-003666,41,84297.08,8,15402.14,36,5.22,533,0.3731,0,0,SALARIED,HIGH_SCHOOL,MARRIED,AUTO,0
CUST-003667,60,140510.71,10,49319.51,60,10.83,562,0.6238,1,0,SALARIED,MASTERS,SINGLE,PERSONAL,1
CUST-003668,53,77517.71,12,74792.93,24,23.86,540,0.6563,5,3,UNEMPLOYED,PHD,DIVORCED,EDUCATION,1
CUST-003669,53,125179.67,21,8090.74,36,17.64,307,0.1249,1,0,SALARIED,BACHELORS,DIVORCED,BUSINESS,0
CUST-003670,29,96965.73,11,40204.16,48,9.67,683,0.1772,6,0,RETIRED,PHD,DIVORCED,AUTO,0
CUST-003671,68,35751.46,11,29319.28,12,5.26,324,0.2428,6,0,UNEMPLOYED,HIGH_SCHOOL,SINGLE,BUSINESS,0
CUST-003672,53,37050.82,28,7751.49,36,6.48,762,0.4806,2,0,SALARIED,MASTERS,SINGLE,AUTO,0
CUST-003673,50,195026.98,11,21453.17,60,20.85,389,0.6871,6,0,RETIRED,BACHELORS,MARRIED,PERSONAL,1
CUST-003674,62,108043.61,34,15796.99,48,17.83,370,0.0634,5,0,UNEMPLOYED,BACHELORS,MARRIED,AUTO,1
CUST-003675,49,52323.14,31,65859.77,36,19.48,613,0.4244,3,1,RETIRED,MASTERS,MARRIED,AUTO,1
CUST-003676,36,58638.86,12,58798.69,60,13.42,674,0.5495,0,0,SALARIED,PHD,SINGLE,AUTO,0
CUST-003677,66,164259.64,29,42930.05,12,18.31,808,0.5175,4,0,SALARIED,HIGH_SCHOOL,SINGLE,EDUCATION,0
CUST-003678,41,83069.56,23,51815.67,36,8.81,342,0.6760,1,0,SELF_EMPLOYED,MASTERS,DIVORCED,PERSONAL,1
CUST-003679,41,46412.31,20,76198.61,48,13.87,330,0.2278,6,0,SALARIED,BACHELORS,MARRIED,BUSINESS,0
CUST-003680,48,125629.24,1,43390.87,12,21.77,698,0.3109,5,0,RETIRED,BACHELORS,SINGLE,AUTO,0
CUST-003681,69,82354.45,21,77849.49,12,5.31,617,0.5969,0,0,RETIRED,PHD,SINGLE,PERSONAL,0
CUST-003682,56,127317.30,0,32972.13,36,7.44,778,0.6741,5,0,SALARIED,MASTERS,MARRIED,PERSONAL,0
CUST-003683,59,166435.30,16,66800.68,60,19.94,388,0.1277,5,0,UNEMPLOYED,MASTERS,SINGLE,PERSONAL,1
CUST-003684,27,52975.39,9,12631.29,36,12.71,541,0.5096,4,0,RETIRED,PHD,DIVORCED,HOME,1
CUST-003685,41,164849.20,0,3544.62,48,10.61,785,0.2918,2,0,RETIRED,MASTERS,SINGLE,PERSONAL,0
CUST-003686,44,144317.60,26,4916.61,60,24.94,707,0.2289,1,0,SALARIED,MASTERS,DIVORCED,AUTO,0
CUST-003687,22,156618.31,4,12913.24,24,18.97,551,0.5633,3,0,SALARIED,PHD,MARRIED,EDUCATION,1
CUST-003688,67,187110.77,10,7417.26,12,23.96,394,0.2491,2,1,SALARIED,PHD,DIVORCED,PERSONAL,0
CUST-003689,61,135241.14,13,83340.28,12,7.58,366,0.6185,2,0,SELF_EMPLOYED,BACHELORS,DIVORCED,HOME,0
CUST-003690,69,26931.36,9,78220.60,12,13.51,352,0.3986,3,0,RETIRED,BACHELORS,MARRIED,PERSONAL,1
CUST-003691,38,37367.08,20,89578.23,24,9.52,721,0.5659,5,0,SALARIED,PHD,MARRIED,PERSONAL,1
CUST-003692,26,159604.85,8,49737.60,48,16.97,779,0.0999,5,0,RETIRED,BACHELORS,SINGLE,HOME,0
CUST-003693,24,175888.54,6,40735.16,60,16.15,334,0.2858,3,0,SELF_EMPLOYED,HIGH_SCHOOL,SINGLE,EDUCATION,0
CUST-003694,40,121512.67,22,81621.91,60,16.11,579,0.3495,3,0,SALARIED,PHD,DIVORCED,EDUCATION,1
CUST-003695,35,62380.31,17,63111.24,48,21.85,648,0.5777,3,0,SELF_EMPLOYED,BACHELORS,MARRIED,HOME,0
CUST-003696,30,56550.08,3,85359.77,24,15.24,702,0.2157,0,0,SALARIED,HIGH_SCHOOL,DIVORCED,AUTO,1
CUST-003697,47,95067.69,7,28144.87,24,12.05,319,0.1129,2,0,RETIRED,PHD,SINGLE,BUSINESS,0
CUST-003698,65,54958.86,2,76048.13,12,19.92,487,0.5703,6,3,SELF_EMPLOYED,BACHELORS,SINGLE,HOME,1
CUST-003699,62,39682.54,21,65196.63,60,14.86,595,0.3655,3,3,RETIRED,MASTERS,MARRIED,PERSONAL,1
CUST-003700,68,110893.48,14,15648.22,48,18.23,632,0.6751,0,0,SELF_EMPLOYED,MASTERS,SINGLE,BUSINESS,1
CUST-003701,32,36792.38,?,5655.57,12,20.56,647,0.4696,3,0,RETIRED,BACHELORS,SINGLE,HOME,0
CUST-003702,30,142714.99,12,86318.86,12,22.44,556,0.3915,5,1,RETIRED,BACHELORS,DIVORCED,BUSINESS,1
CUST-003703,42,69066.15,24,72718.87,24,21.36,350,0.5049,5,0,SELF_EMPLOYED,MASTERS,SINGLE,HOME,1
CUST-003704,24,90699.37,6,9275.84,48,5.76,305,0.0576,1,0,SALARIED,PHD,SINGLE,BUSINESS,0
CUST-003705,31,56691.41,3,60375.90,24,21.95,687,0.2764,6,1,SELF_EMPLOYED,BACHELORS,MARRIED,HOME,1
CUST-003706,22,133948.12,4,15642.67,24,10.10,568,0.2213,2,0,RETIRED,HIGH_SCHOOL,SINGLE,PERSONAL,0
CUST-003707,31,132406.77,13,19694.76,48,21.93,811,0.5183,1,0,RETIRED,BACHELORS,DIVORCED,AUTO,1
CUST-003708,54,172086.82,9,49891.60,60,11.32,601,0.6505,3,0,SELF_EMPLOYED,BACHELORS,MARRIED,EDUCATION,1
CUST-003709,54,128342.72,4,9811.23,60,13.79,455,0.4413,2,0,RETIRED,BACHELORS,MARRIED,HOME,0
CUST-003710,41,164839.59,21,34659.33,60,15.02,725,0.2601,1,0,RETIRED,HIGH_SCHOOL,MARRIED,EDUCATION,0
CUST-003711,21,88964.00,3,51568.00,60,17.76,751,0.0840,5,0,UNEMPLOYED,BACHELORS,DIVORCED,HOME,1
CUST-003712,61,25298.87,23,4938.91,24,6.42,812,0.5411,6,0,SELF_EMPLOYED,PHD,SINGLE,EDUCATION,0
CUST-003713,42,75970.07,0,38988.71,60,7.04,761,0.4509,2,0,RETIRED,HIGH_SCHOOL,MARRIED,PERSONAL,1
CUST-003714,52,198760.86,31,89849.87,48,19.19,689,0.5229,2,0,SELF_EMPLOYED,MASTERS,DIVORCED,BUSINESS,0
CUST-003715,58,181813.89,26,58054.45,48,15.56,419,0.4463,1,0,RETIRED,HIGH_SCHOOL,DIVORCED,AUTO,0
CUST-003716,38,45246.45,16,36467.34,60,5.41,617,0.1061,3,2,SELF_EMPLOYED,PHD,DIVORCED,AUTO,1
CUST-003717,65,162228.15,0,68963.21,24,5.65,605,0.4325,3,1,SELF_EMPLOYED,BACHELORS,MARRIED,BUSINESS,1
CUST-003718,24,72166.99,6,73128.04,24,16.04,697,0.5826,5,0,SELF_EMPLOYED,HIGH_SCHOOL,MARRIED,HOME,1
CUST-003719,70,179003.97,15,22195.55,12,14.97,498,0.6104,1,0,SELF_EMPLOYED,HIGH_SCHOOL,DIVORCED,BUSINESS,1
CUST-003720,49,109506.26,4,11179.97,24,5.96,696,0.1575,5,0,SALARIED,PHD,MARRIED,BUSINESS,0
CUST-003721,60,132102.46,18,80588.62,60,23.48,441,0.2035,6,0,RETIRED,HIGH_SCHOOL,DIVORCED,HOME,0
CUST-003722,30,169592.08,12,51044.33,36,14.53,418,0.3137,6,0,SELF_EMPLOYED,PHD,DIVORCED,AUTO,0
CUST-003723,41,184907.78,23,69358.86,12,12.78,423,0.3009,3,0,RETIRED,PHD,DIVORCED,HOME,0
CUST-003724,56,89257.25,7,83395.08,60,14.57,764,0.4266,5,0,RETIRED,BACHELORS,SINGLE,BUSINESS,0
CUST-003725,53,135556.56,5,42783.34,36,17.10,832,0.0777,3,0,SELF_EMPLOYED,MASTERS,SINGLE,EDUCATION,0
CUST-003726,55,65404.31,24,43871.23,36,5.84,610,0.2186,0,0,RETIRED,BACHELORS,SINGLE,BUSINESS,1
CUST-003727,62,167392.90,28,31347.70,48,20.00,731,0.4167,1,0,UNEMPLOYED,MASTERS,DIVORCED,BUSINESS,1
CUST-003728,60,84974.56,11,70425.52,36,18.29,713,0.3982,1,0,SELF_EMPLOYED,BACHELORS,DIVORCED,BUSINESS,1
CUST-003729,70,25356.61,29,23796.94,60,21.80,499,0.3338,4,0,SELF_EMPLOYED,HIGH_SCHOOL,DIVORCED,BUSINESS,1
CUST-003730,60,19925.08,7,15125.98,60,6.31,404,0.2461,5,3,UNEMPLOYED,HIGH_SCHOOL,SINGLE,AUTO,1
CUST-003731,61,39799.39,8,24755.01,12,21.94,821,0.1782,4,0,SALARIED,MASTERS,MARRIED,HOME,1
CUST-003732,70,81891.21,15,18045.81,24,10.26,477,0.3082,1,0,SALARIED,PHD,MARRIED,BUSINESS,0
CUST-003733,47,35210.74,19,62246.25,60,22.41,512,0.2790,3,0,SALARIED,HIGH_SCHOOL,MARRIED,EDUCATION,0
CUST-003734,32,183530.43,14,70245.68,24,22.47,360,0.0527,2,0,RETIRED,MASTERS,SINGLE,PERSONAL,1
CUST-003735,29,149886.76,11,47615.19,48,8.47,402,0.6397,0,3,UNEMPLOYED,HIGH_SCHOOL,MARRIED,HOME,1
CUST-003736,70,126238.13,19,10931.35,48,16.36,421,0.2499,1,0,UNEMPLOYED,BACHELORS,DIVORCED,AUTO,1
CUST-003737,61,57061.89,32,57009.68,48,24.30,446,0.2432,4,0,SELF_EMPLOYED,HIGH_SCHOOL,MARRIED,EDUCATION,0
CUST-003738,45,199990.62,23,70680.05,48,15.29,553,0.5481,5,0,SELF_EMPLOYED,BACHELORS,SINGLE,PERSONAL,1
CUST-003739,41,136567.61,2,67113.72,48,12.31,829,0.3451,5,0,UNEMPLOYED,MASTERS,MARRIED,PERSONAL,1
CUST-003740,26,93268.85,8,79363.42,12,20.00,698,0.1223,5,0,SELF_EMPLOYED,HIGH_SCHOOL,MARRIED,EDUCATION,1
CUST-003741,36,110464.37,18,17294.01,12,18.95,527,0.6740,5,0,SALARIED,HIGH_SCHOOL,MARRIED,EDUCATION,1
CUST-003742,56,182364.70,20,70864.29,60,7.68,784,0.3710,4,0,SELF_EMPLOYED,BACHELORS,MARRIED,HOME,0
CUST-003743,41,158156.31,14,63443.33,48,15.62,389,0.2510,1,3,SELF_EMPLOYED,HIGH_SCHOOL,SINGLE,EDUCATION,1
CUST-003744,23,110867.19,3,63384.84,36,15.66,813,0.2177,2,0,SALARIED,PHD,MARRIED,HOME,0
CUST-003745,37,198251.15,12,88835.91,48,12.20,687,0.1144,2,0,SALARIED,MASTERS,MARRIED,AUTO,0
CUST-003746,66,75186.22,30,16622.50,24,19.33,641,0.0723,3,0,UNEMPLOYED,MASTERS,SINGLE,BUSINESS,0
CUST-003747,49,161189.33,15,81904.49,24,20.72,694,0.4988,4,1,RETIRED,BACHELORS,SINGLE,EDUCATION,1
CUST-003748,50,156570.39,18,83990.99,60,16.01,353,0.4578,2,0,SELF_EMPLOYED,BACHELORS,DIVORCED,AUTO,0
CUST-003749,45,75262.72,26,85602.27,60,11.12,673,0.2599,1,0,UNEMPLOYED,BACHELORS,SINGLE,EDUCATION,1
CUST-003750,50,136189.84,26,27157.44,36,22.45,642,0.3420,4,1,SALARIED,PHD,MARRIED,BUSINESS,0
CUST-003751,42,133789.77,6,10165.52,60,7.04,518,0.6603,6,0,SALARIED,MASTERS,SINGLE,AUTO,1
CUST-003752,65,82108.54,3,67095.15,36,18.10,322,0.1319,6,0,SELF_EMPLOYED,HIGH_SCHOOL,DIVORCED,EDUCATION,1
CUST-003753,39,176252.96,1,75894.53,12,13.01,602,0.5787,5,0,SELF_EMPLOYED,HIGH_SCHOOL,MARRIED,AUTO,0
CUST-003754,35,95761.05,4,62066.52,48,20.75,705,0.1377,5,2,UNEMPLOYED,PHD,DIVORCED,AUTO,1
CUST-003755,36,132432.30,11,82675.04,48,18.98,686,0.3493,5,0,SALARIED,MASTERS,MARRIED,EDUCATION,0
CUST-003756,46,199122.49,9,48700.14,60,14.15,592,0.0670,0,0,SELF_EMPLOYED,MASTERS,SINGLE,EDUCATION,0
CUST-003757,56,191187.97,17,64083.28,48,7.56,639,0.3314,0,1,RETIRED,BACHELORS,MARRIED,PERSONAL,1
CUST-003758,69,159816.72,11,53643.95,24,9.13,440,0.2518,1,0,SALARIED,BACHELORS,MARRIED,BUSINESS,0
CUST-003759,59,69027.27,23,53684.62,12,23.38,587,0.3978,5,0,SELF_EMPLOYED,PHD,DIVORCED,BUSINESS,1
CUST-003760,38,183799.51,4,11825.80,24,16.87,718,0.1955,1,0,UNEMPLOYED,MASTERS,DIVORCED,PERSONAL,1
CUST-003761,29,137408.95,1,89056.90,12,21.65,681,0.6553,3,0,SALARIED,BACHELORS,SINGLE,AUTO,1
CUST-003762,63,53661.40,30,37077.76,48,19.44,510,0.3472,3,0,SELF_EMPLOYED,MASTERS,MARRIED,BUSINESS,1
CUST-003763,21,90260.74,3,84241.74,36,14.76,477,0.2591,2,0,RETIRED,BACHELORS,SINGLE,AUTO,1
CUST-003764,30,165802.05,12,46194.06,60,10.78,522,0.6560,4,0,SALARIED,BACHELORS,DIVORCED,EDUCATION,0
CUST-003765,23,72821.15,2,14533.23,60,24.48,487,0.4221,1,0,RETIRED,HIGH_SCHOOL,SINGLE,BUSINESS,1
CUST-003766,33,131522.37,15,81333.38,24,11.22,688,0.5918,1,0,SALARIED,MASTERS,DIVORCED,AUTO,0
CUST-003767,68,175547.39,6,63354.45,36,5.91,785,0.2901,0,0,RETIRED,PHD,SINGLE,AUTO,0
CUST-003768,64,197276.49,7,7566.73,60,9.91,553,0.2140,0,0,SALARIED,PHD,SINGLE,EDUCATION,0
CUST-003769,58,196951.44,21,19571.98,24,7.38,757,0.4482,0,0,RETIRED,PHD,DIVORCED,AUTO,0
CUST-003770,56,151465.45,16,17680.01,12,13.86,371,0.6734,6,3,SALARIED,BACHELORS,MARRIED,PERSONAL,1
CUST-003771,51,65107.47,5,22717.74,12,18.37,592,0.6425,5,0,SELF_EMPLOYED,HIGH_SCHOOL,MARRIED,HOME,0
CUST-003772,65,33516.14,22,37365.21,12,16.20,790,0.6944,0,0,SELF_EMPLOYED,PHD,SINGLE,BUSINESS,1
CUST-003773,22,33774.14,4,61122.30,24,5.75,533,0.5934,6,0,SELF_EMPLOYED,BACHELORS,DIVORCED,BUSINESS,0
CUST-003774,49,98735.73,26,88132.67,60,11.43,508,0.4976,1,0,SELF_EMPLOYED,MASTERS,MARRIED,PERSONAL,0
CUST-003775,22,101063.32,4,88710.72,48,15.34,625,0.4142,6,3,SELF_EMPLOYED,HIGH_SCHOOL,MARRIED,EDUCATION,1
CUST-003776,37,88801.36,15,28778.54,60,16.49,547,0.5839,3,0,RETIRED,MASTERS,SINGLE,AUTO,1
CUST-003777,41,186299.87,4,66040.84,60,8.57,350,0.6684,6,3,RETIRED,MASTERS,SINGLE,HOME,1
CUST-003778,25,177982.55,6,82676.84,12,24.54,638,0.4080,3,0,SELF_EMPLOYED,MASTERS,DIVORCED,EDUCATION,0
CUST-003779,51,?,1,42742.00,60,20.96,591,0.0739,4,0,SELF_EMPLOYED,MASTERS,MARRIED,BUSINESS,1
CUST-003780,43,97495.71,25,57395.03,60,19.98,528,0.3209,6,0,SELF_EMPLOYED,HIGH_SCHOOL,SINGLE,EDUCATION,1
CUST-003781,23,29026.53,5,18576.65,24,8.21,814,0.3394,3,0,RETIRED,MASTERS,DIVORCED,BUSINESS,0
CUST-003782,49,191679.91,31,70855.02,36,12.72,588,0.5063,4,0,RETIRED,MASTERS,MARRIED,EDUCATION,0
CUST-003783,45,66295.09,27,3676.91,36,20.36,760,0.5391,1,0,SELF_EMPLOYED,HIGH_SCHOOL,MARRIED,HOME,0
CUST-003784,31,130537.87,13,25468.68,60,6.17,721,0.4425,1,0,SALARIED,MASTERS,MARRIED,AUTO,1
CUST-003785,49,87449.17,9,56879.79,12,17.18,782,0.6821,6,0,SELF_EMPLOYED,BACHELORS,SINGLE,AUTO,0
CUST-003786,56,192771.36,1,50851.66,60,24.58,668,0.5887,4,0,SALARIED,MASTERS,SINGLE,AUTO,1
CUST-003787,43,92055.40,5,21818.52,24,6.21,805,0.6009,3,1,SELF_EMPLOYED,HIGH_SCHOOL,SINGLE,BUSINESS,1
CUST-003788,35,113250.54,17,55418.18,60,23.50,728,0.4670,5,0,SALARIED,PHD,SINGLE,HOME,1
CUST-003789,29,174658.20,11,31508.11,60,13.29,322,0.4156,1,0,UNEMPLOYED,MASTERS,DIVORCED,HOME,1
CUST-003790,32,27314.74,2,37173.89,36,11.82,502,0.4823,1,0,SELF_EMPLOYED,BACHELORS,DIVORCED,HOME,0
CUST-003791,57,56678.55,3,39601.48,48,24.11,715,0.3200,1,0,UNEMPLOYED,PHD,MARRIED,HOME,0
CUST-003792,24,144774.34,6,21920.67,48,15.31,524,0.4219,3,0,SALARIED,PHD,MARRIED,BUSINESS,0
CUST-003793,62,120312.46,10,73616.78,24,21.33,609,0.3166,2,0,SELF_EMPLOYED,PHD,MARRIED,PERSONAL,0
CUST-003794,40,71330.73,22,55171.42,60,20.98,723,0.6404,4,0,RETIRED,HIGH_SCHOOL,SINGLE,AUTO,0
CUST-003795,32,62210.45,14,3331.54,60,13.87,808,0.4689,3,0,SALARIED,BACHELORS,SINGLE,AUTO,0
CUST-003796,63,52701.96,26,82066.87,24,13.24,438,0.4322,1,0,SALARIED,HIGH_SCHOOL,MARRIED,PERSONAL,0
CUST-003797,31,169317.16,13,15204.71,48,16.52,537,0.5321,0,0,RETIRED,HIGH_SCHOOL,DIVORCED,EDUCATION,0
CUST-003798,42,50758.98,12,17364.93,24,8.44,?,0.1969,3,0,UNEMPLOYED,PHD,SINGLE,PERSONAL,1
CUST-003799,42,89108.17,5,16605.57,36,5.96,604,0.3442,3,0,SALARIED,PHD,MARRIED,BUSINESS,0
CUST-003800,65,84628.34,20,68465.86,12,18.78,650,0.1909,6,0,SELF_EMPLOYED,HIGH_SCHOOL,DIVORCED,PERSONAL,1
CUST-003801,25,43444.70,0,30950.75,60,17.44,421,0.4955,2,0,SALARIED,BACHELORS,SINGLE,AUTO,1
CUST-003802,56,196055.31,29,20254.81,60,7.96,385,0.6176,6,0,SELF_EMPLOYED,BACHELORS,DIVORCED,EDUCATION,1
CUST-003803,43,85378.75,10,12758.02,24,12.73,576,0.6830,2,1,SALARIED,HIGH_SCHOOL,SINGLE,AUTO,0
CUST-003804,21,199699.38,3,71773.27,60,15.06,615,0.4316,6,0,SALARIED,HIGH_SCHOOL,SINGLE,PERSONAL,0
CUST-003805,36,114377.57,18,13658.98,48,9.24,405,0.3215,0,2,RETIRED,MASTERS,SINGLE,EDUCATION,1
CUST-003806,45,175018.02,14,43408.95,24,13.84,718,0.5612,2,0,UNEMPLOYED,PHD,SINGLE,PERSONAL,0
CUST-003807,62,178931.64,34,21191.09,24,14.39,436,0.6078,4,1,SELF_EMPLOYED,HIGH_SCHOOL,DIVORCED,EDUCATION,1
CUST-003808,47,59888.29,19,26530.88,12,19.58,699,0.2170,6,0,SELF_EMPLOYED,MASTERS,SINGLE,AUTO,0
CUST-003809,61,171365.72,18,13489.56,12,13.79,582,0.1652,6,0,SELF_EMPLOYED,BACHELORS,SINGLE,PERSONAL,0
CUST-003810,42,34186.97,19,76520.91,12,23.04,493,0.2981,4,0,SELF_EMPLOYED,MASTERS,SINGLE,PERSONAL,1
CUST-003811,66,170349.57,7,12561.25,24,21.12,467,0.2368,2,0,UNEMPLOYED,BACHELORS,MARRIED,PERSONAL,0
CUST-003812,40,191377.56,5,47467.08,24,5.82,719,0.3288,1,0,SELF_EMPLOYED,HIGH_SCHOOL,MARRIED,AUTO,0
CUST-003813,27,193539.95,9,38473.33,12,13.52,784,0.5006,0,0,RETIRED,PHD,MARRIED,AUTO,1
CUST-003814,45,53385.84,27,25922.15,24,24.31,713,0.2627,2,0,UNEMPLOYED,PHD,SINGLE,BUSINESS,1
CUST-003815,52,69504.16,7,45902.93,48,7.29,736,0.1273,4,0,SELF_EMPLOYED,PHD,MARRIED,HOME,0
CUST-003816,68,114568.81,15,70457.65,48,7.83,414,0.1268,3,0,SALARIED,PHD,MARRIED,PERSONAL,0
CUST-003817,40,154880.60,22,46241.43,48,18.56,699,0.0683,3,1,SALARIED,MASTERS,DIVORCED,HOME,1
CUST-003818,51,25822.18,31,45781.99,24,14.65,421,0.6510,4,0,SALARIED,BACHELORS,MARRIED,BUSINESS,1
CUST-003819,65,58755.13,27,70208.18,60,6.34,599,0.1731,2,0,SELF_EMPLOYED,PHD,DIVORCED,HOME,0
CUST-003820,35,109643.48,16,88427.66,24,10.44,570,0.3917,2,0,UNEMPLOYED,BACHELORS,MARRIED,AUTO,1
CUST-003821,58,62236.97,11,32411.72,36,21.96,310,0.2252,0,0,SELF_EMPLOYED,MASTERS,SINGLE,AUTO,0
CUST-003822,33,87123.53,4,31750.63,60,15.64,618,0.2144,0,0,UNEMPLOYED,PHD,SINGLE,PERSONAL,1
CUST-003823,26,130472.38,3,38578.37,24,18.84,319,0.1879,4,0,RETIRED,BACHELORS,DIVORCED,HOME,0
CUST-003824,33,170525.77,13,30350.16,60,5.92,633,0.2723,1,1,SELF_EMPLOYED,PHD,SINGLE,PERSONAL,1
CUST-003825,55,27530.49,24,38233.75,48,20.13,744,0.2006,3,0,SALARIED,HIGH_SCHOOL,MARRIED,BUSINESS,0
CUST-003826,59,48992.41,4,28133.35,24,19.38,574,0.4217,5,0,UNEMPLOYED,PHD,DIVORCED,EDUCATION,1
CUST-003827,46,155465.45,8,60820.27,60,14.78,?,0.6568,2,0,UNEMPLOYED,HIGH_SCHOOL,SINGLE,HOME,0
CUST-003828,22,96566.26,4,88371.99,24,21.82,497,0.2036,5,2,RETIRED,HIGH_SCHOOL,SINGLE,AUTO,1
CUST-003829,34,114881.54,16,69660.05,12,10.84,679,0.0757,5,2,SALARIED,PHD,MARRIED,PERSONAL,1
CUST-003830,23,119682.04,3,15894.16,24,14.26,695,0.4890,2,0,UNEMPLOYED,HIGH_SCHOOL,SINGLE,EDUCATION,0
CUST-003831,55,25091.21,7,39070.06,36,16.69,444,0.2887,0,0,RETIRED,HIGH_SCHOOL,SINGLE,BUSINESS,1
CUST-003832,29,137273.55,1,33212.11,36,8.77,501,0.2083,4,0,SALARIED,PHD,MARRIED,EDUCATION,0
CUST-003833,34,143188.79,16,51685.37,60,5.53,790,0.0958,0,0,SELF_EMPLOYED,HIGH_SCHOOL,SINGLE,BUSINESS,0
CUST-003834,27,93263.55,9,52725.94,48,7.12,791,0.3116,6,0,SALARIED,BACHELORS,MARRIED,BUSINESS,0
CUST-003835,38,152573.95,5,18389.33,12,18.10,562,0.1786,3,0,SALARIED,MASTERS,DIVORCED,AUTO,0
CUST-003836,34,35448.95,3,29370.75,48,22.67,797,0.0551,0,0,SALARIED,MASTERS,SINGLE,HOME,1
CUST-003837,37,188791.70,19,55295.31,12,13.00,509,0.3479,2,0,RETIRED,MASTERS,MARRIED,AUTO,0
CUST-003838,59,88239.69,32,51724.85,60,18.21,525,0.3653,0,0,RETIRED,HIGH_SCHOOL,SINGLE,AUTO,1
CUST-003839,40,81059.89,22,24150.38,36,17.49,578,0.5181,2,0,SALARIED,BACHELORS,SINGLE,BUSINESS,0
CUST-003840,36,128524.57,18,27148.30,60,8.89,528,0.5537,2,0,RETIRED,BACHELORS,SINGLE,BUSINESS,0
CUST-003841,44,181752.06,15,69947.65,36,15.43,621,0.0796,2,0,RETIRED,PHD,SINGLE,EDUCATION,0
CUST-003842,48,84494.20,21,45566.87,24,17.06,480,0.4733,6,0,SELF_EMPLOYED,HIGH_SCHOOL,MARRIED,BUSINESS,1
CUST-003843,40,142660.03,2,80957.61,48,9.73,788,0.2754,1,0,SELF_EMPLOYED,BACHELORS,DIVORCED,PERSONAL,0
CUST-003844,36,92147.83,0,81879.65,24,20.98,812,0.5496,3,0,SELF_EMPLOYED,PHD,SINGLE,BUSINESS,1
CUST-003845,23,197114.79,5,76599.24,60,15.02,775,0.5832,5,0,RETIRED,BACHELORS,DIVORCED,AUTO,0
CUST-003846,61,181746.77,8,22246.77,36,5.24,353,0.3091,1,0,SALARIED,PHD,SINGLE,AUTO,0
CUST-003847,66,30000.96,2,63895.42,60,8.70,497,0.0758,1,0,SALARIED,MASTERS,SINGLE,BUSINESS,0
CUST-003848,21,199842.73,3,23346.82,12,24.03,835,0.0742,0,0,UNEMPLOYED,MASTERS,MARRIED,HOME,0
CUST-003849,50,74909.76,5,41979.22,12,21.04,520,0.3824,3,0,SELF_EMPLOYED,HIGH_SCHOOL,DIVORCED,BUSINESS,1
CUST-003850,63,57103.47,30,69095.96,24,19.17,727,0.3669,2,0,RETIRED,PHD,MARRIED,PERSONAL,1
CUST-003851,60,144918.05,16,82388.54,60,19.72,456,0.1224,3,0,SALARIED,BACHELORS,MARRIED,BUSINESS,0
CUST-003852,52,21408.66,12,61941.48,48,22.13,388,0.3525,2,0,SALARIED,HIGH_SCHOOL,MARRIED,BUSINESS,0
CUST-003853,65,168110.40,14,36609.67,12,14.75,726,0.1612,1,0,SALARIED,MASTERS,SINGLE,EDUCATION,0
CUST-003854,37,103423.71,14,75342.36,60,23.26,507,0.5127,2,0,RETIRED,BACHELORS,DIVORCED,PERSONAL,1
CUST-003855,67,74812.40,4,65416.44,12,19.20,418,0.3508,1,0,SELF_EMPLOYED,PHD,MARRIED,PERSONAL,1
CUST-003856,46,188045.63,12,81199.23,24,14.78,785,0.6353,2,0,RETIRED,PHD,DIVORCED,BUSINESS,0
CUST-003857,44,70909.88,5,55800.95,24,15.38,597,0.0728,3,3,RETIRED,MASTERS,MARRIED,HOME,1
CUST-003858,32,111982.32,14,89171.13,36,24.18,637,0.3615,0,0,RETIRED,PHD,MARRIED,BUSINESS,1
CUST-003859,38,60298.22,5,59946.39,48,22.62,710,0.0968,3,0,UNEMPLOYED,MASTERS,MARRIED,BUSINESS,0
CUST-003860,35,83220.70,12,51070.19,60,7.76,551,0.1385,4,0,SALARIED,MASTERS,DIVORCED,PERSONAL,0
CUST-003861,63,195499.33,14,30480.50,60,8.59,635,0.5213,6,0,UNEMPLOYED,HIGH_SCHOOL,MARRIED,PERSONAL,1
CUST-003862,30,190797.33,12,22611.67,36,17.02,568,0.3475,2,0,SELF_EMPLOYED,PHD,SINGLE,AUTO,1
CUST-003863,61,170744.55,32,20119.77,24,17.00,320,0.3989,3,0,RETIRED,HIGH_SCHOOL,DIVORCED,BUSINESS,1
CUST-003864,22,86471.08,4,89688.91,60,18.76,748,0.1186,2,0,UNEMPLOYED,MASTERS,DIVORCED,EDUCATION,0
CUST-003865,28,174160.26,10,60877.27,24,19.64,730,0.5888,2,0,SALARIED,PHD,DIVORCED,AUTO,0
CUST-003866,58,128371.49,15,83797.41,60,7.85,623,0.3999,6,0,SALARIED,HIGH_SCHOOL,DIVORCED,HOME,0
CUST-003867,50,178905.58,23,68846.51,60,13.74,568,0.3775,0,0,SELF_EMPLOYED,BACHELORS,MARRIED,AUTO,0
CUST-003868,21,155205.11,3,53525.30,24,19.22,611,0.3121,5,3,SELF_EMPLOYED,PHD,SINGLE,HOME,1
CUST-003869,24,104290.24,6,49444.44,12,14.03,594,0.4182,0,0,RETIRED,PHD,DIVORCED,AUTO,0
CUST-003870,38,78481.84,1,23038.34,12,6.19,376,0.5075,5,0,SALARIED,PHD,DIVORCED,EDUCATION,0
CUST-003871,44,138962.01,10,40249.93,36,24.20,579,0.6662,6,0,SELF_EMPLOYED,HIGH_SCHOOL,DIVORCED,EDUCATION,1
CUST-003872,31,179583.22,3,60205.61,48,12.61,440,0.5420,6,0,SALARIED,PHD,DIVORCED,EDUCATION,1
CUST-003873,48,101122.62,6,76590.26,48,18.52,553,0.6135,2,3,SALARIED,MASTERS,DIVORCED,AUTO,1
CUST-003874,64,118863.61,11,72531.95,60,9.97,417,0.1852,5,0,SELF_EMPLOYED,MASTERS,SINGLE,AUTO,0
CUST-003875,44,124587.45,0,73856.42,48,19.49,648,0.2788,3,0,SALARIED,BACHELORS,SINGLE,PERSONAL,0
CUST-003876,38,61735.38,3,17930.07,48,8.91,750,0.6603,4,0,UNEMPLOYED,PHD,MARRIED,HOME,0
CUST-003877,36,108637.23,1,65482.50,36,19.85,466,0.2700,6,0,SELF_EMPLOYED,PHD,MARRIED,PERSONAL,1
CUST-003878,47,105499.86,1,79504.00,24,10.11,369,0.0674,0,0,UNEMPLOYED,HIGH_SCHOOL,MARRIED,EDUCATION,0
CUST-003879,40,36926.92,22,72715.02,12,14.43,744,0.4324,6,3,SELF_EMPLOYED,PHD,MARRIED,EDUCATION,1
CUST-003880,64,160203.90,19,42731.01,36,25.00,443,0.3346,1,0,RETIRED,BACHELORS,MARRIED,HOME,1
CUST-003881,41,93859.84,11,12358.22,36,24.35,666,0.5526,2,0,RETIRED,HIGH_SCHOOL,SINGLE,HOME,0
CUST-003882,61,98303.82,2,6118.44,12,14.81,576,0.4996,3,2,UNEMPLOYED,HIGH_SCHOOL,SINGLE,HOME,1
CUST-003883,35,136455.67,17,12697.67,12,6.54,474,0.2629,1,0,SELF_EMPLOYED,PHD,SINGLE,AUTO,0
CUST-003884,38,69930.55,20,74717.26,12,11.96,817,0.2340,6,3,RETIRED,PHD,SINGLE,PERSONAL,1
CUST-003885,63,127231.12,14,68899.12,12,13.97,716,0.5142,2,0,UNEMPLOYED,MASTERS,SINGLE,AUTO,1
CUST-003886,42,47103.32,2,24357.22,48,14.14,567,0.0520,1,0,SELF_EMPLOYED,HIGH_SCHOOL,SINGLE,AUTO,1
CUST-003887,58,162568.21,17,42314.29,24,21.44,847,0.1026,1,0,RETIRED,PHD,MARRIED,AUTO,0
CUST-003888,25,58852.30,6,80026.58,60,16.74,647,0.0793,0,0,SALARIED,HIGH_SCHOOL,SINGLE,HOME,0
CUST-003889,25,29272.88,7,67514.14,12,10.64,825,0.1579,4,0,RETIRED,PHD,SINGLE,HOME,0
CUST-003890,39,43603.65,?,22408.92,12,7.00,327,0.3746,3,0,UNEMPLOYED,HIGH_SCHOOL,SINGLE,BUSINESS,0
CUST-003891,30,70352.27,?,56143.54,12,24.07,559,0.5693,5,0,SELF_EMPLOYED,HIGH_SCHOOL,DIVORCED,EDUCATION,1
CUST-003892,59,85317.29,18,23342.99,24,16.54,415,0.4695,6,3,SELF_EMPLOYED,HIGH_SCHOOL,DIVORCED,PERSONAL,1
CUST-003893,69,73528.11,30,28747.07,36,23.42,324,0.1267,4,0,SELF_EMPLOYED,PHD,DIVORCED,HOME,0
CUST-003894,31,151458.49,2,72802.60,60,12.88,414,0.4421,0,0,RETIRED,PHD,MARRIED,BUSINESS,1
CUST-003895,31,114585.23,13,88662.49,60,12.93,436,0.3731,4,0,SALARIED,PHD,DIVORCED,BUSINESS,1
CUST-003896,62,161238.33,8,42825.65,24,24.65,625,0.4781,1,1,RETIRED,HIGH_SCHOOL,SINGLE,PERSONAL,1
CUST-003897,32,182737.98,0,53285.29,36,15.12,379,0.5778,3,1,RETIRED,BACHELORS,MARRIED,AUTO,1
CUST-003898,33,148750.04,10,19100.04,12,13.81,701,0.1417,3,0,SALARIED,HIGH_SCHOOL,DIVORCED,AUTO,0
CUST-003899,65,118364.87,14,52895.24,12,22.20,787,0.3836,4,0,RETIRED,MASTERS,SINGLE,PERSONAL,1
CUST-003900,29,75657.40,11,35752.42,12,19.71,793,0.4679,0,0,RETIRED,HIGH_SCHOOL,MARRIED,AUTO,0
CUST-003901,54,193423.06,9,68753.56,24,17.53,481,0.1418,0,0,UNEMPLOYED,MASTERS,MARRIED,HOME,1
CUST-003902,28,102371.01,9,88488.82,36,5.45,775,0.2362,6,0,RETIRED,PHD,MARRIED,PERSONAL,0
CUST-003903,40,104835.57,22,26819.08,60,24.28,328,0.1355,5,0,UNEMPLOYED,PHD,MARRIED,BUSINESS,0
CUST-003904,32,65507.60,1,77802.45,12,24.79,793,0.2395,1,0,UNEMPLOYED,MASTERS,MARRIED,HOME,0
CUST-003905,43,135955.47,25,79718.34,48,17.95,413,0.1117,5,0,RETIRED,PHD,MARRIED,AUTO,1
CUST-003906,51,116678.60,17,82398.80,60,11.48,339,0.5944,4,0,UNEMPLOYED,BACHELORS,SINGLE,EDUCATION,1
CUST-003907,54,147359.63,6,5448.32,36,14.94,679,0.5903,1,0,UNEMPLOYED,HIGH_SCHOOL,DIVORCED,EDUCATION,0
CUST-003908,32,37198.10,14,27068.26,48,19.03,595,0.1269,0,0,SALARIED,HIGH_SCHOOL,SINGLE,HOME,1
CUST-003909,61,102866.37,27,4180.63,60,21.76,845,0.4069,6,0,RETIRED,HIGH_SCHOOL,DIVORCED,HOME,0
CUST-003910,39,18319.94,21,51168.50,48,16.10,604,0.2320,3,0,SELF_EMPLOYED,MASTERS,DIVORCED,PERSONAL,0
CUST-003911,65,57579.72,8,59660.20,12,14.25,?,0.1774,6,0,SALARIED,BACHELORS,DIVORCED,HOME,1
CUST-003912,54,105175.71,30,53299.94,12,24.59,315,0.1481,3,0,SALARIED,MASTERS,DIVORCED,HOME,1
CUST-003913,68,90942.13,23,29341.76,48,20.13,749,0.5542,4,0,SALARIED,PHD,DIVORCED,PERSONAL,0
CUST-003914,25,161311.86,7,3525.98,48,10.92,561,0.2837,5,0,RETIRED,MASTERS,SINGLE,PERSONAL,0
CUST-003915,69,130398.42,12,15125.10,36,12.63,820,0.0692,6,0,RETIRED,MASTERS,SINGLE,BUSINESS,1
CUST-003916,38,102958.85,0,26868.03,12,11.33,584,0.3786,0,0,SALARIED,BACHELORS,MARRIED,HOME,0
CUST-003917,65,83064.90,29,74069.75,12,5.02,426,0.1513,5,0,UNEMPLOYED,HIGH_SCHOOL,DIVORCED,PERSONAL,1
CUST-003918,64,155538.00,11,20333.81,36,10.55,802,0.3675,4,1,UNEMPLOYED,HIGH_SCHOOL,DIVORCED,EDUCATION,0
CUST-003919,49,139511.61,24,77116.79,48,7.09,361,0.4544,5,0,RETIRED,HIGH_SCHOOL,MARRIED,BUSINESS,0
CUST-003920,57,146298.02,11,31186.09,24,8.89,696,0.6967,3,2,UNEMPLOYED,BACHELORS,SINGLE,PERSONAL,1
CUST-003921,31,195684.63,?,61149.11,60,17.32,798,0.6912,2,0,SELF_EMPLOYED,MASTERS,SINGLE,HOME,0
CUST-003922,55,193699.35,2,75080.90,48,12.65,431,0.3191,3,0,SALARIED,MASTERS,SINGLE,PERSONAL,0
CUST-003923,58,90243.96,17,20512.83,12,24.49,530,0.0746,2,2,RETIRED,HIGH_SCHOOL,MARRIED,AUTO,0
CUST-003924,45,90197.34,1,26011.21,48,6.07,600,0.3464,4,0,SELF_EMPLOYED,MASTERS,DIVORCED,HOME,0
CUST-003925,24,76787.77,6,61451.25,12,17.31,649,0.0893,6,0,SALARIED,PHD,MARRIED,AUTO,1
CUST-003926,38,122091.75,20,67437.66,12,8.91,504,0.5978,4,0,RETIRED,MASTERS,SINGLE,HOME,0
CUST-003927,53,78853.62,13,89100.92,12,15.87,409,0.2833,2,1,SALARIED,PHD,MARRIED,PERSONAL,1
CUST-003928,24,67634.56,6,43166.35,12,7.12,361,0.6660,3,0,UNEMPLOYED,HIGH_SCHOOL,MARRIED,AUTO,1
CUST-003929,26,149887.75,8,64929.06,60,8.25,782,0.3668,6,0,UNEMPLOYED,PHD,SINGLE,PERSONAL,0
CUST-003930,41,140195.54,23,74578.05,12,14.20,694,0.3885,0,0,UNEMPLOYED,HIGH_SCHOOL,DIVORCED,BUSINESS,0
CUST-003931,21,128663.96,3,26238.57,36,21.16,408,0.7000,2,0,SELF_EMPLOYED,PHD,DIVORCED,AUTO,1
CUST-003932,37,104664.62,14,52009.14,12,23.28,701,0.5053,5,1,SALARIED,HIGH_SCHOOL,MARRIED,BUSINESS,1
CUST-003933,49,90804.35,30,27239.57,48,22.89,572,0.3424,5,2,UNEMPLOYED,MASTERS,DIVORCED,PERSONAL,1
CUST-003934,63,180211.15,4,27776.38,60,19.37,807,0.3594,0,0,SELF_EMPLOYED,MASTERS,DIVORCED,EDUCATION,0
CUST-003935,69,179788.69,2,75319.04,36,24.64,692,0.3861,6,0,RETIRED,HIGH_SCHOOL,MARRIED,PERSONAL,0
CUST-003936,36,?,18,58742.06,24,18.62,813,0.4523,6,0,SELF_EMPLOYED,MASTERS,MARRIED,EDUCATION,0
CUST-003937,60,153030.19,9,64654.88,24,7.25,776,0.3096,6,0,SELF_EMPLOYED,PHD,SINGLE,BUSINESS,0
CUST-003938,62,103691.83,12,30936.20,12,6.51,461,0.4447,6,1,RETIRED,BACHELORS,MARRIED,AUTO,1
CUST-003939,29,?,11,5488.39,36,22.73,382,0.3192,6,0,SALARIED,BACHELORS,DIVORCED,EDUCATION,0
CUST-003940,48,38181.36,0,89976.25,12,8.81,325,0.1311,2,0,UNEMPLOYED,BACHELORS,SINGLE,HOME,0
CUST-003941,46,45831.78,16,5311.68,48,9.93,715,0.0769,0,0,SALARIED,MASTERS,DIVORCED,PERSONAL,0
CUST-003942,37,100644.46,19,31640.22,60,12.41,621,0.2448,3,0,SALARIED,HIGH_SCHOOL,SINGLE,AUTO,0
CUST-003943,26,51668.67,8,52088.29,48,21.49,327,0.2977,0,0,UNEMPLOYED,BACHELORS,MARRIED,HOME,0
CUST-003944,41,21219.82,12,10025.92,36,18.86,807,0.3575,1,0,SELF_EMPLOYED,HIGH_SCHOOL,SINGLE,HOME,1
CUST-003945,68,25492.63,22,88471.45,12,16.81,755,0.4362,5,0,SALARIED,PHD,SINGLE,HOME,1
CUST-003946,65,19410.72,17,16031.76,12,5.50,597,0.6083,1,1,SELF_EMPLOYED,PHD,DIVORCED,EDUCATION,1
CUST-003947,69,144086.19,29,24390.74,12,24.73,309,0.4253,4,0,SELF_EMPLOYED,PHD,SINGLE,BUSINESS,1
CUST-003948,32,20512.98,14,64828.61,60,5.48,361,0.3732,0,0,UNEMPLOYED,HIGH_SCHOOL,DIVORCED,PERSONAL,1
CUST-003949,23,163625.17,?,76623.23,12,5.11,522,0.0995,2,1,SELF_EMPLOYED,PHD,MARRIED,HOME,0
CUST-003950,38,66546.00,20,40434.16,24,15.11,750,0.3861,1,0,SELF_EMPLOYED,PHD,MARRIED,HOME,1
CUST-003951,28,85091.97,10,69128.80,36,17.44,786,0.0836,5,0,SALARIED,PHD,SINGLE,BUSINESS,0
CUST-003952,51,89474.43,15,26085.83,48,9.94,569,0.0507,4,0,SALARIED,BACHELORS,SINGLE,HOME,0
CUST-003953,46,168621.93,21,56454.37,24,5.70,663,0.6703,2,3,SELF_EMPLOYED,HIGH_SCHOOL,MARRIED,AUTO,1
CUST-003954,39,187082.07,19,86631.71,24,23.83,749,0.3915,3,0,UNEMPLOYED,MASTERS,SINGLE,PERSONAL,1
CUST-003955,21,98462.22,2,34544.89,36,16.23,729,0.2869,3,0,RETIRED,MASTERS,SINGLE,AUTO,0
CUST-003956,35,24947.55,?,42177.82,48,22.63,814,0.6508,0,0,UNEMPLOYED,BACHELORS,MARRIED,PERSONAL,1
CUST-003957,69,197605.86,31,36046.14,36,7.48,611,0.4879,6,0,SALARIED,HIGH_SCHOOL,MARRIED,EDUCATION,0
CUST-003958,57,121042.07,26,36623.35,48,7.29,413,0.1888,1,0,SELF_EMPLOYED,MASTERS,DIVORCED,HOME,0
CUST-003959,55,149176.83,21,25032.90,12,14.50,755,0.1556,0,0,RETIRED,HIGH_SCHOOL,MARRIED,AUTO,0
CUST-003960,64,84928.32,13,3178.55,24,21.91,341,0.0680,3,0,SELF_EMPLOYED,HIGH_SCHOOL,SINGLE,EDUCATION,0
CUST-003961,34,87511.26,8,42275.11,24,20.49,529,0.3486,5,0,SALARIED,PHD,DIVORCED,HOME,1
CUST-003962,37,71373.20,19,51860.14,24,10.87,395,0.6926,0,0,RETIRED,MASTERS,DIVORCED,EDUCATION,1
CUST-003963,51,86024.88,33,5376.29,24,9.17,460,0.4569,1,0,SELF_EMPLOYED,BACHELORS,DIVORCED,EDUCATION,0
CUST-003964,54,63134.88,32,74045.97,48,21.47,610,0.3956,4,0,SALARIED,PHD,SINGLE,HOME,0
CUST-003965,30,183867.01,12,33462.05,48,5.41,347,0.0715,6,0,SALARIED,MASTERS,SINGLE,PERSONAL,1
CUST-003966,33,84100.61,15,32020.63,24,6.91,794,0.4067,6,0,UNEMPLOYED,MASTERS,DIVORCED,EDUCATION,1
CUST-003967,34,190370.75,3,53311.40,24,5.95,694,0.5747,1,0,SALARIED,MASTERS,DIVORCED,HOME,0
CUST-003968,24,169647.46,6,82041.09,48,6.68,837,0.5472,2,0,UNEMPLOYED,PHD,DIVORCED,EDUCATION,1
CUST-003969,41,104146.89,12,19103.42,48,22.12,545,0.3873,0,0,UNEMPLOYED,PHD,DIVORCED,HOME,1
CUST-003970,42,131195.97,8,12530.36,48,6.86,840,0.3262,5,0,RETIRED,HIGH_SCHOOL,DIVORCED,AUTO,1
CUST-003971,44,94890.35,13,83780.57,48,14.94,480,0.1123,3,0,SALARIED,HIGH_SCHOOL,DIVORCED,EDUCATION,0
CUST-003972,70,161437.55,1,21152.93,60,22.45,?,0.5860,4,0,SELF_EMPLOYED,MASTERS,MARRIED,AUTO,1
CUST-003973,42,69651.86,5,29582.04,24,20.34,469,0.1458,1,0,RETIRED,HIGH_SCHOOL,MARRIED,AUTO,0
CUST-003974,59,143917.98,33,77467.50,36,16.08,770,0.0778,4,2,UNEMPLOYED,BACHELORS,MARRIED,HOME,1
CUST-003975,28,187959.19,2,56203.59,24,16.96,301,0.5400,6,0,SELF_EMPLOYED,HIGH_SCHOOL,SINGLE,EDUCATION,1
CUST-003976,57,69976.79,4,80429.08,48,21.65,692,0.1533,5,1,RETIRED,PHD,SINGLE,BUSINESS,1
CUST-003977,53,174012.08,29,75302.47,12,20.15,751,0.5365,6,0,UNEMPLOYED,MASTERS,SINGLE,PERSONAL,1
CUST-003978,64,186572.08,11,67083.52,48,13.89,598,0.3384,3,0,SELF_EMPLOYED,MASTERS,SINGLE,BUSINESS,0
CUST-003979,63,144642.82,23,37828.07,36,24.67,744,0.5930,4,0,RETIRED,MASTERS,SINGLE,BUSINESS,1
CUST-003980,38,140429.57,20,69136.67,24,14.63,476,0.3972,3,0,SALARIED,MASTERS,MARRIED,EDUCATION,0
CUST-003981,31,42388.72,2,46239.05,12,15.70,418,0.4316,0,0,RETIRED,BACHELORS,SINGLE,PERSONAL,1
CUST-003982,38,38615.45,1,45341.45,60,10.92,483,0.2254,1,0,RETIRED,BACHELORS,DIVORCED,PERSONAL,0
CUST-003983,35,104739.67,17,38236.39,12,20.19,608,0.5175,0,1,SALARIED,MASTERS,DIVORCED,PERSONAL,1
CUST-003984,70,56205.23,9,28639.75,60,10.42,467,0.4833,1,0,UNEMPLOYED,MASTERS,DIVORCED,PERSONAL,1
CUST-003985,67,183713.67,30,62426.45,12,9.22,567,0.3294,2,2,SELF_EMPLOYED,PHD,DIVORCED,BUSINESS,1
CUST-003986,50,136480.59,18,33245.13,60,12.38,765,0.4752,3,0,UNEMPLOYED,PHD,SINGLE,HOME,1
CUST-003987,57,192924.11,8,30497.58,48,8.36,419,0.3101,3,0,RETIRED,MASTERS,MARRIED,EDUCATION,0
CUST-003988,62,129668.17,16,26032.54,36,16.01,774,0.2269,0,0,RETIRED,MASTERS,MARRIED,HOME,0
CUST-003989,25,101154.27,7,41760.90,12,21.88,675,0.1422,0,0,SELF_EMPLOYED,PHD,SINGLE,EDUCATION,0
CUST-003990,51,28115.22,13,31484.30,36,7.29,707,0.2208,0,0,SALARIED,MASTERS,SINGLE,AUTO,0
CUST-003991,37,94404.66,4,17273.07,24,14.47,422,0.4764,4,0,SALARIED,HIGH_SCHOOL,MARRIED,BUSINESS,1
CUST-003992,49,166909.14,21,89970.62,12,11.05,389,0.1895,5,0,UNEMPLOYED,MASTERS,DIVORCED,PERSONAL,1
CUST-003993,37,128309.36,19,10145.99,24,24.23,628,0.6154,2,0,UNEMPLOYED,PHD,DIVORCED,HOME,1
CUST-003994,61,164965.57,16,88324.38,12,7.57,540,0.3325,5,0,SALARIED,BACHELORS,SINGLE,AUTO,0
CUST-003995,40,187387.74,4,56820.22,60,7.53,564,0.2512,0,0,SALARIED,BACHELORS,DIVORCED,EDUCATION,1
CUST-003996,22,86531.52,4,30851.31,48,22.29,744,0.6004,1,0,SELF_EMPLOYED,BACHELORS,SINGLE,HOME,1
CUST-003997,51,43401.79,23,79337.59,36,13.54,513,0.3604,0,0,UNEMPLOYED,PHD,MARRIED,BUSINESS,1
CUST-003998,24,92917.89,6,29153.92,36,11.61,601,0.1114,6,3,RETIRED,HIGH_SCHOOL,MARRIED,PERSONAL,1
CUST-003999,67,116559.05,9,82700.13,60,9.59,728,0.6831,0,0,SALARIED,PHD,SINGLE,HOME,1
CUST-004000,35,80294.63,17,36714.55,36,6.49,702,0.6655,2,0,SALARIED,MASTERS,DIVORCED,BUSINESS,0
CUST-004001,32,108549.33,14,59125.17,24,21.93,560,0.6558,6,0,RETIRED,HIGH_SCHOOL,MARRIED,BUSINESS,0
CUST-004002,53,122029.81,22,17054.67,48,24.15,451,0.2563,0,0,UNEMPLOYED,PHD,SINGLE,PERSONAL,0
CUST-004003,58,164785.04,17,82268.60,48,5.84,366,0.4892,0,0,RETIRED,PHD,SINGLE,HOME,0
CUST-004004,48,132826.90,4,82495.72,60,21.80,481,0.1559,6,0,RETIRED,HIGH_SCHOOL,DIVORCED,BUSINESS,1
CUST-004005,29,186663.85,11,43866.32,24,20.09,621,0.1319,0,0,SALARIED,MASTERS,MARRIED,PERSONAL,1
CUST-004006,25,?,1,56913.69,24,16.73,806,0.0704,5,3,SALARIED,HIGH_SCHOOL,SINGLE,BUSINESS,1
CUST-004007,27,102038.46,2,76096.61,12,20.52,338,0.4924,6,0,RETIRED,PHD,DIVORCED,AUTO,0
CUST-004008,28,54127.24,10,82964.25,60,17.71,694,0.6603,3,0,UNEMPLOYED,BACHELORS,DIVORCED,BUSINESS,0
CUST-004009,31,78922.80,?,29436.16,60,6.62,407,0.6308,3,0,RETIRED,BACHELORS,SINGLE,AUTO,0
CUST-004010,48,70988.21,2,18147.12,48,17.84,325,0.3425,3,0,SELF_EMPLOYED,BACHELORS,SINGLE,BUSINESS,0
CUST-004011,27,31612.28,9,19818.87,60,13.84,345,0.2303,0,0,RETIRED,BACHELORS,SINGLE,BUSINESS,0
CUST-004012,34,65257.12,16,49049.71,60,22.24,667,0.2149,0,2,UNEMPLOYED,HIGH_SCHOOL,DIVORCED,HOME,1
CUST-004013,65,62762.55,34,75750.74,12,17.82,521,0.5433,6,0,SELF_EMPLOYED,PHD,DIVORCED,PERSONAL,1
CUST-004014,28,112064.56,10,40673.03,36,7.08,367,0.5275,4,0,SELF_EMPLOYED,BACHELORS,DIVORCED,PERSONAL,0
CUST-004015,55,109418.21,4,22254.09,36,21.34,733,0.4818,6,0,RETIRED,BACHELORS,DIVORCED,PERSONAL,1
CUST-004016,47,79817.61,9,51437.89,24,6.81,462,0.0508,4,0,UNEMPLOYED,BACHELORS,MARRIED,BUSINESS,1
CUST-004017,31,159494.84,1,57277.28,24,18.67,791,0.4002,5,0,SALARIED,MASTERS,MARRIED,EDUCATION,0
CUST-004018,37,146581.40,19,47185.05,60,23.64,841,0.6776,3,0,SELF_EMPLOYED,MASTERS,MARRIED,AUTO,0
CUST-004019,60,168785.94,13,7535.59,48,24.14,614,0.2467,4,0,SELF_EMPLOYED,MASTERS,MARRIED,EDUCATION,0
CUST-004020,26,84976.75,8,22536.30,60,24.96,479,0.4758,5,0,RETIRED,PHD,MARRIED,EDUCATION,1
CUST-004021,64,108663.01,?,66750.88,12,17.10,802,0.3566,6,0,SELF_EMPLOYED,PHD,MARRIED,EDUCATION,0
CUST-004022,40,174648.36,20,23413.24,12,9.05,569,0.6091,1,0,SELF_EMPLOYED,HIGH_SCHOOL,MARRIED,BUSINESS,0
CUST-004023,63,49366.80,19,76362.05,24,22.72,713,0.3691,2,0,SALARIED,PHD,MARRIED,PERSONAL,0
CUST-004024,36,147373.35,18,72260.46,12,17.90,642,0.3788,0,0,UNEMPLOYED,PHD,MARRIED,EDUCATION,1
CUST-004025,67,81781.37,15,60244.80,48,12.20,809,0.3187,4,0,UNEMPLOYED,PHD,MARRIED,PERSONAL,0
CUST-004026,53,187929.57,10,5644.54,12,13.27,675,0.1601,3,0,UNEMPLOYED,MASTERS,SINGLE,HOME,0
CUST-004027,21,61471.15,3,72470.40,36,5.83,421,0.1119,3,1,RETIRED,BACHELORS,MARRIED,PERSONAL,0
CUST-004028,37,39039.93,0,42998.24,60,13.61,525,0.5147,0,0,SELF_EMPLOYED,PHD,MARRIED,BUSINESS,1
CUST-004029,44,117173.54,12,77068.73,60,21.78,340,0.6217,3,0,SELF_EMPLOYED,BACHELORS,MARRIED,AUTO,1
CUST-004030,62,86185.93,20,46428.44,24,18.76,819,0.1886,2,0,UNEMPLOYED,PHD,SINGLE,HOME,0
CUST-004031,67,147105.22,32,26362.37,36,24.15,511,0.1229,6,1,RETIRED,PHD,MARRIED,HOME,1
CUST-004032,29,185460.96,4,12757.29,48,6.68,304,0.4508,4,2,RETIRED,MASTERS,SINGLE,AUTO,0
CUST-004033,51,52650.49,27,4175.66,36,21.58,792,0.0635,0,1,SALARIED,BACHELORS,DIVORCED,AUTO,1
CUST-004034,62,83015.75,0,36258.53,12,24.05,524,0.4957,6,1,UNEMPLOYED,PHD,DIVORCED,PERSONAL,1
CUST-004035,65,38874.65,10,3995.01,36,6.38,507,0.6590,4,0,RETIRED,HIGH_SCHOOL,SINGLE,EDUCATION,1
CUST-004036,49,38152.58,24,84411.60,36,10.68,817,0.1371,2,0,RETIRED,PHD,MARRIED,EDUCATION,1
CUST-004037,33,177646.07,10,18817.09,60,21.52,495,0.3266,5,0,RETIRED,HIGH_SCHOOL,DIVORCED,AUTO,0
CUST-004038,32,185891.44,1,58439.82,48,23.06,489,0.4519,2,2,RETIRED,MASTERS,DIVORCED,PERSONAL,1
CUST-004039,66,184837.76,23,42206.75,36,12.26,461,0.4658,5,0,UNEMPLOYED,HIGH_SCHOOL,DIVORCED,PERSONAL,1
CUST-004040,21,170196.42,3,31297.82,48,7.15,370,0.0668,1,0,SELF_EMPLOYED,MASTERS,MARRIED,HOME,0
CUST-004041,62,87708.48,25,4314.87,48,18.25,468,0.3030,1,0,UNEMPLOYED,BACHELORS,SINGLE,HOME,1
CUST-004042,58,182691.40,8,52732.80,48,14.80,316,0.2658,1,0,SALARIED,BACHELORS,MARRIED,AUTO,0
CUST-004043,62,153848.75,3,46929.08,48,24.50,588,0.6923,2,0,SELF_EMPLOYED,HIGH_SCHOOL,SINGLE,AUTO,1
CUST-004044,38,40367.41,?,29455.27,48,5.07,498,0.1192,3,0,UNEMPLOYED,PHD,SINGLE,AUTO,1
CUST-004045,45,118426.03,24,86612.52,36,19.60,432,0.5179,0,0,SELF_EMPLOYED,BACHELORS,MARRIED,PERSONAL,0
CUST-004046,64,147785.62,9,74802.87,12,8.67,802,0.1700,3,1,SELF_EMPLOYED,HIGH_SCHOOL,MARRIED,PERSONAL,1
CUST-004047,57,157657.87,17,85830.42,60,18.07,310,0.3281,0,0,RETIRED,BACHELORS,MARRIED,HOME,1
CUST-004048,31,140312.19,13,76228.24,48,17.19,749,0.5981,4,0,SALARIED,HIGH_SCHOOL,SINGLE,AUTO,1
CUST-004049,52,94746.20,27,83143.88,60,6.76,533,0.2519,2,0,RETIRED,PHD,SINGLE,BUSINESS,0
CUST-004050,26,161057.32,5,42614.90,36,5.63,794,0.3310,5,0,SELF_EMPLOYED,BACHELORS,MARRIED,HOME,0
CUST-004051,37,18625.31,11,7034.90,24,21.55,752,0.5970,3,0,SELF_EMPLOYED,PHD,SINGLE,EDUCATION,0
CUST-004052,40,153600.57,8,33942.47,60,14.07,847,0.1019,4,0,RETIRED,MASTERS,DIVORCED,EDUCATION,0
CUST-004053,67,152625.95,18,16307.15,48,19.73,839,0.1573,5,0,UNEMPLOYED,MASTERS,SINGLE,AUTO,0
CUST-004054,59,44756.63,10,34046.12,12,8.51,602,0.6756,3,0,UNEMPLOYED,MASTERS,DIVORCED,BUSINESS,1
CUST-004055,54,166550.29,26,71844.51,60,23.62,313,0.4155,6,2,SALARIED,MASTERS,SINGLE,EDUCATION,1
CUST-004056,53,?,17,81209.26,12,7.58,389,0.4793,5,0,SALARIED,MASTERS,DIVORCED,PERSONAL,1
CUST-004057,64,179477.42,22,42598.21,60,6.93,490,0.2936,4,0,SALARIED,MASTERS,DIVORCED,HOME,1
CUST-004058,23,193082.55,5,37215.44,60,18.85,356,0.4752,1,0,SALARIED,BACHELORS,MARRIED,PERSONAL,0
CUST-004059,58,57425.25,5,42461.05,24,14.94,658,0.1543,3,0,SALARIED,BACHELORS,SINGLE,EDUCATION,0
CUST-004060,53,185214.15,24,48936.41,60,10.31,785,0.6685,0,0,UNEMPLOYED,HIGH_SCHOOL,SINGLE,AUTO,0
CUST-004061,54,182063.99,15,55119.13,24,9.49,691,0.5214,6,0,SALARIED,MASTERS,DIVORCED,AUTO,0
CUST-004062,33,188093.10,15,35394.27,36,23.20,839,0.0928,3,0,RETIRED,BACHELORS,MARRIED,EDUCATION,0
CUST-004063,56,166963.80,6,51050.89,24,14.85,416,0.6636,6,0,RETIRED,PHD,MARRIED,PERSONAL,1
CUST-004064,30,87550.09,10,76153.31,48,8.39,360,0.4116,2,0,RETIRED,HIGH_SCHOOL,DIVORCED,EDUCATION,1
CUST-004065,55,125393.64,34,16030.95,12,5.89,772,0.4784,6,0,SALARIED,BACHELORS,DIVORCED,EDUCATION,0
CUST-004066,47,88128.70,4,11340.56,48,6.27,568,0.0660,3,0,RETIRED,PHD,DIVORCED,HOME,0
CUST-004067,63,117620.89,12,8575.92,48,13.09,516,0.0953,0,1,RETIRED,PHD,SINGLE,AUTO,1
CUST-004068,41,52555.59,17,84089.47,24,23.69,316,0.6045,0,0,RETIRED,PHD,SINGLE,HOME,1
CUST-004069,22,80528.86,4,76342.01,60,16.61,568,0.0887,2,0,RETIRED,HIGH_SCHOOL,DIVORCED,EDUCATION,1
CUST-004070,69,174845.18,23,69319.97,12,6.99,532,0.1732,5,1,SELF_EMPLOYED,BACHELORS,SINGLE,PERSONAL,1
CUST-004071,66,45699.86,3,87145.28,36,10.35,622,0.1897,3,0,SALARIED,PHD,SINGLE,EDUCATION,0
CUST-004072,22,35371.43,4,14672.59,48,23.20,322,0.2932,1,0,SELF_EMPLOYED,PHD,MARRIED,BUSINESS,1
CUST-004073,29,166148.59,11,68863.99,36,16.30,751,0.1466,3,0,SELF_EMPLOYED,BACHELORS,MARRIED,EDUCATION,1
CUST-004074,39,36721.78,4,63316.17,60,10.39,646,0.1493,0,0,UNEMPLOYED,HIGH_SCHOOL,MARRIED,PERSONAL,0
CUST-004075,29,75134.25,11,16385.47,12,18.51,326,0.2269,1,0,RETIRED,HIGH_SCHOOL,SINGLE,HOME,0
CUST-004076,69,92228.47,33,32877.25,24,15.44,353,0.5802,0,0,SALARIED,PHD,MARRIED,AUTO,0
CUST-004077,65,20398.46,15,42100.47,60,5.63,499,0.3122,2,0,UNEMPLOYED,BACHELORS,SINGLE,AUTO,1
CUST-004078,55,81837.73,27,17705.68,36,24.34,595,0.4633,6,0,SALARIED,MASTERS,MARRIED,AUTO,0
CUST-004079,36,76062.07,18,14577.04,48,9.59,842,0.4335,2,0,UNEMPLOYED,BACHELORS,DIVORCED,PERSONAL,1
CUST-004080,66,108811.46,13,79045.77,60,16.21,737,0.2355,6,0,RETIRED,BACHELORS,MARRIED,BUSINESS,0
CUST-004081,42,101811.79,1,5981.83,48,23.35,451,0.6418,4,0,SELF_EMPLOYED,PHD,DIVORCED,PERSONAL,1
CUST-004082,65,53944.55,11,71101.09,60,8.07,768,0.3671,2,0,SALARIED,BACHELORS,DIVORCED,HOME,0
CUST-004083,65,164000.81,5,30736.41,48,18.25,704,0.5577,4,0,SELF_EMPLOYED,PHD,SINGLE,PERSONAL,0
CUST-004084,49,28241.80,16,15090.42,24,15.19,402,0.6748,4,2,RETIRED,BACHELORS,DIVORCED,HOME,1
CUST-004085,38,154901.80,16,52445.85,60,11.85,391,0.6239,1,2,SELF_EMPLOYED,MASTERS,MARRIED,EDUCATION,1
CUST-004086,53,52126.74,2,42303.12,12,6.32,352,0.1863,2,0,UNEMPLOYED,MASTERS,SINGLE,BUSINESS,1
CUST-004087,36,55115.88,0,53712.52,48,18.61,352,0.1342,4,0,SALARIED,MASTERS,MARRIED,AUTO,0
CUST-004088,56,163260.65,13,76637.29,12,20.97,787,0.3633,6,0,SALARIED,BACHELORS,MARRIED,AUTO,0
CUST-004089,65,21454.00,18,87182.91,48,19.04,569,0.2877,1,0,SALARIED,BACHELORS,SINGLE,HOME,1
CUST-004090,28,142427.13,10,35353.54,60,21.76,582,0.1113,1,0,UNEMPLOYED,HIGH_SCHOOL,SINGLE,EDUCATION,0
CUST-004091,32,25025.79,0,60812.11,12,6.99,330,0.1825,3,0,RETIRED,MASTERS,MARRIED,BUSINESS,1
CUST-004092,40,40844.69,12,69919.77,48,19.41,302,0.3153,0,0,RETIRED,PHD,SINGLE,AUTO,0
CUST-004093,47,167960.73,16,89378.46,60,20.48,680,0.3556,1,0,RETIRED,PHD,SINGLE,HOME,1
CUST-004094,44,47855.63,20,82445.58,12,18.57,623,0.1188,5,0,RETIRED,MASTERS,SINGLE,HOME,1
CUST-004095,67,197626.95,15,25716.06,12,15.88,565,0.0641,1,0,SELF_EMPLOYED,BACHELORS,MARRIED,HOME,1
CUST-004096,25,54523.59,7,59124.07,60,17.27,387,0.1284,1,0,SELF_EMPLOYED,HIGH_SCHOOL,MARRIED,HOME,1
CUST-004097,58,156420.85,2,73164.35,60,23.13,419,0.4315,1,0,SELF_EMPLOYED,PHD,DIVORCED,BUSINESS,1
CUST-004098,64,134044.39,32,72837.70,12,5.19,584,0.2301,2,0,SELF_EMPLOYED,PHD,MARRIED,BUSINESS,0
CUST-004099,30,169080.86,12,67263.09,12,7.11,728,0.1454,6,0,RETIRED,HIGH_SCHOOL,SINGLE,BUSINESS,0
CUST-004100,55,108195.63,3,85533.85,60,19.23,814,0.3877,0,0,RETIRED,MASTERS,DIVORCED,AUTO,0
CUST-004101,22,133625.63,4,14035.79,48,19.36,424,0.3014,1,2,SALARIED,PHD,DIVORCED,BUSINESS,1
CUST-004102,54,39108.40,25,60014.55,36,13.89,437,0.2885,0,0,SALARIED,HIGH_SCHOOL,MARRIED,EDUCATION,0
CUST-004103,33,46784.32,15,4087.47,60,16.46,444,0.4817,3,0,SALARIED,HIGH_SCHOOL,MARRIED,AUTO,0
CUST-004104,33,65953.48,15,22235.45,12,5.35,708,0.1656,1,0,SALARIED,PHD,SINGLE,HOME,0
CUST-004105,28,62734.58,10,10350.81,48,14.40,350,0.5794,6,0,RETIRED,MASTERS,DIVORCED,BUSINESS,0
CUST-004106,35,169295.98,14,7639.66,12,5.80,589,0.4001,1,0,UNEMPLOYED,MASTERS,SINGLE,HOME,1
CUST-004107,30,34547.43,12,30046.21,24,12.88,622,0.1322,2,0,SALARIED,HIGH_SCHOOL,SINGLE,HOME,0
CUST-004108,67,112797.11,34,19447.68,12,13.68,?,0.6550,3,1,RETIRED,PHD,SINGLE,AUTO,1
CUST-004109,22,197868.11,4,40757.91,12,12.22,535,0.6563,3,0,SALARIED,BACHELORS,MARRIED,HOME,1
CUST-004110,63,119751.34,15,48640.48,60,9.86,340,0.4286,5,2,SELF_EMPLOYED,PHD,MARRIED,EDUCATION,1
CUST-004111,67,155726.24,3,59848.12,36,7.63,439,0.2982,3,0,SALARIED,PHD,DIVORCED,AUTO,0
CUST-004112,57,129060.75,23,45878.19,48,7.65,309,0.1213,5,0,RETIRED,BACHELORS,SINGLE,BUSINESS,0
CUST-004113,64,166536.51,17,75519.06,24,10.24,654,0.6552,4,0,SALARIED,BACHELORS,MARRIED,BUSINESS,0
CUST-004114,38,67045.73,20,18807.98,36,10.16,367,0.2004,3,0,UNEMPLOYED,BACHELORS,SINGLE,EDUCATION,1
CUST-004115,37,29978.46,19,33960.54,12,6.02,386,0.3870,0,2,SALARIED,BACHELORS,DIVORCED,BUSINESS,1
CUST-004116,41,173396.78,?,32697.92,60,15.66,672,0.4110,6,0,RETIRED,PHD,SINGLE,HOME,0
CUST-004117,51,74884.91,4,16651.01,36,11.46,312,0.0531,6,0,SELF_EMPLOYED,HIGH_SCHOOL,SINGLE,HOME,0
CUST-004118,57,50479.91,20,28909.66,36,14.16,604,0.1129,2,2,UNEMPLOYED,MASTERS,DIVORCED,EDUCATION,0
CUST-004119,35,88387.76,2,42256.60,48,22.38,417,0.4492,6,0,SELF_EMPLOYED,MASTERS,SINGLE,PERSONAL,0
CUST-004120,64,65680.93,4,71510.64,12,16.02,?,0.1895,6,0,RETIRED,PHD,MARRIED,PERSONAL,0
CUST-004121,63,98605.57,13,3356.51,36,13.35,360,0.1320,5,0,RETIRED,HIGH_SCHOOL,SINGLE,EDUCATION,1
CUST-004122,59,121355.54,30,18553.62,24,14.66,547,0.6811,3,0,SALARIED,PHD,DIVORCED,BUSINESS,1
CUST-004123,54,141147.11,20,71322.23,24,21.84,595,0.1164,0,0,SALARIED,MASTERS,DIVORCED,EDUCATION,1
CUST-004124,64,180430.52,19,41470.36,60,16.80,623,0.3803,0,0,UNEMPLOYED,PHD,SINGLE,HOME,0
CUST-004125,29,191761.51,11,77353.90,24,20.06,340,0.2189,2,0,RETIRED,MASTERS,SINGLE,BUSINESS,0
CUST-004126,61,73853.13,14,55195.72,60,14.46,709,0.3636,4,0,SELF_EMPLOYED,HIGH_SCHOOL,MARRIED,BUSINESS,1
CUST-004127,45,100178.22,27,42350.77,48,14.19,471,0.3125,1,0,SELF_EMPLOYED,BACHELORS,DIVORCED,EDUCATION,1
CUST-004128,47,105338.36,12,50494.29,36,6.70,558,0.5752,2,0,UNEMPLOYED,BACHELORS,MARRIED,EDUCATION,0
CUST-004129,32,91481.34,14,72715.41,60,13.54,489,0.2619,3,0,RETIRED,HIGH_SCHOOL,DIVORCED,BUSINESS,0
CUST-004130,56,60249.33,15,71508.10,24,23.01,323,0.3161,1,0,RETIRED,BACHELORS,MARRIED,HOME,1
CUST-004131,55,57284.82,5,35074.72,36,18.70,812,0.5081,6,2,SELF_EMPLOYED,MASTERS,SINGLE,BUSINESS,1
CUST-004132,22,167516.76,4,57241.77,12,16.90,321,0.6250,4,0,RETIRED,HIGH_SCHOOL,DIVORCED,HOME,0
CUST-004133,52,155091.90,33,7203.88,60,7.93,781,0.2169,6,0,UNEMPLOYED,PHD,MARRIED,HOME,0
CUST-004134,33,44965.97,15,16330.34,12,6.94,380,0.5360,4,2,SELF_EMPLOYED,PHD,DIVORCED,PERSONAL,0
CUST-004135,21,123825.75,3,5759.26,48,24.61,714,0.4128,0,0,RETIRED,BACHELORS,MARRIED,HOME,1
CUST-004136,67,43491.16,19,17538.68,60,6.37,768,0.6280,1,0,SALARIED,HIGH_SCHOOL,MARRIED,BUSINESS,0
CUST-004137,35,132501.19,17,84098.20,60,16.76,815,0.2842,2,0,SALARIED,MASTERS,DIVORCED,HOME,0
CUST-004138,36,159415.90,18,78084.18,24,17.68,372,0.3829,5,0,SALARIED,HIGH_SCHOOL,DIVORCED,PERSONAL,0
CUST-004139,68,142447.59,0,55162.90,36,10.53,414,0.2213,1,0,SALARIED,PHD,MARRIED,AUTO,1
CUST-004140,27,84789.78,9,63609.70,24,6.87,819,0.3362,3,0,UNEMPLOYED,BACHELORS,DIVORCED,PERSONAL,0
CUST-004141,46,128509.78,14,53679.89,60,8.62,323,0.4530,1,0,UNEMPLOYED,MASTERS,DIVORCED,PERSONAL,1
CUST-004142,23,164768.42,5,56229.01,60,20.62,628,0.1482,4,0,SALARIED,BACHELORS,SINGLE,HOME,0
CUST-004143,50,175911.53,26,29391.55,36,11.04,842,0.2533,4,0,RETIRED,BACHELORS,SINGLE,AUTO,0
CUST-004144,47,117464.11,0,35756.02,12,10.31,408,0.1882,6,0,RETIRED,BACHELORS,SINGLE,PERSONAL,1
CUST-004145,38,52367.41,20,11047.35,60,12.35,760,0.2739,0,0,SELF_EMPLOYED,HIGH_SCHOOL,MARRIED,AUTO,0
CUST-004146,28,77913.53,10,32580.26,48,9.23,730,0.3578,0,0,RETIRED,PHD,SINGLE,AUTO,0
CUST-004147,44,63624.88,7,28652.43,24,23.74,380,0.2273,0,3,SALARIED,HIGH_SCHOOL,DIVORCED,EDUCATION,0
CUST-004148,63,106489.56,28,39475.23,12,20.50,607,0.0777,3,0,SALARIED,PHD,DIVORCED,AUTO,0
CUST-004149,34,62787.28,16,59736.77,60,13.57,799,0.6549,2,0,RETIRED,PHD,MARRIED,HOME,0
CUST-004150,22,198124.94,4,43398.08,48,17.07,627,0.0969,4,0,RETIRED,BACHELORS,DIVORCED,PERSONAL,1
CUST-004151,61,132307.27,0,80235.04,24,24.65,623,0.2814,3,0,SALARIED,PHD,MARRIED,EDUCATION,0
CUST-004152,51,186105.22,23,18038.94,60,11.45,598,0.3958,2,0,RETIRED,BACHELORS,MARRIED,AUTO,1
CUST-004153,37,109617.72,0,7264.51,48,14.16,626,0.3849,3,0,SELF_EMPLOYED,BACHELORS,DIVORCED,AUTO,0
CUST-004154,64,78038.42,16,38433.50,12,17.11,740,0.1682,1,0,RETIRED,MASTERS,DIVORCED,BUSINESS,0
CUST-004155,48,181655.87,20,46440.06,24,9.28,790,0.2624,0,0,SALARIED,BACHELORS,MARRIED,BUSINESS,0
CUST-004156,38,81723.20,0,62207.98,60,18.02,607,0.2240,0,0,UNEMPLOYED,PHD,DIVORCED,HOME,1
CUST-004157,35,35293.84,6,71449.64,48,11.20,326,0.5654,5,0,SALARIED,PHD,DIVORCED,BUSINESS,0
CUST-004158,44,110925.36,26,29305.21,24,19.49,593,0.5012,2,1,RETIRED,PHD,MARRIED,PERSONAL,1
CUST-004159,45,118878.27,27,49018.43,48,10.57,802,0.3990,4,1,RETIRED,MASTERS,MARRIED,EDUCATION,0
CUST-004160,29,82347.05,11,39869.65,36,22.08,611,0.1485,3,0,SELF_EMPLOYED,PHD,DIVORCED,EDUCATION,0
CUST-004161,63,153278.45,16,56194.39,36,14.16,316,0.3919,5,0,SALARIED,MASTERS,SINGLE,PERSONAL,0
CUST-004162,46,55826.40,1,39637.81,60,13.27,374,0.3759,6,0,UNEMPLOYED,BACHELORS,SINGLE,BUSINESS,1
CUST-004163,44,181098.61,12,19628.91,60,17.56,612,0.4928,0,0,SALARIED,BACHELORS,DIVORCED,EDUCATION,0
CUST-004164,59,120501.21,29,78857.49,60,17.18,845,0.4700,0,0,SELF_EMPLOYED,HIGH_SCHOOL,DIVORCED,EDUCATION,0
CUST-004165,34,120835.20,15,36513.28,24,21.00,834,0.6029,6,0,UNEMPLOYED,MASTERS,SINGLE,EDUCATION,1
CUST-004166,53,157404.35,13,67740.28,60,20.93,721,0.2927,3,1,UNEMPLOYED,HIGH_SCHOOL,SINGLE,BUSINESS,0
CUST-004167,52,106192.52,13,39152.07,12,10.72,306,0.0733,4,0,UNEMPLOYED,PHD,DIVORCED,AUTO,1
CUST-004168,61,116680.21,9,30540.08,48,24.93,644,0.6736,6,0,SELF_EMPLOYED,MASTERS,DIVORCED,PERSONAL,1
CUST-004169,28,129408.68,10,89466.62,12,11.31,620,0.2189,1,0,SALARIED,HIGH_SCHOOL,SINGLE,PERSONAL,1
CUST-004170,52,134112.00,18,59129.16,12,12.21,409,0.3500,1,0,UNEMPLOYED,MASTERS,MARRIED,EDUCATION,1
CUST-004171,32,119074.09,14,84699.08,60,24.10,657,0.3668,0,3,SELF_EMPLOYED,MASTERS,SINGLE,HOME,1
CUST-004172,28,113375.48,10,71645.06,60,6.21,332,0.4786,6,0,RETIRED,MASTERS,MARRIED,BUSINESS,0
CUST-004173,44,35512.11,14,60511.37,24,11.67,354,0.2632,3,0,SELF_EMPLOYED,PHD,DIVORCED,HOME,0
CUST-004174,55,95629.02,15,81054.53,36,24.89,760,0.5394,1,0,SALARIED,BACHELORS,DIVORCED,PERSONAL,1
CUST-004175,66,40509.04,20,55385.57,48,22.24,413,0.2825,6,0,SALARIED,MASTERS,MARRIED,EDUCATION,1
CUST-004176,24,89862.58,6,18056.94,12,6.86,538,0.5066,2,0,RETIRED,BACHELORS,DIVORCED,BUSINESS,0
CUST-004177,54,89737.54,16,45892.79,60,6.57,569,0.4595,6,1,SALARIED,BACHELORS,DIVORCED,AUTO,0
CUST-004178,46,88510.46,2,39400.52,48,16.55,693,0.3931,5,0,SELF_EMPLOYED,HIGH_SCHOOL,SINGLE,HOME,0
CUST-004179,53,145661.29,22,24104.36,12,14.12,723,0.1301,1,0,SALARIED,MASTERS,DIVORCED,AUTO,0
CUST-004180,42,132535.39,24,64504.92,12,9.58,808,0.2762,0,0,SALARIED,BACHELORS,SINGLE,HOME,0
CUST-004181,52,27324.51,33,42323.12,12,7.58,369,0.6534,2,0,RETIRED,PHD,MARRIED,BUSINESS,0
CUST-004182,35,146655.29,17,64264.38,60,20.60,763,0.2405,0,0,RETIRED,BACHELORS,MARRIED,PERSONAL,0
CUST-004183,56,136051.12,10,70893.76,48,17.58,714,0.3991,5,0,UNEMPLOYED,BACHELORS,MARRIED,PERSONAL,0
CUST-004184,69,?,12,16656.12,36,11.95,793,0.6841,3,0,UNEMPLOYED,MASTERS,DIVORCED,HOME,0
CUST-004185,49,194506.72,3,70167.46,24,11.61,480,0.2463,5,0,SALARIED,HIGH_SCHOOL,DIVORCED,AUTO,0
CUST-004186,66,86500.11,25,6186.70,12,6.71,629,0.3062,5,0,RETIRED,HIGH_SCHOOL,MARRIED,PERSONAL,0
CUST-004187,27,19912.65,9,49087.38,60,7.34,453,0.6238,6,0,SELF_EMPLOYED,BACHELORS,DIVORCED,AUTO,1
CUST-004188,58,194969.82,23,29429.28,24,13.32,434,0.4648,4,2,SELF_EMPLOYED,MASTERS,DIVORCED,AUTO,1
CUST-004189,45,37941.34,7,60138.50,60,6.66,490,0.5141,0,3,SALARIED,MASTERS,SINGLE,HOME,1
CUST-004190,55,123244.74,18,37746.55,60,20.84,500,0.4114,6,0,UNEMPLOYED,BACHELORS,MARRIED,PERSONAL,0
CUST-004191,37,118728.69,14,81446.17,36,19.60,711,0.5397,2,0,UNEMPLOYED,HIGH_SCHOOL,MARRIED,HOME,0
CUST-004192,51,50091.35,31,63353.30,24,22.58,488,0.5313,4,0,RETIRED,HIGH_SCHOOL,SINGLE,AUTO,1
CUST-004193,51,93310.42,31,35725.80,60,16.48,827,0.6327,4,0,SALARIED,PHD,SINGLE,EDUCATION,0
CUST-004194,68,64361.57,17,51495.21,48,16.79,788,0.1443,2,0,RETIRED,HIGH_SCHOOL,SINGLE,BUSINESS,0
CUST-004195,49,19890.82,11,73860.57,36,24.97,767,0.4759,2,0,RETIRED,MASTERS,MARRIED,HOME,1
CUST-004196,45,51896.29,18,82150.51,12,16.03,458,0.1707,4,0,SELF_EMPLOYED,BACHELORS,DIVORCED,HOME,0
CUST-004197,51,28063.56,9,46462.92,60,23.15,687,0.2500,4,0,UNEMPLOYED,BACHELORS,DIVORCED,HOME,1
CUST-004198,62,165888.85,5,85974.06,60,11.57,504,0.2832,1,0,SALARIED,HIGH_SCHOOL,SINGLE,EDUCATION,1
CUST-004199,45,96364.15,15,42181.10,24,8.88,441,0.5315,1,0,SALARIED,MASTERS,SINGLE,BUSINESS,1
CUST-004200,35,43158.75,12,49858.72,24,16.40,527,0.2149,4,3,UNEMPLOYED,BACHELORS,DIVORCED,HOME,1
CUST-004201,29,19570.90,9,77753.50,36,21.25,466,0.4212,5,0,SELF_EMPLOYED,BACHELORS,SINGLE,HOME,1
CUST-004202,29,115733.38,11,88667.47,36,17.73,419,0.3521,2,2,SELF_EMPLOYED,MASTERS,MARRIED,BUSINESS,1
CUST-004203,57,34181.59,31,40156.26,48,23.21,764,0.2806,3,0,RETIRED,BACHELORS,SINGLE,BUSINESS,0
CUST-004204,55,140725.23,29,23303.43,60,6.16,639,0.3016,5,3,SELF_EMPLOYED,HIGH_SCHOOL,MARRIED,HOME,1
CUST-004205,46,39712.85,11,43890.89,48,22.78,358,0.2953,3,0,SELF_EMPLOYED,MASTERS,SINGLE,HOME,1
CUST-004206,22,161278.57,3,19829.09,60,21.38,663,0.5829,4,0,RETIRED,HIGH_SCHOOL,DIVORCED,EDUCATION,1
CUST-004207,61,72163.86,16,32561.66,60,5.28,600,0.5977,1,0,RETIRED,PHD,SINGLE,BUSINESS,0
CUST-004208,67,195092.15,24,55087.47,12,8.73,553,0.4765,3,0,RETIRED,MASTERS,MARRIED,PERSONAL,0
CUST-004209,24,189286.69,2,42765.82,12,7.42,769,0.5810,3,1,UNEMPLOYED,PHD,SINGLE,EDUCATION,0
CUST-004210,52,134312.62,8,61677.17,48,6.98,495,0.4061,4,1,SALARIED,HIGH_SCHOOL,DIVORCED,AUTO,0
CUST-004211,32,138679.33,14,11211.70,60,16.15,?,0.5853,4,0,RETIRED,MASTERS,SINGLE,BUSINESS,1
CUST-004212,51,92071.87,18,27560.45,48,18.52,758,0.5777,0,0,SELF_EMPLOYED,PHD,DIVORCED,BUSINESS,1
CUST-004213,54,49962.08,34,36304.52,12,9.75,732,0.5381,2,0,RETIRED,PHD,SINGLE,EDUCATION,0
CUST-004214,39,60311.95,19,78153.25,36,13.85,336,0.3409,5,0,SELF_EMPLOYED,BACHELORS,DIVORCED,PERSONAL,1
CUST-004215,53,171101.78,31,33946.54,36,18.08,476,0.6908,3,0,SALARIED,PHD,MARRIED,BUSINESS,1
CUST-004216,23,124648.16,3,87945.65,48,16.29,688,0.3831,6,0,SALARIED,HIGH_SCHOOL,MARRIED,AUTO,0
CUST-004217,32,46130.68,14,12859.51,24,24.73,550,0.2075,2,0,SALARIED,HIGH_SCHOOL,DIVORCED,AUTO,1
CUST-004218,33,88065.81,15,73284.64,60,20.56,673,0.5065,0,0,SELF_EMPLOYED,BACHELORS,SINGLE,EDUCATION,1
CUST-004219,57,60263.48,25,47147.04,36,24.19,692,0.2900,5,0,RETIRED,BACHELORS,DIVORCED,AUTO,0
CUST-004220,62,114285.80,8,11306.08,60,14.78,392,0.5161,6,0,SALARIED,BACHELORS,DIVORCED,EDUCATION,0
CUST-004221,43,45988.60,25,44566.83,24,18.30,751,0.3123,5,1,UNEMPLOYED,BACHELORS,MARRIED,AUTO,1
CUST-004222,31,174459.76,3,19710.88,48,17.68,566,0.1121,5,0,SELF_EMPLOYED,MASTERS,DIVORCED,HOME,1
CUST-004223,64,63493.03,4,24343.26,24,22.20,311,0.1256,3,0,UNEMPLOYED,MASTERS,MARRIED,AUTO,1
CUST-004224,68,52990.10,30,15492.98,36,15.10,430,0.1412,3,0,SALARIED,MASTERS,SINGLE,HOME,0
CUST-004225,45,170729.19,13,63897.07,24,24.25,841,0.1394,6,0,UNEMPLOYED,BACHELORS,DIVORCED,EDUCATION,0
CUST-004226,65,69656.91,21,25031.41,48,10.82,562,0.0724,0,0,SALARIED,BACHELORS,DIVORCED,HOME,0
CUST-004227,26,144895.37,8,62903.84,60,17.72,333,0.2237,5,0,SALARIED,HIGH_SCHOOL,DIVORCED,AUTO,0
CUST-004228,25,184607.43,5,62275.07,36,16.25,505,0.0539,1,0,RETIRED,PHD,SINGLE,AUTO,1
CUST-004229,42,154312.58,22,13656.60,36,22.11,731,0.4476,2,0,UNEMPLOYED,HIGH_SCHOOL,DIVORCED,BUSINESS,1
CUST-004230,56,24963.92,11,79756.87,24,22.65,597,0.5654,5,0,SELF_EMPLOYED,PHD,MARRIED,EDUCATION,0
CUST-004231,25,74386.40,7,4911.92,48,10.77,628,0.4610,5,0,SALARIED,HIGH_SCHOOL,DIVORCED,HOME,0
CUST-004232,27,33698.78,9,58626.14,48,13.39,514,0.4750,4,0,SALARIED,BACHELORS,DIVORCED,AUTO,1
CUST-004233,25,121415.68,7,9829.26,48,14.60,745,0.3313,2,0,UNEMPLOYED,MASTERS,DIVORCED,AUTO,1
CUST-004234,41,93555.04,23,3787.90,48,19.91,327,0.3441,0,0,SALARIED,PHD,DIVORCED,EDUCATION,0
CUST-004235,61,171888.41,22,72391.58,60,14.01,753,0.3414,6,1,SALARIED,HIGH_SCHOOL,MARRIED,EDUCATION,0
CUST-004236,63,34165.13,33,43701.54,60,9.61,772,0.1757,0,2,SALARIED,HIGH_SCHOOL,DIVORCED,PERSONAL,0
CUST-004237,62,170584.87,18,82319.57,48,19.06,666,0.4718,6,1,RETIRED,BACHELORS,DIVORCED,EDUCATION,0
CUST-004238,49,140820.81,19,56252.43,60,14.29,?,0.1075,3,3,SELF_EMPLOYED,HIGH_SCHOOL,DIVORCED,PERSONAL,1
CUST-004239,22,33198.19,4,29979.58,24,24.73,712,0.5434,6,0,UNEMPLOYED,PHD,MARRIED,HOME,1
CUST-004240,28,155903.54,0,37754.09,24,5.60,450,0.3828,5,0,SALARIED,PHD,DIVORCED,PERSONAL,1
CUST-004241,50,159907.58,31,3575.31,12,14.61,583,0.6865,1,1,SELF_EMPLOYED,BACHELORS,SINGLE,BUSINESS,1
CUST-004242,63,49079.50,17,83207.99,12,9.43,375,0.4860,4,0,SALARIED,MASTERS,DIVORCED,BUSINESS,1
CUST-004243,22,109619.34,4,3203.55,12,21.56,602,0.2828,2,0,SALARIED,HIGH_SCHOOL,MARRIED,EDUCATION,0
CUST-004244,49,95223.26,4,22578.24,48,7.80,545,0.0516,5,0,SALARIED,BACHELORS,DIVORCED,BUSINESS,0
CUST-004245,39,137496.93,10,8364.82,60,18.51,621,0.0785,0,0,SELF_EMPLOYED,PHD,MARRIED,EDUCATION,0
CUST-004246,65,51317.18,0,21185.00,36,21.19,344,0.5750,0,0,UNEMPLOYED,MASTERS,DIVORCED,PERSONAL,1
CUST-004247,53,106910.34,15,75324.45,48,12.08,425,0.6925,4,0,SELF_EMPLOYED,HIGH_SCHOOL,SINGLE,PERSONAL,1
CUST-004248,70,181843.59,34,7379.63,48,7.53,783,0.0503,5,0,RETIRED,PHD,SINGLE,EDUCATION,0
CUST-004249,24,81447.18,6,49750.94,36,11.64,660,0.2523,1,3,SALARIED,PHD,MARRIED,BUSINESS,1
CUST-004250,60,24658.07,8,83349.13,12,13.62,521,0.5218,6,0,SALARIED,MASTERS,MARRIED,BUSINESS,1
CUST-004251,40,21360.06,7,38905.67,36,15.58,338,0.6691,2,2,RETIRED,PHD,MARRIED,HOME,1
CUST-004252,24,92634.83,6,29548.22,48,11.01,642,0.6315,4,2,RETIRED,PHD,MARRIED,EDUCATION,1
CUST-004253,37,72932.69,19,16847.07,12,19.89,629,0.1815,6,0,UNEMPLOYED,MASTERS,DIVORCED,EDUCATION,0
CUST-004254,23,31267.86,5,58505.87,48,15.75,668,0.6368,6,0,SALARIED,MASTERS,DIVORCED,HOME,0
CUST-004255,32,162980.32,14,82201.43,36,24.87,651,0.1400,0,0,SALARIED,BACHELORS,DIVORCED,HOME,1
CUST-004256,28,128188.95,10,22188.23,60,20.34,751,0.5581,3,0,RETIRED,MASTERS,SINGLE,AUTO,0
CUST-004257,57,178625.88,32,86554.29,48,21.06,678,0.4706,4,0,SALARIED,BACHELORS,DIVORCED,HOME,0
CUST-004258,28,96351.87,10,64889.09,24,18.75,749,0.4839,5,3,UNEMPLOYED,HIGH_SCHOOL,MARRIED,HOME,1
CUST-004259,54,107656.61,4,32318.66,24,15.88,323,0.1883,3,0,UNEMPLOYED,BACHELORS,SINGLE,HOME,1
CUST-004260,65,83532.42,27,76540.87,60,14.71,563,0.1223,5,0,SELF_EMPLOYED,PHD,DIVORCED,AUTO,0
CUST-004261,49,131699.95,28,63750.21,24,5.96,442,0.6626,3,3,SALARIED,HIGH_SCHOOL,MARRIED,PERSONAL,1
CUST-004262,46,103404.74,28,73889.96,48,13.31,455,0.2614,0,0,UNEMPLOYED,PHD,SINGLE,EDUCATION,1
CUST-004263,40,194867.93,22,79642.24,60,10.00,769,0.3666,3,0,UNEMPLOYED,BACHELORS,SINGLE,HOME,1
CUST-004264,39,117764.33,5,54737.34,48,13.65,592,0.3722,0,0,UNEMPLOYED,BACHELORS,DIVORCED,AUTO,0
CUST-004265,31,45376.44,13,10822.73,60,14.14,347,0.5659,2,0,SALARIED,BACHELORS,SINGLE,PERSONAL,1
CUST-004266,48,172645.51,4,12791.53,24,7.02,563,0.2004,4,0,SELF_EMPLOYED,BACHELORS,SINGLE,HOME,0
CUST-004267,31,104797.67,13,52160.75,48,17.38,846,0.6834,2,0,SELF_EMPLOYED,PHD,DIVORCED,HOME,0
CUST-004268,65,153224.35,28,26087.68,24,8.33,734,0.6298,1,3,UNEMPLOYED,MASTERS,SINGLE,BUSINESS,1
CUST-004269,42,100316.41,21,5018.07,12,13.72,448,0.3049,1,3,SALARIED,HIGH_SCHOOL,MARRIED,EDUCATION,1
CUST-004270,35,66015.59,13,74185.92,48,7.98,358,0.3726,5,0,SELF_EMPLOYED,HIGH_SCHOOL,MARRIED,AUTO,1
CUST-004271,70,158168.83,22,39394.48,12,5.46,568,0.0957,5,1,SALARIED,BACHELORS,DIVORCED,AUTO,1
CUST-004272,68,178759.41,14,87323.27,60,16.72,727,0.2698,6,0,UNEMPLOYED,HIGH_SCHOOL,SINGLE,PERSONAL,0
CUST-004273,40,125847.18,13,57296.29,60,9.93,746,0.3447,5,0,SALARIED,BACHELORS,SINGLE,HOME,0
CUST-004274,63,141826.67,33,13517.69,24,19.44,415,0.0628,6,1,RETIRED,BACHELORS,SINGLE,BUSINESS,0
CUST-004275,69,163221.30,0,9926.36,24,21.66,458,0.5984,0,0,RETIRED,PHD,SINGLE,PERSONAL,1
CUST-004276,44,97264.26,5,69072.67,48,22.49,775,0.2897,6,0,RETIRED,MASTERS,MARRIED,HOME,0
CUST-004277,29,135309.03,11,21563.45,36,12.34,458,0.4695,2,0,SALARIED,HIGH_SCHOOL,DIVORCED,HOME,0
CUST-004278,35,?,7,67396.93,48,17.74,574,0.0593,1,0,SALARIED,MASTERS,MARRIED,HOME,1
CUST-004279,45,96538.65,16,85187.13,60,10.39,?,0.5888,5,0,SELF_EMPLOYED,MASTERS,DIVORCED,EDUCATION,1
CUST-004280,36,161448.75,18,67960.83,24,21.33,823,0.5999,4,0,UNEMPLOYED,MASTERS,DIVORCED,HOME,0
CUST-004281,38,199648.74,20,29586.98,12,22.81,762,0.1564,2,0,SELF_EMPLOYED,HIGH_SCHOOL,DIVORCED,HOME,0
CUST-004282,46,54117.02,25,19572.49,36,15.95,589,0.3880,3,0,UNEMPLOYED,MASTERS,SINGLE,PERSONAL,1
CUST-004283,33,44211.72,15,69712.08,48,13.27,681,0.0802,2,0,SELF_EMPLOYED,BACHELORS,DIVORCED,AUTO,0
CUST-004284,69,42426.27,25,77704.34,36,23.05,725,0.4184,5,0,SELF_EMPLOYED,HIGH_SCHOOL,MARRIED,HOME,0
CUST-004285,38,39729.04,11,22727.91,36,14.37,557,0.1399,3,2,RETIRED,MASTERS,MARRIED,BUSINESS,1
CUST-004286,51,20035.88,28,79133.20,24,10.13,464,0.1618,5,0,UNEMPLOYED,PHD,DIVORCED,HOME,0
CUST-004287,68,102772.90,1,36014.70,24,13.67,759,0.5257,1,0,UNEMPLOYED,HIGH_SCHOOL,SINGLE,EDUCATION,0
CUST-004288,35,77851.46,17,67374.63,48,15.10,508,0.2036,0,2,UNEMPLOYED,HIGH_SCHOOL,DIVORCED,BUSINESS,1
CUST-004289,46,139770.54,7,87120.76,24,16.81,662,0.2595,5,0,UNEMPLOYED,BACHELORS,SINGLE,HOME,1
CUST-004290,38,94071.05,17,40665.69,36,15.50,711,0.0893,2,0,SELF_EMPLOYED,PHD,MARRIED,PERSONAL,0
CUST-004291,21,104102.68,3,62941.30,60,20.36,414,0.4897,1,0,SELF_EMPLOYED,BACHELORS,DIVORCED,BUSINESS,1
CUST-004292,25,64549.40,4,4425.81,60,22.26,499,0.0948,1,0,UNEMPLOYED,BACHELORS,MARRIED,BUSINESS,1
CUST-004293,40,90086.45,22,21472.82,60,24.65,553,0.5417,1,0,RETIRED,BACHELORS,DIVORCED,PERSONAL,0
CUST-004294,48,79366.59,12,7996.17,12,15.85,609,0.1948,6,0,RETIRED,PHD,DIVORCED,BUSINESS,0
CUST-004295,52,155576.94,24,44452.26,24,5.71,589,0.5922,5,0,SELF_EMPLOYED,PHD,SINGLE,PERSONAL,0
CUST-004296,65,102393.03,1,58474.21,24,7.61,364,0.0547,0,0,RETIRED,HIGH_SCHOOL,DIVORCED,AUTO,0
CUST-004297,35,159988.94,17,43102.04,48,24.15,835,0.3999,3,0,SALARIED,PHD,MARRIED,PERSONAL,0
CUST-004298,38,31451.44,20,43330.70,24,12.80,580,0.0554,6,0,UNEMPLOYED,PHD,MARRIED,HOME,0
CUST-004299,29,126489.81,6,50228.78,36,6.76,490,0.4969,3,0,SELF_EMPLOYED,HIGH_SCHOOL,MARRIED,EDUCATION,1
CUST-004300,57,192476.98,33,62496.07,24,22.75,402,0.2519,6,0,UNEMPLOYED,HIGH_SCHOOL,MARRIED,BUSINESS,0
CUST-004301,43,36871.67,15,28468.90,24,8.95,570,0.3480,2,0,RETIRED,MASTERS,DIVORCED,PERSONAL,1
CUST-004302,51,141354.96,7,86158.67,12,19.52,651,0.4956,2,0,RETIRED,MASTERS,SINGLE,BUSINESS,1
CUST-004303,35,178321.84,17,62764.98,12,15.56,653,0.1983,5,0,SALARIED,HIGH_SCHOOL,MARRIED,BUSINESS,0
CUST-004304,59,151440.98,16,44236.54,60,9.09,547,0.5304,1,0,SALARIED,BACHELORS,DIVORCED,PERSONAL,1
CUST-004305,47,140748.42,26,62016.70,36,14.21,732,0.3238,3,0,SALARIED,HIGH_SCHOOL,MARRIED,HOME,0
CUST-004306,26,110433.78,8,15483.42,24,12.32,504,0.3962,1,0,RETIRED,PHD,DIVORCED,EDUCATION,0
CUST-004307,30,92703.41,12,46149.25,48,16.26,652,0.1386,6,0,SELF_EMPLOYED,BACHELORS,SINGLE,EDUCATION,1
CUST-004308,37,51084.24,10,46478.87,36,23.44,823,0.3560,2,0,SELF_EMPLOYED,PHD,DIVORCED,HOME,0
CUST-004309,51,18778.19,5,35231.52,48,18.09,704,0.2962,3,0,SALARIED,HIGH_SCHOOL,SINGLE,AUTO,0
CUST-004310,68,126438.54,22,42499.75,36,12.78,447,0.6200,1,0,RETIRED,HIGH_SCHOOL,SINGLE,BUSINESS,0
CUST-004311,37,186435.33,19,7674.12,24,7.26,558,0.6676,1,0,UNEMPLOYED,PHD,DIVORCED,PERSONAL,0
CUST-004312,51,82406.00,29,84744.63,36,5.75,352,0.2038,0,0,RETIRED,MASTERS,SINGLE,PERSONAL,0
CUST-004313,21,92553.28,3,42854.58,60,22.08,428,0.5368,4,0,SELF_EMPLOYED,HIGH_SCHOOL,DIVORCED,PERSONAL,0
CUST-004314,60,188238.07,14,12449.12,48,15.94,661,0.3154,0,0,SELF_EMPLOYED,HIGH_SCHOOL,DIVORCED,PERSONAL,1
CUST-004315,24,92163.27,6,69434.88,12,19.50,667,0.4721,4,0,UNEMPLOYED,PHD,MARRIED,HOME,1
CUST-004316,32,184304.16,10,71056.86,12,24.66,608,0.6965,3,0,RETIRED,PHD,MARRIED,EDUCATION,0
CUST-004317,27,38677.24,9,3048.77,36,8.58,516,0.2667,5,0,UNEMPLOYED,PHD,SINGLE,HOME,0
CUST-004318,52,101706.20,26,54268.24,48,23.52,310,0.0781,1,0,UNEMPLOYED,MASTERS,SINGLE,EDUCATION,0
CUST-004319,29,183974.93,2,75259.02,24,12.22,332,0.5009,1,0,SALARIED,PHD,SINGLE,BUSINESS,1
CUST-004320,46,22507.55,11,29797.79,60,11.22,516,0.3879,1,0,SELF_EMPLOYED,BACHELORS,SINGLE,EDUCATION,0
CUST-004321,62,58666.02,29,77839.09,60,20.89,477,0.4599,4,0,UNEMPLOYED,BACHELORS,MARRIED,PERSONAL,1
CUST-004322,36,79382.82,0,13426.41,60,19.83,395,0.2123,6,0,SALARIED,PHD,MARRIED,BUSINESS,0
CUST-004323,42,79919.24,24,34451.75,12,23.21,622,0.1269,6,0,UNEMPLOYED,PHD,SINGLE,PERSONAL,1
CUST-004324,70,18384.78,12,10641.15,60,8.39,374,0.3044,4,0,RETIRED,BACHELORS,MARRIED,PERSONAL,1
CUST-004325,44,76854.64,9,8233.29,60,14.45,334,0.1477,2,0,RETIRED,HIGH_SCHOOL,MARRIED,EDUCATION,0
CUST-004326,53,65452.97,10,47050.35,24,19.85,546,0.3192,6,2,RETIRED,PHD,DIVORCED,EDUCATION,1
CUST-004327,68,172345.68,27,85937.05,48,13.57,580,0.0902,2,0,SELF_EMPLOYED,MASTERS,MARRIED,PERSONAL,0
CUST-004328,45,95847.18,17,84799.12,60,5.59,802,0.1058,2,0,SALARIED,PHD,SINGLE,BUSINESS,0
CUST-004329,49,185702.44,0,51914.63,12,18.78,364,0.3755,1,2,SELF_EMPLOYED,PHD,SINGLE,EDUCATION,1
CUST-004330,42,71827.40,3,11027.28,36,21.26,708,0.3192,5,0,SALARIED,BACHELORS,SINGLE,PERSONAL,0
CUST-004331,55,36299.48,18,27212.32,12,24.03,427,0.3438,4,0,SELF_EMPLOYED,BACHELORS,SINGLE,PERSONAL,1
CUST-004332,39,160149.36,9,34200.38,48,13.92,638,0.5385,2,0,SALARIED,PHD,SINGLE,BUSINESS,0
CUST-004333,55,92689.70,17,51584.64,48,17.82,310,0.2068,0,0,SALARIED,MASTERS,DIVORCED,HOME,0
CUST-004334,41,61192.84,23,12939.73,12,14.80,796,0.5176,4,0,SALARIED,HIGH_SCHOOL,DIVORCED,AUTO,0
CUST-004335,49,53446.72,4,82497.12,24,24.84,436,0.4073,6,0,UNEMPLOYED,PHD,SINGLE,AUTO,1
CUST-004336,24,151533.00,0,62110.15,48,14.87,673,0.5753,1,0,UNEMPLOYED,MASTERS,DIVORCED,HOME,0
CUST-004337,33,76820.02,11,48901.53,48,8.67,741,0.2396,1,0,UNEMPLOYED,PHD,SINGLE,AUTO,0
CUST-004338,65,?,2,45828.11,36,12.58,732,0.3797,0,0,SALARIED,MASTERS,DIVORCED,AUTO,0
CUST-004339,51,84484.45,25,3088.25,60,13.83,539,0.3008,2,0,RETIRED,BACHELORS,MARRIED,BUSINESS,0
CUST-004340,54,108057.38,12,73156.35,60,7.73,377,0.3287,4,0,UNEMPLOYED,PHD,SINGLE,BUSINESS,1
CUST-004341,65,142160.75,17,45940.88,12,9.41,527,0.3929,0,0,RETIRED,MASTERS,DIVORCED,AUTO,1
CUST-004342,24,154637.77,6,74038.79,24,18.01,694,0.5674,0,0,SELF_EMPLOYED,PHD,SINGLE,BUSINESS,0
CUST-004343,49,197582.29,22,40332.30,12,17.39,443,0.2158,2,0,RETIRED,MASTERS,MARRIED,PERSONAL,0
CUST-004344,30,78948.15,12,73908.08,48,11.25,545,0.3435,0,3,RETIRED,BACHELORS,SINGLE,AUTO,0
CUST-004345,62,152454.34,11,78743.37,60,17.00,602,0.2362,4,0,RETIRED,MASTERS,DIVORCED,HOME,0
CUST-004346,57,192745.30,28,16967.23,48,7.58,487,0.1009,3,0,SALARIED,MASTERS,DIVORCED,EDUCATION,0
CUST-004347,29,98133.89,11,89189.70,60,7.88,341,0.1363,0,0,SALARIED,BACHELORS,DIVORCED,BUSINESS,1
CUST-004348,51,47629.69,24,23166.47,48,13.97,814,0.2298,0,0,UNEMPLOYED,MASTERS,SINGLE,AUTO,1
CUST-004349,37,112564.78,18,58649.84,48,5.36,740,0.3439,1,3,SALARIED,MASTERS,MARRIED,PERSONAL,0
CUST-004350,66,90624.68,34,81390.72,12,12.79,489,0.1439,6,0,UNEMPLOYED,BACHELORS,DIVORCED,HOME,1
CUST-004351,37,?,10,54620.62,12,11.10,307,0.1774,3,1,SELF_EMPLOYED,MASTERS,MARRIED,HOME,1
CUST-004352,36,61534.15,18,29579.81,24,19.04,681,0.3992,5,0,SELF_EMPLOYED,MASTERS,DIVORCED,AUTO,0
CUST-004353,55,165457.02,25,11169.54,24,18.04,?,0.1594,6,0,RETIRED,BACHELORS,DIVORCED,HOME,0
CUST-004354,27,116173.22,9,77709.32,24,13.93,758,0.4170,1,0,UNEMPLOYED,HIGH_SCHOOL,DIVORCED,BUSINESS,0
CUST-004355,60,106996.54,11,83071.94,24,10.71,829,0.4469,1,2,UNEMPLOYED,HIGH_SCHOOL,MARRIED,AUTO,1
CUST-004356,48,105743.06,15,54801.67,48,16.41,605,0.4236,6,0,SELF_EMPLOYED,PHD,DIVORCED,BUSINESS,0
CUST-004357,35,156097.95,17,7738.14,24,11.66,392,0.2791,5,0,UNEMPLOYED,MASTERS,MARRIED,HOME,1
CUST-004358,48,30982.85,16,12771.96,48,12.07,642,0.4866,0,0,SELF_EMPLOYED,HIGH_SCHOOL,MARRIED,HOME,1
CUST-004359,45,166298.49,9,3875.58,60,17.70,602,0.4495,5,2,SELF_EMPLOYED,BACHELORS,DIVORCED,BUSINESS,1
CUST-004360,36,49054.78,18,21038.52,36,23.71,602,0.2195,5,0,UNEMPLOYED,HIGH_SCHOOL,DIVORCED,PERSONAL,1
CUST-004361,42,33508.92,24,57596.24,48,13.74,484,0.6035,1,0,RETIRED,MASTERS,MARRIED,AUTO,1
CUST-004362,60,139521.72,32,52178.39,60,21.52,560,0.6899,3,0,SELF_EMPLOYED,HIGH_SCHOOL,DIVORCED,AUTO,1
CUST-004363,29,127833.94,11,10010.79,12,20.78,460,0.5424,2,0,SALARIED,HIGH_SCHOOL,DIVORCED,HOME,0
CUST-004364,27,109427.32,9,76601.79,24,9.51,643,0.5138,5,1,RETIRED,MASTERS,MARRIED,PERSONAL,1
CUST-004365,48,94582.11,2,77883.95,60,10.12,639,0.2334,6,0,UNEMPLOYED,PHD,MARRIED,HOME,1
CUST-004366,23,162880.66,5,4220.73,24,21.80,381,0.4636,1,0,SALARIED,HIGH_SCHOOL,DIVORCED,BUSINESS,1
CUST-004367,39,20119.64,17,70081.59,60,11.63,521,0.6908,2,0,SELF_EMPLOYED,HIGH_SCHOOL,MARRIED,AUTO,1
CUST-004368,30,193155.63,12,21668.85,12,15.67,406,0.3952,3,0,SALARIED,PHD,DIVORCED,HOME,1
CUST-004369,54,66072.02,24,38506.03,24,14.68,847,0.4951,5,0,SALARIED,BACHELORS,DIVORCED,AUTO,0
CUST-004370,36,191639.29,5,20514.54,60,21.53,563,0.3187,3,0,UNEMPLOYED,PHD,SINGLE,EDUCATION,0
CUST-004371,65,61560.66,25,12796.06,36,19.72,839,0.4899,4,1,UNEMPLOYED,HIGH_SCHOOL,DIVORCED,EDUCATION,1
CUST-004372,65,86549.72,7,59102.14,60,5.99,621,0.6881,5,0,SELF_EMPLOYED,MASTERS,SINGLE,HOME,0
CUST-004373,55,161048.40,10,88121.52,24,11.23,610,0.2784,1,2,SELF_EMPLOYED,MASTERS,MARRIED,HOME,1
CUST-004374,41,197271.19,23,3613.74,36,20.78,623,0.5392,0,0,UNEMPLOYED,MASTERS,SINGLE,AUTO,1
CUST-004375,26,177667.14,8,77345.10,48,15.16,813,0.1129,1,0,SELF_EMPLOYED,BACHELORS,DIVORCED,HOME,0
CUST-004376,42,51724.96,24,54568.93,24,18.33,465,0.4132,5,3,SALARIED,HIGH_SCHOOL,DIVORCED,BUSINESS,1
CUST-004377,21,165746.83,3,49815.52,60,11.96,773,0.2677,5,0,UNEMPLOYED,HIGH_SCHOOL,MARRIED,AUTO,0
CUST-004378,41,?,14,56950.42,36,21.62,351,0.5049,3,0,UNEMPLOYED,HIGH_SCHOOL,SINGLE,BUSINESS,0
CUST-004379,64,179010.42,22,6715.41,60,9.04,561,0.6974,4,0,SALARIED,PHD,SINGLE,BUSINESS,1
CUST-004380,36,167796.34,18,56873.99,12,13.12,435,0.3751,1,0,SELF_EMPLOYED,MASTERS,SINGLE,AUTO,0
CUST-004381,31,198036.04,13,18599.65,12,18.61,539,0.6869,4,0,UNEMPLOYED,MASTERS,DIVORCED,HOME,1
CUST-004382,64,101297.52,28,81246.64,48,23.64,790,0.2705,2,0,RETIRED,BACHELORS,SINGLE,AUTO,0
CUST-004383,69,121270.45,26,77374.16,60,21.61,322,0.5073,1,0,UNEMPLOYED,BACHELORS,MARRIED,PERSONAL,1
CUST-004384,59,52325.86,0,44918.97,48,12.43,700,0.3993,6,0,UNEMPLOYED,PHD,DIVORCED,PERSONAL,0
CUST-004385,63,39803.72,6,43685.44,36,24.18,603,0.6306,6,0,SALARIED,PHD,SINGLE,BUSINESS,1
CUST-004386,21,22141.58,3,87646.24,24,20.65,405,0.2385,1,0,UNEMPLOYED,PHD,DIVORCED,HOME,1
CUST-004387,59,73390.00,2,5796.56,12,10.76,618,0.5900,3,0,SELF_EMPLOYED,MASTERS,SINGLE,EDUCATION,0
CUST-004388,43,45220.96,0,30130.14,36,24.75,329,0.5036,3,0,SELF_EMPLOYED,MASTERS,DIVORCED,AUTO,1
CUST-004389,45,78942.39,27,78155.87,24,17.87,488,0.3104,1,1,SALARIED,MASTERS,SINGLE,AUTO,1
CUST-004390,32,141934.22,6,44464.64,36,17.73,613,0.1201,2,3,UNEMPLOYED,PHD,DIVORCED,AUTO,1
CUST-004391,28,72747.67,9,86443.43,24,12.54,332,0.6808,0,3,UNEMPLOYED,PHD,MARRIED,HOME,1
CUST-004392,33,39711.07,15,23790.74,60,9.22,414,0.3029,1,0,RETIRED,MASTERS,MARRIED,HOME,1
CUST-004393,40,142095.34,20,68972.37,24,20.06,482,0.6509,2,0,UNEMPLOYED,HIGH_SCHOOL,DIVORCED,HOME,1
CUST-004394,64,139109.99,15,62590.66,12,14.49,792,0.4761,6,3,UNEMPLOYED,MASTERS,DIVORCED,PERSONAL,1
CUST-004395,49,22469.74,25,70299.81,60,5.67,718,0.3403,3,0,SALARIED,BACHELORS,DIVORCED,PERSONAL,1
CUST-004396,69,64454.02,28,63516.92,24,7.00,838,0.5651,2,0,SALARIED,MASTERS,MARRIED,BUSINESS,0
CUST-004397,38,20991.48,20,9346.24,60,5.10,625,0.6471,5,0,RETIRED,HIGH_SCHOOL,MARRIED,PERSONAL,1
CUST-004398,49,164805.17,10,19824.11,48,23.48,373,0.1499,1,0,SALARIED,PHD,SINGLE,BUSINESS,0
CUST-004399,62,117732.82,10,9352.30,12,5.74,580,0.2479,4,0,SALARIED,BACHELORS,SINGLE,EDUCATION,1
CUST-004400,44,38013.43,26,15602.70,36,6.35,719,0.4784,5,0,UNEMPLOYED,BACHELORS,SINGLE,BUSINESS,1
CUST-004401,65,181600.18,3,64489.18,24,24.37,438,0.6361,4,0,SALARIED,HIGH_SCHOOL,DIVORCED,PERSONAL,1
CUST-004402,60,168688.11,17,56776.93,24,10.00,547,0.3051,1,0,RETIRED,BACHELORS,MARRIED,EDUCATION,0
CUST-004403,44,46581.13,19,86872.90,24,11.35,445,0.1203,2,0,SALARIED,MASTERS,DIVORCED,AUTO,1
CUST-004404,24,93201.58,6,21776.61,24,11.82,510,0.4359,4,0,RETIRED,PHD,DIVORCED,AUTO,0
CUST-004405,51,154587.76,32,56301.34,60,10.55,497,0.5267,5,0,SELF_EMPLOYED,BACHELORS,SINGLE,AUTO,0
CUST-004406,24,195564.75,6,64153.30,12,12.85,768,0.0918,3,0,SALARIED,MASTERS,SINGLE,PERSONAL,0
CUST-004407,48,116109.01,30,32886.95,36,16.29,674,0.3492,0,0,SALARIED,BACHELORS,MARRIED,EDUCATION,0
CUST-004408,54,75417.87,29,45505.47,12,20.11,640,0.3259,3,0,SALARIED,MASTERS,DIVORCED,EDUCATION,0
CUST-004409,21,110686.79,3,77337.96,60,24.41,345,0.4690,1,0,UNEMPLOYED,MASTERS,SINGLE,BUSINESS,1
CUST-004410,26,145058.99,2,71913.12,48,15.22,607,0.1448,2,0,SELF_EMPLOYED,BACHELORS,MARRIED,EDUCATION,0
CUST-004411,46,124367.73,8,30482.15,12,16.58,640,0.2785,3,0,SALARIED,BACHELORS,DIVORCED,AUTO,1
CUST-004412,31,150741.95,13,24901.46,12,24.33,615,0.6732,2,0,SALARIED,BACHELORS,SINGLE,BUSINESS,0
CUST-004413,46,49957.61,7,64953.54,24,20.31,305,0.4467,1,1,SELF_EMPLOYED,HIGH_SCHOOL,MARRIED,BUSINESS,1
CUST-004414,30,166255.85,2,79869.75,24,14.38,651,0.3186,5,0,SALARIED,HIGH_SCHOOL,MARRIED,BUSINESS,1
CUST-004415,59,22431.20,26,53223.36,48,17.60,363,0.6779,0,0,UNEMPLOYED,MASTERS,SINGLE,EDUCATION,1
CUST-004416,28,195389.43,10,4251.68,12,10.62,495,0.1576,6,0,UNEMPLOYED,HIGH_SCHOOL,DIVORCED,HOME,1
CUST-004417,48,47887.80,27,58091.40,36,21.42,711,0.2619,0,0,UNEMPLOYED,BACHELORS,SINGLE,AUTO,1
CUST-004418,25,118008.69,7,48186.08,36,17.23,318,0.4807,1,3,SELF_EMPLOYED,HIGH_SCHOOL,SINGLE,HOME,1
CUST-004419,22,196289.61,0,37739.83,48,19.59,420,0.4715,1,0,SELF_EMPLOYED,MASTERS,SINGLE,PERSONAL,1
CUST-004420,51,18434.76,28,30735.01,12,5.22,418,0.3587,5,0,SALARIED,BACHELORS,MARRIED,BUSINESS,1
CUST-004421,26,124391.10,8,24656.70,48,12.42,771,0.1265,6,2,SELF_EMPLOYED,HIGH_SCHOOL,SINGLE,BUSINESS,1
CUST-004422,36,123145.69,18,80741.39,24,18.91,598,0.0762,0,0,SALARIED,MASTERS,SINGLE,BUSINESS,1
CUST-004423,43,119100.48,19,16826.16,36,22.01,679,0.6277,0,0,SALARIED,HIGH_SCHOOL,DIVORCED,PERSONAL,0
CUST-004424,55,105359.75,17,44194.38,12,24.75,635,0.4479,6,0,UNEMPLOYED,MASTERS,SINGLE,AUTO,1
CUST-004425,68,179236.70,10,17936.65,48,22.66,722,0.0720,0,0,SALARIED,PHD,SINGLE,HOME,0
CUST-004426,25,157259.88,7,89649.44,12,15.09,620,0.3967,2,0,UNEMPLOYED,BACHELORS,SINGLE,HOME,1
CUST-004427,50,151205.47,?,47028.56,48,9.24,684,0.5440,5,0,UNEMPLOYED,BACHELORS,MARRIED,AUTO,1
CUST-004428,51,53454.25,12,55832.94,24,23.47,686,0.5962,6,0,SELF_EMPLOYED,MASTERS,SINGLE,HOME,1
CUST-004429,31,169477.16,4,10845.34,36,13.30,795,0.3358,3,0,SALARIED,BACHELORS,MARRIED,BUSINESS,1
CUST-004430,55,195460.89,11,41787.81,12,12.77,380,0.4254,0,0,SALARIED,MASTERS,DIVORCED,PERSONAL,1
CUST-004431,58,154579.31,3,24839.81,24,21.46,734,0.1737,1,0,RETIRED,PHD,DIVORCED,AUTO,0
CUST-004432,43,103130.31,25,35267.18,36,11.26,548,0.3780,3,0,RETIRED,MASTERS,SINGLE,HOME,0
CUST-004433,56,196461.39,24,47644.91,36,8.10,769,0.4192,1,0,SELF_EMPLOYED,BACHELORS,SINGLE,AUTO,0
CUST-004434,26,156424.38,6,88034.18,12,5.48,539,0.3684,0,0,RETIRED,MASTERS,DIVORCED,PERSONAL,1
CUST-004435,33,27080.52,15,8985.97,36,9.71,756,0.5032,3,0,SALARIED,PHD,SINGLE,HOME,1
CUST-004436,27,184608.68,9,23032.63,36,20.28,314,0.0754,3,0,UNEMPLOYED,BACHELORS,SINGLE,BUSINESS,0
CUST-004437,63,61578.04,30,56066.91,36,8.49,512,0.6333,1,0,SALARIED,PHD,SINGLE,EDUCATION,0
CUST-004438,67,60361.48,32,41640.10,12,23.91,719,0.5696,6,0,SELF_EMPLOYED,MASTERS,MARRIED,AUTO,1
CUST-004439,65,108212.58,33,86392.59,48,22.61,361,0.3013,0,0,SELF_EMPLOYED,MASTERS,SINGLE,BUSINESS,0
CUST-004440,69,198191.34,27,33308.87,24,14.39,321,0.2447,3,0,SELF_EMPLOYED,BACHELORS,SINGLE,PERSONAL,0
CUST-004441,36,159480.37,18,9422.63,12,24.45,762,0.4570,6,0,SELF_EMPLOYED,HIGH_SCHOOL,MARRIED,HOME,0
CUST-004442,30,50443.08,12,53300.66,60,15.22,776,0.4370,2,0,UNEMPLOYED,BACHELORS,DIVORCED,PERSONAL,0
CUST-004443,25,168851.22,2,70600.64,60,8.18,438,0.6846,5,0,UNEMPLOYED,MASTERS,DIVORCED,AUTO,1
CUST-004444,33,70427.28,15,33614.02,36,12.64,550,0.2011,3,0,RETIRED,PHD,DIVORCED,EDUCATION,0
CUST-004445,25,169414.76,1,61809.51,60,15.80,842,0.4953,6,0,UNEMPLOYED,PHD,MARRIED,BUSINESS,0
CUST-004446,47,103397.87,20,18087.13,24,13.49,611,0.1701,5,0,UNEMPLOYED,MASTERS,MARRIED,EDUCATION,1
CUST-004447,46,160819.93,13,44699.76,12,10.54,498,0.0521,0,0,SELF_EMPLOYED,HIGH_SCHOOL,DIVORCED,AUTO,0
CUST-004448,55,53991.99,5,81285.51,12,17.21,660,0.2953,0,0,UNEMPLOYED,MASTERS,DIVORCED,PERSONAL,0
CUST-004449,69,193910.16,5,73776.05,48,8.73,449,0.5514,2,0,UNEMPLOYED,BACHELORS,MARRIED,PERSONAL,1
CUST-004450,33,50933.02,7,37869.54,48,21.46,528,0.2116,5,0,RETIRED,PHD,SINGLE,BUSINESS,0
CUST-004451,57,197857.32,4,69694.92,36,24.82,711,0.3917,4,0,SELF_EMPLOYED,MASTERS,SINGLE,PERSONAL,0
CUST-004452,52,71328.53,9,14654.60,36,14.89,728,0.2973,0,0,SELF_EMPLOYED,HIGH_SCHOOL,SINGLE,EDUCATION,0
CUST-004453,32,52292.82,14,32123.63,12,17.16,719,0.2782,4,1,RETIRED,HIGH_SCHOOL,MARRIED,BUSINESS,1
CUST-004454,29,138712.61,8,83872.47,60,19.64,387,0.2540,1,0,RETIRED,PHD,DIVORCED,HOME,0
CUST-004455,47,69293.47,2,20278.88,36,20.38,813,0.1747,4,0,SALARIED,BACHELORS,MARRIED,PERSONAL,0
CUST-004456,58,171663.57,30,83966.31,48,12.54,448,0.5688,1,0,UNEMPLOYED,MASTERS,SINGLE,BUSINESS,0
CUST-004457,40,196179.19,0,80463.09,24,7.88,418,0.3395,0,0,RETIRED,HIGH_SCHOOL,DIVORCED,EDUCATION,1
CUST-004458,57,139284.28,26,58463.75,48,9.34,792,0.2446,5,0,SELF_EMPLOYED,HIGH_SCHOOL,MARRIED,HOME,0
CUST-004459,30,152157.70,12,60438.69,24,24.36,501,0.4848,5,0,SALARIED,HIGH_SCHOOL,DIVORCED,PERSONAL,0
CUST-004460,42,175896.61,24,81703.91,12,23.31,396,0.6315,2,0,SALARIED,PHD,MARRIED,HOME,1
CUST-004461,24,131971.40,1,54159.35,36,11.70,582,0.2480,2,0,SELF_EMPLOYED,HIGH_SCHOOL,DIVORCED,HOME,1
CUST-004462,46,27077.01,22,49937.49,48,15.10,721,0.0800,6,0,UNEMPLOYED,HIGH_SCHOOL,MARRIED,AUTO,0
CUST-004463,62,61798.24,25,44465.17,36,5.54,817,0.3823,2,0,UNEMPLOYED,BACHELORS,DIVORCED,AUTO,1
CUST-004464,47,78753.35,11,10666.52,60,24.01,818,0.5221,4,2,SALARIED,HIGH_SCHOOL,SINGLE,PERSONAL,1
CUST-004465,61,41362.82,24,70258.30,12,18.07,757,0.3860,4,2,SELF_EMPLOYED,PHD,SINGLE,PERSONAL,1
CUST-004466,41,48528.55,6,56468.33,12,15.54,306,0.3382,0,0,SELF_EMPLOYED,HIGH_SCHOOL,SINGLE,AUTO,1
CUST-004467,25,36246.72,0,6157.22,60,16.97,536,0.6994,0,1,SELF_EMPLOYED,MASTERS,MARRIED,AUTO,1
CUST-004468,39,65472.78,21,82467.28,60,19.96,722,0.4087,6,0,SALARIED,MASTERS,DIVORCED,EDUCATION,0
CUST-004469,66,154385.88,12,15733.29,24,7.82,785,0.2909,0,0,UNEMPLOYED,BACHELORS,DIVORCED,EDUCATION,0
CUST-004470,31,85401.24,4,71548.18,24,19.26,404,0.1615,1,0,SALARIED,PHD,DIVORCED,EDUCATION,1
CUST-004471,30,135293.89,12,22049.15,60,6.35,681,0.5592,2,0,UNEMPLOYED,MASTERS,SINGLE,EDUCATION,0
CUST-004472,25,95524.12,7,37262.00,60,10.77,686,0.3507,6,0,SALARIED,PHD,DIVORCED,PERSONAL,0
CUST-004473,69,82476.96,23,78153.65,36,12.04,524,0.5328,4,0,RETIRED,HIGH_SCHOOL,DIVORCED,AUTO,0
CUST-004474,53,148492.36,17,80584.21,48,15.18,493,0.6832,4,0,SALARIED,PHD,DIVORCED,PERSONAL,0
CUST-004475,33,100666.71,15,45552.91,36,12.42,727,0.3305,5,0,SALARIED,PHD,SINGLE,HOME,0
CUST-004476,56,27786.64,13,57201.80,60,7.59,338,0.4479,1,0,RETIRED,BACHELORS,DIVORCED,AUTO,1
CUST-004477,49,46494.20,0,58787.88,12,6.17,596,0.5264,2,0,RETIRED,BACHELORS,SINGLE,HOME,0
CUST-004478,59,71623.52,34,80948.49,48,5.28,437,0.4475,0,0,SALARIED,HIGH_SCHOOL,DIVORCED,BUSINESS,1
CUST-004479,67,34199.55,28,54149.83,12,5.29,472,0.1415,0,0,SELF_EMPLOYED,PHD,SINGLE,EDUCATION,0
CUST-004480,21,136389.31,3,17339.85,24,23.36,556,0.5721,2,0,RETIRED,PHD,DIVORCED,EDUCATION,0
CUST-004481,21,172475.54,3,20819.60,12,18.66,584,0.6433,5,3,SALARIED,BACHELORS,SINGLE,HOME,1
CUST-004482,66,108111.95,13,70495.49,36,11.22,334,0.2290,3,0,SELF_EMPLOYED,PHD,MARRIED,EDUCATION,0
CUST-004483,29,72611.46,11,4010.72,12,6.54,545,0.4086,6,0,SELF_EMPLOYED,MASTERS,MARRIED,BUSINESS,1
CUST-004484,31,83632.01,1,59091.71,36,15.40,687,0.2175,4,0,SALARIED,BACHELORS,SINGLE,AUTO,0
CUST-004485,67,53886.72,16,35988.57,48,12.72,749,0.2154,4,0,SELF_EMPLOYED,HIGH_SCHOOL,DIVORCED,HOME,0
CUST-004486,47,165589.01,29,72353.33,48,11.08,705,0.2576,1,0,SELF_EMPLOYED,PHD,SINGLE,HOME,0
CUST-004487,22,58595.29,3,4177.50,48,7.77,699,0.0520,5,0,SELF_EMPLOYED,BACHELORS,MARRIED,BUSINESS,1
CUST-004488,43,85376.95,4,7619.25,36,7.39,476,0.1340,0,0,SALARIED,PHD,SINGLE,EDUCATION,1
CUST-004489,33,41827.33,11,67075.25,36,6.63,705,0.4991,4,0,UNEMPLOYED,HIGH_SCHOOL,DIVORCED,PERSONAL,1
CUST-004490,42,153394.72,7,47640.86,36,9.91,765,0.5762,5,0,UNEMPLOYED,PHD,DIVORCED,EDUCATION,0
CUST-004491,70,81710.87,7,33758.19,24,16.57,827,0.4982,3,0,SALARIED,BACHELORS,MARRIED,PERSONAL,0
CUST-004492,36,144132.86,18,7367.43,36,14.32,596,0.5037,3,0,SELF_EMPLOYED,PHD,MARRIED,EDUCATION,0
CUST-004493,64,164268.87,2,80725.93,60,15.78,428,0.3524,4,1,SELF_EMPLOYED,BACHELORS,SINGLE,EDUCATION,0
CUST-004494,40,30302.72,0,59218.91,48,18.19,641,0.4701,1,0,SELF_EMPLOYED,HIGH_SCHOOL,SINGLE,EDUCATION,1
CUST-004495,70,52176.68,26,8610.33,36,18.65,742,0.0668,1,0,SALARIED,BACHELORS,DIVORCED,AUTO,0
CUST-004496,31,118735.79,0,19504.92,48,18.12,307,0.1010,5,0,UNEMPLOYED,MASTERS,MARRIED,PERSONAL,1
CUST-004497,51,180513.53,27,15810.79,12,21.50,687,0.5775,4,0,RETIRED,PHD,SINGLE,AUTO,0
CUST-004498,46,99333.40,12,35494.49,48,20.11,318,0.6082,6,0,SALARIED,BACHELORS,DIVORCED,HOME,0
CUST-004499,65,172464.79,29,70815.21,12,17.71,714,0.5003,4,0,SALARIED,HIGH_SCHOOL,SINGLE,EDUCATION,0
CUST-004500,53,167405.80,2,48301.63,12,13.27,363,0.2666,0,0,SALARIED,PHD,DIVORCED,PERSONAL,0
CUST-004501,37,92995.11,19,52927.48,60,14.42,535,0.1333,0,0,SALARIED,MASTERS,DIVORCED,PERSONAL,0
CUST-004502,26,84462.11,8,81687.13,60,7.55,589,0.0786,3,0,SALARIED,PHD,MARRIED,HOME,0
CUST-004503,47,51220.42,13,31135.39,24,22.75,735,0.5982,1,0,UNEMPLOYED,MASTERS,DIVORCED,BUSINESS,0
CUST-004504,21,110449.33,3,66172.32,24,14.80,704,0.6169,6,2,UNEMPLOYED,MASTERS,DIVORCED,PERSONAL,1
CUST-004505,70,48903.94,22,20220.66,24,16.14,771,0.1261,5,0,UNEMPLOYED,HIGH_SCHOOL,SINGLE,PERSONAL,0
CUST-004506,21,167073.46,3,40249.88,48,21.71,639,0.3144,3,0,UNEMPLOYED,HIGH_SCHOOL,MARRIED,HOME,1
CUST-004507,58,183719.14,9,85070.31,12,23.78,759,0.2193,5,0,RETIRED,MASTERS,DIVORCED,EDUCATION,0
CUST-004508,22,81963.13,4,4178.31,48,8.55,661,0.5735,6,0,SALARIED,PHD,DIVORCED,PERSONAL,0
CUST-004509,64,181459.80,24,4560.51,24,5.43,317,0.5830,2,0,RETIRED,PHD,DIVORCED,HOME,0
CUST-004510,56,45999.97,17,30205.39,48,23.94,708,0.5272,0,1,UNEMPLOYED,HIGH_SCHOOL,DIVORCED,BUSINESS,1
CUST-004511,61,179919.83,17,66241.61,48,19.82,451,0.5890,3,0,SALARIED,PHD,MARRIED,AUTO,1
CUST-004512,21,?,3,24992.84,12,10.10,516,0.0724,2,3,RETIRED,MASTERS,MARRIED,BUSINESS,1
CUST-004513,35,112468.50,11,41765.34,36,22.60,631,0.0984,2,0,SELF_EMPLOYED,HIGH_SCHOOL,SINGLE,AUTO,0
CUST-004514,53,109516.75,12,17660.57,12,19.65,606,0.4422,2,0,RETIRED,BACHELORS,DIVORCED,HOME,0
CUST-004515,39,141089.00,21,85346.29,48,9.91,436,0.3861,3,0,UNEMPLOYED,HIGH_SCHOOL,SINGLE,AUTO,0
CUST-004516,63,108569.62,17,83880.43,60,11.28,363,0.1602,3,0,RETIRED,MASTERS,SINGLE,PERSONAL,1
CUST-004517,32,83970.66,14,61506.03,36,5.87,812,0.4730,1,3,SELF_EMPLOYED,HIGH_SCHOOL,MARRIED,PERSONAL,1
CUST-004518,37,123574.36,19,72766.00,12,7.61,777,0.1145,1,0,UNEMPLOYED,HIGH_SCHOOL,MARRIED,HOME,1
CUST-004519,38,138294.52,2,18193.02,12,24.78,325,0.2537,6,0,RETIRED,BACHELORS,DIVORCED,HOME,1
CUST-004520,22,147645.66,4,15524.13,36,6.79,360,0.0727,3,0,SALARIED,PHD,SINGLE,PERSONAL,0
CUST-004521,23,153242.96,4,51050.09,24,18.64,370,0.3181,2,0,UNEMPLOYED,PHD,DIVORCED,AUTO,0
CUST-004522,33,137356.06,0,49509.35,36,6.28,849,0.5082,2,0,RETIRED,PHD,SINGLE,HOME,0
CUST-004523,46,116093.17,11,53198.88,60,7.05,445,0.1929,0,0,UNEMPLOYED,MASTERS,DIVORCED,BUSINESS,1
CUST-004524,26,182499.96,8,5697.54,60,19.60,436,0.0872,2,0,SALARIED,PHD,SINGLE,BUSINESS,1
CUST-004525,64,58814.52,27,25091.79,36,18.92,652,0.3291,4,0,SALARIED,HIGH_SCHOOL,SINGLE,AUTO,1
CUST-004526,63,124128.32,26,69845.89,60,20.17,683,0.2757,5,0,UNEMPLOYED,HIGH_SCHOOL,MARRIED,AUTO,0
CUST-004527,55,42968.01,?,47756.45,60,18.86,780,0.5321,3,3,SELF_EMPLOYED,BACHELORS,SINGLE,AUTO,1
CUST-004528,43,92554.00,25,10000.77,36,13.77,530,0.6646,3,0,SELF_EMPLOYED,PHD,SINGLE,BUSINESS,0
CUST-004529,37,30738.70,0,64734.77,36,13.05,708,0.6089,6,0,SALARIED,PHD,MARRIED,EDUCATION,0
CUST-004530,57,42464.31,24,49896.88,12,11.96,439,0.2066,6,1,SELF_EMPLOYED,MASTERS,DIVORCED,PERSONAL,0
CUST-004531,43,23371.27,18,74758.02,12,12.85,484,0.4043,1,0,SALARIED,PHD,MARRIED,PERSONAL,1
CUST-004532,51,81426.32,21,70500.58,12,13.21,393,0.5527,0,0,UNEMPLOYED,PHD,MARRIED,HOME,1
CUST-004533,48,51299.28,7,62421.13,12,16.70,700,0.1749,0,0,SALARIED,PHD,MARRIED,HOME,1
CUST-004534,33,42341.66,15,73674.11,48,18.29,576,0.4908,5,0,RETIRED,MASTERS,SINGLE,EDUCATION,1
CUST-004535,45,126936.00,19,71315.43,60,12.44,789,0.3590,5,0,UNEMPLOYED,MASTERS,MARRIED,BUSINESS,0
CUST-004536,39,162018.70,7,10423.31,12,21.13,607,0.1332,3,0,SELF_EMPLOYED,BACHELORS,SINGLE,HOME,0
CUST-004537,54,188275.96,33,74401.89,24,24.71,529,0.1960,6,0,SELF_EMPLOYED,BACHELORS,MARRIED,EDUCATION,1
CUST-004538,33,108585.29,15,21988.78,36,9.03,334,0.6987,6,0,RETIRED,MASTERS,SINGLE,EDUCATION,0
CUST-004539,40,106159.57,22,58543.14,12,11.49,621,0.3661,2,0,SALARIED,MASTERS,MARRIED,EDUCATION,0
CUST-004540,47,98250.46,2,43798.11,36,17.05,803,0.0776,0,0,SELF_EMPLOYED,HIGH_SCHOOL,SINGLE,HOME,0
CUST-004541,33,124895.16,15,21540.19,12,12.15,760,0.2119,5,0,SALARIED,BACHELORS,SINGLE,PERSONAL,0
CUST-004542,40,109162.68,7,60086.33,36,20.93,844,0.4990,0,0,SALARIED,PHD,MARRIED,PERSONAL,1
CUST-004543,28,74754.76,8,78515.42,24,9.31,503,0.5316,3,0,RETIRED,HIGH_SCHOOL,SINGLE,AUTO,1
CUST-004544,39,32817.61,21,13051.50,36,16.10,660,0.2602,0,0,SELF_EMPLOYED,BACHELORS,MARRIED,BUSINESS,1
CUST-004545,34,28160.88,8,49672.51,48,18.28,506,0.5713,3,1,SELF_EMPLOYED,PHD,SINGLE,PERSONAL,1
CUST-004546,33,79697.48,15,9691.61,60,11.68,521,0.1641,5,0,RETIRED,MASTERS,SINGLE,EDUCATION,0
CUST-004547,29,173535.24,2,64832.24,60,19.51,695,0.3905,5,2,RETIRED,HIGH_SCHOOL,MARRIED,HOME,0
CUST-004548,34,152952.53,16,38535.79,60,19.51,352,0.6643,4,0,UNEMPLOYED,PHD,SINGLE,EDUCATION,1
CUST-004549,64,194254.34,5,27110.47,24,20.81,615,0.4959,2,0,SALARIED,BACHELORS,SINGLE,EDUCATION,1
CUST-004550,30,34445.96,0,24519.00,24,22.61,405,0.2956,5,0,SALARIED,MASTERS,DIVORCED,PERSONAL,1
CUST-004551,55,133280.03,0,52923.84,48,10.44,647,0.0948,5,2,SALARIED,HIGH_SCHOOL,DIVORCED,PERSONAL,1
CUST-004552,56,114071.37,31,43557.63,12,19.56,?,0.1547,5,0,RETIRED,MASTERS,MARRIED,BUSINESS,0
CUST-004553,56,183731.80,15,32721.55,60,11.23,489,0.3159,3,0,RETIRED,MASTERS,DIVORCED,EDUCATION,0
CUST-004554,46,178303.85,15,17778.60,48,22.30,714,0.3568,6,0,RETIRED,BACHELORS,DIVORCED,EDUCATION,0
CUST-004555,23,26592.72,5,22430.54,60,6.69,743,0.2438,3,0,UNEMPLOYED,MASTERS,MARRIED,AUTO,1
CUST-004556,53,113726.17,14,84447.73,48,24.78,423,0.6601,0,0,UNEMPLOYED,HIGH_SCHOOL,MARRIED,BUSINESS,1
CUST-004557,42,52279.65,20,35315.38,24,14.69,431,0.3384,5,0,RETIRED,HIGH_SCHOOL,DIVORCED,EDUCATION,1
CUST-004558,30,62485.08,0,69494.27,24,17.31,480,0.4534,2,0,RETIRED,PHD,DIVORCED,PERSONAL,1
CUST-004559,42,106751.59,24,70960.24,12,13.36,519,0.2262,4,0,RETIRED,PHD,DIVORCED,HOME,1
CUST-004560,29,119109.71,8,7072.98,36,12.83,661,0.3115,1,0,SELF_EMPLOYED,HIGH_SCHOOL,SINGLE,EDUCATION,1
CUST-004561,66,57668.87,24,49995.92,24,14.03,327,0.4238,3,0,SELF_EMPLOYED,PHD,DIVORCED,BUSINESS,0
CUST-004562,61,171112.19,21,62972.88,12,17.52,540,0.4101,1,0,UNEMPLOYED,BACHELORS,SINGLE,PERSONAL,1
CUST-004563,29,47112.21,9,34133.77,48,9.80,386,0.1189,5,2,SALARIED,MASTERS,MARRIED,PERSONAL,1
CUST-004564,60,72629.21,7,21330.70,12,13.56,795,0.6909,2,0,RETIRED,PHD,DIVORCED,HOME,0
CUST-004565,52,154840.69,6,31523.27,24,16.21,711,0.1737,3,0,UNEMPLOYED,BACHELORS,DIVORCED,HOME,0
CUST-004566,54,52882.88,29,9261.09,48,14.08,750,0.2915,2,3,SALARIED,MASTERS,SINGLE,EDUCATION,1
CUST-004567,50,46884.49,8,22607.30,48,19.38,?,0.5295,2,1,UNEMPLOYED,HIGH_SCHOOL,MARRIED,PERSONAL,1
CUST-004568,61,58218.76,18,64282.16,60,20.48,467,0.1333,4,3,SALARIED,HIGH_SCHOOL,SINGLE,EDUCATION,0
CUST-004569,55,32920.12,31,6533.04,24,13.78,614,0.4794,2,0,UNEMPLOYED,HIGH_SCHOOL,DIVORCED,AUTO,1
CUST-004570,42,170610.63,14,83276.35,48,19.92,672,0.4667,6,0,SALARIED,HIGH_SCHOOL,DIVORCED,AUTO,0
CUST-004571,54,64750.01,6,35559.79,36,13.09,846,0.1997,2,0,SALARIED,HIGH_SCHOOL,MARRIED,HOME,0
CUST-004572,59,39112.85,26,28824.84,48,17.91,620,0.6792,0,0,UNEMPLOYED,MASTERS,DIVORCED,AUTO,1
CUST-004573,51,187631.55,6,32929.59,24,18.31,397,0.6200,4,0,SELF_EMPLOYED,HIGH_SCHOOL,SINGLE,AUTO,0
CUST-004574,37,140299.98,4,54449.11,24,17.49,506,0.1736,2,0,SELF_EMPLOYED,MASTERS,DIVORCED,HOME,1
CUST-004575,70,53726.84,18,24963.41,24,9.21,717,0.0931,5,0,RETIRED,MASTERS,MARRIED,BUSINESS,0
CUST-004576,26,75461.36,8,56659.75,24,8.53,326,0.2307,0,0,SELF_EMPLOYED,PHD,DIVORCED,PERSONAL,0
CUST-004577,47,148957.60,23,56140.51,48,10.76,404,0.4859,3,0,RETIRED,BACHELORS,DIVORCED,AUTO,1
CUST-004578,44,109941.19,10,80416.51,24,18.67,748,0.4446,4,0,SALARIED,HIGH_SCHOOL,SINGLE,EDUCATION,0
CUST-004579,48,92836.49,3,77516.09,12,23.81,734,0.3516,2,0,UNEMPLOYED,PHD,SINGLE,HOME,1
CUST-004580,26,122437.26,8,23827.98,12,20.71,708,0.6700,4,0,SALARIED,MASTERS,DIVORCED,PERSONAL,0
CUST-004581,52,114588.30,12,20972.60,12,14.76,325,0.2575,2,0,UNEMPLOYED,PHD,SINGLE,PERSONAL,1
CUST-004582,45,30262.72,18,77304.60,24,7.98,834,0.2557,1,0,SALARIED,HIGH_SCHOOL,MARRIED,HOME,0
CUST-004583,26,157873.49,8,75092.27,24,13.35,507,0.6728,0,0,UNEMPLOYED,HIGH_SCHOOL,MARRIED,HOME,1
CUST-004584,31,50547.88,13,14953.79,48,7.01,772,0.5507,2,0,SALARIED,BACHELORS,MARRIED,AUTO,0
CUST-004585,63,139380.50,11,37481.20,48,23.19,478,0.3077,4,0,RETIRED,BACHELORS,MARRIED,AUTO,0
CUST-004586,55,26750.01,30,33248.48,12,18.99,385,0.4199,5,0,SELF_EMPLOYED,PHD,DIVORCED,PERSONAL,0
CUST-004587,61,147782.54,7,47007.13,60,7.40,741,0.3516,5,0,UNEMPLOYED,HIGH_SCHOOL,SINGLE,AUTO,0
CUST-004588,65,53162.46,11,88533.07,48,6.46,403,0.2766,3,0,UNEMPLOYED,MASTERS,SINGLE,EDUCATION,0
CUST-004589,69,128771.31,13,19711.20,60,17.47,396,0.1101,0,0,RETIRED,MASTERS,SINGLE,HOME,0
CUST-004590,67,170663.64,34,9473.41,12,24.04,487,0.1265,0,3,RETIRED,PHD,DIVORCED,PERSONAL,1
CUST-004591,36,62850.13,18,82986.78,36,14.62,632,0.4296,6,0,SALARIED,BACHELORS,MARRIED,AUTO,1
CUST-004592,68,83848.00,27,85206.62,60,17.08,735,0.4883,4,0,RETIRED,HIGH_SCHOOL,MARRIED,AUTO,0
CUST-004593,49,19775.90,7,62075.07,48,5.89,662,0.6360,2,0,RETIRED,HIGH_SCHOOL,SINGLE,PERSONAL,1
CUST-004594,60,169839.82,33,15452.47,36,7.23,?,0.0858,1,0,UNEMPLOYED,BACHELORS,SINGLE,PERSONAL,0
CUST-004595,68,82815.73,12,37927.89,60,19.84,836,0.2587,5,1,UNEMPLOYED,MASTERS,SINGLE,HOME,1
CUST-004596,23,18185.47,5,65443.66,36,18.09,479,0.5604,6,0,SELF_EMPLOYED,PHD,MARRIED,BUSINESS,1
CUST-004597,63,193991.13,30,84614.31,36,23.42,560,0.5019,5,1,RETIRED,PHD,MARRIED,BUSINESS,1
CUST-004598,54,115946.80,22,13901.26,48,16.00,508,0.0847,4,0,RETIRED,BACHELORS,SINGLE,EDUCATION,0
CUST-004599,70,72288.76,15,11512.42,36,16.30,588,0.6370,1,0,RETIRED,PHD,DIVORCED,EDUCATION,0
CUST-004600,40,168703.73,2,66429.33,36,14.76,756,0.6668,2,0,UNEMPLOYED,PHD,SINGLE,AUTO,1
CUST-004601,40,173585.70,22,13355.03,12,11.61,654,0.4298,5,0,SELF_EMPLOYED,PHD,MARRIED,PERSONAL,0
CUST-004602,37,68537.88,13,22913.99,12,17.18,648,0.1088,2,0,UNEMPLOYED,HIGH_SCHOOL,SINGLE,HOME,0
CUST-004603,59,153787.72,26,36489.74,12,5.00,786,0.6596,6,3,RETIRED,MASTERS,MARRIED,BUSINESS,1
CUST-004604,36,134480.68,18,61801.23,48,21.88,738,0.4698,6,0,UNEMPLOYED,PHD,SINGLE,PERSONAL,0
CUST-004605,27,186544.53,9,68612.28,24,24.92,805,0.5797,1,1,SALARIED,PHD,MARRIED,AUTO,0
CUST-004606,35,46236.43,5,41936.02,48,13.02,816,0.5277,0,0,SELF_EMPLOYED,PHD,MARRIED,PERSONAL,1
CUST-004607,44,169366.84,26,87995.31,48,17.47,613,0.2912,3,2,RETIRED,MASTERS,DIVORCED,HOME,0
CUST-004608,21,65713.87,3,58177.39,60,16.72,754,0.6553,4,0,UNEMPLOYED,BACHELORS,DIVORCED,EDUCATION,0
CUST-004609,62,48489.58,28,9573.02,12,17.22,?,0.1944,1,0,SELF_EMPLOYED,PHD,DIVORCED,HOME,1
CUST-004610,41,70305.45,14,29437.35,12,6.15,433,0.1640,5,0,UNEMPLOYED,HIGH_SCHOOL,DIVORCED,EDUCATION,0
CUST-004611,48,69260.38,4,72481.25,24,12.68,399,0.4804,3,0,UNEMPLOYED,MASTERS,SINGLE,EDUCATION,1
CUST-004612,69,29567.94,8,18984.68,60,16.66,570,0.4998,2,0,RETIRED,HIGH_SCHOOL,DIVORCED,PERSONAL,1
CUST-004613,29,90396.82,11,19642.25,48,21.73,759,0.6569,6,0,RETIRED,MASTERS,MARRIED,PERSONAL,0
CUST-004614,60,186004.46,21,53428.92,24,19.88,742,0.4436,3,0,SALARIED,HIGH_SCHOOL,SINGLE,BUSINESS,1
CUST-004615,63,147192.59,26,86622.82,36,23.35,531,0.2931,3,0,SELF_EMPLOYED,HIGH_SCHOOL,SINGLE,EDUCATION,0
CUST-004616,54,111070.30,9,51626.41,48,24.58,487,0.1210,4,0,SELF_EMPLOYED,PHD,SINGLE,BUSINESS,1
CUST-004617,45,143754.79,27,18151.09,36,22.82,655,0.6740,5,0,RETIRED,MASTERS,MARRIED,BUSINESS,0
CUST-004618,59,21651.67,24,86883.43,12,13.14,789,0.4515,2,0,SALARIED,MASTERS,DIVORCED,EDUCATION,0
CUST-004619,35,128339.04,17,10139.60,24,21.08,805,0.6340,1,0,SELF_EMPLOYED,PHD,SINGLE,EDUCATION,0
CUST-004620,41,169201.99,5,14116.39,36,21.11,750,0.0786,4,0,RETIRED,BACHELORS,SINGLE,PERSONAL,0
CUST-004621,51,59812.51,8,75824.78,36,7.33,661,0.0900,1,1,SALARIED,HIGH_SCHOOL,DIVORCED,HOME,1
CUST-004622,40,197692.09,22,32387.22,60,22.79,345,0.5355,2,0,SELF_EMPLOYED,HIGH_SCHOOL,SINGLE,BUSINESS,1
CUST-004623,38,154559.92,11,69231.38,48,7.17,533,0.1136,1,0,RETIRED,MASTERS,SINGLE,EDUCATION,1
CUST-004624,33,58103.68,15,85823.61,12,19.40,452,0.2320,1,2,UNEMPLOYED,BACHELORS,MARRIED,BUSINESS,1
CUST-004625,65,45693.60,3,3067.43,48,9.05,777,0.6282,1,0,UNEMPLOYED,BACHELORS,SINGLE,BUSINESS,0
CUST-004626,53,46475.53,18,84566.45,24,18.05,621,0.0909,3,0,UNEMPLOYED,HIGH_SCHOOL,MARRIED,AUTO,1
CUST-004627,26,175142.99,8,46502.38,36,13.06,556,0.0903,5,0,SALARIED,BACHELORS,SINGLE,EDUCATION,1
CUST-004628,35,132779.50,17,89579.12,48,18.29,842,0.5760,2,0,UNEMPLOYED,MASTERS,MARRIED,AUTO,1
CUST-004629,55,66111.22,26,11701.03,60,23.37,382,0.1763,6,0,SALARIED,PHD,SINGLE,AUTO,1
CUST-004630,36,160718.56,15,84681.88,36,16.96,369,0.6707,4,0,SALARIED,HIGH_SCHOOL,SINGLE,HOME,0
CUST-004631,22,38432.27,4,69069.65,12,10.94,514,0.1532,6,0,RETIRED,PHD,DIVORCED,AUTO,1
CUST-004632,56,197856.71,16,89227.25,48,21.67,438,0.0793,0,0,SALARIED,PHD,SINGLE,AUTO,0
CUST-004633,64,32858.45,23,16945.29,24,9.17,833,0.1189,4,0,UNEMPLOYED,BACHELORS,DIVORCED,AUTO,0
CUST-004634,46,45173.25,24,64173.37,60,19.22,500,0.1590,5,0,RETIRED,PHD,SINGLE,AUTO,1
CUST-004635,50,30227.42,0,66075.53,48,5.91,814,0.3471,2,2,UNEMPLOYED,BACHELORS,SINGLE,BUSINESS,0
CUST-004636,36,125173.18,18,60140.97,12,23.89,617,0.3723,3,0,SELF_EMPLOYED,PHD,MARRIED,AUTO,0
CUST-004637,60,45426.25,7,47948.52,12,17.37,688,0.2809,2,0,RETIRED,HIGH_SCHOOL,SINGLE,BUSINESS,0
CUST-004638,45,?,24,75172.02,24,9.38,725,0.6409,2,0,UNEMPLOYED,HIGH_SCHOOL,MARRIED,HOME,0
CUST-004639,22,176293.84,4,71518.19,60,16.36,386,0.5138,6,0,RETIRED,HIGH_SCHOOL,MARRIED,EDUCATION,0
CUST-004640,38,178177.17,1,7195.23,12,20.54,439,0.1119,2,0,UNEMPLOYED,BACHELORS,SINGLE,BUSINESS,0
CUST-004641,27,87441.07,?,8934.27,36,19.72,595,0.4485,6,3,SALARIED,BACHELORS,MARRIED,BUSINESS,1
CUST-004642,57,113491.35,31,12366.48,48,6.70,606,0.0679,0,3,UNEMPLOYED,PHD,MARRIED,AUTO,1
CUST-004643,64,173595.33,21,63673.41,24,21.76,342,0.3725,5,0,SELF_EMPLOYED,HIGH_SCHOOL,DIVORCED,HOME,0
CUST-004644,42,122942.59,3,65001.33,48,9.29,301,0.3504,2,2,UNEMPLOYED,BACHELORS,DIVORCED,EDUCATION,1
CUST-004645,40,142261.84,16,4429.64,12,5.29,843,0.6088,0,2,SELF_EMPLOYED,MASTERS,DIVORCED,PERSONAL,0
CUST-004646,32,22889.59,7,80056.77,24,10.58,820,0.1089,2,0,RETIRED,HIGH_SCHOOL,DIVORCED,EDUCATION,0
CUST-004647,33,76108.62,15,17044.55,36,21.99,?,0.1574,5,0,SELF_EMPLOYED,BACHELORS,SINGLE,BUSINESS,1
CUST-004648,23,26439.44,5,60973.83,36,16.47,573,0.5842,4,0,RETIRED,BACHELORS,MARRIED,BUSINESS,0
CUST-004649,33,73156.33,15,66716.76,12,24.00,747,0.2475,1,0,SELF_EMPLOYED,PHD,DIVORCED,HOME,0
CUST-004650,35,42848.46,17,44003.03,36,15.97,617,0.1118,3,0,SALARIED,HIGH_SCHOOL,DIVORCED,BUSINESS,1
CUST-004651,47,19213.11,21,18335.88,24,21.71,636,0.1696,5,0,SALARIED,PHD,SINGLE,AUTO,1
CUST-004652,58,159714.74,7,45870.89,48,8.39,518,0.1341,3,0,RETIRED,PHD,DIVORCED,BUSINESS,0
CUST-004653,48,28082.15,28,65479.67,24,13.41,634,0.4031,0,0,RETIRED,BACHELORS,DIVORCED,HOME,0
CUST-004654,49,86669.92,22,89027.85,48,16.71,808,0.0884,5,0,SALARIED,PHD,SINGLE,EDUCATION,1
CUST-004655,54,102937.68,11,57261.89,12,23.69,524,0.2240,1,0,RETIRED,MASTERS,MARRIED,PERSONAL,0
CUST-004656,50,163538.87,1,60689.99,24,16.63,646,0.1049,4,0,RETIRED,HIGH_SCHOOL,MARRIED,AUTO,0
CUST-004657,30,20078.23,12,30434.82,12,19.18,601,0.0662,4,0,RETIRED,BACHELORS,MARRIED,EDUCATION,1
CUST-004658,67,83220.00,31,80344.20,24,18.82,781,0.3530,4,0,RETIRED,HIGH_SCHOOL,DIVORCED,EDUCATION,0
CUST-004659,32,59029.68,13,69739.41,36,16.62,363,0.4509,6,0,SELF_EMPLOYED,MASTERS,MARRIED,AUTO,1
CUST-004660,39,61988.59,21,15743.08,60,12.76,380,0.6818,1,0,RETIRED,PHD,SINGLE,HOME,0
CUST-004661,58,101625.75,23,56663.34,36,18.74,643,0.5704,4,0,SELF_EMPLOYED,MASTERS,SINGLE,AUTO,1
CUST-004662,58,126862.90,10,88790.74,36,11.08,385,0.5928,1,0,SALARIED,MASTERS,DIVORCED,AUTO,1
CUST-004663,53,20809.30,29,86376.12,12,7.29,553,0.6501,4,0,SALARIED,MASTERS,SINGLE,AUTO,1
CUST-004664,38,60060.64,20,67884.26,12,19.49,794,0.3172,6,0,RETIRED,PHD,MARRIED,EDUCATION,0
CUST-004665,32,80909.13,1,45076.38,12,15.53,581,0.4322,3,1,UNEMPLOYED,MASTERS,MARRIED,BUSINESS,1
CUST-004666,34,162549.89,2,24761.22,36,11.89,588,0.4152,3,1,SALARIED,BACHELORS,DIVORCED,HOME,1
CUST-004667,23,175539.98,5,27879.12,36,23.88,742,0.3589,2,1,RETIRED,HIGH_SCHOOL,SINGLE,BUSINESS,0
CUST-004668,70,37084.24,12,44833.01,24,22.01,494,0.3721,0,0,SELF_EMPLOYED,MASTERS,MARRIED,PERSONAL,1
CUST-004669,38,38129.51,20,26594.86,12,22.12,540,0.0712,1,0,SELF_EMPLOYED,HIGH_SCHOOL,MARRIED,BUSINESS,1
CUST-004670,52,91731.78,0,79253.64,36,17.01,539,0.1053,0,0,SELF_EMPLOYED,HIGH_SCHOOL,MARRIED,EDUCATION,1
CUST-004671,54,57035.75,3,71380.45,36,9.68,703,0.5927,6,0,RETIRED,PHD,SINGLE,AUTO,1
CUST-004672,61,179096.78,11,30376.79,36,10.11,596,0.2820,6,0,SALARIED,BACHELORS,SINGLE,EDUCATION,0
CUST-004673,55,57511.41,28,78842.52,36,5.68,597,0.3755,6,0,RETIRED,HIGH_SCHOOL,MARRIED,EDUCATION,0
CUST-004674,39,177201.66,14,49013.26,36,15.64,358,0.2240,4,0,SELF_EMPLOYED,BACHELORS,MARRIED,AUTO,1
CUST-004675,24,188503.08,1,46620.92,48,23.86,476,0.6296,5,0,UNEMPLOYED,BACHELORS,DIVORCED,EDUCATION,1
CUST-004676,63,37916.55,12,51807.14,60,12.23,713,0.1816,5,0,SELF_EMPLOYED,PHD,MARRIED,HOME,0
CUST-004677,21,75068.07,3,16502.04,36,20.02,377,0.1945,1,0,SELF_EMPLOYED,PHD,SINGLE,BUSINESS,1
CUST-004678,56,20919.41,15,18894.94,60,8.81,846,0.6427,5,0,SALARIED,HIGH_SCHOOL,SINGLE,BUSINESS,1
CUST-004679,66,126606.91,9,57962.53,60,17.43,849,0.4876,6,0,UNEMPLOYED,BACHELORS,SINGLE,AUTO,1
CUST-004680,59,92053.03,21,63057.57,12,13.15,539,0.2188,5,0,SALARIED,PHD,SINGLE,PERSONAL,0
CUST-004681,30,138987.82,12,89848.55,60,13.30,328,0.6869,5,0,RETIRED,MASTERS,SINGLE,BUSINESS,0
CUST-004682,28,108748.81,4,45781.51,48,20.87,646,0.2110,3,0,RETIRED,BACHELORS,MARRIED,PERSONAL,0
CUST-004683,43,110807.52,25,42022.57,12,22.47,605,0.4997,4,0,UNEMPLOYED,BACHELORS,SINGLE,PERSONAL,0
CUST-004684,55,130158.88,6,7535.78,36,10.43,?,0.3300,4,0,RETIRED,MASTERS,MARRIED,PERSONAL,0
CUST-004685,31,132384.61,13,45155.34,24,15.37,333,0.3157,0,1,SELF_EMPLOYED,PHD,MARRIED,AUTO,0
CUST-004686,39,18177.25,20,75325.17,12,18.44,576,0.3114,3,3,SALARIED,BACHELORS,DIVORCED,PERSONAL,1
CUST-004687,69,61012.69,11,74927.42,36,7.26,436,0.3957,0,0,RETIRED,MASTERS,SINGLE,BUSINESS,0
CUST-004688,56,164412.80,0,26999.31,48,9.58,479,0.3526,0,0,UNEMPLOYED,BACHELORS,MARRIED,HOME,0
CUST-004689,65,181243.19,19,51939.48,12,5.84,493,0.3775,4,0,SELF_EMPLOYED,MASTERS,DIVORCED,PERSONAL,0
CUST-004690,62,171887.19,22,6599.59,24,8.25,718,0.6389,3,0,SELF_EMPLOYED,PHD,MARRIED,PERSONAL,0
CUST-004691,46,102223.56,20,40938.94,12,9.30,396,0.3081,0,0,UNEMPLOYED,MASTERS,SINGLE,AUTO,0
CUST-004692,37,55544.03,12,13001.73,24,21.42,401,0.2561,2,3,SELF_EMPLOYED,HIGH_SCHOOL,MARRIED,HOME,1
CUST-004693,43,50540.51,15,46006.96,12,10.07,523,0.3152,4,0,SALARIED,HIGH_SCHOOL,DIVORCED,AUTO,1
CUST-004694,21,66817.43,3,41697.23,12,24.58,492,0.4855,6,0,SALARIED,HIGH_SCHOOL,DIVORCED,BUSINESS,1
CUST-004695,33,131312.31,15,23609.00,60,14.94,539,0.4233,6,0,RETIRED,HIGH_SCHOOL,MARRIED,EDUCATION,0
CUST-004696,38,28308.13,14,42956.17,12,24.37,761,0.3168,2,0,RETIRED,BACHELORS,MARRIED,BUSINESS,0
CUST-004697,60,115094.47,15,56188.97,60,14.78,848,0.0914,4,0,SELF_EMPLOYED,HIGH_SCHOOL,MARRIED,PERSONAL,0
CUST-004698,28,105168.61,10,76063.00,36,11.03,846,0.2614,3,1,RETIRED,BACHELORS,MARRIED,EDUCATION,1
CUST-004699,29,108916.27,4,75200.44,12,13.41,847,0.4921,4,0,RETIRED,MASTERS,MARRIED,BUSINESS,0
CUST-004700,26,166145.69,8,26085.06,12,12.93,552,0.2026,5,0,UNEMPLOYED,PHD,SINGLE,HOME,1
CUST-004701,56,158459.90,19,23686.67,60,19.60,537,0.5549,3,0,RETIRED,PHD,DIVORCED,HOME,1
CUST-004702,35,49322.94,1,82052.80,36,11.19,632,0.6872,1,0,UNEMPLOYED,MASTERS,SINGLE,EDUCATION,0
CUST-004703,45,191473.86,21,5833.06,36,18.91,721,0.5635,6,0,RETIRED,HIGH_SCHOOL,SINGLE,BUSINESS,0
CUST-004704,37,76519.56,16,30896.03,48,7.69,387,0.5727,3,0,RETIRED,PHD,DIVORCED,AUTO,0
CUST-004705,21,187737.78,3,56814.18,60,24.93,540,0.2792,0,0,UNEMPLOYED,PHD,DIVORCED,PERSONAL,1
CUST-004706,24,96004.51,6,53950.01,36,6.06,516,0.2026,5,2,SALARIED,PHD,DIVORCED,BUSINESS,1
CUST-004707,31,197019.55,13,35591.05,60,13.96,403,0.1026,0,0,SELF_EMPLOYED,HIGH_SCHOOL,SINGLE,EDUCATION,0
CUST-004708,70,185020.99,17,64358.90,24,10.07,594,0.1842,5,0,UNEMPLOYED,HIGH_SCHOOL,MARRIED,PERSONAL,0
CUST-004709,53,95593.30,34,38096.10,48,13.54,790,0.6084,2,0,SELF_EMPLOYED,HIGH_SCHOOL,MARRIED,EDUCATION,0
CUST-004710,64,89935.37,26,61409.22,12,16.15,541,0.5688,5,0,UNEMPLOYED,PHD,SINGLE,PERSONAL,0
CUST-004711,56,45542.62,13,51462.69,48,10.35,787,0.5864,3,0,SALARIED,PHD,MARRIED,EDUCATION,1
CUST-004712,34,166196.48,11,20758.05,60,24.76,374,0.2376,1,0,SALARIED,HIGH_SCHOOL,SINGLE,PERSONAL,1
CUST-004713,39,45280.63,21,85304.62,12,10.10,306,0.2028,5,0,SELF_EMPLOYED,MASTERS,SINGLE,HOME,0
CUST-004714,64,161543.82,21,10325.10,24,22.45,825,0.2309,3,0,RETIRED,BACHELORS,DIVORCED,AUTO,1
CUST-004715,25,177935.50,7,60607.93,24,21.17,838,0.2612,4,0,SALARIED,BACHELORS,SINGLE,BUSINESS,0
CUST-004716,54,94337.02,33,31980.12,36,11.89,604,0.6177,1,0,SELF_EMPLOYED,PHD,SINGLE,HOME,0
CUST-004717,27,179123.94,9,25658.22,60,11.14,659,0.2532,1,0,RETIRED,BACHELORS,DIVORCED,PERSONAL,0
CUST-004718,34,86026.39,16,23713.48,36,22.80,791,0.3293,5,1,UNEMPLOYED,PHD,DIVORCED,AUTO,1
CUST-004719,25,69301.18,7,53936.01,12,15.51,357,0.1230,0,0,UNEMPLOYED,BACHELORS,SINGLE,PERSONAL,1
CUST-004720,37,154214.60,19,34525.69,12,7.10,594,0.5039,5,0,SELF_EMPLOYED,BACHELORS,DIVORCED,AUTO,1
CUST-004721,23,163077.28,0,78447.61,60,14.39,445,0.4299,0,0,SELF_EMPLOYED,BACHELORS,MARRIED,PERSONAL,0
CUST-004722,30,69739.20,11,37775.47,48,13.26,843,0.5272,2,3,SELF_EMPLOYED,HIGH_SCHOOL,DIVORCED,PERSONAL,0
CUST-004723,41,158375.03,23,31021.19,12,15.01,398,0.2012,2,0,RETIRED,PHD,SINGLE,PERSONAL,0
CUST-004724,21,102646.12,3,11242.86,36,5.47,766,0.6599,4,0,UNEMPLOYED,MASTERS,DIVORCED,BUSINESS,0
CUST-004725,31,85132.03,13,46568.39,60,8.96,458,0.4518,6,0,SALARIED,BACHELORS,SINGLE,HOME,0
CUST-004726,51,104108.38,15,79212.44,24,11.76,673,0.4979,3,0,UNEMPLOYED,BACHELORS,SINGLE,PERSONAL,1
CUST-004727,60,195801.23,1,35380.20,12,6.68,463,0.4278,2,0,SALARIED,MASTERS,SINGLE,PERSONAL,1
CUST-004728,43,85956.87,25,47769.15,60,6.67,757,0.3032,1,0,SELF_EMPLOYED,HIGH_SCHOOL,DIVORCED,EDUCATION,0
CUST-004729,58,?,23,50684.65,24,21.27,726,0.5445,0,0,UNEMPLOYED,MASTERS,SINGLE,HOME,0
CUST-004730,23,53150.31,5,29088.53,12,8.13,415,0.6415,6,0,RETIRED,HIGH_SCHOOL,DIVORCED,HOME,0
CUST-004731,70,21564.77,30,15101.03,48,7.43,560,0.1347,1,0,SALARIED,MASTERS,DIVORCED,PERSONAL,1
CUST-004732,69,77400.49,19,65610.22,60,20.64,774,0.5336,0,0,UNEMPLOYED,PHD,MARRIED,PERSONAL,1
CUST-004733,61,147488.21,23,10425.96,24,15.66,605,0.6265,6,0,RETIRED,PHD,DIVORCED,BUSINESS,0
CUST-004734,22,82806.49,4,10806.74,48,20.40,821,0.2971,2,0,SELF_EMPLOYED,MASTERS,SINGLE,PERSONAL,0
CUST-004735,65,68950.20,26,55971.23,60,19.16,754,0.5091,1,0,SALARIED,MASTERS,SINGLE,BUSINESS,1
CUST-004736,66,137832.24,14,86169.96,24,17.03,751,0.2003,0,0,SELF_EMPLOYED,MASTERS,MARRIED,HOME,1
CUST-004737,35,172902.83,?,68798.66,60,15.97,842,0.0567,1,2,UNEMPLOYED,HIGH_SCHOOL,SINGLE,HOME,1
CUST-004738,65,116904.50,5,20132.24,24,22.95,529,0.6333,0,2,UNEMPLOYED,HIGH_SCHOOL,DIVORCED,PERSONAL,1
CUST-004739,51,160679.53,7,13709.64,24,19.15,555,0.4611,1,0,SALARIED,HIGH_SCHOOL,DIVORCED,AUTO,1
CUST-004740,38,98094.09,20,60545.92,36,18.21,675,0.3842,4,0,RETIRED,HIGH_SCHOOL,DIVORCED,HOME,1
CUST-004741,39,135467.68,17,89666.99,48,16.86,765,0.2875,5,0,RETIRED,MASTERS,DIVORCED,HOME,0
CUST-004742,40,133602.61,22,71340.38,60,18.43,726,0.5857,1,0,SELF_EMPLOYED,BACHELORS,SINGLE,AUTO,0
CUST-004743,68,137256.59,1,43921.62,48,8.57,710,0.3144,5,0,SALARIED,HIGH_SCHOOL,MARRIED,AUTO,0
CUST-004744,24,93752.80,3,51648.88,48,15.58,390,0.3643,5,0,SALARIED,MASTERS,MARRIED,BUSINESS,1
CUST-004745,35,147046.93,?,87652.67,60,21.34,501,0.5942,6,0,SELF_EMPLOYED,BACHELORS,SINGLE,PERSONAL,1
CUST-004746,27,168762.45,9,58959.01,24,16.93,691,0.5097,3,0,SELF_EMPLOYED,MASTERS,MARRIED,EDUCATION,0
CUST-004747,21,166799.96,3,23966.08,60,24.75,723,0.5876,4,0,SALARIED,BACHELORS,DIVORCED,EDUCATION,1
CUST-004748,64,188724.58,7,33317.99,24,11.81,414,0.6125,1,1,RETIRED,HIGH_SCHOOL,MARRIED,PERSONAL,1
CUST-004749,65,139144.82,12,84025.99,12,9.50,847,0.1817,2,0,UNEMPLOYED,HIGH_SCHOOL,DIVORCED,PERSONAL,0
CUST-004750,38,164748.13,20,60078.15,36,7.51,842,0.1713,6,0,RETIRED,BACHELORS,DIVORCED,HOME,0
CUST-004751,48,118935.76,18,58643.83,36,15.89,401,0.6948,0,0,SALARIED,BACHELORS,SINGLE,AUTO,1
CUST-004752,53,140641.79,26,57042.26,36,22.81,555,0.1031,4,0,SELF_EMPLOYED,PHD,DIVORCED,HOME,0
CUST-004753,24,129093.89,6,15215.33,48,16.71,402,0.3716,2,0,SALARIED,PHD,SINGLE,BUSINESS,0
CUST-004754,29,183033.07,11,62367.77,12,18.22,475,0.3413,2,0,SELF_EMPLOYED,MASTERS,SINGLE,AUTO,1
CUST-004755,59,143532.31,18,16919.72,60,13.32,776,0.3944,2,0,SALARIED,PHD,DIVORCED,BUSINESS,1
CUST-004756,48,84404.84,?,51683.87,12,21.36,569,0.1277,0,0,UNEMPLOYED,MASTERS,MARRIED,PERSONAL,1
CUST-004757,50,66167.51,13,33160.93,48,9.60,751,0.6455,3,0,RETIRED,HIGH_SCHOOL,SINGLE,EDUCATION,0
CUST-004758,23,76108.65,5,76290.11,12,21.21,348,0.5475,3,0,UNEMPLOYED,BACHELORS,DIVORCED,HOME,1
CUST-004759,30,174404.50,12,55271.93,60,5.75,493,0.0694,4,0,SALARIED,MASTERS,DIVORCED,HOME,1
CUST-004760,34,69055.25,?,72049.27,48,15.38,392,0.4282,5,0,SELF_EMPLOYED,PHD,DIVORCED,BUSINESS,0
CUST-004761,33,193187.26,2,59457.99,12,20.64,669,0.4275,2,3,SELF_EMPLOYED,BACHELORS,MARRIED,AUTO,1
CUST-004762,24,92533.64,6,42203.65,36,18.03,473,0.5598,4,0,SELF_EMPLOYED,BACHELORS,MARRIED,AUTO,0
CUST-004763,46,156282.69,25,81042.75,24,17.66,316,0.0786,2,0,UNEMPLOYED,PHD,MARRIED,BUSINESS,0
CUST-004764,64,188215.39,7,41299.48,12,11.95,435,0.3871,4,1,SELF_EMPLOYED,PHD,DIVORCED,EDUCATION,1
CUST-004765,27,130807.71,2,46083.34,36,6.26,429,0.2226,2,3,SELF_EMPLOYED,MASTERS,DIVORCED,PERSONAL,1
CUST-004766,50,170044.19,32,47278.18,24,16.52,793,0.5099,1,0,RETIRED,MASTERS,DIVORCED,AUTO,0
CUST-004767,60,21016.48,27,20939.40,48,22.27,370,0.5345,4,0,UNEMPLOYED,MASTERS,DIVORCED,HOME,1
CUST-004768,46,47189.20,23,36149.91,12,10.53,583,0.3282,2,0,UNEMPLOYED,HIGH_SCHOOL,SINGLE,HOME,1
CUST-004769,24,159092.67,6,80659.45,48,12.92,554,0.1094,3,0,SALARIED,MASTERS,MARRIED,BUSINESS,0
CUST-004770,32,133670.80,14,79736.19,12,14.69,403,0.6560,2,0,UNEMPLOYED,PHD,MARRIED,BUSINESS,1
CUST-004771,34,44813.64,5,3535.54,48,21.73,660,0.1215,1,0,RETIRED,MASTERS,SINGLE,EDUCATION,1
CUST-004772,57,21544.27,7,72798.53,36,24.28,808,0.2750,3,0,SELF_EMPLOYED,MASTERS,DIVORCED,HOME,1
CUST-004773,48,121618.08,24,8565.89,60,13.64,558,0.5957,4,1,UNEMPLOYED,BACHELORS,DIVORCED,BUSINESS,1
CUST-004774,55,54377.31,34,85984.66,36,20.90,848,0.1940,5,0,SALARIED,HIGH_SCHOOL,SINGLE,HOME,0
CUST-004775,33,153973.40,15,10058.03,24,21.84,598,0.2526,2,1,RETIRED,PHD,SINGLE,BUSINESS,0
CUST-004776,46,84382.56,11,7308.79,60,9.78,400,0.5925,6,0,SELF_EMPLOYED,HIGH_SCHOOL,DIVORCED,PERSONAL,0
CUST-004777,55,121379.47,19,61872.79,60,19.51,639,0.5941,6,0,SELF_EMPLOYED,BACHELORS,DIVORCED,PERSONAL,1
CUST-004778,46,128530.83,27,26919.17,12,19.41,572,0.5970,1,0,RETIRED,MASTERS,SINGLE,AUTO,0
CUST-004779,27,23683.83,9,20970.72,12,7.42,754,0.1338,3,1,UNEMPLOYED,BACHELORS,SINGLE,AUTO,1
CUST-004780,23,165382.27,5,75471.25,36,15.53,507,0.1411,1,0,SALARIED,MASTERS,SINGLE,BUSINESS,0
CUST-004781,44,45867.05,26,20696.87,36,22.60,722,0.5984,2,1,UNEMPLOYED,MASTERS,DIVORCED,PERSONAL,1
CUST-004782,56,78693.54,31,58600.88,48,24.04,368,0.6977,1,2,RETIRED,HIGH_SCHOOL,SINGLE,EDUCATION,1
CUST-004783,33,85841.72,15,12795.96,24,11.25,617,0.4989,6,0,SALARIED,BACHELORS,SINGLE,EDUCATION,1
CUST-004784,61,42828.33,31,42407.71,12,7.25,694,0.5810,4,0,UNEMPLOYED,BACHELORS,SINGLE,BUSINESS,0
CUST-004785,55,124190.38,10,7565.07,12,14.47,444,0.2982,0,0,UNEMPLOYED,HIGH_SCHOOL,DIVORCED,PERSONAL,1
CUST-004786,44,157380.42,0,45720.54,60,22.43,546,0.0610,0,0,SELF_EMPLOYED,BACHELORS,MARRIED,EDUCATION,0
CUST-004787,62,81217.75,6,33643.09,48,15.08,686,0.3814,3,0,UNEMPLOYED,MASTERS,SINGLE,PERSONAL,1
CUST-004788,69,125234.33,16,35650.96,60,17.14,699,0.6808,3,0,UNEMPLOYED,HIGH_SCHOOL,DIVORCED,AUTO,1
CUST-004789,56,124329.83,4,44957.55,24,24.08,782,0.1578,6,0,SELF_EMPLOYED,MASTERS,MARRIED,EDUCATION,0
CUST-004790,57,98471.47,2,82710.94,48,7.47,820,0.5740,3,0,SALARIED,MASTERS,MARRIED,PERSONAL,1
CUST-004791,23,94753.48,5,86233.44,48,9.06,711,0.4354,1,0,SELF_EMPLOYED,HIGH_SCHOOL,SINGLE,HOME,0
CUST-004792,45,82191.93,27,86021.27,48,6.21,548,0.4996,6,0,SALARIED,PHD,DIVORCED,AUTO,1
CUST-004793,36,89823.02,18,9092.30,24,5.17,394,0.5514,6,0,RETIRED,MASTERS,SINGLE,BUSINESS,0
CUST-004794,60,96792.42,14,19426.59,60,12.43,615,0.4643,0,0,RETIRED,BACHELORS,SINGLE,BUSINESS,0
CUST-004795,66,36067.48,2,28562.62,36,20.55,736,0.1411,0,0,UNEMPLOYED,MASTERS,DIVORCED,BUSINESS,0
CUST-004796,42,137353.24,24,64756.14,36,14.47,301,0.2416,1,0,SELF_EMPLOYED,MASTERS,MARRIED,AUTO,0
CUST-004797,61,121231.83,30,58670.27,36,10.58,843,0.4135,2,0,SELF_EMPLOYED,MASTERS,DIVORCED,AUTO,0
CUST-004798,48,130442.94,24,13397.54,60,5.64,746,0.1010,3,0,UNEMPLOYED,HIGH_SCHOOL,SINGLE,AUTO,0
CUST-004799,37,125909.31,12,70018.94,36,14.84,435,0.2636,3,0,SELF_EMPLOYED,BACHELORS,DIVORCED,AUTO,1
CUST-004800,59,114691.57,?,23273.74,24,17.81,695,0.5293,5,0,SELF_EMPLOYED,PHD,SINGLE,AUTO,0
CUST-004801,62,124179.98,26,52519.46,36,19.32,599,0.1123,0,2,SALARIED,HIGH_SCHOOL,DIVORCED,HOME,0
CUST-004802,36,26993.41,7,43418.96,48,12.30,584,0.4598,4,2,SALARIED,BACHELORS,MARRIED,BUSINESS,1
CUST-004803,44,71350.19,22,20204.86,36,12.73,347,0.5572,6,0,SELF_EMPLOYED,BACHELORS,MARRIED,PERSONAL,0
CUST-004804,66,93574.94,29,68163.91,60,15.08,642,0.0543,5,0,SELF_EMPLOYED,PHD,DIVORCED,BUSINESS,0
CUST-004805,66,66407.51,4,11373.20,24,23.94,692,0.0530,4,0,UNEMPLOYED,PHD,MARRIED,EDUCATION,0
CUST-004806,21,49131.39,3,52180.19,60,11.67,685,0.0558,3,0,SALARIED,BACHELORS,MARRIED,EDUCATION,0
CUST-004807,69,141201.39,31,83866.26,60,23.23,806,0.5810,6,0,SALARIED,MASTERS,SINGLE,HOME,1
CUST-004808,39,194011.27,21,14237.95,12,15.37,814,0.6235,0,0,UNEMPLOYED,MASTERS,SINGLE,EDUCATION,1
CUST-004809,61,86289.94,20,22784.12,24,7.93,668,0.0838,5,0,SELF_EMPLOYED,HIGH_SCHOOL,SINGLE,HOME,0
CUST-004810,68,174545.55,13,11937.54,36,21.56,661,0.5808,1,0,UNEMPLOYED,MASTERS,MARRIED,PERSONAL,1
CUST-004811,37,68643.54,13,11389.81,36,14.10,802,0.4700,5,3,RETIRED,MASTERS,DIVORCED,BUSINESS,0
CUST-004812,28,112986.62,10,76391.56,24,12.83,600,0.1509,6,0,UNEMPLOYED,BACHELORS,SINGLE,BUSINESS,0
CUST-004813,65,160339.64,21,22255.86,12,23.87,604,0.0887,1,3,SELF_EMPLOYED,PHD,DIVORCED,HOME,1
CUST-004814,44,106757.77,26,85097.26,36,22.46,594,0.3811,0,0,RETIRED,PHD,DIVORCED,EDUCATION,1
CUST-004815,44,169808.32,26,59917.10,36,6.01,496,0.5728,1,1,SALARIED,MASTERS,DIVORCED,BUSINESS,1
CUST-004816,62,175801.12,18,59098.31,60,11.32,586,0.5469,5,0,UNEMPLOYED,PHD,MARRIED,BUSINESS,0
CUST-004817,34,105091.20,5,16913.36,24,21.29,668,0.5018,2,0,RETIRED,HIGH_SCHOOL,MARRIED,AUTO,1
CUST-004818,56,111608.92,29,61875.24,48,11.73,479,0.3702,4,0,RETIRED,BACHELORS,MARRIED,PERSONAL,0
CUST-004819,70,119379.37,17,77126.35,60,19.55,332,0.1951,1,0,SELF_EMPLOYED,HIGH_SCHOOL,SINGLE,HOME,1
CUST-004820,63,22698.65,31,21826.73,60,13.82,302,0.5171,0,0,RETIRED,BACHELORS,MARRIED,HOME,1
CUST-004821,49,165818.59,8,32338.93,48,17.57,375,0.4960,4,0,SALARIED,BACHELORS,SINGLE,PERSONAL,0
CUST-004822,54,?,33,87849.61,48,8.64,691,0.4274,6,0,RETIRED,MASTERS,SINGLE,AUTO,1
CUST-004823,46,177174.13,25,54227.38,12,19.23,464,0.4863,6,0,RETIRED,BACHELORS,MARRIED,BUSINESS,1
CUST-004824,59,69783.08,22,14950.75,24,21.16,396,0.2124,2,1,UNEMPLOYED,PHD,DIVORCED,HOME,1
CUST-004825,34,35090.63,16,44369.30,24,11.79,680,0.6754,2,0,RETIRED,MASTERS,SINGLE,AUTO,1
CUST-004826,26,158868.42,8,74598.32,60,15.85,752,0.2711,6,0,SELF_EMPLOYED,PHD,MARRIED,AUTO,0
CUST-004827,33,194216.41,15,64531.50,36,22.60,372,0.2549,4,0,SELF_EMPLOYED,MASTERS,DIVORCED,BUSINESS,0
CUST-004828,44,96701.68,26,69730.25,60,14.51,386,0.3302,0,0,SALARIED,MASTERS,SINGLE,HOME,0
CUST-004829,28,91314.86,4,55810.71,12,20.75,704,0.5643,2,0,UNEMPLOYED,BACHELORS,SINGLE,HOME,1
CUST-004830,57,196637.78,34,89187.67,60,13.68,649,0.3097,2,0,RETIRED,MASTERS,MARRIED,EDUCATION,0
CUST-004831,43,118514.94,25,65921.42,36,16.15,510,0.2978,5,0,RETIRED,HIGH_SCHOOL,DIVORCED,AUTO,0
CUST-004832,57,71041.35,8,43101.52,60,18.34,602,0.1101,0,0,SELF_EMPLOYED,MASTERS,MARRIED,BUSINESS,0
CUST-004833,49,112391.61,29,13155.46,36,18.91,383,0.5978,5,0,RETIRED,PHD,DIVORCED,BUSINESS,0
CUST-004834,68,98790.01,0,25997.47,36,12.11,508,0.3065,3,0,SALARIED,BACHELORS,SINGLE,PERSONAL,0
CUST-004835,58,131036.83,10,76704.23,48,24.90,415,0.5108,0,0,SELF_EMPLOYED,PHD,MARRIED,AUTO,1
CUST-004836,59,60750.52,34,84585.46,48,6.98,599,0.4405,3,0,RETIRED,HIGH_SCHOOL,SINGLE,EDUCATION,1
CUST-004837,63,20073.56,4,26109.84,36,13.98,449,0.2219,0,0,RETIRED,HIGH_SCHOOL,DIVORCED,BUSINESS,0
CUST-004838,65,167533.10,3,51886.87,36,12.42,576,0.5142,6,0,UNEMPLOYED,HIGH_SCHOOL,DIVORCED,AUTO,0
CUST-004839,70,93789.70,6,57395.71,24,8.21,384,0.1146,0,0,SELF_EMPLOYED,HIGH_SCHOOL,DIVORCED,BUSINESS,0
CUST-004840,22,99913.36,4,68947.44,12,22.72,414,0.1951,6,2,SELF_EMPLOYED,HIGH_SCHOOL,DIVORCED,HOME,1
CUST-004841,59,165306.48,28,60132.67,12,16.95,749,0.5101,0,0,SALARIED,MASTERS,SINGLE,HOME,1
CUST-004842,30,93219.14,12,28944.28,36,11.58,564,0.2364,4,0,SALARIED,PHD,SINGLE,PERSONAL,1
CUST-004843,45,125254.31,23,85603.64,12,23.33,610,0.2764,0,0,UNEMPLOYED,HIGH_SCHOOL,DIVORCED,PERSONAL,1
CUST-004844,52,85524.11,25,44630.29,36,14.91,783,0.3800,3,0,SALARIED,MASTERS,MARRIED,HOME,0
CUST-004845,43,77993.62,0,72406.28,24,10.98,758,0.0697,1,0,RETIRED,HIGH_SCHOOL,SINGLE,AUTO,0
CUST-004846,46,61369.89,14,52043.80,60,12.65,305,0.4120,4,0,UNEMPLOYED,PHD,MARRIED,HOME,1
CUST-004847,49,62345.27,5,74830.20,60,5.91,622,0.3378,6,0,RETIRED,MASTERS,SINGLE,PERSONAL,0
CUST-004848,44,131907.35,24,58561.19,12,18.97,618,0.1713,2,0,UNEMPLOYED,BACHELORS,DIVORCED,AUTO,0
CUST-004849,46,115599.76,9,58421.16,24,8.70,698,0.1515,0,0,UNEMPLOYED,BACHELORS,MARRIED,EDUCATION,0
CUST-004850,37,85383.84,19,73655.16,12,20.06,556,0.3571,6,0,RETIRED,HIGH_SCHOOL,DIVORCED,BUSINESS,1
CUST-004851,32,131869.35,14,69424.91,48,11.74,380,0.2067,0,3,UNEMPLOYED,MASTERS,DIVORCED,AUTO,1
CUST-004852,45,105924.86,26,51751.78,36,20.86,396,0.6888,2,0,RETIRED,HIGH_SCHOOL,MARRIED,EDUCATION,0
CUST-004853,35,146445.44,17,87397.77,12,9.48,702,0.4869,0,0,RETIRED,MASTERS,DIVORCED,EDUCATION,0
CUST-004854,53,133408.42,31,73113.29,24,12.47,300,0.5894,6,1,SELF_EMPLOYED,HIGH_SCHOOL,MARRIED,AUTO,1
CUST-004855,43,156250.69,?,65200.39,48,9.83,795,0.1082,3,0,SALARIED,MASTERS,DIVORCED,EDUCATION,0
CUST-004856,65,197238.96,2,83620.57,36,8.90,644,0.3904,2,0,SALARIED,PHD,DIVORCED,EDUCATION,0
CUST-004857,43,149433.64,25,64932.95,24,15.84,347,0.4017,5,0,SALARIED,MASTERS,SINGLE,BUSINESS,1
CUST-004858,55,166316.78,32,51407.24,48,19.80,709,0.0794,2,0,SALARIED,BACHELORS,DIVORCED,BUSINESS,0
CUST-004859,34,133789.50,16,75442.58,60,24.78,791,0.1799,2,0,SELF_EMPLOYED,BACHELORS,MARRIED,EDUCATION,1
CUST-004860,39,102832.85,21,68824.55,24,10.85,595,0.0877,5,0,SALARIED,MASTERS,MARRIED,PERSONAL,0
CUST-004861,43,58687.18,6,3335.11,60,5.32,609,0.1980,3,0,SALARIED,HIGH_SCHOOL,DIVORCED,EDUCATION,1
CUST-004862,51,141800.60,0,18668.82,12,21.80,680,0.2689,3,0,SELF_EMPLOYED,PHD,SINGLE,BUSINESS,1
CUST-004863,65,98136.44,21,53104.54,24,23.26,475,0.3536,3,0,RETIRED,MASTERS,MARRIED,EDUCATION,0
CUST-004864,69,23436.62,19,76501.06,36,7.16,604,0.6003,2,0,SALARIED,MASTERS,SINGLE,PERSONAL,1
CUST-004865,34,174794.55,3,45148.58,24,14.39,631,0.5353,6,0,SALARIED,PHD,SINGLE,AUTO,0
CUST-004866,36,63524.98,2,3910.54,48,12.68,752,0.5750,3,0,UNEMPLOYED,BACHELORS,MARRIED,PERSONAL,1
CUST-004867,42,146373.32,4,22514.68,36,19.65,651,0.1285,2,2,SELF_EMPLOYED,MASTERS,SINGLE,HOME,0
CUST-004868,26,43649.79,0,54752.66,60,12.35,496,0.6399,2,3,SELF_EMPLOYED,BACHELORS,MARRIED,EDUCATION,1
CUST-004869,32,65898.65,14,34119.84,12,24.89,306,0.5925,6,0,SELF_EMPLOYED,HIGH_SCHOOL,SINGLE,HOME,1
CUST-004870,68,130802.05,11,42658.57,48,10.24,359,0.5410,2,0,UNEMPLOYED,BACHELORS,SINGLE,HOME,1
CUST-004871,65,187070.38,23,61605.37,36,10.64,531,0.1571,2,0,RETIRED,BACHELORS,DIVORCED,PERSONAL,0
CUST-004872,38,49379.60,20,35878.99,48,10.28,842,0.0971,6,0,SALARIED,BACHELORS,SINGLE,EDUCATION,0
CUST-004873,47,35336.96,18,4856.42,48,24.52,673,0.2373,0,0,SALARIED,PHD,SINGLE,BUSINESS,0
CUST-004874,58,133224.34,10,80540.02,12,13.41,460,0.0536,4,0,RETIRED,HIGH_SCHOOL,MARRIED,EDUCATION,0
CUST-004875,48,?,4,23054.61,48,21.40,?,0.5916,5,0,SELF_EMPLOYED,HIGH_SCHOOL,MARRIED,AUTO,1
CUST-004876,69,106533.11,5,36540.87,36,12.79,635,0.2010,0,0,RETIRED,MASTERS,MARRIED,PERSONAL,0
CUST-004877,49,115765.83,0,45231.19,48,13.40,800,0.3981,6,0,SELF_EMPLOYED,HIGH_SCHOOL,MARRIED,AUTO,0
CUST-004878,58,144323.01,33,61747.56,12,23.03,749,0.2713,0,0,RETIRED,MASTERS,SINGLE,HOME,1
CUST-004879,58,178354.38,33,52226.84,24,24.89,776,0.5662,2,0,SALARIED,HIGH_SCHOOL,MARRIED,BUSINESS,1
CUST-004880,68,51933.43,3,33769.20,48,18.04,752,0.0926,5,0,RETIRED,MASTERS,DIVORCED,BUSINESS,0
CUST-004881,32,28062.74,13,67231.29,12,6.13,354,0.3676,6,0,SELF_EMPLOYED,HIGH_SCHOOL,DIVORCED,EDUCATION,0
CUST-004882,51,102923.07,12,60904.28,48,5.09,303,0.5326,3,0,UNEMPLOYED,BACHELORS,SINGLE,AUTO,1
CUST-004883,39,64844.18,3,23082.66,24,20.78,531,0.4229,6,3,UNEMPLOYED,MASTERS,MARRIED,HOME,1
CUST-004884,63,62574.07,25,86863.97,24,23.82,625,0.3096,6,2,SALARIED,HIGH_SCHOOL,SINGLE,HOME,0
CUST-004885,29,173513.78,11,8957.45,36,5.49,624,0.6149,5,0,UNEMPLOYED,HIGH_SCHOOL,SINGLE,HOME,1
CUST-004886,63,125313.70,11,20797.97,24,15.55,648,0.1956,6,0,UNEMPLOYED,PHD,MARRIED,AUTO,1
CUST-004887,43,172552.93,21,82071.08,60,19.21,564,0.5667,3,0,RETIRED,PHD,MARRIED,BUSINESS,1
CUST-004888,60,40043.48,14,47247.98,24,13.79,635,0.4178,4,0,SALARIED,PHD,MARRIED,PERSONAL,1
CUST-004889,67,28404.36,26,52940.03,60,19.78,508,0.3293,5,0,SALARIED,PHD,SINGLE,AUTO,1
CUST-004890,57,166998.48,11,79092.22,48,22.75,501,0.6872,3,0,UNEMPLOYED,PHD,SINGLE,AUTO,1
CUST-004891,40,119441.95,22,12422.91,48,7.36,603,0.3758,4,0,SALARIED,BACHELORS,MARRIED,PERSONAL,0
CUST-004892,30,125073.73,12,63740.66,12,7.34,818,0.1613,6,0,SELF_EMPLOYED,PHD,SINGLE,BUSINESS,0
CUST-004893,55,174893.76,22,67569.69,24,6.25,756,0.2082,5,0,SALARIED,PHD,SINGLE,AUTO,0
CUST-004894,55,130546.67,28,45468.50,60,21.75,465,0.3544,6,0,SALARIED,BACHELORS,DIVORCED,AUTO,1
CUST-004895,45,18008.99,18,25105.64,36,21.99,339,0.4694,2,0,SELF_EMPLOYED,HIGH_SCHOOL,SINGLE,HOME,1
CUST-004896,55,44116.06,32,41730.83,60,20.17,711,0.1696,5,0,RETIRED,PHD,SINGLE,BUSINESS,0
CUST-004897,64,176000.80,16,4436.77,36,12.92,600,0.3414,6,0,SALARIED,BACHELORS,MARRIED,BUSINESS,0
CUST-004898,55,93043.24,13,79723.68,36,22.73,598,0.5104,4,0,UNEMPLOYED,BACHELORS,DIVORCED,HOME,1
CUST-004899,47,27644.73,1,88870.69,36,23.55,307,0.6453,6,0,RETIRED,MASTERS,SINGLE,HOME,1
CUST-004900,31,139528.99,13,6680.19,48,7.08,307,0.6276,4,0,SELF_EMPLOYED,HIGH_SCHOOL,SINGLE,EDUCATION,1
CUST-004901,21,59292.37,3,24773.01,24,23.71,833,0.3432,2,0,RETIRED,MASTERS,SINGLE,HOME,0
CUST-004902,50,78087.86,3,61842.83,12,10.20,423,0.6548,4,0,RETIRED,MASTERS,SINGLE,PERSONAL,1
CUST-004903,48,73557.05,30,29992.08,24,14.03,627,0.6586,2,0,SALARIED,BACHELORS,SINGLE,PERSONAL,1
CUST-004904,47,104842.25,29,29787.76,12,14.11,549,0.6188,4,0,SELF_EMPLOYED,PHD,SINGLE,EDUCATION,0
CUST-004905,69,172284.74,12,24697.57,12,8.33,564,0.5132,4,0,RETIRED,PHD,MARRIED,BUSINESS,0
CUST-004906,59,88062.36,31,74672.50,48,6.87,415,0.0801,0,3,SALARIED,MASTERS,MARRIED,EDUCATION,1
CUST-004907,32,70746.73,7,83549.77,36,21.86,652,0.6251,2,0,SELF_EMPLOYED,MASTERS,SINGLE,BUSINESS,1
CUST-004908,52,22564.57,10,36421.94,12,14.81,801,0.3709,6,0,SALARIED,MASTERS,DIVORCED,PERSONAL,1
CUST-004909,37,21213.51,19,6169.83,12,24.48,422,0.2306,3,0,UNEMPLOYED,HIGH_SCHOOL,SINGLE,BUSINESS,0
CUST-004910,48,110355.55,20,64491.94,24,22.55,347,0.2124,5,0,SALARIED,HIGH_SCHOOL,DIVORCED,HOME,0
CUST-004911,31,30799.52,0,73872.04,48,22.43,600,0.5233,4,0,SALARIED,BACHELORS,SINGLE,HOME,1
CUST-004912,52,69381.61,3,24883.07,24,16.85,399,0.1106,2,3,SELF_EMPLOYED,MASTERS,SINGLE,EDUCATION,1
CUST-004913,43,49773.05,25,66726.05,24,20.85,798,0.4309,1,0,UNEMPLOYED,HIGH_SCHOOL,MARRIED,PERSONAL,1
CUST-004914,52,159351.18,9,8788.60,60,18.91,560,0.5776,6,0,SELF_EMPLOYED,PHD,SINGLE,AUTO,1
CUST-004915,53,114047.52,27,43400.26,24,9.53,427,0.1206,3,0,RETIRED,PHD,MARRIED,PERSONAL,0
CUST-004916,58,100941.42,12,20821.75,36,16.03,324,0.2305,5,0,RETIRED,HIGH_SCHOOL,SINGLE,EDUCATION,1
CUST-004917,21,109175.20,2,38829.64,12,7.99,669,0.1078,6,0,RETIRED,MASTERS,SINGLE,PERSONAL,0
CUST-004918,46,69115.11,28,20140.63,24,11.53,479,0.1404,6,2,SALARIED,PHD,SINGLE,EDUCATION,0
CUST-004919,47,87245.24,20,23115.44,48,12.00,655,0.5773,2,0,UNEMPLOYED,PHD,MARRIED,EDUCATION,1
CUST-004920,28,194421.34,?,22906.65,12,22.45,385,0.3585,5,0,UNEMPLOYED,HIGH_SCHOOL,DIVORCED,AUTO,1
CUST-004921,34,38043.26,1,64607.07,36,15.92,528,0.4094,5,0,RETIRED,HIGH_SCHOOL,MARRIED,PERSONAL,0
CUST-004922,30,167486.30,7,44600.71,36,20.27,665,0.3239,0,0,SALARIED,MASTERS,MARRIED,EDUCATION,0
CUST-004923,29,101937.98,11,34028.17,48,12.19,649,0.5247,1,0,UNEMPLOYED,MASTERS,MARRIED,HOME,0
CUST-004924,47,120635.04,1,72522.76,60,17.04,718,0.4925,1,0,UNEMPLOYED,MASTERS,DIVORCED,HOME,1
CUST-004925,30,179911.71,12,9484.44,60,7.01,680,0.4637,4,0,UNEMPLOYED,HIGH_SCHOOL,MARRIED,AUTO,1
CUST-004926,39,84252.05,16,55724.59,24,13.13,598,0.6849,5,0,SALARIED,HIGH_SCHOOL,SINGLE,AUTO,0
CUST-004927,50,94029.88,8,76711.50,24,23.92,709,0.1201,6,0,UNEMPLOYED,PHD,SINGLE,EDUCATION,0
CUST-004928,34,157399.52,16,40352.55,36,8.05,515,0.4991,3,2,UNEMPLOYED,HIGH_SCHOOL,MARRIED,BUSINESS,1
CUST-004929,31,116302.89,5,44300.58,48,11.69,607,0.2533,0,0,SALARIED,MASTERS,SINGLE,EDUCATION,0
CUST-004930,31,185791.66,2,13296.67,12,11.23,785,0.2460,2,0,RETIRED,MASTERS,DIVORCED,BUSINESS,0
CUST-004931,51,47897.58,5,57474.61,48,21.07,399,0.1806,1,1,SALARIED,MASTERS,DIVORCED,EDUCATION,1
CUST-004932,40,98072.62,6,11661.17,12,14.42,604,0.1860,2,0,SELF_EMPLOYED,HIGH_SCHOOL,MARRIED,EDUCATION,0
CUST-004933,58,120951.15,24,66656.98,48,11.21,790,0.1786,0,0,SALARIED,MASTERS,SINGLE,PERSONAL,0
CUST-004934,38,119972.28,20,58829.85,36,11.22,474,0.2021,1,2,SALARIED,HIGH_SCHOOL,DIVORCED,PERSONAL,1
CUST-004935,56,198830.10,28,86525.64,36,13.73,606,0.0606,6,0,UNEMPLOYED,BACHELORS,DIVORCED,HOME,0
CUST-004936,25,129667.82,7,3361.17,36,17.90,375,0.2339,3,2,SELF_EMPLOYED,PHD,SINGLE,EDUCATION,1
CUST-004937,57,49333.11,25,28006.39,48,23.58,675,0.3011,0,2,SELF_EMPLOYED,MASTERS,DIVORCED,EDUCATION,1
CUST-004938,26,104727.34,7,87498.80,48,15.19,606,0.6802,1,0,SALARIED,PHD,MARRIED,BUSINESS,0
CUST-004939,21,69261.25,3,85389.94,36,11.22,846,0.4346,0,0,RETIRED,HIGH_SCHOOL,SINGLE,BUSINESS,0
CUST-004940,23,65548.17,5,50198.80,36,5.23,613,0.2315,0,0,SALARIED,HIGH_SCHOOL,MARRIED,EDUCATION,0
CUST-004941,57,198419.08,28,23775.77,24,16.99,712,0.6366,0,0,RETIRED,PHD,SINGLE,EDUCATION,0
CUST-004942,49,107529.86,29,53438.59,24,24.20,318,0.5576,5,1,UNEMPLOYED,PHD,DIVORCED,AUTO,1
CUST-004943,57,188422.51,21,3786.62,36,6.88,750,0.4929,4,0,SALARIED,PHD,MARRIED,HOME,0
CUST-004944,23,96357.31,5,87002.11,24,17.48,609,0.4305,0,0,UNEMPLOYED,BACHELORS,DIVORCED,PERSONAL,1
CUST-004945,28,116188.68,10,40986.02,24,8.77,408,0.2204,2,0,UNEMPLOYED,BACHELORS,DIVORCED,EDUCATION,0
CUST-004946,23,63051.71,5,49914.59,12,15.99,677,0.0906,1,0,RETIRED,PHD,MARRIED,AUTO,0
CUST-004947,61,43468.62,26,50894.05,12,22.34,399,0.1588,5,0,SALARIED,HIGH_SCHOOL,DIVORCED,AUTO,1
CUST-004948,54,64452.10,21,29055.99,48,19.80,345,0.4684,5,1,SALARIED,MASTERS,SINGLE,AUTO,1
CUST-004949,69,103783.32,13,53450.77,36,12.06,741,0.6217,1,1,SALARIED,BACHELORS,MARRIED,AUTO,0
CUST-004950,41,154991.95,13,59495.94,12,15.75,849,0.5367,5,0,SELF_EMPLOYED,BACHELORS,DIVORCED,HOME,1
CUST-004951,66,168693.69,?,84977.15,24,12.99,781,0.1247,1,3,SELF_EMPLOYED,HIGH_SCHOOL,MARRIED,HOME,1
CUST-004952,60,88808.01,28,40036.82,36,15.35,349,0.5868,3,0,UNEMPLOYED,BACHELORS,SINGLE,HOME,1
CUST-004953,56,45306.94,15,70576.03,48,21.70,?,0.5762,0,0,RETIRED,HIGH_SCHOOL,DIVORCED,HOME,1
CUST-004954,27,90533.97,?,16562.95,48,9.96,574,0.6132,4,0,UNEMPLOYED,MASTERS,DIVORCED,EDUCATION,1
CUST-004955,38,122820.54,1,20422.17,60,7.23,324,0.2843,0,0,SELF_EMPLOYED,BACHELORS,MARRIED,HOME,0
CUST-004956,35,161858.49,16,61489.58,60,6.34,633,0.3511,1,0,SALARIED,PHD,DIVORCED,AUTO,0
CUST-004957,70,30647.89,?,80483.31,24,15.82,506,0.5359,0,0,SELF_EMPLOYED,HIGH_SCHOOL,SINGLE,EDUCATION,1
CUST-004958,62,81077.11,27,55035.14,60,9.66,720,0.6139,5,0,RETIRED,PHD,DIVORCED,AUTO,0
CUST-004959,50,129497.19,3,29058.24,60,22.81,810,0.2641,3,0,RETIRED,HIGH_SCHOOL,SINGLE,AUTO,0
CUST-004960,22,192831.40,4,45440.27,12,18.88,734,0.1792,3,0,RETIRED,MASTERS,MARRIED,EDUCATION,0
CUST-004961,54,195951.60,9,85969.46,24,18.86,517,0.2339,5,0,UNEMPLOYED,BACHELORS,DIVORCED,HOME,0
CUST-004962,66,93785.72,23,34308.42,48,12.35,587,0.5791,5,0,RETIRED,MASTERS,MARRIED,BUSINESS,0
CUST-004963,25,35364.11,7,89533.20,60,20.27,589,0.3958,3,0,SELF_EMPLOYED,HIGH_SCHOOL,MARRIED,AUTO,0
CUST-004964,30,160028.41,6,69647.38,12,19.89,687,0.4931,5,0,SALARIED,HIGH_SCHOOL,SINGLE,PERSONAL,1
CUST-004965,35,154051.09,17,29955.47,48,9.76,592,0.2475,3,0,UNEMPLOYED,PHD,MARRIED,HOME,0
CUST-004966,49,39812.24,9,74130.42,60,17.53,381,0.4514,1,0,UNEMPLOYED,MASTERS,DIVORCED,EDUCATION,1
CUST-004967,58,113549.92,4,64998.28,60,5.40,626,0.4802,1,0,SALARIED,MASTERS,SINGLE,BUSINESS,0
CUST-004968,51,139624.74,21,63075.80,36,24.02,787,0.4557,5,0,SELF_EMPLOYED,BACHELORS,MARRIED,EDUCATION,0
CUST-004969,33,193546.67,15,60833.22,12,19.39,428,0.5563,4,0,SELF_EMPLOYED,HIGH_SCHOOL,DIVORCED,BUSINESS,0
CUST-004970,49,33793.15,14,34567.81,60,11.95,444,0.3972,1,0,UNEMPLOYED,HIGH_SCHOOL,DIVORCED,HOME,0
CUST-004971,35,156104.72,17,37871.92,48,13.29,807,0.5522,4,0,SELF_EMPLOYED,BACHELORS,SINGLE,AUTO,0
CUST-004972,49,157591.28,15,54472.81,60,24.26,312,0.4139,2,0,SALARIED,PHD,MARRIED,PERSONAL,0
CUST-004973,41,78187.31,23,63620.35,24,21.08,494,0.4130,6,0,SELF_EMPLOYED,MASTERS,MARRIED,HOME,1
CUST-004974,24,26540.38,6,72544.61,60,11.35,782,0.4570,5,0,UNEMPLOYED,PHD,MARRIED,BUSINESS,0
CUST-004975,41,110659.01,12,52743.98,24,13.09,318,0.4497,5,3,UNEMPLOYED,PHD,DIVORCED,PERSONAL,1
CUST-004976,70,43182.54,20,56477.69,12,19.56,407,0.4030,1,0,RETIRED,BACHELORS,DIVORCED,BUSINESS,1
CUST-004977,57,96377.99,34,82301.40,36,15.24,403,0.3318,0,0,SELF_EMPLOYED,MASTERS,SINGLE,BUSINESS,0
CUST-004978,35,167208.04,4,29069.20,24,8.69,440,0.4798,2,0,SALARIED,HIGH_SCHOOL,MARRIED,EDUCATION,1
CUST-004979,26,161952.05,8,36587.25,60,14.82,358,0.5198,3,1,SALARIED,BACHELORS,SINGLE,EDUCATION,1
CUST-004980,51,87233.12,17,89691.79,24,12.99,504,0.2354,1,0,SALARIED,PHD,SINGLE,BUSINESS,0
CUST-004981,35,52989.33,2,15259.18,48,23.76,421,0.0568,4,0,SELF_EMPLOYED,BACHELORS,DIVORCED,PERSONAL,0
CUST-004982,22,71278.56,4,12288.82,12,24.93,628,0.4984,5,0,SALARIED,HIGH_SCHOOL,MARRIED,HOME,1
CUST-004983,70,40005.51,24,20007.64,48,19.08,408,0.5360,6,1,UNEMPLOYED,HIGH_SCHOOL,DIVORCED,BUSINESS,1
CUST-004984,51,123300.64,6,59346.02,24,21.05,429,0.3171,5,0,SELF_EMPLOYED,MASTERS,MARRIED,EDUCATION,1
CUST-004985,62,?,6,86159.86,12,14.61,757,0.6599,2,0,RETIRED,HIGH_SCHOOL,DIVORCED,PERSONAL,0
CUST-004986,31,178746.35,13,47564.78,48,17.34,588,0.6498,2,0,SALARIED,PHD,SINGLE,AUTO,0
CUST-004987,63,113559.29,15,68702.65,12,16.72,349,0.1369,0,0,SALARIED,HIGH_SCHOOL,SINGLE,BUSINESS,1
CUST-004988,47,51306.46,29,12530.35,60,21.95,558,0.2079,5,1,RETIRED,MASTERS,MARRIED,EDUCATION,1
CUST-004989,40,165220.76,9,33796.03,60,24.29,573,0.1912,2,0,UNEMPLOYED,PHD,SINGLE,BUSINESS,1
CUST-004990,52,112462.86,25,70220.43,12,8.27,579,0.6427,2,0,SALARIED,MASTERS,SINGLE,PERSONAL,0
CUST-004991,57,122172.35,27,59395.86,60,17.95,373,0.1990,0,0,SELF_EMPLOYED,BACHELORS,DIVORCED,HOME,0
CUST-004992,52,150025.73,32,13598.82,12,11.04,722,0.3149,1,0,SELF_EMPLOYED,BACHELORS,MARRIED,HOME,1
CUST-004993,63,172942.27,31,38390.14,12,11.56,441,0.1640,4,0,UNEMPLOYED,PHD,DIVORCED,EDUCATION,1
CUST-004994,24,181012.02,6,33562.25,36,24.97,411,0.5998,1,0,UNEMPLOYED,HIGH_SCHOOL,SINGLE,PERSONAL,1
CUST-004995,53,159387.22,33,27907.47,24,15.70,347,0.4171,4,0,SALARIED,PHD,DIVORCED,PERSONAL,0
CUST-004996,63,138745.16,27,24093.96,24,18.79,754,0.0673,1,0,UNEMPLOYED,BACHELORS,SINGLE,HOME,0
CUST-004997,63,144847.01,22,71738.92,48,17.60,531,0.2248,6,0,RETIRED,HIGH_SCHOOL,MARRIED,PERSONAL,0
CUST-004998,25,129840.66,7,44405.18,48,20.80,456,0.5949,2,0,UNEMPLOYED,PHD,DIVORCED,HOME,1
CUST-004999,67,22538.91,21,50535.24,12,13.30,395,0.0644,1,0,SELF_EMPLOYED,PHD,MARRIED,HOME,1
CUST-005000,29,114753.63,11,78387.42,36,8.81,765,0.2990,1,0,SALARIED,BACHELORS,MARRIED,AUTO,0
CUST-005001,39,183650.31,9,13048.32,48,9.04,635,0.2193,5,0,RETIRED,HIGH_SCHOOL,SINGLE,EDUCATION,0
CUST-005002,54,37314.34,7,31087.80,12,5.20,665,0.3848,3,1,SALARIED,PHD,SINGLE,EDUCATION,1
CUST-005003,57,30310.42,31,83775.28,24,9.04,502,0.0783,4,1,SALARIED,PHD,DIVORCED,EDUCATION,0
CUST-005004,68,139370.26,27,25919.29,60,15.06,651,0.6470,5,0,UNEMPLOYED,BACHELORS,DIVORCED,EDUCATION,1
CUST-005005,27,154234.24,9,55142.47,48,14.00,797,0.1133,1,0,SELF_EMPLOYED,MASTERS,SINGLE,AUTO,0
CUST-005006,65,121841.02,8,49078.59,60,20.96,552,0.4219,4,0,SALARIED,PHD,MARRIED,PERSONAL,0
CUST-005007,27,89835.39,3,31177.46,48,24.71,562,0.5962,2,0,RETIRED,HIGH_SCHOOL,DIVORCED,HOME,1
CUST-005008,51,44852.86,8,28693.53,24,16.75,508,0.5382,0,0,SELF_EMPLOYED,BACHELORS,DIVORCED,EDUCATION,1
CUST-005009,48,170740.20,18,28169.83,36,19.64,844,0.0577,6,0,SELF_EMPLOYED,BACHELORS,MARRIED,HOME,0
CUST-005010,28,189417.24,10,33702.81,48,15.14,581,0.5092,0,2,UNEMPLOYED,HIGH_SCHOOL,SINGLE,HOME,1
CUST-005011,38,175817.95,14,53887.17,24,8.19,351,0.4925,6,0,RETIRED,HIGH_SCHOOL,DIVORCED,PERSONAL,1
CUST-005012,25,103492.93,7,57102.12,12,24.53,322,0.5152,0,1,SALARIED,MASTERS,DIVORCED,BUSINESS,1
CUST-005013,41,148472.74,23,66152.17,48,24.87,463,0.5047,6,2,SALARIED,BACHELORS,MARRIED,EDUCATION,1
CUST-005014,61,20644.98,8,60030.20,12,10.54,585,0.4553,6,1,RETIRED,HIGH_SCHOOL,MARRIED,EDUCATION,1
CUST-005015,38,22444.39,20,16405.99,48,6.83,639,0.0718,3,2,SALARIED,MASTERS,SINGLE,AUTO,1
CUST-005016,27,197896.11,3,35254.07,36,14.90,585,0.0608,3,0,SALARIED,BACHELORS,DIVORCED,AUTO,0
CUST-005017,36,93680.42,5,84430.95,24,17.70,307,0.5797,3,0,UNEMPLOYED,MASTERS,MARRIED,AUTO,1
CUST-005018,67,196129.98,7,68164.16,60,20.16,406,0.0976,2,0,UNEMPLOYED,MASTERS,DIVORCED,AUTO,1
CUST-005019,56,170730.62,16,8333.24,36,15.79,467,0.6078,2,0,RETIRED,HIGH_SCHOOL,DIVORCED,HOME,1
CUST-005020,42,70993.04,24,5362.91,24,8.06,699,0.1513,2,0,SALARIED,BACHELORS,DIVORCED,AUTO,0
CUST-005021,45,181151.59,27,66628.58,48,8.50,445,0.3819,3,0,UNEMPLOYED,HIGH_SCHOOL,SINGLE,AUTO,1
CUST-005022,46,90906.35,28,8039.60,12,17.31,724,0.5990,5,3,SALARIED,MASTERS,SINGLE,PERSONAL,1
CUST-005023,21,73345.81,3,61647.82,24,23.64,450,0.6630,4,0,SALARIED,MASTERS,SINGLE,AUTO,1
CUST-005024,25,105179.98,1,16856.24,12,18.39,663,0.2661,3,0,SELF_EMPLOYED,PHD,MARRIED,BUSINESS,0
CUST-005025,47,83149.51,3,32031.40,12,12.14,548,0.0570,0,0,UNEMPLOYED,BACHELORS,SINGLE,AUTO,0
CUST-005026,40,49217.03,22,86454.17,36,5.10,767,0.6838,5,0,UNEMPLOYED,MASTERS,MARRIED,AUTO,1
CUST-005027,34,94883.52,16,69520.80,12,23.07,562,0.4113,2,0,SALARIED,BACHELORS,SINGLE,AUTO,1
CUST-005028,30,117928.23,12,33643.02,24,23.68,405,0.2124,0,0,RETIRED,PHD,DIVORCED,HOME,0
CUST-005029,49,?,31,39674.98,12,24.23,550,0.6178,1,0,SALARIED,PHD,SINGLE,HOME,0
CUST-005030,59,166425.97,4,68629.67,48,16.77,616,0.2703,6,3,SALARIED,HIGH_SCHOOL,SINGLE,AUTO,1
CUST-005031,48,62210.94,6,21221.50,12,23.95,579,0.2835,0,1,SELF_EMPLOYED,HIGH_SCHOOL,DIVORCED,EDUCATION,1
CUST-005032,66,22674.71,25,40929.96,12,8.64,761,0.4646,1,0,UNEMPLOYED,PHD,SINGLE,PERSONAL,1
CUST-005033,57,74245.68,27,29129.89,48,17.12,686,0.1409,2,0,SELF_EMPLOYED,PHD,DIVORCED,HOME,0
CUST-005034,56,73272.95,6,66672.35,48,14.97,749,0.6309,2,0,SELF_EMPLOYED,HIGH_SCHOOL,DIVORCED,EDUCATION,0
CUST-005035,21,75846.12,3,34237.80,48,20.31,406,0.0777,5,0,SELF_EMPLOYED,BACHELORS,MARRIED,HOME,1
CUST-005036,48,177662.44,0,88361.04,12,14.88,435,0.0913,0,0,SELF_EMPLOYED,PHD,SINGLE,EDUCATION,0
CUST-005037,29,100729.84,9,64279.45,60,19.42,420,0.1155,2,0,SALARIED,HIGH_SCHOOL,SINGLE,HOME,1
CUST-005038,39,147806.94,21,63981.64,48,23.26,409,0.2192,1,0,UNEMPLOYED,MASTERS,DIVORCED,EDUCATION,1
CUST-005039,63,58820.73,13,12142.28,24,17.38,438,0.5859,2,0,SALARIED,PHD,MARRIED,PERSONAL,0
CUST-005040,22,92486.53,4,7638.48,60,22.15,589,0.5366,6,0,SALARIED,BACHELORS,MARRIED,PERSONAL,1
CUST-005041,30,34733.65,12,42333.15,24,12.77,651,0.2966,0,0,RETIRED,PHD,DIVORCED,BUSINESS,0
CUST-005042,40,111871.11,22,65094.70,48,5.31,341,0.6332,0,0,SELF_EMPLOYED,BACHELORS,DIVORCED,AUTO,1
CUST-005043,26,139497.50,8,36211.54,12,22.00,430,0.2850,3,0,SALARIED,BACHELORS,DIVORCED,EDUCATION,0
CUST-005044,64,86624.36,27,88917.90,48,10.46,584,0.5676,4,0,UNEMPLOYED,HIGH_SCHOOL,SINGLE,HOME,1
CUST-005045,26,85233.08,8,3821.88,36,10.77,545,0.1033,3,0,SALARIED,PHD,DIVORCED,BUSINESS,1
CUST-005046,37,75762.60,19,56939.21,12,7.35,352,0.4690,3,0,SELF_EMPLOYED,PHD,SINGLE,EDUCATION,1
CUST-005047,50,131831.37,21,17468.40,48,24.38,766,0.5693,0,0,SALARIED,HIGH_SCHOOL,DIVORCED,PERSONAL,0
CUST-005048,56,60470.92,29,65470.28,60,20.56,444,0.5033,0,0,UNEMPLOYED,PHD,DIVORCED,AUTO,1
CUST-005049,28,19701.27,6,61610.77,48,21.57,799,0.1856,6,0,RETIRED,MASTERS,SINGLE,EDUCATION,0
CUST-005050,60,111440.12,13,70201.65,12,9.31,376,0.6045,1,0,RETIRED,BACHELORS,SINGLE,PERSONAL,1
CUST-005051,32,65549.80,7,87443.21,48,8.32,441,0.0940,3,0,SELF_EMPLOYED,BACHELORS,MARRIED,EDUCATION,1
CUST-005052,48,131068.42,7,37165.05,48,21.37,582,0.1890,6,0,RETIRED,PHD,SINGLE,BUSINESS,1
CUST-005053,41,140103.23,12,19835.33,48,24.30,351,0.0987,2,0,SALARIED,HIGH_SCHOOL,SINGLE,PERSONAL,1
CUST-005054,36,52713.10,11,74586.19,48,19.30,504,0.6279,4,0,SELF_EMPLOYED,MASTERS,MARRIED,HOME,1
CUST-005055,38,133657.05,20,10578.47,48,16.30,572,0.3328,1,0,RETIRED,HIGH_SCHOOL,DIVORCED,PERSONAL,0
CUST-005056,47,77710.33,20,3243.31,24,15.33,843,0.5058,5,0,SELF_EMPLOYED,MASTERS,SINGLE,HOME,1
CUST-005057,69,102095.44,30,53085.98,36,21.07,481,0.4892,4,0,UNEMPLOYED,MASTERS,SINGLE,HOME,1
CUST-005058,43,70545.62,23,3371.58,12,15.47,515,0.6439,3,0,UNEMPLOYED,MASTERS,DIVORCED,BUSINESS,0
CUST-005059,50,151005.93,17,38733.92,36,6.68,813,0.3764,5,0,SALARIED,HIGH_SCHOOL,MARRIED,AUTO,0
CUST-005060,24,115813.33,6,69122.08,60,7.80,703,0.2196,6,0,SELF_EMPLOYED,MASTERS,MARRIED,PERSONAL,0
CUST-005061,27,183044.56,0,57396.48,60,19.77,315,0.4836,2,0,SALARIED,MASTERS,DIVORCED,HOME,1
CUST-005062,39,156318.80,13,16717.74,60,5.52,787,0.3833,4,0,SELF_EMPLOYED,HIGH_SCHOOL,SINGLE,HOME,1
CUST-005063,26,50517.09,8,52245.95,60,21.88,758,0.4908,3,1,UNEMPLOYED,PHD,MARRIED,BUSINESS,1
CUST-005064,54,43698.66,1,86816.59,60,21.31,441,0.5674,5,0,UNEMPLOYED,MASTERS,SINGLE,EDUCATION,0
CUST-005065,21,31625.89,3,81226.48,48,7.86,?,0.4697,1,2,SALARIED,MASTERS,DIVORCED,PERSONAL,1
CUST-005066,61,31808.23,27,89419.83,24,15.16,552,0.3540,3,0,SELF_EMPLOYED,BACHELORS,MARRIED,EDUCATION,0
CUST-005067,24,58824.09,6,77674.17,24,12.32,557,0.1705,5,2,UNEMPLOYED,BACHELORS,MARRIED,EDUCATION,1
CUST-005068,47,186330.61,14,14499.60,36,20.81,773,0.2220,1,0,SELF_EMPLOYED,BACHELORS,SINGLE,HOME,0
CUST-005069,37,106082.32,8,71072.66,48,13.98,545,0.2138,5,0,SALARIED,HIGH_SCHOOL,MARRIED,HOME,1
CUST-005070,61,85263.30,1,11098.50,24,7.93,342,0.6832,2,0,SALARIED,MASTERS,MARRIED,AUTO,0
CUST-005071,37,143212.89,3,69885.14,12,9.31,567,0.2314,3,0,SALARIED,PHD,SINGLE,PERSONAL,0
CUST-005072,32,45572.50,14,18133.99,24,14.63,540,0.0890,1,0,SALARIED,HIGH_SCHOOL,SINGLE,AUTO,1
CUST-005073,40,144617.85,22,46671.38,24,6.25,674,0.1398,1,0,RETIRED,HIGH_SCHOOL,SINGLE,HOME,0
CUST-005074,26,47778.18,8,75166.41,48,24.55,752,0.3416,6,0,UNEMPLOYED,MASTERS,SINGLE,EDUCATION,0
CUST-005075,64,134561.56,31,49561.14,12,9.51,358,0.5240,4,0,UNEMPLOYED,BACHELORS,DIVORCED,EDUCATION,1
CUST-005076,25,95309.78,7,71671.21,12,21.63,519,0.5610,3,0,RETIRED,BACHELORS,MARRIED,HOME,1
CUST-005077,36,103197.73,9,40645.89,60,19.66,800,0.5757,5,0,SELF_EMPLOYED,HIGH_SCHOOL,MARRIED,PERSONAL,0
CUST-005078,30,177817.06,12,32638.85,48,16.56,334,0.3255,4,0,SELF_EMPLOYED,PHD,DIVORCED,AUTO,1
CUST-005079,39,67278.95,21,84281.66,36,6.34,393,0.6367,2,0,UNEMPLOYED,MASTERS,MARRIED,BUSINESS,0
CUST-005080,69,34186.89,32,35949.38,48,13.03,688,0.5413,2,0,UNEMPLOYED,MASTERS,MARRIED,HOME,0
CUST-005081,64,29600.45,4,66400.62,12,18.61,354,0.5810,1,0,SELF_EMPLOYED,HIGH_SCHOOL,DIVORCED,BUSINESS,1
CUST-005082,64,183899.09,17,38381.67,24,21.05,340,0.4483,3,3,SALARIED,BACHELORS,SINGLE,HOME,1
CUST-005083,54,62206.41,7,58521.70,48,19.04,546,0.1226,3,0,UNEMPLOYED,MASTERS,MARRIED,AUTO,0
CUST-005084,61,160959.12,8,66229.81,12,15.12,706,0.3224,6,0,SELF_EMPLOYED,HIGH_SCHOOL,SINGLE,HOME,0
CUST-005085,39,130962.97,3,62899.30,12,6.91,527,0.1091,5,0,UNEMPLOYED,BACHELORS,MARRIED,AUTO,0
CUST-005086,29,48116.28,11,24658.61,48,12.88,350,0.2321,5,0,RETIRED,PHD,SINGLE,HOME,1
CUST-005087,59,78325.47,29,38054.07,24,22.68,324,0.5064,3,0,UNEMPLOYED,BACHELORS,DIVORCED,AUTO,0
CUST-005088,53,115213.53,24,57390.73,48,11.95,524,0.6688,5,3,SALARIED,MASTERS,SINGLE,BUSINESS,1
CUST-005089,53,106894.74,33,60264.05,12,20.22,636,0.2399,5,0,RETIRED,PHD,MARRIED,HOME,0
CUST-005090,40,45389.64,17,5213.96,48,14.30,675,0.1346,1,0,SALARIED,MASTERS,DIVORCED,AUTO,0
CUST-005091,31,55162.73,11,42058.21,12,18.07,788,0.5324,4,0,SELF_EMPLOYED,PHD,DIVORCED,AUTO,0
CUST-005092,31,130216.47,10,67719.72,36,24.42,694,0.0637,6,1,SALARIED,HIGH_SCHOOL,DIVORCED,BUSINESS,0
CUST-005093,68,125380.44,13,61573.01,24,6.79,777,0.6650,0,0,UNEMPLOYED,BACHELORS,SINGLE,BUSINESS,1
CUST-005094,63,105865.71,10,21748.39,24,15.57,?,0.5148,2,0,UNEMPLOYED,HIGH_SCHOOL,SINGLE,BUSINESS,1
CUST-005095,60,138837.18,16,21411.78,48,14.27,478,0.3026,6,0,SALARIED,MASTERS,SINGLE,BUSINESS,0
CUST-005096,55,81325.86,0,19553.13,36,23.34,802,0.3847,2,0,UNEMPLOYED,HIGH_SCHOOL,MARRIED,EDUCATION,0
CUST-005097,45,66948.99,4,73156.08,12,9.69,599,0.3100,0,0,RETIRED,HIGH_SCHOOL,MARRIED,AUTO,0
CUST-005098,25,141213.10,7,60979.85,24,21.32,481,0.3440,6,0,RETIRED,PHD,MARRIED,HOME,0
CUST-005099,25,194310.53,7,73406.60,48,22.15,714,0.3245,6,0,UNEMPLOYED,BACHELORS,DIVORCED,PERSONAL,0
CUST-005100,52,97053.55,21,24164.09,36,11.96,587,0.4614,6,0,SELF_EMPLOYED,PHD,SINGLE,AUTO,0
CUST-005101,39,164145.27,14,10625.16,48,22.80,614,0.2560,2,0,RETIRED,MASTERS,SINGLE,PERSONAL,0
CUST-005102,28,50974.46,7,18464.96,60,10.58,760,0.1415,0,0,SALARIED,PHD,DIVORCED,HOME,0
CUST-005103,22,135600.26,1,9661.48,24,20.49,370,0.6933,1,0,SELF_EMPLOYED,HIGH_SCHOOL,DIVORCED,HOME,1
CUST-005104,37,173994.90,1,42831.73,24,16.64,692,0.1078,3,0,SELF_EMPLOYED,BACHELORS,MARRIED,HOME,0
CUST-005105,31,32611.86,13,53446.34,60,16.12,324,0.4341,0,1,RETIRED,PHD,SINGLE,HOME,1
CUST-005106,38,181799.85,20,35862.75,24,16.23,621,0.4507,1,0,UNEMPLOYED,MASTERS,DIVORCED,EDUCATION,0
CUST-005107,26,144939.66,8,52523.48,12,23.04,554,0.1559,2,0,SELF_EMPLOYED,BACHELORS,DIVORCED,PERSONAL,1
CUST-005108,39,21796.44,21,88857.13,12,10.91,725,0.1507,2,0,SALARIED,HIGH_SCHOOL,SINGLE,AUTO,0
CUST-005109,50,186702.05,16,47205.84,36,18.72,445,0.1201,2,0,SALARIED,BACHELORS,DIVORCED,AUTO,0
CUST-005110,54,42777.77,21,45694.57,60,8.73,823,0.5892,1,0,SALARIED,PHD,MARRIED,EDUCATION,1
CUST-005111,66,125343.69,?,80914.75,36,20.98,693,0.1722,0,0,UNEMPLOYED,BACHELORS,DIVORCED,PERSONAL,1
CUST-005112,35,164313.37,3,75617.75,12,15.62,579,0.1684,4,0,SELF_EMPLOYED,HIGH_SCHOOL,MARRIED,EDUCATION,0
CUST-005113,51,190892.95,17,88901.65,12,13.05,621,0.2575,1,0,SALARIED,PHD,DIVORCED,BUSINESS,1
CUST-005114,70,45976.25,8,44859.92,60,11.59,714,0.2227,2,0,SELF_EMPLOYED,BACHELORS,SINGLE,BUSINESS,0
CUST-005115,38,32326.14,10,36560.40,36,11.63,533,0.1610,3,0,SALARIED,HIGH_SCHOOL,DIVORCED,HOME,0
CUST-005116,29,102842.17,6,80928.20,36,5.29,406,0.1857,5,0,SALARIED,MASTERS,MARRIED,HOME,0
CUST-005117,64,181937.19,25,26795.51,36,13.16,716,0.5783,4,0,SALARIED,BACHELORS,SINGLE,AUTO,0
CUST-005118,51,66935.59,6,19554.28,12,23.48,430,0.3693,3,0,RETIRED,MASTERS,SINGLE,BUSINESS,1
CUST-005119,59,77861.16,24,10895.96,36,15.78,323,0.4585,3,0,SALARIED,PHD,DIVORCED,BUSINESS,0
CUST-005120,65,92984.62,6,14899.33,24,10.39,590,0.4683,5,0,UNEMPLOYED,HIGH_SCHOOL,SINGLE,HOME,1
CUST-005121,48,116738.49,18,49161.91,48,22.48,753,0.6283,0,0,SALARIED,HIGH_SCHOOL,MARRIED,PERSONAL,0
CUST-005122,22,95130.64,4,33126.16,48,24.64,766,0.5072,1,0,SALARIED,MASTERS,MARRIED,EDUCATION,1
CUST-005123,31,173901.05,3,50811.75,24,19.22,813,0.4205,2,0,RETIRED,BACHELORS,MARRIED,HOME,1
CUST-005124,42,147312.39,21,53603.15,24,21.17,651,0.1453,5,0,UNEMPLOYED,BACHELORS,SINGLE,HOME,1
CUST-005125,25,177941.22,3,55440.95,60,16.55,361,0.3291,5,3,SELF_EMPLOYED,PHD,MARRIED,HOME,1
CUST-005126,37,92971.25,19,49651.52,36,6.22,591,0.2392,3,2,SALARIED,MASTERS,DIVORCED,EDUCATION,0
CUST-005127,63,188004.02,13,74381.53,24,23.44,475,0.1782,6,0,RETIRED,PHD,SINGLE,PERSONAL,0
CUST-005128,26,113356.27,0,51015.53,24,15.85,612,0.3370,6,3,SELF_EMPLOYED,PHD,DIVORCED,PERSONAL,1
CUST-005129,38,74956.66,0,67522.35,48,16.66,614,0.5051,3,0,UNEMPLOYED,BACHELORS,SINGLE,HOME,1
CUST-005130,60,176244.57,22,50767.30,12,24.36,547,0.6291,6,2,SALARIED,BACHELORS,SINGLE,PERSONAL,1
CUST-005131,28,125426.22,10,87395.57,24,8.47,689,0.4571,0,0,RETIRED,MASTERS,MARRIED,EDUCATION,1
CUST-005132,56,41859.45,4,35905.46,36,11.74,817,0.0689,4,0,SALARIED,MASTERS,DIVORCED,AUTO,0
CUST-005133,21,77156.08,3,69590.57,48,5.18,?,0.3761,2,1,RETIRED,HIGH_SCHOOL,SINGLE,HOME,1
CUST-005134,64,181090.13,32,27624.72,36,11.96,395,0.4668,1,0,SALARIED,PHD,MARRIED,PERSONAL,0
CUST-005135,29,24292.63,5,50875.91,36,8.57,361,0.5653,1,0,SELF_EMPLOYED,BACHELORS,SINGLE,AUTO,0
CUST-005136,36,108083.72,18,57925.36,24,5.99,323,0.3545,4,0,SELF_EMPLOYED,HIGH_SCHOOL,DIVORCED,HOME,0
CUST-005137,51,166387.68,20,86453.11,24,18.07,777,0.6912,6,0,SALARIED,BACHELORS,MARRIED,PERSONAL,1
CUST-005138,29,36499.97,11,48548.30,12,15.44,498,0.3737,1,0,UNEMPLOYED,MASTERS,MARRIED,HOME,1
CUST-005139,48,73545.83,6,18045.72,24,12.72,469,0.6301,0,2,SELF_EMPLOYED,HIGH_SCHOOL,SINGLE,HOME,1
CUST-005140,60,128317.28,25,22818.80,48,17.20,682,0.2145,1,0,SALARIED,HIGH_SCHOOL,DIVORCED,HOME,0
CUST-005141,49,55057.07,23,25249.95,48,7.19,446,0.3426,2,2,UNEMPLOYED,HIGH_SCHOOL,MARRIED,EDUCATION,0
CUST-005142,29,42538.17,11,79523.34,12,23.27,652,0.6019,2,3,RETIRED,BACHELORS,SINGLE,AUTO,1
CUST-005143,37,120551.64,19,30761.92,48,16.47,671,0.1614,5,0,RETIRED,HIGH_SCHOOL,DIVORCED,BUSINESS,0
CUST-005144,34,58400.22,16,69059.08,12,15.13,314,0.5721,1,0,SELF_EMPLOYED,PHD,SINGLE,PERSONAL,0
CUST-005145,45,173835.86,18,43331.28,24,12.23,376,0.2859,0,0,SELF_EMPLOYED,HIGH_SCHOOL,MARRIED,AUTO,0
CUST-005146,29,159056.89,11,55713.85,12,6.45,631,0.5012,3,2,SELF_EMPLOYED,BACHELORS,SINGLE,BUSINESS,0
CUST-005147,27,88244.86,9,4315.31,48,11.53,541,0.2691,4,0,SALARIED,HIGH_SCHOOL,SINGLE,HOME,0
CUST-005148,32,108707.65,14,76370.61,36,14.15,739,0.3174,4,0,RETIRED,MASTERS,DIVORCED,HOME,1
CUST-005149,23,106834.22,5,22046.56,36,19.31,735,0.3442,2,0,RETIRED,MASTERS,DIVORCED,PERSONAL,0
CUST-005150,29,118158.10,2,64263.45,60,22.55,669,0.4228,3,0,RETIRED,PHD,DIVORCED,EDUCATION,0
CUST-005151,40,?,3,88132.74,24,18.31,337,0.1250,4,0,SELF_EMPLOYED,HIGH_SCHOOL,DIVORCED,BUSINESS,0
CUST-005152,67,?,6,82180.08,36,13.27,438,0.3804,4,0,RETIRED,BACHELORS,SINGLE,HOME,0
CUST-005153,23,124228.07,5,80151.41,12,21.58,533,0.2372,1,0,SELF_EMPLOYED,HIGH_SCHOOL,DIVORCED,HOME,1
CUST-005154,44,25460.68,23,13129.24,48,10.80,556,0.5982,0,0,RETIRED,HIGH_SCHOOL,DIVORCED,PERSONAL,0
CUST-005155,63,93915.35,20,38462.48,60,10.20,353,0.6457,4,0,SALARIED,MASTERS,DIVORCED,BUSINESS,0
CUST-005156,52,199775.67,26,30592.44,60,6.90,726,0.2907,0,0,SELF_EMPLOYED,BACHELORS,SINGLE,PERSONAL,0
CUST-005157,68,115827.07,10,13243.99,48,20.20,336,0.2865,0,0,UNEMPLOYED,BACHELORS,DIVORCED,BUSINESS,1
CUST-005158,39,135884.64,21,88963.08,24,23.39,482,0.2478,4,0,UNEMPLOYED,HIGH_SCHOOL,SINGLE,HOME,1
CUST-005159,56,122900.01,9,48916.45,60,18.96,589,0.1539,5,0,SELF_EMPLOYED,PHD,SINGLE,EDUCATION,1
CUST-005160,37,57385.95,19,73158.48,60,9.99,?,0.1597,2,0,SALARIED,BACHELORS,SINGLE,PERSONAL,0
CUST-005161,39,157784.97,12,86506.86,48,9.51,568,0.4012,3,0,SELF_EMPLOYED,HIGH_SCHOOL,MARRIED,PERSONAL,1
CUST-005162,43,24785.65,3,72000.83,24,17.62,529,0.5546,1,0,RETIRED,PHD,DIVORCED,BUSINESS,1
CUST-005163,63,103776.11,11,18041.73,24,8.38,664,0.4806,6,0,UNEMPLOYED,PHD,MARRIED,EDUCATION,1
CUST-005164,50,35501.31,16,9867.21,12,18.09,509,0.0845,5,0,UNEMPLOYED,PHD,SINGLE,HOME,1
CUST-005165,47,197107.29,29,41265.20,48,22.68,494,0.1036,6,0,UNEMPLOYED,MASTERS,SINGLE,AUTO,1
CUST-005166,31,33842.96,13,28614.74,24,5.43,595,0.2905,0,0,SELF_EMPLOYED,PHD,SINGLE,HOME,1
CUST-005167,55,198777.08,3,86812.29,24,6.39,?,0.0503,2,2,SALARIED,MASTERS,DIVORCED,PERSONAL,0
CUST-005168,53,104858.76,7,53465.19,48,17.07,635,0.3987,3,0,UNEMPLOYED,MASTERS,DIVORCED,EDUCATION,1
CUST-005169,39,28366.61,12,46090.08,24,13.08,643,0.0836,3,0,SALARIED,BACHELORS,MARRIED,BUSINESS,1
CUST-005170,23,36544.14,5,36862.09,48,11.48,839,0.4820,5,0,SELF_EMPLOYED,PHD,SINGLE,BUSINESS,0
CUST-005171,26,97510.99,8,85793.22,12,16.57,458,0.6106,1,2,SELF_EMPLOYED,BACHELORS,DIVORCED,PERSONAL,1
CUST-005172,69,87564.12,16,84117.02,60,5.46,791,0.0587,3,0,SALARIED,HIGH_SCHOOL,SINGLE,AUTO,1
CUST-005173,42,51964.28,24,39214.75,12,13.21,355,0.1738,0,0,UNEMPLOYED,HIGH_SCHOOL,DIVORCED,HOME,1
CUST-005174,37,141327.26,7,54096.71,48,17.79,599,0.5834,0,0,SELF_EMPLOYED,MASTERS,MARRIED,BUSINESS,0
CUST-005175,35,122125.22,9,60205.39,48,21.41,386,0.2727,3,2,RETIRED,MASTERS,SINGLE,BUSINESS,1
CUST-005176,21,145812.57,3,81109.12,60,18.41,581,0.5102,5,2,UNEMPLOYED,PHD,MARRIED,EDUCATION,1
CUST-005177,25,149314.25,7,37619.91,24,5.22,690,0.3197,0,0,SALARIED,MASTERS,SINGLE,HOME,0
CUST-005178,24,55401.52,6,55743.00,36,20.31,775,0.4712,1,0,RETIRED,MASTERS,MARRIED,BUSINESS,1
CUST-005179,30,98350.90,12,87295.25,60,18.33,754,0.1582,2,0,UNEMPLOYED,MASTERS,MARRIED,AUTO,1
CUST-005180,32,115779.44,6,32929.38,60,19.28,729,0.3367,1,0,SELF_EMPLOYED,MASTERS,DIVORCED,AUTO,1
CUST-005181,60,126965.18,13,14394.48,48,22.24,645,0.0507,5,0,SALARIED,PHD,MARRIED,EDUCATION,0
CUST-005182,36,48796.34,?,53488.80,24,15.96,757,0.6772,0,0,RETIRED,HIGH_SCHOOL,DIVORCED,BUSINESS,0
CUST-005183,22,141328.82,1,7465.76,12,6.93,699,0.0935,3,0,UNEMPLOYED,PHD,SINGLE,AUTO,0
CUST-005184,39,88165.09,1,47931.84,48,22.66,656,0.4447,5,0,RETIRED,HIGH_SCHOOL,MARRIED,EDUCATION,0
CUST-005185,68,187338.81,23,7578.53,36,17.79,510,0.0775,5,0,SALARIED,BACHELORS,MARRIED,EDUCATION,0
CUST-005186,33,94056.73,4,54525.67,48,14.33,331,0.3723,1,0,SELF_EMPLOYED,HIGH_SCHOOL,MARRIED,EDUCATION,1
CUST-005187,37,77366.19,19,85943.78,48,11.62,559,0.5707,4,3,SALARIED,MASTERS,DIVORCED,HOME,1
CUST-005188,45,86480.20,25,59292.85,48,5.00,751,0.4060,3,0,UNEMPLOYED,BACHELORS,DIVORCED,EDUCATION,0
CUST-005189,40,68519.66,17,58217.47,36,22.20,739,0.6351,5,1,RETIRED,MASTERS,MARRIED,PERSONAL,0
CUST-005190,24,188389.93,3,36375.96,12,5.45,831,0.4772,6,0,RETIRED,HIGH_SCHOOL,DIVORCED,HOME,1
CUST-005191,50,175241.99,4,32721.77,24,16.55,589,0.3922,2,0,SALARIED,BACHELORS,SINGLE,HOME,1
CUST-005192,63,143157.40,1,46656.23,36,21.73,474,0.2569,6,0,SELF_EMPLOYED,HIGH_SCHOOL,DIVORCED,BUSINESS,0
CUST-005193,60,87926.97,17,86196.93,24,7.65,549,0.4656,3,2,SELF_EMPLOYED,PHD,DIVORCED,PERSONAL,1
CUST-005194,53,93846.15,0,53575.08,48,22.82,?,0.0713,0,0,SALARIED,MASTERS,MARRIED,BUSINESS,1
CUST-005195,61,145545.68,22,51388.24,12,24.00,417,0.4063,4,0,RETIRED,PHD,MARRIED,EDUCATION,1
CUST-005196,70,131578.20,13,7734.23,12,15.40,455,0.4369,6,0,RETIRED,HIGH_SCHOOL,SINGLE,HOME,0
CUST-005197,56,24963.02,15,45282.24,24,7.06,742,0.2155,3,1,RETIRED,HIGH_SCHOOL,MARRIED,BUSINESS,0
CUST-005198,21,143417.97,0,59371.53,48,22.25,308,0.1630,0,0,RETIRED,MASTERS,MARRIED,HOME,0
CUST-005199,49,198158.32,5,10097.24,24,19.05,633,0.3057,4,0,SELF_EMPLOYED,BACHELORS,DIVORCED,AUTO,0
CUST-005200,61,142755.70,19,44471.55,12,16.35,418,0.2460,0,0,UNEMPLOYED,BACHELORS,DIVORCED,HOME,0
CUST-005201,40,80457.71,22,70014.86,24,18.22,311,0.5472,0,1,UNEMPLOYED,MASTERS,SINGLE,HOME,1
CUST-005202,49,153113.63,31,89347.20,24,24.49,597,0.2697,6,0,SALARIED,MASTERS,SINGLE,PERSONAL,0
CUST-005203,66,76552.36,20,29398.33,48,14.69,371,0.1372,4,0,UNEMPLOYED,HIGH_SCHOOL,MARRIED,AUTO,1
CUST-005204,61,24703.10,13,31752.05,12,20.38,583,0.1510,4,2,RETIRED,HIGH_SCHOOL,SINGLE,BUSINESS,1
CUST-005205,46,160148.21,2,25907.69,36,21.53,642,0.5481,5,1,RETIRED,HIGH_SCHOOL,MARRIED,AUTO,1
CUST-005206,59,189532.21,31,88111.90,12,14.57,452,0.0852,0,0,SELF_EMPLOYED,BACHELORS,MARRIED,BUSINESS,1
CUST-005207,52,191259.29,21,59578.87,12,16.07,803,0.2490,6,0,SALARIED,HIGH_SCHOOL,MARRIED,PERSONAL,0
CUST-005208,36,109443.67,7,15316.31,24,6.12,435,0.2766,3,0,UNEMPLOYED,MASTERS,SINGLE,HOME,1
CUST-005209,33,130698.16,15,63640.01,48,22.78,683,0.1896,4,0,RETIRED,BACHELORS,DIVORCED,AUTO,0
CUST-005210,31,56916.83,13,58767.54,36,16.11,608,0.2117,5,0,SELF_EMPLOYED,BACHELORS,MARRIED,BUSINESS,0
CUST-005211,51,112115.79,14,31694.98,24,19.50,353,0.1513,4,1,UNEMPLOYED,BACHELORS,SINGLE,HOME,1
CUST-005212,36,129030.51,18,46712.36,36,18.13,622,0.2903,5,2,UNEMPLOYED,HIGH_SCHOOL,SINGLE,HOME,1
CUST-005213,33,121216.06,10,43998.73,24,15.60,544,0.1098,6,0,SELF_EMPLOYED,HIGH_SCHOOL,DIVORCED,PERSONAL,0
CUST-005214,64,192512.58,4,68893.66,48,14.71,793,0.6557,3,0,SALARIED,PHD,SINGLE,EDUCATION,1
CUST-005215,42,63252.51,0,71408.20,60,22.54,571,0.3911,6,0,SELF_EMPLOYED,HIGH_SCHOOL,SINGLE,BUSINESS,1
CUST-005216,23,46710.02,5,5904.85,48,15.10,429,0.3463,6,0,RETIRED,PHD,DIVORCED,EDUCATION,1
CUST-005217,64,128972.07,16,31622.87,24,11.18,714,0.6772,0,0,UNEMPLOYED,MASTERS,DIVORCED,BUSINESS,0
CUST-005218,49,113039.51,17,69037.62,36,17.73,302,0.6988,1,0,SELF_EMPLOYED,PHD,MARRIED,AUTO,1
CUST-005219,37,188272.08,19,38892.48,48,14.45,739,0.6777,6,0,SALARIED,HIGH_SCHOOL,DIVORCED,BUSINESS,1
CUST-005220,70,155451.40,34,60671.34,12,17.49,587,0.2738,4,0,SALARIED,BACHELORS,SINGLE,HOME,1
CUST-005221,57,97027.26,9,48921.12,60,18.40,806,0.5760,1,0,SALARIED,BACHELORS,MARRIED,HOME,0
CUST-005222,62,186815.51,5,19267.88,12,7.54,556,0.3546,1,1,SELF_EMPLOYED,MASTERS,DIVORCED,BUSINESS,1
CUST-005223,54,113098.36,25,67001.68,48,16.97,349,0.5478,4,0,RETIRED,MASTERS,DIVORCED,AUTO,0
CUST-005224,50,146545.27,3,83547.36,36,10.59,626,0.2380,4,3,SALARIED,PHD,MARRIED,BUSINESS,1
CUST-005225,63,111625.00,1,25508.39,36,22.40,827,0.3188,4,0,SELF_EMPLOYED,MASTERS,SINGLE,PERSONAL,0
CUST-005226,34,79821.79,16,10116.83,60,5.26,359,0.6215,1,0,SALARIED,BACHELORS,SINGLE,AUTO,1
CUST-005227,31,138758.67,13,78311.56,36,16.28,818,0.6797,2,0,UNEMPLOYED,MASTERS,DIVORCED,PERSONAL,1
CUST-005228,32,156175.80,14,18706.00,12,7.08,410,0.4092,2,1,SELF_EMPLOYED,BACHELORS,MARRIED,AUTO,1
CUST-005229,59,185378.53,14,11984.24,24,10.79,656,0.6340,4,0,UNEMPLOYED,BACHELORS,DIVORCED,BUSINESS,1
CUST-005230,55,93430.00,0,29134.26,36,24.79,837,0.4998,2,0,UNEMPLOYED,MASTERS,SINGLE,AUTO,1
CUST-005231,68,188801.21,13,54622.86,24,6.41,806,0.5397,4,0,SALARIED,PHD,MARRIED,BUSINESS,0
CUST-005232,29,178561.49,11,47182.15,48,11.05,676,0.6115,0,0,UNEMPLOYED,PHD,MARRIED,HOME,1
CUST-005233,41,48700.49,10,9829.95,24,8.72,720,0.5812,1,0,UNEMPLOYED,PHD,SINGLE,PERSONAL,0
CUST-005234,57,112819.47,10,48651.86,48,20.10,307,0.4303,0,0,SALARIED,BACHELORS,SINGLE,BUSINESS,0
CUST-005235,30,153794.41,12,43791.93,48,19.14,407,0.3507,0,0,SELF_EMPLOYED,BACHELORS,DIVORCED,AUTO,0
CUST-005236,48,141830.79,15,41168.76,36,13.02,738,0.2077,2,0,UNEMPLOYED,HIGH_SCHOOL,SINGLE,HOME,0
CUST-005237,64,169979.64,32,68214.94,60,19.42,756,0.5552,3,1,SALARIED,PHD,MARRIED,PERSONAL,1
CUST-005238,65,32657.69,1,8959.70,60,18.00,449,0.4243,2,0,UNEMPLOYED,MASTERS,MARRIED,HOME,1
CUST-005239,67,165548.84,5,78510.53,60,11.03,837,0.5949,5,0,SALARIED,HIGH_SCHOOL,SINGLE,HOME,0
CUST-005240,34,59806.28,16,57179.31,12,13.50,555,0.5974,1,0,UNEMPLOYED,BACHELORS,SINGLE,BUSINESS,0
CUST-005241,58,35324.88,9,24707.05,36,12.12,343,0.6891,4,0,SELF_EMPLOYED,HIGH_SCHOOL,MARRIED,EDUCATION,0
CUST-005242,30,188114.65,9,17886.95,24,10.32,658,0.5670,2,3,SALARIED,MASTERS,DIVORCED,EDUCATION,1
CUST-005243,65,28931.03,7,76859.17,36,22.51,330,0.0634,5,0,SELF_EMPLOYED,MASTERS,MARRIED,BUSINESS,0
CUST-005244,67,175938.78,8,70855.84,60,16.33,761,0.6709,2,0,SALARIED,HIGH_SCHOOL,SINGLE,BUSINESS,1
CUST-005245,34,82602.95,16,16191.14,12,5.29,604,0.3692,5,0,SELF_EMPLOYED,PHD,MARRIED,AUTO,1
CUST-005246,48,134332.59,20,69386.98,24,8.46,613,0.2985,2,0,UNEMPLOYED,MASTERS,DIVORCED,AUTO,0
CUST-005247,31,61061.14,3,33747.66,24,17.98,827,0.4621,2,0,UNEMPLOYED,HIGH_SCHOOL,SINGLE,HOME,0
CUST-005248,68,19477.23,4,86899.82,12,15.38,745,0.6368,0,0,SELF_EMPLOYED,MASTERS,SINGLE,BUSINESS,0
CUST-005249,51,124919.35,19,29072.56,36,13.67,794,0.0613,1,3,RETIRED,HIGH_SCHOOL,MARRIED,PERSONAL,1
CUST-005250,53,163127.73,3,40372.12,60,10.54,328,0.1523,5,0,UNEMPLOYED,BACHELORS,DIVORCED,BUSINESS,0
CUST-005251,26,136130.15,8,40383.88,12,8.61,761,0.3849,4,0,SELF_EMPLOYED,MASTERS,MARRIED,HOME,0
CUST-005252,55,195810.59,34,52615.52,12,9.39,445,0.3073,4,0,SELF_EMPLOYED,PHD,MARRIED,EDUCATION,0
CUST-005253,67,184350.35,14,37566.10,48,9.43,420,0.4496,5,0,UNEMPLOYED,MASTERS,SINGLE,AUTO,1
CUST-005254,51,20304.95,0,5125.36,48,17.04,340,0.0893,0,0,RETIRED,HIGH_SCHOOL,DIVORCED,PERSONAL,0
CUST-005255,29,123039.45,3,61871.05,60,7.69,646,0.0811,4,0,SALARIED,PHD,SINGLE,EDUCATION,0
CUST-005256,25,119682.91,7,10510.27,36,13.54,378,0.4272,0,0,UNEMPLOYED,PHD,MARRIED,EDUCATION,0
CUST-005257,60,105050.01,14,75029.37,48,17.31,356,0.4475,0,0,SELF_EMPLOYED,HIGH_SCHOOL,SINGLE,AUTO,1
CUST-005258,65,117155.71,22,82569.51,60,13.60,780,0.5727,1,1,RETIRED,PHD,DIVORCED,HOME,0
CUST-005259,39,47725.01,7,87762.98,60,5.18,650,0.2243,3,0,UNEMPLOYED,PHD,DIVORCED,PERSONAL,1
CUST-005260,69,78765.54,26,54039.12,60,22.31,604,0.2461,3,0,SELF_EMPLOYED,HIGH_SCHOOL,DIVORCED,EDUCATION,1
CUST-005261,41,195623.74,3,40168.14,48,14.93,458,0.5372,4,0,RETIRED,PHD,MARRIED,AUTO,0
CUST-005262,62,115997.63,24,32364.30,12,21.98,822,0.5231,3,0,UNEMPLOYED,MASTERS,DIVORCED,BUSINESS,0
CUST-005263,31,87588.69,13,66317.06,48,9.21,401,0.1021,3,0,RETIRED,HIGH_SCHOOL,DIVORCED,HOME,0
CUST-005264,42,23088.73,0,71353.39,36,8.60,489,0.5447,2,0,UNEMPLOYED,PHD,DIVORCED,BUSINESS,1
CUST-005265,53,192485.32,1,39726.84,24,24.47,846,0.5464,2,0,UNEMPLOYED,HIGH_SCHOOL,DIVORCED,BUSINESS,1
CUST-005266,61,51928.49,7,41364.84,36,13.11,762,0.1398,0,0,UNEMPLOYED,BACHELORS,MARRIED,AUTO,0
CUST-005267,70,87280.16,24,34358.29,60,21.88,794,0.2962,6,0,RETIRED,PHD,SINGLE,PERSONAL,1
CUST-005268,23,160319.28,5,38271.02,48,7.84,626,0.1788,0,1,RETIRED,HIGH_SCHOOL,MARRIED,EDUCATION,1
CUST-005269,67,154670.73,31,77348.25,36,17.11,551,0.4288,2,0,UNEMPLOYED,MASTERS,DIVORCED,AUTO,1
CUST-005270,55,39248.03,5,49452.04,60,19.26,569,0.3426,1,1,RETIRED,MASTERS,DIVORCED,EDUCATION,1
CUST-005271,23,165307.82,5,54759.26,48,12.33,615,0.6196,6,0,SELF_EMPLOYED,HIGH_SCHOOL,DIVORCED,BUSINESS,1
CUST-005272,68,152836.82,5,30073.22,48,23.94,494,0.6928,2,0,RETIRED,BACHELORS,DIVORCED,PERSONAL,0
CUST-005273,62,65303.41,20,25181.09,60,20.73,351,0.6033,5,0,SALARIED,MASTERS,DIVORCED,AUTO,1
CUST-005274,48,160343.15,21,72115.06,24,21.64,381,0.6199,6,0,SALARIED,HIGH_SCHOOL,DIVORCED,AUTO,1
CUST-005275,67,154761.39,15,12324.32,24,19.37,848,0.6159,6,0,SELF_EMPLOYED,BACHELORS,SINGLE,PERSONAL,1
CUST-005276,26,157620.74,8,44979.38,36,24.29,468,0.5440,1,0,SALARIED,PHD,SINGLE,BUSINESS,0
CUST-005277,70,77396.46,5,32239.80,24,24.42,382,0.3248,0,0,SALARIED,PHD,MARRIED,BUSINESS,0
CUST-005278,49,135806.23,0,59888.51,60,19.22,667,0.1164,0,0,RETIRED,PHD,DIVORCED,AUTO,0
CUST-005279,70,65765.60,34,31031.24,36,9.70,495,0.2104,1,0,SELF_EMPLOYED,HIGH_SCHOOL,DIVORCED,PERSONAL,0
CUST-005280,23,152226.66,5,34128.58,24,21.88,531,0.4106,1,0,UNEMPLOYED,MASTERS,SINGLE,AUTO,1
CUST-005281,44,73990.42,13,65542.33,48,22.45,668,0.5168,0,0,SELF_EMPLOYED,HIGH_SCHOOL,SINGLE,PERSONAL,0
CUST-005282,36,183672.65,18,60164.03,48,5.31,306,0.6740,4,0,SALARIED,BACHELORS,MARRIED,HOME,0
CUST-005283,68,142713.04,0,77489.45,24,8.53,577,0.3399,1,0,SALARIED,HIGH_SCHOOL,DIVORCED,PERSONAL,0
CUST-005284,31,41459.70,13,5577.23,60,23.16,602,0.0683,0,1,RETIRED,BACHELORS,SINGLE,BUSINESS,1
CUST-005285,55,20499.47,14,78049.14,60,12.45,592,0.5668,2,0,UNEMPLOYED,PHD,DIVORCED,HOME,0
CUST-005286,64,82959.09,22,30422.86,48,5.38,774,0.5769,5,3,SELF_EMPLOYED,HIGH_SCHOOL,SINGLE,HOME,1
CUST-005287,51,190633.12,27,78848.35,60,22.41,509,0.3263,3,0,RETIRED,MASTERS,SINGLE,AUTO,0
CUST-005288,30,130707.13,1,30626.57,36,10.91,703,0.3254,6,0,SALARIED,BACHELORS,MARRIED,EDUCATION,0
CUST-005289,33,?,?,64705.10,60,24.58,511,0.3339,4,0,UNEMPLOYED,HIGH_SCHOOL,SINGLE,EDUCATION,0
CUST-005290,63,103203.89,14,3591.67,36,24.10,448,0.0923,4,0,RETIRED,MASTERS,MARRIED,AUTO,1
CUST-005291,38,133269.27,12,18328.74,60,15.47,450,0.1055,2,0,SELF_EMPLOYED,HIGH_SCHOOL,DIVORCED,AUTO,1
CUST-005292,40,156122.24,18,57266.89,12,13.13,551,0.0929,1,0,UNEMPLOYED,PHD,MARRIED,HOME,0
CUST-005293,29,44928.21,11,25856.15,12,12.35,610,0.0823,6,0,SALARIED,PHD,MARRIED,HOME,0
CUST-005294,22,20927.47,4,7758.09,48,11.19,585,0.3540,0,0,UNEMPLOYED,HIGH_SCHOOL,SINGLE,EDUCATION,0
CUST-005295,65,39634.19,19,76686.87,36,18.30,767,0.0659,5,0,RETIRED,MASTERS,MARRIED,HOME,0
CUST-005296,39,64786.23,16,37394.25,36,17.87,631,0.4381,6,0,RETIRED,BACHELORS,DIVORCED,AUTO,1
CUST-005297,58,83767.92,1,49046.30,48,22.07,385,0.1184,4,0,RETIRED,BACHELORS,MARRIED,AUTO,0
CUST-005298,28,151398.95,10,26642.23,24,17.16,652,0.1243,6,0,RETIRED,HIGH_SCHOOL,DIVORCED,EDUCATION,0
CUST-005299,55,35236.87,21,66051.20,60,8.15,436,0.3729,5,0,UNEMPLOYED,MASTERS,SINGLE,EDUCATION,1
CUST-005300,38,106370.49,16,21883.37,48,16.41,466,0.1247,3,0,UNEMPLOYED,PHD,MARRIED,AUTO,0
CUST-005301,30,42948.24,12,33043.57,24,5.34,848,0.6593,2,0,SALARIED,MASTERS,DIVORCED,EDUCATION,1
CUST-005302,26,34196.88,8,18893.04,48,10.98,804,0.2410,6,2,RETIRED,BACHELORS,DIVORCED,HOME,1
CUST-005303,45,66895.91,26,8712.37,48,21.84,405,0.3164,2,0,RETIRED,MASTERS,MARRIED,HOME,0
CUST-005304,59,188994.15,9,24937.72,36,20.07,588,0.3297,0,0,SELF_EMPLOYED,BACHELORS,MARRIED,EDUCATION,1
CUST-005305,24,144863.25,6,36091.45,48,7.13,372,0.2901,4,0,SALARIED,MASTERS,DIVORCED,AUTO,0
CUST-005306,59,80977.48,19,76917.11,48,13.33,784,0.6266,0,2,UNEMPLOYED,MASTERS,MARRIED,EDUCATION,1
CUST-005307,31,138300.13,12,49866.01,36,13.31,472,0.2807,0,0,SALARIED,MASTERS,MARRIED,EDUCATION,1
CUST-005308,36,155855.76,3,61343.50,24,7.77,818,0.2425,0,0,RETIRED,HIGH_SCHOOL,SINGLE,AUTO,0
CUST-005309,30,131794.22,8,27138.29,48,6.49,728,0.3213,2,0,RETIRED,MASTERS,SINGLE,PERSONAL,0
CUST-005310,60,100548.74,12,42378.56,60,18.68,457,0.1102,3,0,SELF_EMPLOYED,BACHELORS,MARRIED,PERSONAL,1
CUST-005311,27,150913.29,9,65848.89,12,14.75,689,0.2364,0,0,UNEMPLOYED,BACHELORS,DIVORCED,EDUCATION,1
CUST-005312,70,148411.60,0,6918.07,12,5.41,?,0.6589,0,0,RETIRED,PHD,SINGLE,EDUCATION,0
CUST-005313,59,150289.24,16,64700.37,60,8.34,580,0.3274,5,0,RETIRED,HIGH_SCHOOL,MARRIED,AUTO,0
CUST-005314,58,36719.26,20,71836.83,12,9.08,552,0.3796,2,2,RETIRED,PHD,MARRIED,HOME,1
CUST-005315,44,77614.03,26,56188.51,48,22.90,665,0.2797,1,1,UNEMPLOYED,PHD,MARRIED,AUTO,1
CUST-005316,35,184927.93,17,84835.47,24,20.78,476,0.3319,6,0,RETIRED,MASTERS,MARRIED,HOME,0
CUST-005317,29,184862.55,2,65755.80,24,7.26,435,0.6771,3,0,SELF_EMPLOYED,MASTERS,SINGLE,EDUCATION,1
CUST-005318,62,192700.89,9,36448.01,60,15.85,596,0.1615,4,0,SALARIED,BACHELORS,MARRIED,PERSONAL,0
CUST-005319,44,126955.35,16,44966.45,24,21.11,528,0.1598,4,0,SELF_EMPLOYED,MASTERS,DIVORCED,AUTO,0
CUST-005320,50,147500.89,8,79341.36,12,15.21,379,0.2897,1,0,UNEMPLOYED,HIGH_SCHOOL,SINGLE,BUSINESS,0
CUST-005321,65,92319.44,20,69767.20,36,7.92,404,0.5504,6,0,RETIRED,MASTERS,SINGLE,AUTO,0
CUST-005322,66,33944.75,11,66235.69,12,22.42,395,0.2484,2,0,SALARIED,MASTERS,DIVORCED,PERSONAL,1
CUST-005323,45,184365.65,16,32155.86,24,18.69,493,0.5033,0,0,SALARIED,BACHELORS,MARRIED,BUSINESS,0
CUST-005324,70,95406.50,34,55856.58,36,8.67,376,0.2975,0,2,SALARIED,BACHELORS,DIVORCED,HOME,1
CUST-005325,22,180879.13,1,28147.63,60,12.43,700,0.5579,5,1,SELF_EMPLOYED,MASTERS,SINGLE,BUSINESS,1
CUST-005326,62,117597.59,?,72547.22,60,20.32,810,0.1891,6,0,SALARIED,BACHELORS,SINGLE,AUTO,0
CUST-005327,55,120022.50,27,47733.30,24,20.82,456,0.3646,0,0,UNEMPLOYED,HIGH_SCHOOL,DIVORCED,BUSINESS,1
CUST-005328,26,30105.77,8,22655.48,36,9.34,377,0.2057,3,0,RETIRED,MASTERS,DIVORCED,BUSINESS,0
CUST-005329,28,159528.99,8,79428.81,12,20.91,582,0.3142,0,0,RETIRED,PHD,DIVORCED,EDUCATION,0
CUST-005330,47,196607.84,18,38728.19,24,7.92,670,0.1170,1,0,UNEMPLOYED,HIGH_SCHOOL,MARRIED,PERSONAL,1
CUST-005331,42,72073.24,24,76835.84,36,16.34,585,0.1982,3,0,SALARIED,MASTERS,DIVORCED,BUSINESS,1
CUST-005332,36,82436.52,18,29051.62,12,12.55,421,0.4615,0,0,SELF_EMPLOYED,HIGH_SCHOOL,DIVORCED,HOME,0
CUST-005333,29,138047.63,5,88911.80,60,16.84,467,0.4853,2,3,RETIRED,MASTERS,DIVORCED,EDUCATION,1
CUST-005334,50,95627.35,4,61826.85,12,15.43,719,0.6396,4,0,UNEMPLOYED,BACHELORS,DIVORCED,AUTO,1
CUST-005335,22,46245.05,3,47546.09,48,9.45,721,0.0853,6,0,SALARIED,BACHELORS,DIVORCED,BUSINESS,0
CUST-005336,25,63634.73,7,69354.86,12,20.87,641,0.2977,5,0,UNEMPLOYED,PHD,MARRIED,AUTO,0
CUST-005337,22,162828.54,4,48412.09,36,16.92,622,0.1185,0,1,SELF_EMPLOYED,MASTERS,MARRIED,BUSINESS,0
CUST-005338,24,51098.28,5,70318.13,24,24.78,547,0.5029,1,0,SALARIED,BACHELORS,DIVORCED,HOME,1
CUST-005339,26,43976.54,1,86671.81,60,18.22,670,0.4739,0,0,UNEMPLOYED,PHD,SINGLE,BUSINESS,0
CUST-005340,64,136407.03,16,59065.68,24,6.33,430,0.2204,5,1,SELF_EMPLOYED,MASTERS,MARRIED,EDUCATION,0
CUST-005341,54,?,11,34656.40,48,8.83,801,0.4794,1,0,SELF_EMPLOYED,HIGH_SCHOOL,DIVORCED,HOME,0
CUST-005342,37,142570.33,5,40870.10,24,12.89,787,0.3153,5,0,RETIRED,PHD,DIVORCED,AUTO,0
CUST-005343,21,156021.95,2,83662.58,60,15.89,524,0.5142,6,0,RETIRED,BACHELORS,SINGLE,BUSINESS,1
CUST-005344,28,121807.28,10,27433.69,36,8.02,486,0.2522,2,1,RETIRED,HIGH_SCHOOL,SINGLE,EDUCATION,0
CUST-005345,67,26828.10,29,40985.99,12,19.88,811,0.1496,5,0,UNEMPLOYED,PHD,SINGLE,HOME,0
CUST-005346,70,176469.22,3,88878.93,48,10.74,578,0.5275,4,0,RETIRED,MASTERS,MARRIED,BUSINESS,1
CUST-005347,50,178699.89,14,4539.98,48,11.44,803,0.2476,4,0,SALARIED,PHD,MARRIED,EDUCATION,0
CUST-005348,36,44474.90,18,30833.25,24,13.29,630,0.6885,1,0,SELF_EMPLOYED,HIGH_SCHOOL,MARRIED,BUSINESS,0
CUST-005349,70,62927.70,12,85199.53,48,6.40,555,0.2943,2,0,UNEMPLOYED,BACHELORS,MARRIED,AUTO,1
CUST-005350,63,157108.26,15,73863.06,60,15.50,804,0.6909,6,0,RETIRED,PHD,MARRIED,EDUCATION,0
CUST-005351,67,129417.71,20,26485.99,24,18.76,324,0.2398,3,0,SALARIED,HIGH_SCHOOL,DIVORCED,EDUCATION,0
CUST-005352,63,57507.81,2,52654.09,60,8.27,335,0.4536,1,1,RETIRED,HIGH_SCHOOL,SINGLE,PERSONAL,0
CUST-005353,27,119867.80,1,64307.90,48,21.22,359,0.6058,3,0,UNEMPLOYED,MASTERS,DIVORCED,EDUCATION,1
CUST-005354,38,183759.17,20,14004.63,12,19.00,534,0.1143,1,0,SELF_EMPLOYED,BACHELORS,DIVORCED,BUSINESS,1
CUST-005355,27,85865.48,9,55177.26,60,13.85,723,0.3529,5,0,SALARIED,MASTERS,SINGLE,HOME,0
CUST-005356,38,185019.50,15,33838.33,12,18.43,451,0.5784,1,0,RETIRED,MASTERS,DIVORCED,AUTO,1
CUST-005357,33,62001.66,9,61930.01,48,6.22,660,0.1929,0,0,SALARIED,PHD,MARRIED,PERSONAL,0
CUST-005358,26,158086.29,8,71634.27,24,21.69,427,0.1648,3,0,UNEMPLOYED,PHD,DIVORCED,BUSINESS,1
CUST-005359,26,103205.24,8,75735.88,60,8.10,562,0.1959,0,0,SELF_EMPLOYED,BACHELORS,DIVORCED,AUTO,1
CUST-005360,64,74835.21,3,40994.76,24,19.10,512,0.3202,0,0,RETIRED,MASTERS,DIVORCED,HOME,0
CUST-005361,45,18702.88,?,8582.62,24,18.76,314,0.3860,1,0,RETIRED,HIGH_SCHOOL,MARRIED,EDUCATION,0
CUST-005362,23,151608.76,5,12733.00,60,21.50,513,0.4951,1,0,SALARIED,PHD,DIVORCED,EDUCATION,1
CUST-005363,21,124936.54,3,20118.56,12,13.34,721,0.2904,2,2,RETIRED,HIGH_SCHOOL,DIVORCED,EDUCATION,0
CUST-005364,68,109136.80,34,79413.40,60,7.77,349,0.0808,6,0,RETIRED,HIGH_SCHOOL,DIVORCED,AUTO,1
CUST-005365,33,47752.96,15,25856.49,12,6.96,534,0.5603,3,0,RETIRED,HIGH_SCHOOL,MARRIED,PERSONAL,0
CUST-005366,35,185510.13,17,70127.63,36,16.01,374,0.3668,4,0,SELF_EMPLOYED,PHD,SINGLE,HOME,0
CUST-005367,29,197366.34,1,76927.96,36,23.60,378,0.3164,1,0,UNEMPLOYED,HIGH_SCHOOL,DIVORCED,PERSONAL,1
CUST-005368,57,58525.94,3,16567.91,36,23.53,525,0.1807,2,0,UNEMPLOYED,HIGH_SCHOOL,SINGLE,BUSINESS,0
CUST-005369,44,61936.25,11,71714.53,24,13.94,836,0.5930,4,1,SALARIED,PHD,SINGLE,HOME,0
CUST-005370,27,72076.61,6,30034.77,60,13.11,643,0.2749,3,0,SELF_EMPLOYED,BACHELORS,MARRIED,BUSINESS,1
CUST-005371,43,94522.37,20,65708.66,36,7.41,?,0.3203,0,0,SALARIED,PHD,DIVORCED,EDUCATION,0
CUST-005372,48,137026.18,6,86440.19,60,5.94,780,0.0943,2,0,SELF_EMPLOYED,MASTERS,MARRIED,BUSINESS,0
CUST-005373,40,164220.54,?,15219.71,12,15.01,530,0.5267,5,0,RETIRED,BACHELORS,SINGLE,HOME,0
CUST-005374,33,21881.46,5,82172.54,48,14.03,794,0.5211,3,0,RETIRED,HIGH_SCHOOL,DIVORCED,PERSONAL,0
CUST-005375,56,104957.10,27,58639.18,36,18.72,778,0.5109,6,0,RETIRED,PHD,DIVORCED,HOME,1
CUST-005376,46,187202.24,21,11178.17,12,22.45,767,0.0618,3,0,UNEMPLOYED,MASTERS,MARRIED,HOME,0
CUST-005377,57,31558.56,30,77299.29,60,24.70,463,0.1264,3,1,SALARIED,HIGH_SCHOOL,SINGLE,BUSINESS,1
CUST-005378,62,124409.81,16,24438.51,12,18.67,557,0.1948,2,0,UNEMPLOYED,HIGH_SCHOOL,SINGLE,AUTO,0
CUST-005379,56,48373.06,17,29626.57,36,9.30,471,0.1470,1,0,SALARIED,PHD,MARRIED,BUSINESS,1
CUST-005380,40,102913.68,22,5090.13,36,23.19,696,0.2023,3,0,SELF_EMPLOYED,HIGH_SCHOOL,DIVORCED,AUTO,0
CUST-005381,41,75955.21,19,63410.26,24,21.60,589,0.2362,0,0,SALARIED,PHD,DIVORCED,PERSONAL,1
CUST-005382,53,120636.33,22,26478.51,60,8.42,753,0.4885,6,1,RETIRED,MASTERS,SINGLE,BUSINESS,0
CUST-005383,33,43440.08,5,14318.38,48,23.85,670,0.4566,1,0,SALARIED,HIGH_SCHOOL,SINGLE,BUSINESS,0
CUST-005384,54,190712.30,24,74843.40,60,11.24,638,0.3983,2,0,SELF_EMPLOYED,HIGH_SCHOOL,SINGLE,EDUCATION,0
CUST-005385,43,170767.52,25,72467.23,12,14.38,597,0.5988,1,0,RETIRED,BACHELORS,MARRIED,PERSONAL,1
CUST-005386,66,109423.67,9,34742.83,48,23.72,443,0.4599,6,0,UNEMPLOYED,HIGH_SCHOOL,MARRIED,HOME,0
CUST-005387,51,74864.96,8,46353.14,24,6.30,525,0.1569,5,2,UNEMPLOYED,MASTERS,SINGLE,AUTO,1
CUST-005388,66,119214.25,28,59380.27,60,16.24,644,0.4530,2,0,SELF_EMPLOYED,HIGH_SCHOOL,DIVORCED,PERSONAL,0
CUST-005389,60,84557.48,3,13384.45,60,7.42,752,0.0929,4,0,UNEMPLOYED,HIGH_SCHOOL,DIVORCED,PERSONAL,0
CUST-005390,53,139449.21,27,6296.43,36,10.91,413,0.1591,1,0,UNEMPLOYED,HIGH_SCHOOL,DIVORCED,PERSONAL,0
CUST-005391,22,177205.23,4,82720.56,24,6.89,536,0.5404,1,0,RETIRED,MASTERS,DIVORCED,HOME,1
CUST-005392,44,140051.77,25,37485.65,36,11.61,426,0.6905,6,0,UNEMPLOYED,BACHELORS,DIVORCED,BUSINESS,1
CUST-005393,39,114994.82,2,88055.02,60,18.33,742,0.3876,3,0,SELF_EMPLOYED,HIGH_SCHOOL,DIVORCED,AUTO,1
CUST-005394,56,156787.81,?,46749.60,36,20.51,?,0.2303,3,0,SELF_EMPLOYED,PHD,DIVORCED,BUSINESS,1
CUST-005395,25,129809.79,7,28435.93,12,14.45,567,0.6019,2,0,UNEMPLOYED,HIGH_SCHOOL,MARRIED,AUTO,1
CUST-005396,35,59393.29,17,22775.57,24,22.55,348,0.4657,5,0,UNEMPLOYED,PHD,DIVORCED,HOME,1
CUST-005397,43,42613.08,25,81125.14,24,10.48,667,0.4147,2,0,UNEMPLOYED,HIGH_SCHOOL,DIVORCED,AUTO,0
CUST-005398,30,46996.94,12,68347.45,24,21.61,416,0.5290,0,0,SALARIED,BACHELORS,SINGLE,AUTO,0
CUST-005399,47,51523.39,10,29621.23,48,9.03,747,0.4979,6,0,RETIRED,HIGH_SCHOOL,DIVORCED,BUSINESS,0
CUST-005400,25,47372.20,7,84101.99,24,23.46,553,0.4461,5,0,SALARIED,PHD,DIVORCED,BUSINESS,0
CUST-005401,45,184860.36,25,5651.64,48,6.53,649,0.2294,0,0,SELF_EMPLOYED,MASTERS,SINGLE,BUSINESS,0
CUST-005402,63,198807.80,11,84711.95,36,15.05,?,0.0611,5,0,RETIRED,BACHELORS,SINGLE,HOME,1
CUST-005403,22,178446.71,4,16474.31,60,15.51,578,0.2527,5,0,SELF_EMPLOYED,BACHELORS,DIVORCED,AUTO,1
CUST-005404,27,35683.30,9,7758.79,60,19.17,781,0.2215,1,0,SELF_EMPLOYED,HIGH_SCHOOL,DIVORCED,BUSINESS,1
CUST-005405,69,94139.03,12,50808.57,48,18.73,397,0.1485,6,0,UNEMPLOYED,MASTERS,SINGLE,HOME,0
CUST-005406,63,54798.37,14,39942.85,24,17.98,439,0.2483,6,0,UNEMPLOYED,HIGH_SCHOOL,MARRIED,EDUCATION,0
CUST-005407,48,75846.56,6,74019.39,24,5.86,805,0.3520,6,0,UNEMPLOYED,PHD,MARRIED,PERSONAL,1
CUST-005408,39,186319.20,21,21240.99,36,23.87,825,0.1714,4,0,SALARIED,PHD,SINGLE,HOME,0
CUST-005409,62,161059.60,10,58620.92,36,17.01,494,0.4672,1,0,SELF_EMPLOYED,BACHELORS,SINGLE,EDUCATION,0
CUST-005410,28,163745.50,10,34338.37,60,15.94,492,0.4140,3,0,UNEMPLOYED,PHD,DIVORCED,PERSONAL,1
CUST-005411,48,141994.92,14,41803.20,36,24.01,644,0.1301,6,0,SALARIED,PHD,MARRIED,EDUCATION,0
CUST-005412,59,106969.96,15,55400.40,24,10.78,774,0.4447,3,0,SELF_EMPLOYED,PHD,MARRIED,AUTO,0
CUST-005413,29,102545.15,9,64048.54,60,16.29,508,0.5800,5,0,UNEMPLOYED,MASTERS,SINGLE,BUSINESS,1
CUST-005414,30,152961.31,9,81254.38,12,12.05,689,0.4815,1,2,RETIRED,MASTERS,MARRIED,BUSINESS,1
CUST-005415,40,119971.97,18,20879.29,48,12.82,590,0.0571,6,2,RETIRED,BACHELORS,MARRIED,AUTO,0
CUST-005416,29,103534.75,11,39633.77,60,22.48,688,0.6585,1,0,SALARIED,MASTERS,DIVORCED,BUSINESS,0
CUST-005417,26,134872.76,0,18646.49,48,17.41,661,0.6980,3,0,RETIRED,MASTERS,SINGLE,EDUCATION,1
CUST-005418,63,38653.34,11,13219.36,36,19.13,624,0.2270,3,0,SELF_EMPLOYED,BACHELORS,SINGLE,AUTO,1
CUST-005419,43,159649.37,21,8886.88,12,5.13,750,0.2094,5,0,SALARIED,HIGH_SCHOOL,SINGLE,EDUCATION,0
CUST-005420,61,183089.95,8,29111.06,12,22.82,531,0.1619,4,0,SELF_EMPLOYED,BACHELORS,DIVORCED,PERSONAL,0
CUST-005421,34,131514.44,16,53557.36,24,21.12,496,0.0529,4,0,SELF_EMPLOYED,BACHELORS,MARRIED,EDUCATION,0
CUST-005422,54,43080.22,31,64244.59,24,22.04,646,0.0902,6,2,SALARIED,PHD,SINGLE,PERSONAL,0
CUST-005423,42,28572.38,9,52680.75,60,21.89,388,0.5646,4,0,RETIRED,HIGH_SCHOOL,DIVORCED,EDUCATION,0
CUST-005424,54,98356.34,8,14649.80,24,7.80,489,0.1689,6,0,SELF_EMPLOYED,BACHELORS,MARRIED,PERSONAL,0
CUST-005425,48,142923.55,4,23205.51,36,6.48,305,0.0957,6,0,SALARIED,BACHELORS,SINGLE,PERSONAL,0
CUST-005426,23,35252.33,5,77378.16,36,19.91,393,0.0977,0,3,SALARIED,MASTERS,SINGLE,PERSONAL,1
CUST-005427,52,50411.08,32,80610.43,48,12.39,537,0.5207,6,0,SALARIED,MASTERS,DIVORCED,BUSINESS,1
CUST-005428,57,172839.50,6,18765.02,36,10.70,428,0.1508,3,0,SALARIED,PHD,MARRIED,EDUCATION,0
CUST-005429,55,156737.56,31,27309.45,12,5.59,365,0.1417,2,0,SALARIED,HIGH_SCHOOL,MARRIED,AUTO,1
CUST-005430,42,197773.86,17,38606.38,24,14.41,788,0.1888,0,0,UNEMPLOYED,PHD,MARRIED,PERSONAL,0
CUST-005431,61,165561.16,13,72428.67,24,23.07,590,0.5031,4,0,SELF_EMPLOYED,PHD,DIVORCED,HOME,0
CUST-005432,41,23684.97,23,57400.86,36,19.10,834,0.1653,6,0,RETIRED,BACHELORS,SINGLE,HOME,0
CUST-005433,52,28287.94,11,86015.08,12,14.80,?,0.3946,5,0,UNEMPLOYED,BACHELORS,SINGLE,AUTO,1
CUST-005434,70,49033.15,28,24643.81,36,7.14,788,0.6728,2,0,UNEMPLOYED,MASTERS,SINGLE,BUSINESS,0
CUST-005435,32,173052.06,2,32198.37,12,10.26,829,0.0803,5,0,UNEMPLOYED,HIGH_SCHOOL,MARRIED,PERSONAL,0
CUST-005436,25,152032.27,7,45820.35,12,7.12,400,0.3414,6,0,UNEMPLOYED,PHD,SINGLE,BUSINESS,0
CUST-005437,23,54968.75,5,59286.88,60,12.13,714,0.6177,4,0,UNEMPLOYED,HIGH_SCHOOL,SINGLE,HOME,1
CUST-005438,34,122195.36,?,60224.18,36,13.44,445,0.3575,6,0,SALARIED,MASTERS,DIVORCED,PERSONAL,0
CUST-005439,47,97578.13,11,3781.31,48,14.80,547,0.4625,0,0,RETIRED,HIGH_SCHOOL,DIVORCED,AUTO,1
CUST-005440,29,175641.09,11,78589.49,48,25.00,650,0.4146,6,0,UNEMPLOYED,BACHELORS,DIVORCED,EDUCATION,1
CUST-005441,66,64436.78,4,40151.00,36,18.67,464,0.2562,1,0,SALARIED,PHD,SINGLE,HOME,1
CUST-005442,31,55628.63,7,5317.18,48,17.92,509,0.3694,6,0,SELF_EMPLOYED,HIGH_SCHOOL,MARRIED,PERSONAL,1
CUST-005443,49,22505.71,19,5847.76,36,8.83,328,0.6536,1,0,RETIRED,PHD,SINGLE,PERSONAL,1
CUST-005444,29,118542.67,11,68943.19,48,24.32,445,0.4180,2,1,SALARIED,HIGH_SCHOOL,SINGLE,BUSINESS,1
CUST-005445,57,160639.88,27,45981.26,48,12.10,749,0.1243,6,0,SALARIED,BACHELORS,MARRIED,EDUCATION,0
CUST-005446,22,21350.83,4,7612.63,60,9.86,308,0.5315,1,2,SELF_EMPLOYED,HIGH_SCHOOL,SINGLE,AUTO,0
CUST-005447,39,106257.06,21,77724.98,24,8.49,407,0.5613,5,0,SALARIED,HIGH_SCHOOL,DIVORCED,HOME,0
CUST-005448,59,193849.28,8,27079.44,24,24.04,662,0.2853,0,0,SALARIED,BACHELORS,SINGLE,AUTO,1
CUST-005449,56,70998.99,2,73323.43,24,12.22,568,0.5292,6,0,RETIRED,PHD,MARRIED,HOME,1
CUST-005450,38,115603.01,20,40057.97,48,18.65,509,0.2787,6,0,SALARIED,PHD,SINGLE,HOME,0
CUST-005451,54,124628.28,27,75231.90,24,6.08,620,0.1631,0,0,SALARIED,BACHELORS,SINGLE,EDUCATION,0
CUST-005452,70,66599.45,7,72221.19,24,9.27,351,0.6304,6,0,SELF_EMPLOYED,MASTERS,SINGLE,EDUCATION,0
CUST-005453,21,68779.34,3,73526.63,48,17.13,781,0.6992,2,1,SELF_EMPLOYED,MASTERS,MARRIED,PERSONAL,1
CUST-005454,26,164676.88,0,51604.77,60,23.76,794,0.6113,5,0,UNEMPLOYED,BACHELORS,MARRIED,HOME,1
CUST-005455,39,50291.51,21,7483.65,48,9.01,377,0.5108,4,3,RETIRED,BACHELORS,MARRIED,AUTO,1
CUST-005456,58,182153.03,3,4101.84,12,20.96,472,0.4124,6,0,UNEMPLOYED,PHD,MARRIED,PERSONAL,0
CUST-005457,28,122770.34,10,40178.42,12,14.97,810,0.4082,6,0,UNEMPLOYED,MASTERS,SINGLE,AUTO,0
CUST-005458,62,21528.74,16,81651.87,48,6.38,518,0.5792,2,0,SALARIED,HIGH_SCHOOL,SINGLE,AUTO,1
CUST-005459,61,51479.66,32,3763.01,48,23.33,445,0.3295,2,1,SALARIED,MASTERS,DIVORCED,AUTO,1
CUST-005460,29,38403.01,11,74691.36,36,14.58,544,0.6763,6,0,RETIRED,MASTERS,SINGLE,BUSINESS,1
CUST-005461,65,72671.42,28,28752.76,12,5.50,841,0.3638,1,0,UNEMPLOYED,HIGH_SCHOOL,SINGLE,PERSONAL,0
CUST-005462,57,123042.14,15,8024.84,36,15.46,474,0.6605,3,0,SELF_EMPLOYED,PHD,DIVORCED,HOME,1
CUST-005463,64,196970.15,31,58461.00,12,18.21,572,0.5425,5,0,UNEMPLOYED,HIGH_SCHOOL,SINGLE,EDUCATION,1
CUST-005464,31,86535.60,13,4524.29,60,18.39,491,0.2364,0,0,UNEMPLOYED,BACHELORS,SINGLE,BUSINESS,1
CUST-005465,30,121065.32,12,80046.54,60,14.16,692,0.6842,2,0,UNEMPLOYED,BACHELORS,SINGLE,BUSINESS,0
CUST-005466,40,83872.27,16,72674.92,36,5.37,807,0.5389,3,0,UNEMPLOYED,HIGH_SCHOOL,SINGLE,HOME,0
CUST-005467,62,21393.53,16,48743.58,48,7.31,729,0.5642,6,0,SELF_EMPLOYED,MASTERS,DIVORCED,PERSONAL,0
CUST-005468,49,39334.49,8,33668.10,48,24.10,844,0.3683,0,0,UNEMPLOYED,PHD,DIVORCED,HOME,0
CUST-005469,35,162608.46,17,86590.94,36,16.54,342,0.2728,0,0,SELF_EMPLOYED,PHD,SINGLE,EDUCATION,0
CUST-005470,66,70665.60,6,11388.54,48,8.18,672,0.5985,5,0,RETIRED,HIGH_SCHOOL,MARRIED,HOME,1
CUST-005471,28,31839.62,2,34196.08,48,8.56,765,0.2377,3,0,SELF_EMPLOYED,BACHELORS,DIVORCED,HOME,0
CUST-005472,64,139489.95,21,49061.48,24,20.37,603,0.2353,1,0,RETIRED,HIGH_SCHOOL,MARRIED,BUSINESS,0
CUST-005473,35,150393.59,17,40395.50,24,22.95,399,0.3486,4,0,SELF_EMPLOYED,PHD,DIVORCED,EDUCATION,0
CUST-005474,35,175394.15,17,21278.67,60,18.66,314,0.2925,5,0,RETIRED,MASTERS,SINGLE,EDUCATION,0
CUST-005475,43,25781.17,25,56341.33,12,5.06,719,0.6811,4,0,SALARIED,MASTERS,SINGLE,PERSONAL,0
CUST-005476,55,99934.68,21,9090.94,48,22.29,584,0.3197,5,0,RETIRED,PHD,MARRIED,AUTO,1
CUST-005477,53,25871.78,?,48028.56,60,21.45,398,0.5071,6,3,SALARIED,HIGH_SCHOOL,DIVORCED,HOME,1
CUST-005478,50,61083.01,26,49123.96,48,18.64,305,0.2833,6,0,SALARIED,PHD,DIVORCED,BUSINESS,1
CUST-005479,36,78360.11,12,76763.79,12,11.24,360,0.0654,5,0,SELF_EMPLOYED,PHD,DIVORCED,BUSINESS,0
CUST-005480,69,85582.02,9,61598.41,60,6.56,507,0.1393,3,0,UNEMPLOYED,HIGH_SCHOOL,MARRIED,BUSINESS,1
CUST-005481,68,115258.99,30,21888.58,12,7.88,588,0.1200,2,0,RETIRED,PHD,SINGLE,BUSINESS,1
CUST-005482,69,22389.25,24,44587.04,48,8.21,516,0.6914,5,0,UNEMPLOYED,PHD,DIVORCED,EDUCATION,1
CUST-005483,25,186834.30,7,41471.42,48,5.45,310,0.6515,4,0,RETIRED,BACHELORS,SINGLE,EDUCATION,0
CUST-005484,37,178333.51,19,8291.79,60,14.97,679,0.6292,3,0,SALARIED,HIGH_SCHOOL,MARRIED,HOME,1
CUST-005485,40,38221.88,22,5046.09,36,20.14,492,0.2198,2,0,SALARIED,HIGH_SCHOOL,MARRIED,EDUCATION,0
CUST-005486,58,89953.88,27,21541.63,60,19.05,737,0.6110,4,0,SELF_EMPLOYED,BACHELORS,DIVORCED,BUSINESS,1
CUST-005487,27,47813.45,9,49777.92,36,6.79,335,0.5950,6,0,RETIRED,BACHELORS,SINGLE,HOME,1
CUST-005488,50,27048.73,29,35191.56,60,24.60,396,0.6189,3,0,RETIRED,MASTERS,MARRIED,EDUCATION,1
CUST-005489,32,62373.25,7,68737.26,24,14.51,357,0.1174,0,2,SALARIED,BACHELORS,SINGLE,EDUCATION,1
CUST-005490,57,37107.98,7,87434.00,48,24.49,454,0.1938,2,0,SELF_EMPLOYED,BACHELORS,MARRIED,HOME,0
CUST-005491,61,?,10,42449.73,24,21.63,390,0.1382,1,0,UNEMPLOYED,MASTERS,MARRIED,PERSONAL,0
CUST-005492,29,60349.13,11,45137.96,36,16.67,505,0.5282,2,0,UNEMPLOYED,MASTERS,SINGLE,HOME,1
CUST-005493,52,127402.98,16,3841.20,12,6.94,500,0.5198,4,0,SELF_EMPLOYED,PHD,MARRIED,HOME,1
CUST-005494,57,180769.41,18,86856.63,36,12.68,564,0.2025,6,2,RETIRED,PHD,SINGLE,AUTO,1
CUST-005495,58,53321.48,26,10059.65,60,21.80,322,0.3244,2,1,RETIRED,HIGH_SCHOOL,MARRIED,HOME,1
CUST-005496,62,152851.88,13,39197.58,36,14.04,597,0.1415,5,0,SALARIED,PHD,DIVORCED,HOME,0
CUST-005497,33,79240.20,9,8311.99,48,19.19,414,0.1291,3,0,UNEMPLOYED,HIGH_SCHOOL,MARRIED,PERSONAL,0
CUST-005498,69,85206.35,17,43431.22,24,13.40,761,0.3069,4,0,RETIRED,PHD,SINGLE,EDUCATION,0
CUST-005499,42,62473.82,14,11857.01,12,10.75,780,0.4002,6,0,SELF_EMPLOYED,MASTERS,SINGLE,AUTO,1
CUST-005500,70,63694.24,31,19502.72,48,17.31,457,0.0683,5,0,SELF_EMPLOYED,PHD,MARRIED,BUSINESS,1
CUST-005501,69,88488.22,17,64132.92,48,22.15,637,0.5960,0,0,RETIRED,MASTERS,MARRIED,AUTO,0
CUST-005502,34,72362.82,0,79077.23,48,12.35,839,0.4058,4,0,RETIRED,HIGH_SCHOOL,SINGLE,AUTO,0
CUST-005503,22,119501.92,4,66692.07,60,7.05,418,0.1579,3,0,RETIRED,BACHELORS,DIVORCED,PERSONAL,0
CUST-005504,27,173042.34,8,67212.99,36,8.97,?,0.5574,0,3,RETIRED,MASTERS,MARRIED,BUSINESS,1
CUST-005505,50,98836.59,14,37009.66,60,12.81,379,0.1005,2,0,RETIRED,MASTERS,SINGLE,HOME,1
CUST-005506,56,176137.72,24,78447.89,60,8.22,439,0.1454,1,0,UNEMPLOYED,MASTERS,MARRIED,EDUCATION,0
CUST-005507,65,22961.59,33,83666.38,48,11.44,833,0.1629,0,0,RETIRED,BACHELORS,MARRIED,AUTO,0
CUST-005508,67,104559.12,18,65796.79,12,6.81,514,0.1429,2,0,UNEMPLOYED,HIGH_SCHOOL,SINGLE,AUTO,1
CUST-005509,41,38800.93,12,46703.32,60,12.29,504,0.3674,4,0,SALARIED,BACHELORS,SINGLE,HOME,1
CUST-005510,24,189679.58,6,71227.12,60,10.37,720,0.0693,2,0,SALARIED,BACHELORS,SINGLE,BUSINESS,0
CUST-005511,37,96570.38,19,15973.03,12,21.58,?,0.3130,3,0,SELF_EMPLOYED,MASTERS,DIVORCED,EDUCATION,0
CUST-005512,34,167618.40,16,71530.98,24,5.47,723,0.5151,3,0,RETIRED,HIGH_SCHOOL,SINGLE,EDUCATION,0
CUST-005513,41,163225.16,23,3521.31,60,17.90,557,0.0922,6,0,UNEMPLOYED,PHD,SINGLE,BUSINESS,1
CUST-005514,29,143845.31,9,27241.59,48,11.46,766,0.3202,5,1,UNEMPLOYED,PHD,MARRIED,EDUCATION,0
CUST-005515,24,28692.57,6,27526.06,48,23.11,504,0.1738,2,0,UNEMPLOYED,HIGH_SCHOOL,SINGLE,AUTO,0
CUST-005516,57,26271.19,33,19265.28,48,6.02,755,0.5257,5,0,SELF_EMPLOYED,MASTERS,DIVORCED,EDUCATION,0
CUST-005517,42,89453.95,10,46681.98,36,5.62,?,0.4251,4,0,SALARIED,BACHELORS,MARRIED,BUSINESS,0
CUST-005518,51,113381.89,20,32509.65,60,23.54,516,0.2111,0,0,SELF_EMPLOYED,BACHELORS,MARRIED,PERSONAL,0
CUST-005519,25,175318.14,4,69468.13,12,14.93,451,0.3915,5,0,SELF_EMPLOYED,PHD,SINGLE,BUSINESS,1
CUST-005520,63,29604.86,23,36605.40,12,20.99,336,0.4043,1,0,UNEMPLOYED,BACHELORS,SINGLE,BUSINESS,1
CUST-005521,65,92828.62,27,20307.85,48,16.89,313,0.5889,5,0,RETIRED,BACHELORS,DIVORCED,EDUCATION,1
CUST-005522,62,85924.02,30,52576.28,24,5.42,800,0.6007,1,0,UNEMPLOYED,PHD,DIVORCED,AUTO,0
CUST-005523,46,18188.23,28,73131.42,12,12.02,837,0.2965,1,0,SELF_EMPLOYED,BACHELORS,SINGLE,PERSONAL,1
CUST-005524,70,92538.49,21,61881.80,48,9.49,588,0.3525,1,0,SALARIED,MASTERS,MARRIED,BUSINESS,0
CUST-005525,36,53765.89,13,79176.68,12,16.49,579,0.1984,2,0,SALARIED,MASTERS,MARRIED,PERSONAL,0
CUST-005526,32,19493.16,14,19620.08,12,19.64,659,0.3682,1,0,UNEMPLOYED,MASTERS,MARRIED,EDUCATION,1
CUST-005527,59,24625.32,27,5634.76,60,21.52,599,0.5349,4,0,SALARIED,BACHELORS,MARRIED,HOME,1
CUST-005528,35,81156.19,17,42867.83,12,9.47,645,0.5565,6,3,SALARIED,BACHELORS,SINGLE,PERSONAL,1
CUST-005529,45,56178.44,27,45749.81,60,16.92,421,0.3007,5,0,UNEMPLOYED,HIGH_SCHOOL,MARRIED,AUTO,1
CUST-005530,27,168283.40,9,83869.49,12,20.36,555,0.1165,0,0,SALARIED,HIGH_SCHOOL,MARRIED,PERSONAL,0
CUST-005531,35,180305.06,17,63793.66,60,15.76,467,0.3492,2,0,UNEMPLOYED,BACHELORS,SINGLE,PERSONAL,1
CUST-005532,49,187393.72,27,19026.49,48,17.03,384,0.4080,1,0,SALARIED,BACHELORS,MARRIED,HOME,1
CUST-005533,64,112447.83,26,79578.10,36,16.59,620,0.0836,4,0,SALARIED,HIGH_SCHOOL,SINGLE,BUSINESS,1
CUST-005534,32,46609.91,11,82544.38,48,13.79,848,0.5988,4,0,SALARIED,MASTERS,MARRIED,BUSINESS,0
CUST-005535,62,83293.15,4,43319.26,36,10.44,849,0.0984,6,0,SELF_EMPLOYED,HIGH_SCHOOL,DIVORCED,AUTO,0
CUST-005536,21,75382.26,3,77321.04,24,22.74,314,0.1274,2,3,SELF_EMPLOYED,HIGH_SCHOOL,SINGLE,EDUCATION,1
CUST-005537,26,35402.62,8,9165.07,60,8.99,496,0.2365,5,0,SELF_EMPLOYED,HIGH_SCHOOL,DIVORCED,PERSONAL,0
CUST-005538,36,165947.53,18,37600.88,36,9.38,572,0.6316,3,0,UNEMPLOYED,PHD,DIVORCED,BUSINESS,1
CUST-005539,21,42025.64,3,63257.40,36,11.95,799,0.6089,0,2,RETIRED,BACHELORS,DIVORCED,PERSONAL,0
CUST-005540,48,184745.06,12,74979.06,24,9.06,511,0.1880,1,0,SELF_EMPLOYED,BACHELORS,DIVORCED,BUSINESS,1
CUST-005541,54,55059.40,16,44542.48,24,22.89,576,0.0539,3,0,UNEMPLOYED,BACHELORS,SINGLE,PERSONAL,0
CUST-005542,64,34281.73,12,33707.07,48,10.26,837,0.3939,2,0,RETIRED,MASTERS,DIVORCED,PERSONAL,1
CUST-005543,25,83448.38,7,7452.74,48,13.56,840,0.6911,2,0,SALARIED,PHD,SINGLE,AUTO,0
CUST-005544,53,87059.92,28,28094.11,24,22.39,794,0.2378,4,0,RETIRED,BACHELORS,SINGLE,EDUCATION,0
CUST-005545,49,48588.57,25,30400.78,24,7.91,515,0.2508,0,0,UNEMPLOYED,MASTERS,MARRIED,AUTO,0
CUST-005546,48,167409.44,27,55923.41,48,10.13,381,0.1056,5,0,SELF_EMPLOYED,MASTERS,MARRIED,HOME,1
CUST-005547,35,154128.77,17,72013.45,48,15.16,482,0.6520,6,0,SALARIED,PHD,DIVORCED,AUTO,1
CUST-005548,37,151184.07,0,30452.77,60,22.37,777,0.0747,1,0,RETIRED,BACHELORS,DIVORCED,AUTO,0
CUST-005549,65,180763.32,1,38079.63,36,23.42,703,0.3007,3,0,SELF_EMPLOYED,MASTERS,DIVORCED,EDUCATION,0
CUST-005550,35,36440.66,17,25477.45,60,15.90,590,0.5862,6,0,SELF_EMPLOYED,PHD,MARRIED,AUTO,0
CUST-005551,66,196856.17,13,56430.93,12,12.43,387,0.0787,1,0,SALARIED,PHD,SINGLE,BUSINESS,0
CUST-005552,43,56889.62,7,75686.14,12,16.20,432,0.6259,6,0,RETIRED,PHD,MARRIED,HOME,1
CUST-005553,41,46010.43,12,9691.59,60,10.32,633,0.1601,0,0,RETIRED,MASTERS,MARRIED,EDUCATION,1
CUST-005554,31,119191.20,13,19131.85,48,18.92,738,0.5930,1,3,UNEMPLOYED,HIGH_SCHOOL,SINGLE,BUSINESS,1
CUST-005555,66,34780.28,19,56800.17,48,20.38,815,0.3025,3,0,SELF_EMPLOYED,HIGH_SCHOOL,MARRIED,BUSINESS,1
CUST-005556,28,103416.37,10,40758.73,36,13.01,390,0.5409,4,0,SALARIED,BACHELORS,SINGLE,HOME,0
CUST-005557,65,168602.42,32,29418.26,24,7.48,397,0.4962,0,0,RETIRED,MASTERS,DIVORCED,AUTO,1
CUST-005558,52,185022.63,5,84980.74,12,23.50,334,0.3396,4,0,UNEMPLOYED,HIGH_SCHOOL,SINGLE,HOME,1
CUST-005559,32,175707.53,14,36144.81,12,8.53,325,0.1449,3,0,SALARIED,HIGH_SCHOOL,MARRIED,AUTO,0
CUST-005560,25,179248.27,7,34371.22,36,13.07,568,0.4884,0,0,SELF_EMPLOYED,HIGH_SCHOOL,MARRIED,HOME,0
CUST-005561,56,97805.01,12,46876.74,48,17.74,566,0.4746,1,0,UNEMPLOYED,PHD,DIVORCED,HOME,1
CUST-005562,30,117783.36,6,48762.17,12,16.12,312,0.5230,3,0,SELF_EMPLOYED,MASTERS,DIVORCED,PERSONAL,1
CUST-005563,31,108629.56,13,70976.17,48,18.13,337,0.4093,2,0,RETIRED,HIGH_SCHOOL,SINGLE,PERSONAL,0
CUST-005564,28,27134.38,10,10986.99,60,22.29,767,0.1761,2,0,SELF_EMPLOYED,PHD,MARRIED,AUTO,0
CUST-005565,34,166453.62,16,72889.83,60,7.45,416,0.1718,4,0,SALARIED,BACHELORS,SINGLE,EDUCATION,0
CUST-005566,68,122010.25,14,42192.64,24,6.69,620,0.1539,2,1,UNEMPLOYED,MASTERS,MARRIED,EDUCATION,1
CUST-005567,26,22508.69,8,21496.20,24,14.17,685,0.5373,1,3,SELF_EMPLOYED,MASTERS,SINGLE,AUTO,1
CUST-005568,65,58815.42,24,42901.24,24,17.17,630,0.4268,2,0,RETIRED,BACHELORS,SINGLE,EDUCATION,1
CUST-005569,24,97195.23,6,46040.18,36,12.22,686,0.2220,6,0,SALARIED,PHD,MARRIED,BUSINESS,0
CUST-005570,34,132590.26,2,28760.91,24,12.05,750,0.3302,1,0,SELF_EMPLOYED,MASTERS,SINGLE,EDUCATION,0
CUST-005571,41,134619.26,21,73588.77,24,8.30,792,0.6601,4,0,UNEMPLOYED,BACHELORS,SINGLE,AUTO,0
CUST-005572,57,52185.63,14,44250.06,48,12.72,418,0.3849,2,0,SALARIED,HIGH_SCHOOL,MARRIED,BUSINESS,1
CUST-005573,53,92245.49,20,63606.51,60,15.75,319,0.0716,0,0,RETIRED,MASTERS,DIVORCED,EDUCATION,0
CUST-005574,31,38462.10,8,69537.92,36,22.05,436,0.2828,3,3,RETIRED,BACHELORS,DIVORCED,BUSINESS,1
CUST-005575,42,66994.15,6,61236.63,60,18.84,453,0.6845,4,0,SALARIED,HIGH_SCHOOL,MARRIED,EDUCATION,1
CUST-005576,25,116603.98,7,8472.54,48,8.02,560,0.4650,6,0,SELF_EMPLOYED,HIGH_SCHOOL,DIVORCED,EDUCATION,0
CUST-005577,47,20085.32,21,53399.41,12,13.33,350,0.2382,2,0,UNEMPLOYED,MASTERS,MARRIED,AUTO,0
CUST-005578,65,105622.31,18,31179.20,48,12.75,673,0.4834,3,0,UNEMPLOYED,BACHELORS,SINGLE,BUSINESS,0
CUST-005579,41,80790.32,4,16599.26,60,19.37,396,0.5966,1,1,RETIRED,BACHELORS,SINGLE,PERSONAL,1
CUST-005580,46,63984.24,28,58742.44,48,19.04,466,0.4013,3,0,UNEMPLOYED,HIGH_SCHOOL,SINGLE,BUSINESS,1
CUST-005581,36,170490.82,6,47158.84,24,12.55,641,0.6767,6,0,RETIRED,PHD,DIVORCED,HOME,1
CUST-005582,64,107872.26,4,48537.19,48,6.12,798,0.4664,1,0,RETIRED,BACHELORS,SINGLE,HOME,0
CUST-005583,65,122215.10,25,52776.08,12,14.64,461,0.5843,5,0,SELF_EMPLOYED,BACHELORS,SINGLE,AUTO,1
CUST-005584,21,180188.90,3,54344.90,48,18.32,438,0.2192,3,0,SALARIED,MASTERS,DIVORCED,EDUCATION,1
CUST-005585,21,186433.89,3,83613.78,60,13.02,557,0.4892,5,0,SELF_EMPLOYED,BACHELORS,MARRIED,AUTO,1
CUST-005586,41,43948.67,10,87534.99,36,9.39,820,0.1912,2,0,RETIRED,HIGH_SCHOOL,SINGLE,EDUCATION,0
CUST-005587,37,188746.18,19,54375.11,60,12.56,415,0.4782,3,0,RETIRED,BACHELORS,DIVORCED,PERSONAL,1
CUST-005588,29,64701.07,11,17777.94,24,16.28,692,0.2051,5,0,UNEMPLOYED,MASTERS,SINGLE,AUTO,1
CUST-005589,61,60158.15,25,21174.74,12,13.32,792,0.5723,1,0,UNEMPLOYED,HIGH_SCHOOL,SINGLE,AUTO,0
CUST-005590,38,186060.75,15,54896.04,24,16.67,706,0.4883,4,0,UNEMPLOYED,MASTERS,SINGLE,BUSINESS,0
CUST-005591,26,164960.96,8,85030.78,24,16.27,598,0.4922,4,0,UNEMPLOYED,PHD,SINGLE,HOME,1
CUST-005592,53,172735.44,5,66357.15,36,6.55,632,0.2668,3,0,UNEMPLOYED,BACHELORS,MARRIED,PERSONAL,0
CUST-005593,49,199441.27,7,86551.18,36,22.42,725,0.1378,6,0,UNEMPLOYED,BACHELORS,MARRIED,EDUCATION,1
CUST-005594,66,28266.13,11,24812.04,12,15.33,319,0.6692,5,2,RETIRED,HIGH_SCHOOL,DIVORCED,AUTO,1
CUST-005595,39,35461.55,21,21417.22,36,18.38,720,0.1728,4,0,RETIRED,HIGH_SCHOOL,SINGLE,EDUCATION,0
CUST-005596,42,85347.04,3,78801.12,60,10.33,544,0.4912,0,0,UNEMPLOYED,MASTERS,SINGLE,PERSONAL,1
CUST-005597,69,177364.85,?,18211.84,36,9.42,533,0.0801,5,0,SALARIED,HIGH_SCHOOL,SINGLE,PERSONAL,0
CUST-005598,61,70758.60,1,18116.63,36,17.95,732,0.2381,1,0,UNEMPLOYED,HIGH_SCHOOL,DIVORCED,AUTO,1
CUST-005599,68,66935.19,5,31527.86,60,18.00,598,0.4678,1,0,SELF_EMPLOYED,PHD,MARRIED,EDUCATION,0
CUST-005600,30,65225.43,11,82695.88,12,11.44,791,0.3303,6,3,SELF_EMPLOYED,HIGH_SCHOOL,SINGLE,HOME,0
CUST-005601,26,22040.47,8,38775.59,24,18.63,819,0.4363,6,0,RETIRED,PHD,SINGLE,AUTO,1
CUST-005602,29,71856.53,11,88445.57,24,9.98,622,0.2835,0,0,RETIRED,HIGH_SCHOOL,DIVORCED,AUTO,0
CUST-005603,46,183595.27,27,7417.35,12,8.50,827,0.5805,0,0,UNEMPLOYED,BACHELORS,SINGLE,AUTO,1
CUST-005604,36,49045.14,4,75608.19,24,18.63,621,0.2157,3,0,RETIRED,HIGH_SCHOOL,MARRIED,BUSINESS,0
CUST-005605,24,190636.97,6,17657.97,12,17.78,666,0.1471,1,3,UNEMPLOYED,HIGH_SCHOOL,SINGLE,HOME,1
CUST-005606,37,92898.18,19,87871.88,48,5.91,306,0.4882,3,0,UNEMPLOYED,PHD,MARRIED,EDUCATION,0
CUST-005607,32,80057.85,14,86352.10,24,18.00,373,0.3153,3,2,RETIRED,BACHELORS,MARRIED,EDUCATION,1
CUST-005608,64,103094.95,16,17781.29,24,24.48,787,0.6623,3,0,SALARIED,BACHELORS,DIVORCED,BUSINESS,0
CUST-005609,35,110983.21,3,56658.16,36,7.09,619,0.5577,6,0,SELF_EMPLOYED,BACHELORS,MARRIED,PERSONAL,0
CUST-005610,49,52669.37,3,78346.39,12,12.17,562,0.4937,6,0,SALARIED,BACHELORS,DIVORCED,AUTO,1
CUST-005611,47,145285.86,2,76373.77,60,19.43,453,0.0643,2,0,SALARIED,HIGH_SCHOOL,DIVORCED,EDUCATION,0
CUST-005612,24,135825.21,6,27212.49,36,14.99,420,0.5782,6,0,RETIRED,BACHELORS,SINGLE,HOME,0
CUST-005613,47,189295.66,27,19337.08,12,14.91,435,0.1606,0,0,UNEMPLOYED,BACHELORS,MARRIED,HOME,1
CUST-005614,21,131169.75,2,21833.22,36,13.77,351,0.1256,2,0,SALARIED,MASTERS,MARRIED,PERSONAL,1
CUST-005615,30,131289.87,12,16137.16,24,13.40,633,0.4616,1,0,RETIRED,HIGH_SCHOOL,MARRIED,EDUCATION,0
CUST-005616,44,47938.86,8,3194.68,36,6.47,701,0.1254,4,0,SALARIED,MASTERS,DIVORCED,PERSONAL,0
CUST-005617,48,93138.99,30,17949.19,48,22.44,621,0.2973,5,0,SELF_EMPLOYED,MASTERS,MARRIED,BUSINESS,0
CUST-005618,21,75380.56,3,41661.24,60,12.87,819,0.0659,4,0,SELF_EMPLOYED,BACHELORS,SINGLE,PERSONAL,1
CUST-005619,70,154098.17,22,16100.06,48,14.56,717,0.3226,1,0,SALARIED,BACHELORS,DIVORCED,BUSINESS,0
CUST-005620,34,31711.18,14,30504.44,60,17.99,786,0.6670,3,0,SELF_EMPLOYED,MASTERS,SINGLE,PERSONAL,1
CUST-005621,54,163921.04,12,38404.38,12,10.75,762,0.3146,0,0,SALARIED,HIGH_SCHOOL,MARRIED,EDUCATION,0
CUST-005622,47,113944.77,7,39453.07,36,5.06,354,0.5232,4,0,SALARIED,BACHELORS,SINGLE,HOME,0
CUST-005623,35,27836.12,17,87100.25,24,7.59,649,0.6687,6,0,RETIRED,HIGH_SCHOOL,MARRIED,EDUCATION,1
CUST-005624,37,?,19,4226.12,60,7.36,685,0.2658,0,0,SELF_EMPLOYED,BACHELORS,MARRIED,PERSONAL,0
CUST-005625,67,166938.09,22,29995.45,12,18.60,781,0.6436,5,0,UNEMPLOYED,PHD,SINGLE,HOME,0
CUST-005626,43,19424.95,0,13067.83,48,9.41,734,0.6058,4,0,SALARIED,PHD,MARRIED,HOME,0
CUST-005627,39,45396.76,12,19416.44,24,18.97,492,0.3932,1,0,UNEMPLOYED,HIGH_SCHOOL,DIVORCED,EDUCATION,1
CUST-005628,66,165956.58,3,52140.07,60,15.65,625,0.1191,0,3,SELF_EMPLOYED,HIGH_SCHOOL,MARRIED,BUSINESS,1
CUST-005629,23,71852.36,5,20243.44,60,7.50,789,0.5827,0,0,UNEMPLOYED,PHD,MARRIED,PERSONAL,0
CUST-005630,31,166111.56,13,81196.23,24,16.46,584,0.4279,3,0,SELF_EMPLOYED,HIGH_SCHOOL,SINGLE,PERSONAL,1
CUST-005631,34,84985.20,8,68650.30,48,12.92,478,0.0691,2,0,RETIRED,BACHELORS,DIVORCED,AUTO,0
CUST-005632,34,166645.73,16,70105.36,12,11.78,584,0.5611,5,0,SELF_EMPLOYED,PHD,MARRIED,PERSONAL,1
CUST-005633,55,37152.87,23,18077.02,60,20.85,345,0.0533,4,0,SALARIED,PHD,MARRIED,AUTO,0
CUST-005634,61,49326.87,?,85484.07,24,17.56,335,0.4418,0,0,SALARIED,HIGH_SCHOOL,MARRIED,PERSONAL,0
CUST-005635,21,28540.27,3,35332.42,60,13.57,356,0.3984,5,0,RETIRED,MASTERS,SINGLE,BUSINESS,1
CUST-005636,65,31307.52,9,50740.45,12,23.69,680,0.5263,0,0,SELF_EMPLOYED,HIGH_SCHOOL,MARRIED,PERSONAL,0
CUST-005637,42,87547.49,14,4232.62,60,11.33,833,0.6697,3,0,SALARIED,MASTERS,MARRIED,PERSONAL,0
CUST-005638,39,127354.44,?,33390.87,48,6.05,557,0.5188,2,0,SALARIED,HIGH_SCHOOL,DIVORCED,AUTO,1
CUST-005639,49,90162.99,9,86806.94,12,5.78,345,0.1500,2,0,SELF_EMPLOYED,PHD,DIVORCED,PERSONAL,1
CUST-005640,29,43727.06,11,83487.82,60,22.19,473,0.5095,2,0,UNEMPLOYED,BACHELORS,DIVORCED,EDUCATION,1
CUST-005641,37,187047.09,19,19159.20,36,9.88,569,0.4393,0,0,UNEMPLOYED,PHD,DIVORCED,HOME,0
CUST-005642,36,61347.55,18,45478.27,36,13.49,483,0.6463,0,0,SALARIED,BACHELORS,DIVORCED,PERSONAL,1
CUST-005643,68,145583.21,23,6561.77,36,13.92,426,0.4159,5,0,SALARIED,MASTERS,DIVORCED,PERSONAL,1
CUST-005644,26,67526.86,8,20343.11,36,10.92,311,0.5103,0,2,UNEMPLOYED,PHD,MARRIED,AUTO,1
CUST-005645,60,80956.13,30,26249.01,60,23.21,332,0.0523,6,0,SELF_EMPLOYED,HIGH_SCHOOL,DIVORCED,HOME,0
CUST-005646,34,103773.01,1,83230.13,60,16.37,802,0.1732,4,2,RETIRED,MASTERS,DIVORCED,HOME,1
CUST-005647,57,110371.27,21,56009.02,36,6.77,?,0.6619,1,0,SELF_EMPLOYED,PHD,MARRIED,HOME,1
CUST-005648,28,119115.26,6,83563.07,60,10.27,784,0.6378,4,0,SELF_EMPLOYED,BACHELORS,MARRIED,AUTO,1
CUST-005649,24,185997.12,6,71393.02,48,24.43,638,0.6915,1,0,SELF_EMPLOYED,PHD,DIVORCED,BUSINESS,1
CUST-005650,68,100826.58,34,11462.09,48,10.38,336,0.4440,2,0,RETIRED,BACHELORS,MARRIED,AUTO,1
CUST-005651,62,110968.15,13,37809.40,60,8.17,351,0.1157,6,0,UNEMPLOYED,BACHELORS,MARRIED,HOME,0
CUST-005652,46,172752.69,13,68216.05,12,22.09,494,0.5483,6,0,RETIRED,BACHELORS,SINGLE,AUTO,1
CUST-005653,67,129341.48,13,22623.13,60,9.85,707,0.2082,3,0,RETIRED,HIGH_SCHOOL,DIVORCED,HOME,0
CUST-005654,52,184567.51,26,38418.14,36,10.11,347,0.2641,1,0,UNEMPLOYED,MASTERS,MARRIED,PERSONAL,1
CUST-005655,53,42898.57,10,37834.47,12,11.99,337,0.4810,2,0,SALARIED,BACHELORS,SINGLE,EDUCATION,1
CUST-005656,58,61647.62,28,81473.23,24,20.82,564,0.5841,6,0,SELF_EMPLOYED,BACHELORS,DIVORCED,EDUCATION,1
CUST-005657,44,192192.98,26,35736.10,60,9.23,630,0.6526,4,0,RETIRED,HIGH_SCHOOL,SINGLE,EDUCATION,1
CUST-005658,21,131966.17,3,10037.27,24,6.02,465,0.3603,1,0,UNEMPLOYED,MASTERS,DIVORCED,HOME,0
CUST-005659,42,?,23,78966.31,60,21.79,625,0.4078,6,0,SALARIED,MASTERS,DIVORCED,PERSONAL,0
CUST-005660,25,193347.27,7,67921.97,24,24.44,460,0.6544,1,0,SALARIED,BACHELORS,SINGLE,PERSONAL,0
CUST-005661,63,86662.96,20,27356.07,60,20.80,430,0.0720,3,0,RETIRED,PHD,MARRIED,BUSINESS,0
CUST-005662,65,133925.74,24,54738.75,60,7.79,656,0.3168,3,0,SELF_EMPLOYED,BACHELORS,MARRIED,EDUCATION,0
CUST-005663,24,56968.01,5,25581.48,48,15.90,561,0.1920,0,0,SALARIED,BACHELORS,SINGLE,EDUCATION,0
CUST-005664,22,182554.89,4,31940.42,24,7.42,737,0.1652,4,0,UNEMPLOYED,HIGH_SCHOOL,MARRIED,PERSONAL,0
CUST-005665,39,122610.97,17,17761.91,24,23.05,806,0.3560,5,0,SELF_EMPLOYED,MASTERS,SINGLE,HOME,0
CUST-005666,45,187260.07,22,26350.40,12,13.33,395,0.4542,1,3,RETIRED,BACHELORS,DIVORCED,PERSONAL,1
CUST-005667,61,132623.73,25,39215.74,36,21.76,386,0.6090,1,0,UNEMPLOYED,HIGH_SCHOOL,MARRIED,AUTO,1
CUST-005668,48,92143.60,22,29355.71,36,12.24,638,0.3530,1,0,SELF_EMPLOYED,MASTERS,MARRIED,BUSINESS,0
CUST-005669,21,127207.25,3,18460.61,24,8.79,306,0.3865,4,0,UNEMPLOYED,HIGH_SCHOOL,SINGLE,PERSONAL,1
CUST-005670,67,140249.23,?,85369.74,48,9.89,577,0.0803,5,0,SALARIED,PHD,SINGLE,AUTO,0
CUST-005671,43,189087.41,19,27941.62,60,7.62,635,0.1470,2,0,SELF_EMPLOYED,BACHELORS,DIVORCED,BUSINESS,0
CUST-005672,66,37988.47,30,26051.60,48,7.01,624,0.6567,1,3,RETIRED,HIGH_SCHOOL,MARRIED,AUTO,1
CUST-005673,34,69034.81,16,31043.18,48,23.93,407,0.1284,6,0,RETIRED,HIGH_SCHOOL,MARRIED,AUTO,0
CUST-005674,58,96266.98,3,53697.89,48,24.87,582,0.0844,0,0,SELF_EMPLOYED,PHD,DIVORCED,PERSONAL,1
CUST-005675,69,182090.61,34,47475.72,36,19.00,808,0.4012,1,0,UNEMPLOYED,MASTERS,SINGLE,HOME,1
CUST-005676,38,67886.25,2,46238.76,36,21.63,796,0.0901,2,0,SALARIED,BACHELORS,SINGLE,AUTO,0
CUST-005677,29,90494.39,4,82563.18,48,14.10,577,0.4459,5,0,SALARIED,HIGH_SCHOOL,SINGLE,BUSINESS,1
CUST-005678,48,130652.18,30,87910.27,24,23.33,343,0.3660,3,0,UNEMPLOYED,HIGH_SCHOOL,MARRIED,PERSONAL,0
CUST-005679,68,98240.45,20,72831.68,48,24.20,737,0.1900,2,0,SALARIED,PHD,SINGLE,EDUCATION,1
CUST-005680,60,118769.03,5,22314.69,12,6.90,443,0.6845,1,0,RETIRED,PHD,MARRIED,HOME,0
CUST-005681,31,175116.90,13,50693.45,12,19.58,464,0.2226,3,0,SELF_EMPLOYED,MASTERS,DIVORCED,EDUCATION,1
CUST-005682,65,197946.25,29,8513.19,36,20.08,620,0.4220,4,0,SALARIED,BACHELORS,MARRIED,EDUCATION,1
CUST-005683,57,110961.61,19,40495.16,60,18.21,731,0.0850,4,0,SELF_EMPLOYED,PHD,SINGLE,HOME,0
CUST-005684,63,56682.70,23,47386.77,48,13.36,567,0.5356,0,3,SALARIED,PHD,DIVORCED,EDUCATION,1
CUST-005685,67,111232.32,11,36480.57,24,10.49,805,0.2514,1,0,UNEMPLOYED,HIGH_SCHOOL,DIVORCED,BUSINESS,0
CUST-005686,67,52094.67,25,46761.88,36,14.56,405,0.2631,3,0,UNEMPLOYED,PHD,DIVORCED,BUSINESS,1
CUST-005687,23,138455.25,5,20531.90,48,18.94,625,0.1791,2,0,RETIRED,HIGH_SCHOOL,SINGLE,AUTO,1
CUST-005688,34,110929.80,16,72147.37,48,9.88,782,0.3267,5,0,RETIRED,PHD,DIVORCED,AUTO,0
CUST-005689,52,139193.85,6,52924.20,60,18.01,475,0.0965,1,1,SALARIED,MASTERS,SINGLE,EDUCATION,1
CUST-005690,67,127667.19,1,35562.72,24,5.53,450,0.0963,3,0,SALARIED,BACHELORS,MARRIED,HOME,0
CUST-005691,70,142036.62,17,34290.48,24,10.10,825,0.5717,3,2,SELF_EMPLOYED,PHD,SINGLE,EDUCATION,1
CUST-005692,42,151167.06,1,11187.46,12,24.73,653,0.6650,3,0,UNEMPLOYED,BACHELORS,DIVORCED,HOME,0
CUST-005693,44,55513.24,26,33726.16,60,7.01,817,0.1832,0,0,SELF_EMPLOYED,HIGH_SCHOOL,SINGLE,AUTO,1
CUST-005694,54,96382.11,23,6806.06,48,23.32,422,0.4107,2,1,RETIRED,BACHELORS,SINGLE,HOME,0
CUST-005695,24,?,6,47474.89,36,11.63,465,0.4943,6,0,RETIRED,HIGH_SCHOOL,MARRIED,EDUCATION,0
CUST-005696,46,69201.07,1,21066.67,12,17.09,530,0.6155,5,0,RETIRED,MASTERS,MARRIED,AUTO,0
CUST-005697,22,136000.29,1,37422.81,12,13.64,695,0.6641,3,3,UNEMPLOYED,PHD,DIVORCED,BUSINESS,0
CUST-005698,58,79910.17,19,81972.93,60,11.59,369,0.4431,4,1,SELF_EMPLOYED,HIGH_SCHOOL,DIVORCED,PERSONAL,1
CUST-005699,26,135268.35,4,59685.75,12,16.23,633,0.4436,0,0,UNEMPLOYED,BACHELORS,MARRIED,HOME,0
CUST-005700,30,98009.97,0,15332.24,36,7.03,502,0.4610,2,0,SELF_EMPLOYED,HIGH_SCHOOL,MARRIED,EDUCATION,0
CUST-005701,68,69229.46,1,62672.65,24,19.56,617,0.3409,6,0,SELF_EMPLOYED,MASTERS,DIVORCED,AUTO,0
CUST-005702,45,170776.61,27,38203.41,24,11.03,617,0.6700,0,0,SALARIED,MASTERS,DIVORCED,HOME,0
CUST-005703,57,43363.92,32,6237.73,48,23.44,?,0.5614,2,0,RETIRED,PHD,SINGLE,EDUCATION,1
CUST-005704,64,196220.47,16,25102.67,48,19.50,735,0.1125,0,3,SALARIED,HIGH_SCHOOL,SINGLE,AUTO,1
CUST-005705,37,190125.28,19,87368.75,12,6.66,691,0.4455,0,0,RETIRED,PHD,DIVORCED,AUTO,0
CUST-005706,50,184453.47,29,58215.98,24,5.43,817,0.3564,3,0,UNEMPLOYED,PHD,DIVORCED,BUSINESS,0
CUST-005707,43,191209.32,25,83232.18,24,17.46,642,0.1847,6,0,SELF_EMPLOYED,HIGH_SCHOOL,MARRIED,HOME,0
CUST-005708,23,150497.60,4,71130.47,12,6.02,580,0.4526,6,0,RETIRED,BACHELORS,SINGLE,AUTO,0
CUST-005709,68,80459.83,?,34276.24,12,11.96,677,0.5748,5,0,UNEMPLOYED,PHD,DIVORCED,HOME,1
CUST-005710,59,156259.72,3,82930.24,12,8.55,556,0.1550,6,0,UNEMPLOYED,PHD,DIVORCED,AUTO,0
CUST-005711,64,187412.63,15,63383.42,24,11.90,532,0.2013,0,0,UNEMPLOYED,HIGH_SCHOOL,MARRIED,BUSINESS,0
CUST-005712,34,60155.08,5,36179.70,12,22.58,706,0.5135,2,1,UNEMPLOYED,BACHELORS,SINGLE,BUSINESS,1
CUST-005713,28,105000.35,10,35214.85,24,12.93,514,0.1043,1,0,SELF_EMPLOYED,HIGH_SCHOOL,DIVORCED,BUSINESS,0
CUST-005714,23,43030.97,5,73118.44,60,5.36,662,0.1393,2,0,RETIRED,MASTERS,MARRIED,EDUCATION,0
CUST-005715,30,142804.43,4,65863.52,36,11.44,715,0.1622,3,0,SELF_EMPLOYED,BACHELORS,MARRIED,EDUCATION,0
CUST-005716,41,178472.30,14,82503.18,60,24.61,524,0.3071,0,0,RETIRED,PHD,MARRIED,EDUCATION,1
CUST-005717,33,197113.42,15,6670.24,36,16.13,489,0.2422,0,0,SELF_EMPLOYED,MASTERS,SINGLE,PERSONAL,0
CUST-005718,69,?,1,87230.75,12,22.01,636,0.3519,6,3,SELF_EMPLOYED,BACHELORS,MARRIED,PERSONAL,1
CUST-005719,66,20853.13,30,34228.92,36,6.07,364,0.3061,3,0,SELF_EMPLOYED,PHD,MARRIED,EDUCATION,0
CUST-005720,55,122944.01,25,39822.57,24,20.61,300,0.1320,5,0,SELF_EMPLOYED,HIGH_SCHOOL,MARRIED,AUTO,1
CUST-005721,51,143605.50,18,55255.90,12,8.24,537,0.2708,6,3,SALARIED,BACHELORS,MARRIED,HOME,0
CUST-005722,64,63126.67,8,82976.50,12,12.43,776,0.1790,3,0,SELF_EMPLOYED,PHD,MARRIED,EDUCATION,1
CUST-005723,41,100144.71,11,50943.91,60,18.28,435,0.3576,5,0,RETIRED,PHD,SINGLE,HOME,0
CUST-005724,39,73321.03,11,45308.31,60,24.06,422,0.5761,0,0,SALARIED,BACHELORS,SINGLE,PERSONAL,1
CUST-005725,48,101587.64,19,3878.60,36,6.39,465,0.4268,6,0,UNEMPLOYED,HIGH_SCHOOL,SINGLE,PERSONAL,0
CUST-005726,57,142027.83,20,62828.60,48,21.44,838,0.6368,6,0,SELF_EMPLOYED,MASTERS,SINGLE,BUSINESS,0
CUST-005727,68,173189.48,10,53998.13,36,14.75,611,0.6201,0,0,UNEMPLOYED,PHD,SINGLE,HOME,1
CUST-005728,69,133181.77,0,13520.51,12,22.50,705,0.3784,6,0,UNEMPLOYED,HIGH_SCHOOL,MARRIED,HOME,0
CUST-005729,48,108206.60,23,76056.28,12,24.29,576,0.2101,0,0,SELF_EMPLOYED,PHD,DIVORCED,HOME,1
CUST-005730,63,?,23,36639.18,24,6.92,369,0.6743,4,0,SALARIED,BACHELORS,DIVORCED,PERSONAL,1
CUST-005731,55,61365.37,26,28986.81,36,11.52,?,0.1175,3,0,RETIRED,BACHELORS,MARRIED,HOME,0
CUST-005732,24,154751.88,6,56259.83,48,21.31,569,0.4812,6,0,RETIRED,HIGH_SCHOOL,MARRIED,HOME,1
CUST-005733,33,84232.55,15,24140.28,12,11.27,622,0.1530,4,0,RETIRED,HIGH_SCHOOL,MARRIED,AUTO,0
CUST-005734,56,189199.51,33,80344.29,36,22.31,336,0.3889,3,0,UNEMPLOYED,BACHELORS,SINGLE,HOME,0
CUST-005735,47,56529.60,13,12984.06,48,7.65,691,0.3770,6,0,RETIRED,BACHELORS,MARRIED,BUSINESS,0
CUST-005736,38,143116.65,20,66444.08,60,12.26,420,0.6012,1,0,SELF_EMPLOYED,BACHELORS,SINGLE,PERSONAL,0
CUST-005737,67,71885.97,12,22681.11,48,7.74,326,0.4704,1,0,SALARIED,BACHELORS,SINGLE,AUTO,1
CUST-005738,69,182258.17,26,41907.79,60,5.19,738,0.2802,5,0,SALARIED,PHD,SINGLE,AUTO,0
CUST-005739,43,113689.99,18,68973.19,48,12.03,399,0.6967,1,0,RETIRED,BACHELORS,DIVORCED,PERSONAL,1
CUST-005740,53,196212.53,9,89984.14,24,22.51,576,0.2095,6,2,SALARIED,PHD,SINGLE,PERSONAL,1
CUST-005741,48,?,6,86910.34,48,5.16,765,0.6487,6,0,SALARIED,PHD,MARRIED,HOME,1
CUST-005742,33,100664.52,4,25133.14,48,13.51,570,0.1673,4,0,SALARIED,BACHELORS,SINGLE,EDUCATION,0
CUST-005743,29,168421.73,11,11918.45,24,12.53,565,0.4415,4,3,SELF_EMPLOYED,PHD,DIVORCED,AUTO,1
CUST-005744,54,101551.01,26,8826.95,12,23.57,691,0.4763,1,0,SALARIED,PHD,DIVORCED,HOME,1
CUST-005745,21,125145.06,3,63962.28,12,18.89,421,0.2583,0,0,SELF_EMPLOYED,MASTERS,MARRIED,BUSINESS,1
CUST-005746,26,101401.60,6,79848.72,60,22.96,406,0.1907,0,3,SELF_EMPLOYED,PHD,DIVORCED,HOME,1
CUST-005747,38,136482.15,12,14902.29,48,10.52,338,0.0632,5,0,UNEMPLOYED,BACHELORS,DIVORCED,AUTO,1
CUST-005748,37,160551.72,19,18088.23,12,11.00,814,0.5525,2,0,SALARIED,HIGH_SCHOOL,SINGLE,BUSINESS,0
CUST-005749,27,28482.45,9,30338.62,48,17.08,324,0.2895,3,0,UNEMPLOYED,HIGH_SCHOOL,MARRIED,AUTO,0
CUST-005750,69,89214.71,30,55270.98,36,17.25,461,0.1384,4,0,RETIRED,PHD,MARRIED,PERSONAL,1
CUST-005751,35,100390.18,17,6619.72,48,8.37,655,0.2665,6,1,SELF_EMPLOYED,MASTERS,SINGLE,EDUCATION,1
CUST-005752,59,51798.43,31,73373.10,12,5.12,650,0.4945,4,3,RETIRED,PHD,SINGLE,EDUCATION,1
CUST-005753,36,171322.00,2,43912.20,24,21.68,411,0.6814,0,3,RETIRED,HIGH_SCHOOL,SINGLE,PERSONAL,1
CUST-005754,70,97722.53,20,65586.67,48,20.87,702,0.2708,4,0,RETIRED,BACHELORS,MARRIED,BUSINESS,1
CUST-005755,68,178982.73,31,58308.15,60,18.42,823,0.5984,0,0,UNEMPLOYED,BACHELORS,SINGLE,BUSINESS,1
CUST-005756,48,159441.09,27,3420.98,48,19.73,783,0.1127,2,0,SALARIED,MASTERS,SINGLE,BUSINESS,0
CUST-005757,68,100107.54,9,49254.59,48,7.84,825,0.6915,1,2,RETIRED,MASTERS,MARRIED,EDUCATION,1
CUST-005758,55,88430.92,8,89003.83,24,16.04,392,0.5199,3,1,SELF_EMPLOYED,HIGH_SCHOOL,DIVORCED,BUSINESS,1
CUST-005759,68,162876.77,9,62980.57,48,14.70,743,0.5972,1,0,UNEMPLOYED,BACHELORS,MARRIED,EDUCATION,0
CUST-005760,49,142943.51,4,81430.36,24,11.30,438,0.3303,2,2,RETIRED,HIGH_SCHOOL,SINGLE,HOME,1
CUST-005761,70,166065.68,24,87596.99,36,15.11,762,0.2612,0,0,RETIRED,MASTERS,SINGLE,PERSONAL,0
CUST-005762,21,98010.22,?,4471.36,36,21.63,336,0.5729,0,0,SALARIED,PHD,SINGLE,AUTO,0
CUST-005763,26,57697.68,1,5565.45,24,8.97,524,0.0842,5,2,SELF_EMPLOYED,PHD,SINGLE,AUTO,1
CUST-005764,21,93843.91,0,57001.83,48,14.02,763,0.0555,4,0,SALARIED,HIGH_SCHOOL,SINGLE,PERSONAL,0
CUST-005765,68,22093.00,33,84859.18,24,12.88,754,0.4216,0,2,SELF_EMPLOYED,PHD,SINGLE,EDUCATION,1
CUST-005766,30,48621.87,2,38345.48,48,10.90,462,0.0653,5,0,SALARIED,BACHELORS,SINGLE,BUSINESS,0
CUST-005767,24,117318.24,6,8650.07,48,14.99,537,0.2249,0,0,RETIRED,MASTERS,DIVORCED,AUTO,0
CUST-005768,41,179079.69,19,9158.47,12,8.54,475,0.1493,3,0,RETIRED,HIGH_SCHOOL,MARRIED,EDUCATION,1
CUST-005769,59,53212.27,28,76557.16,36,17.16,805,0.4239,0,0,SELF_EMPLOYED,PHD,DIVORCED,BUSINESS,0
CUST-005770,22,188215.41,4,37337.84,36,18.54,570,0.6574,2,0,SELF_EMPLOYED,HIGH_SCHOOL,SINGLE,BUSINESS,1
CUST-005771,52,195824.52,30,39694.22,12,7.10,704,0.2279,6,0,UNEMPLOYED,MASTERS,DIVORCED,BUSINESS,0
CUST-005772,25,129806.35,2,4567.49,48,11.76,365,0.1730,1,0,UNEMPLOYED,BACHELORS,SINGLE,HOME,0
CUST-005773,44,41155.21,26,44722.59,36,22.50,722,0.3994,5,0,SALARIED,MASTERS,DIVORCED,HOME,1
CUST-005774,69,195063.53,7,7987.78,48,23.50,432,0.5037,5,3,RETIRED,MASTERS,SINGLE,EDUCATION,1
CUST-005775,67,70468.79,29,18482.24,24,5.69,325,0.4664,1,0,UNEMPLOYED,MASTERS,MARRIED,PERSONAL,0
CUST-005776,69,108523.58,6,56263.18,48,14.35,747,0.6617,1,2,SALARIED,HIGH_SCHOOL,DIVORCED,EDUCATION,1
CUST-005777,70,22416.72,12,36605.84,12,10.29,441,0.2133,2,0,SALARIED,BACHELORS,DIVORCED,HOME,0
CUST-005778,50,192014.41,16,30229.74,60,16.55,598,0.5612,3,0,RETIRED,PHD,DIVORCED,HOME,0
CUST-005779,26,85797.80,8,33467.31,24,13.62,648,0.1627,2,0,RETIRED,MASTERS,MARRIED,BUSINESS,0
CUST-005780,54,74226.71,28,54647.46,24,11.94,369,0.3402,2,0,SELF_EMPLOYED,PHD,DIVORCED,EDUCATION,1
CUST-005781,39,72061.02,3,89959.74,36,18.18,496,0.4187,5,0,RETIRED,MASTERS,MARRIED,HOME,1
CUST-005782,45,73067.58,5,31358.82,12,10.60,355,0.5378,6,0,SALARIED,BACHELORS,SINGLE,AUTO,0
CUST-005783,56,118254.81,5,83256.43,36,5.37,403,0.0787,4,0,SALARIED,PHD,SINGLE,PERSONAL,0
CUST-005784,24,108330.39,6,80400.69,12,21.55,561,0.5787,4,0,UNEMPLOYED,HIGH_SCHOOL,MARRIED,EDUCATION,0
CUST-005785,47,121160.70,21,29120.01,36,8.20,830,0.1523,0,0,RETIRED,PHD,MARRIED,PERSONAL,0
CUST-005786,70,144067.44,25,49030.51,12,8.20,696,0.4862,2,0,SALARIED,HIGH_SCHOOL,SINGLE,PERSONAL,0
CUST-005787,58,54551.36,29,76546.73,12,20.47,662,0.3229,0,0,SALARIED,HIGH_SCHOOL,MARRIED,AUTO,0
CUST-005788,47,172353.27,28,88678.61,12,19.71,801,0.0903,1,0,SELF_EMPLOYED,PHD,DIVORCED,HOME,1
CUST-005789,30,68645.27,12,18561.98,36,15.21,806,0.2231,0,0,SELF_EMPLOYED,MASTERS,SINGLE,PERSONAL,0
CUST-005790,69,20109.42,13,33859.27,48,21.74,504,0.0891,2,0,RETIRED,PHD,SINGLE,BUSINESS,0
CUST-005791,54,97222.90,12,71349.50,48,6.49,813,0.4322,3,0,RETIRED,BACHELORS,DIVORCED,BUSINESS,0
CUST-005792,66,49896.85,4,76950.11,60,21.64,614,0.2509,2,0,UNEMPLOYED,BACHELORS,MARRIED,BUSINESS,1
CUST-005793,66,182188.78,9,44770.69,24,6.11,565,0.6342,2,0,SALARIED,MASTERS,SINGLE,AUTO,1
CUST-005794,49,159243.43,25,40050.61,24,11.90,537,0.1268,5,0,RETIRED,PHD,DIVORCED,HOME,1
CUST-005795,32,156348.94,?,4187.37,36,21.12,505,0.5905,3,0,RETIRED,BACHELORS,MARRIED,EDUCATION,1
CUST-005796,51,132833.51,12,42221.37,36,20.73,444,0.4917,1,0,RETIRED,PHD,DIVORCED,PERSONAL,1
CUST-005797,59,42729.01,?,88627.26,12,10.51,548,0.2246,4,1,UNEMPLOYED,BACHELORS,SINGLE,BUSINESS,1
CUST-005798,57,181647.48,10,76622.18,12,6.39,360,0.1013,1,0,RETIRED,PHD,DIVORCED,HOME,0
CUST-005799,63,52789.54,29,14669.22,48,9.94,665,0.6563,1,0,SELF_EMPLOYED,PHD,DIVORCED,AUTO,1
CUST-005800,70,69121.44,22,31944.53,60,8.48,500,0.2969,1,0,SALARIED,BACHELORS,SINGLE,EDUCATION,0
CUST-005801,22,73175.50,1,52765.91,36,19.68,699,0.3553,5,0,SALARIED,BACHELORS,DIVORCED,EDUCATION,1
CUST-005802,28,85981.70,9,82098.94,12,17.29,838,0.6220,6,0,RETIRED,BACHELORS,DIVORCED,PERSONAL,0
CUST-005803,64,191332.85,22,22554.07,24,23.70,718,0.1661,1,0,SALARIED,MASTERS,DIVORCED,PERSONAL,0
CUST-005804,38,127218.15,20,31003.70,36,15.58,655,0.1455,0,0,UNEMPLOYED,MASTERS,SINGLE,EDUCATION,1
CUST-005805,45,77910.05,12,89536.59,60,19.54,800,0.5577,4,0,SELF_EMPLOYED,MASTERS,SINGLE,BUSINESS,1
CUST-005806,41,176670.92,16,81852.36,12,22.04,346,0.1002,4,0,SALARIED,PHD,DIVORCED,HOME,0
CUST-005807,41,125277.37,23,60731.43,60,20.03,474,0.1762,6,0,RETIRED,PHD,DIVORCED,PERSONAL,0
CUST-005808,42,56003.47,14,79418.70,48,9.30,306,0.0781,6,0,SELF_EMPLOYED,PHD,MARRIED,BUSINESS,0
CUST-005809,44,33543.76,26,87544.76,60,22.93,603,0.2508,4,0,RETIRED,PHD,SINGLE,PERSONAL,0
CUST-005810,59,69709.39,7,17029.27,60,15.20,377,0.2174,3,3,RETIRED,HIGH_SCHOOL,DIVORCED,EDUCATION,1
CUST-005811,68,147284.28,32,56789.35,48,9.75,490,0.3278,2,3,SALARIED,BACHELORS,DIVORCED,AUTO,0
CUST-005812,43,77920.47,23,38408.21,36,7.17,604,0.2998,4,0,RETIRED,PHD,DIVORCED,EDUCATION,0
CUST-005813,56,91882.88,31,15994.85,24,24.98,617,0.2438,1,0,SELF_EMPLOYED,PHD,DIVORCED,BUSINESS,1
CUST-005814,30,176302.79,7,32495.34,60,7.39,528,0.1581,1,0,UNEMPLOYED,MASTERS,MARRIED,EDUCATION,0
CUST-005815,55,103973.63,18,36217.35,48,13.12,441,0.5618,4,0,SELF_EMPLOYED,PHD,MARRIED,AUTO,1
CUST-005816,24,95591.76,4,12392.66,48,9.04,385,0.5313,1,0,RETIRED,BACHELORS,MARRIED,AUTO,0
CUST-005817,49,74989.76,3,80062.38,48,15.85,585,0.3458,5,0,RETIRED,PHD,SINGLE,BUSINESS,0
CUST-005818,46,48104.54,28,54386.58,12,13.49,479,0.2102,4,2,SALARIED,PHD,DIVORCED,HOME,1
CUST-005819,29,123457.60,11,26613.53,60,10.68,379,0.5166,5,0,RETIRED,MASTERS,MARRIED,AUTO,1
CUST-005820,55,86687.59,31,70735.57,36,10.85,757,0.5824,2,0,RETIRED,MASTERS,DIVORCED,BUSINESS,0
CUST-005821,50,66858.06,28,69384.58,36,24.33,527,0.5150,5,0,RETIRED,MASTERS,MARRIED,EDUCATION,1
CUST-005822,21,111861.88,3,87557.30,48,18.32,395,0.2204,6,1,UNEMPLOYED,BACHELORS,DIVORCED,BUSINESS,1
CUST-005823,25,40981.22,?,73277.44,24,20.52,515,0.1623,4,2,SELF_EMPLOYED,HIGH_SCHOOL,SINGLE,HOME,1
CUST-005824,63,177126.04,14,31322.35,24,7.96,554,0.3383,4,0,UNEMPLOYED,PHD,DIVORCED,PERSONAL,1
CUST-005825,25,66284.98,7,41049.80,12,9.97,434,0.2246,2,0,SALARIED,BACHELORS,DIVORCED,EDUCATION,0
CUST-005826,55,27903.33,12,53463.13,12,19.03,467,0.1664,4,0,UNEMPLOYED,BACHELORS,DIVORCED,PERSONAL,1
CUST-005827,27,?,8,56886.74,24,18.80,615,0.5073,0,0,SELF_EMPLOYED,PHD,DIVORCED,HOME,1
CUST-005828,41,159358.33,21,56829.97,36,16.46,589,0.4844,1,0,UNEMPLOYED,PHD,DIVORCED,PERSONAL,0
CUST-005829,45,98372.73,25,61175.00,60,12.90,341,0.5288,5,0,SELF_EMPLOYED,BACHELORS,SINGLE,EDUCATION,0
CUST-005830,48,31114.88,14,15574.76,36,23.96,575,0.3557,5,0,SELF_EMPLOYED,HIGH_SCHOOL,SINGLE,BUSINESS,0
CUST-005831,34,199786.34,16,30155.47,24,11.83,816,0.1745,2,2,UNEMPLOYED,BACHELORS,DIVORCED,AUTO,0
CUST-005832,58,169822.49,33,69426.62,60,20.79,421,0.5359,3,0,RETIRED,PHD,MARRIED,PERSONAL,0
CUST-005833,41,27195.39,23,20711.99,60,21.06,542,0.3917,5,0,SELF_EMPLOYED,PHD,SINGLE,HOME,1
CUST-005834,59,196903.28,15,59848.07,12,7.01,353,0.0935,0,0,SELF_EMPLOYED,HIGH_SCHOOL,SINGLE,BUSINESS,0
CUST-005835,42,73554.55,24,63852.97,60,5.49,608,0.1870,4,0,RETIRED,BACHELORS,DIVORCED,BUSINESS,0
CUST-005836,25,97187.64,7,81504.14,60,16.26,625,0.1822,0,3,SALARIED,BACHELORS,MARRIED,HOME,1
CUST-005837,39,50993.43,?,63359.28,60,19.85,341,0.4088,2,0,SELF_EMPLOYED,PHD,SINGLE,PERSONAL,0
CUST-005838,33,185875.22,15,49592.91,36,21.39,535,0.1416,5,2,SALARIED,PHD,MARRIED,AUTO,1
CUST-005839,36,127086.64,18,78176.88,24,6.36,520,0.2738,2,0,SELF_EMPLOYED,BACHELORS,DIVORCED,EDUCATION,1
CUST-005840,35,87308.27,16,58239.08,24,7.19,503,0.5583,4,0,RETIRED,HIGH_SCHOOL,SINGLE,AUTO,1
CUST-005841,34,50399.41,16,17042.37,60,20.08,438,0.3298,3,0,SELF_EMPLOYED,PHD,SINGLE,HOME,1
CUST-005842,35,85090.34,14,55686.67,36,11.94,653,0.6840,5,0,RETIRED,MASTERS,SINGLE,PERSONAL,1
CUST-005843,33,162206.26,9,59207.55,12,18.38,710,0.1282,2,0,RETIRED,MASTERS,SINGLE,HOME,1
CUST-005844,38,115802.45,20,56357.82,48,20.35,504,0.3780,1,0,SELF_EMPLOYED,BACHELORS,SINGLE,AUTO,1
CUST-005845,51,96679.34,32,80458.50,24,5.14,709,0.5770,1,0,RETIRED,MASTERS,SINGLE,AUTO,0
CUST-005846,67,85570.45,25,65436.93,60,10.97,478,0.4881,2,0,UNEMPLOYED,BACHELORS,MARRIED,AUTO,0
CUST-005847,21,69734.01,3,3793.52,60,15.95,509,0.4544,0,0,UNEMPLOYED,BACHELORS,DIVORCED,HOME,1
CUST-005848,53,25466.09,24,4517.35,12,15.26,373,0.2832,6,0,SALARIED,MASTERS,SINGLE,BUSINESS,0
CUST-005849,64,50720.25,22,83604.70,60,19.65,326,0.0586,1,2,UNEMPLOYED,BACHELORS,MARRIED,AUTO,1
CUST-005850,33,104436.82,4,80713.60,24,15.33,622,0.2915,0,0,UNEMPLOYED,MASTERS,MARRIED,PERSONAL,1
CUST-005851,55,144052.75,28,41346.01,12,12.73,824,0.3948,5,2,UNEMPLOYED,HIGH_SCHOOL,DIVORCED,EDUCATION,1
CUST-005852,61,58862.67,23,68752.35,60,5.17,427,0.5647,2,0,RETIRED,BACHELORS,DIVORCED,BUSINESS,0
CUST-005853,53,147014.21,0,18271.92,24,20.68,489,0.4133,0,0,SELF_EMPLOYED,BACHELORS,SINGLE,EDUCATION,1
CUST-005854,33,120112.52,15,18008.33,24,21.68,540,0.1342,0,0,UNEMPLOYED,MASTERS,MARRIED,BUSINESS,0
CUST-005855,24,77260.52,6,88786.62,48,12.44,596,0.1420,0,0,RETIRED,BACHELORS,SINGLE,BUSINESS,1
CUST-005856,69,66510.87,28,11384.15,60,10.43,409,0.5761,5,0,SALARIED,HIGH_SCHOOL,DIVORCED,PERSONAL,0
CUST-005857,38,119944.80,20,11956.84,24,18.09,389,0.1721,3,0,RETIRED,BACHELORS,DIVORCED,PERSONAL,0
CUST-005858,23,63954.18,5,76943.37,24,5.61,469,0.1683,1,0,RETIRED,BACHELORS,SINGLE,PERSONAL,1
CUST-005859,46,195430.57,4,62350.95,24,19.97,440,0.6631,0,0,RETIRED,HIGH_SCHOOL,DIVORCED,EDUCATION,1
CUST-005860,70,139992.45,27,56145.99,24,23.86,570,0.4675,6,0,SALARIED,PHD,SINGLE,BUSINESS,0
CUST-005861,39,170899.77,15,77405.37,48,20.23,595,0.5000,0,0,SALARIED,PHD,SINGLE,BUSINESS,1
CUST-005862,63,81636.95,7,10803.87,36,22.98,399,0.1274,3,0,UNEMPLOYED,HIGH_SCHOOL,DIVORCED,HOME,1
CUST-005863,40,156298.76,22,4610.36,12,11.78,547,0.3351,6,0,SALARIED,BACHELORS,MARRIED,HOME,0
CUST-005864,29,38162.60,11,71744.76,36,16.32,801,0.2712,0,0,RETIRED,PHD,SINGLE,EDUCATION,0
CUST-005865,53,54747.59,12,60874.16,36,8.96,327,0.5053,1,0,SALARIED,MASTERS,MARRIED,AUTO,0
CUST-005866,24,18256.46,6,14504.72,36,7.41,650,0.4307,4,0,UNEMPLOYED,HIGH_SCHOOL,SINGLE,AUTO,0
CUST-005867,33,156433.28,15,45191.54,24,15.61,390,0.0945,3,3,RETIRED,BACHELORS,SINGLE,PERSONAL,1
CUST-005868,69,92157.91,5,50214.81,60,5.10,740,0.5676,2,0,RETIRED,PHD,DIVORCED,HOME,0
CUST-005869,24,151904.33,6,65612.29,60,18.74,605,0.3700,2,0,SELF_EMPLOYED,BACHELORS,SINGLE,BUSINESS,1
CUST-005870,33,37383.45,15,27698.90,12,7.17,582,0.2443,3,0,SALARIED,HIGH_SCHOOL,SINGLE,AUTO,1
CUST-005871,22,166688.50,4,59080.65,36,11.31,342,0.4885,5,0,SALARIED,BACHELORS,SINGLE,HOME,0
CUST-005872,44,65949.51,11,71906.90,60,18.70,461,0.0760,1,0,SALARIED,BACHELORS,MARRIED,HOME,1
CUST-005873,29,167404.55,2,81592.51,24,21.32,448,0.6681,0,2,RETIRED,MASTERS,SINGLE,PERSONAL,1
CUST-005874,69,97186.74,14,66048.56,48,24.72,332,0.3332,5,0,RETIRED,PHD,DIVORCED,EDUCATION,0
CUST-005875,31,121512.52,1,12562.07,12,14.19,373,0.2948,1,0,RETIRED,PHD,SINGLE,EDUCATION,0
CUST-005876,53,172180.12,3,28608.89,24,12.44,305,0.3821,6,0,UNEMPLOYED,BACHELORS,SINGLE,HOME,0
CUST-005877,39,156243.90,16,43365.09,48,18.57,350,0.4190,4,0,SELF_EMPLOYED,MASTERS,DIVORCED,HOME,1
CUST-005878,54,125209.72,28,83036.04,12,12.03,445,0.1205,2,2,UNEMPLOYED,HIGH_SCHOOL,MARRIED,BUSINESS,0
CUST-005879,43,112193.67,2,39262.69,24,20.96,651,0.6834,6,3,SELF_EMPLOYED,MASTERS,DIVORCED,HOME,1
CUST-005880,62,81089.50,28,75629.60,36,7.13,418,0.4911,6,0,SELF_EMPLOYED,HIGH_SCHOOL,MARRIED,PERSONAL,1
CUST-005881,38,56346.70,20,69214.99,36,7.05,627,0.4790,4,0,SALARIED,HIGH_SCHOOL,MARRIED,PERSONAL,0
CUST-005882,24,73315.27,5,62619.44,36,10.91,696,0.3054,2,0,RETIRED,BACHELORS,SINGLE,PERSONAL,0
CUST-005883,51,152100.19,18,37460.69,60,23.48,614,0.5401,5,0,SELF_EMPLOYED,PHD,SINGLE,PERSONAL,1
CUST-005884,23,143944.43,5,50207.35,60,6.88,829,0.4269,0,0,SALARIED,PHD,MARRIED,AUTO,0
CUST-005885,59,26183.17,16,7475.44,36,7.48,451,0.4242,4,0,RETIRED,BACHELORS,MARRIED,EDUCATION,1
CUST-005886,21,185183.83,3,8500.65,36,18.30,739,0.5878,6,0,SALARIED,PHD,DIVORCED,BUSINESS,1
CUST-005887,66,170600.79,19,47736.27,48,17.35,555,0.1189,3,0,SALARIED,BACHELORS,SINGLE,BUSINESS,0
CUST-005888,56,102448.97,6,58845.09,12,18.53,784,0.0847,1,0,UNEMPLOYED,HIGH_SCHOOL,MARRIED,AUTO,0
CUST-005889,58,152936.06,25,83990.53,12,24.80,758,0.4864,1,0,SELF_EMPLOYED,HIGH_SCHOOL,MARRIED,PERSONAL,0
CUST-005890,62,198209.57,33,18826.65,12,15.94,456,0.5769,2,0,RETIRED,PHD,MARRIED,PERSONAL,1
CUST-005891,44,36048.89,18,8365.95,12,18.04,798,0.1211,2,0,RETIRED,BACHELORS,SINGLE,AUTO,0
CUST-005892,56,79880.12,11,43070.21,24,6.04,428,0.4677,1,0,UNEMPLOYED,MASTERS,DIVORCED,BUSINESS,1
CUST-005893,47,26883.18,11,76159.49,36,19.14,544,0.4602,3,0,SELF_EMPLOYED,MASTERS,DIVORCED,PERSONAL,1
CUST-005894,51,185083.13,29,43332.02,60,24.03,597,0.6718,0,0,SELF_EMPLOYED,PHD,DIVORCED,AUTO,0
CUST-005895,24,67314.32,6,48622.35,48,7.01,722,0.1997,2,0,SALARIED,HIGH_SCHOOL,MARRIED,BUSINESS,0
CUST-005896,61,30277.52,32,83273.91,12,18.61,624,0.4516,1,0,RETIRED,PHD,MARRIED,EDUCATION,0
CUST-005897,59,29344.31,31,39863.32,36,17.32,824,0.4056,2,0,SELF_EMPLOYED,PHD,DIVORCED,BUSINESS,0
CUST-005898,34,143221.36,16,27585.11,24,10.98,471,0.3646,1,1,UNEMPLOYED,PHD,SINGLE,BUSINESS,1
CUST-005899,64,148816.25,14,89879.57,60,9.81,822,0.4553,3,0,RETIRED,PHD,DIVORCED,HOME,1
CUST-005900,37,126676.05,17,20197.90,48,16.66,730,0.5602,3,3,SELF_EMPLOYED,PHD,DIVORCED,EDUCATION,1
CUST-005901,66,?,32,51491.24,60,17.18,?,0.3404,5,0,SELF_EMPLOYED,HIGH_SCHOOL,MARRIED,EDUCATION,0
CUST-005902,36,143386.64,11,88415.07,24,20.78,627,0.1367,3,3,UNEMPLOYED,BACHELORS,DIVORCED,AUTO,1
CUST-005903,31,53062.69,11,31640.07,36,5.76,343,0.5285,1,0,UNEMPLOYED,MASTERS,MARRIED,EDUCATION,1
CUST-005904,44,70057.19,15,38508.76,36,11.46,702,0.3372,2,0,RETIRED,HIGH_SCHOOL,MARRIED,BUSINESS,1
CUST-005905,25,183991.17,6,43059.56,24,23.03,449,0.5406,1,0,SALARIED,BACHELORS,DIVORCED,BUSINESS,0
CUST-005906,53,42681.62,4,69885.44,36,9.26,303,0.5653,2,0,SALARIED,BACHELORS,SINGLE,AUTO,1
CUST-005907,56,177166.66,32,42958.76,12,9.90,347,0.4772,1,0,RETIRED,MASTERS,MARRIED,HOME,1
CUST-005908,52,133013.75,10,28525.55,60,16.74,522,0.6515,5,0,RETIRED,BACHELORS,SINGLE,AUTO,1
CUST-005909,64,117462.73,6,84724.77,12,6.54,346,0.3428,3,0,SELF_EMPLOYED,BACHELORS,DIVORCED,BUSINESS,1
CUST-005910,48,161942.23,28,20567.24,12,16.02,640,0.0812,5,1,SELF_EMPLOYED,BACHELORS,SINGLE,BUSINESS,1
CUST-005911,63,66043.25,28,68903.97,60,14.97,550,0.1532,1,0,UNEMPLOYED,MASTERS,SINGLE,HOME,1
CUST-005912,57,195034.19,26,57132.93,48,21.81,795,0.4998,6,0,UNEMPLOYED,BACHELORS,SINGLE,PERSONAL,1
CUST-005913,39,67705.09,19,85246.41,24,16.38,411,0.2315,0,0,SALARIED,MASTERS,DIVORCED,AUTO,1
CUST-005914,35,195029.27,10,50123.88,48,14.78,785,0.5016,3,0,UNEMPLOYED,BACHELORS,SINGLE,EDUCATION,0
CUST-005915,37,183360.19,0,85436.21,60,11.62,564,0.2717,2,0,RETIRED,HIGH_SCHOOL,DIVORCED,EDUCATION,0
CUST-005916,55,31271.90,16,79224.88,36,17.85,329,0.2932,6,0,UNEMPLOYED,HIGH_SCHOOL,DIVORCED,AUTO,1
CUST-005917,50,60058.88,9,60740.89,24,6.83,609,0.2451,4,0,SELF_EMPLOYED,PHD,DIVORCED,AUTO,0
CUST-005918,67,83994.79,9,69720.25,36,22.94,400,0.3168,5,0,SALARIED,PHD,SINGLE,AUTO,1
CUST-005919,59,174303.83,8,63930.94,12,19.76,815,0.0587,1,0,SELF_EMPLOYED,PHD,DIVORCED,EDUCATION,0
CUST-005920,38,29597.16,20,80332.13,12,12.27,678,0.3694,6,0,SALARIED,MASTERS,SINGLE,BUSINESS,0
CUST-005921,61,76296.66,27,80280.93,60,17.68,657,0.6253,4,0,RETIRED,PHD,SINGLE,PERSONAL,1
CUST-005922,69,37331.74,26,13256.76,24,21.82,559,0.1874,2,2,UNEMPLOYED,PHD,DIVORCED,PERSONAL,1
CUST-005923,22,172488.82,4,87687.55,24,8.45,721,0.1779,3,1,RETIRED,MASTERS,DIVORCED,EDUCATION,0
CUST-005924,65,22007.17,16,65785.99,12,15.08,430,0.5294,4,0,SELF_EMPLOYED,BACHELORS,MARRIED,HOME,1
CUST-005925,42,85812.02,16,13690.01,36,7.73,581,0.3509,0,0,SELF_EMPLOYED,MASTERS,DIVORCED,BUSINESS,0
CUST-005926,44,174344.04,6,76417.51,24,22.24,345,0.1021,0,0,SALARIED,MASTERS,DIVORCED,PERSONAL,0
CUST-005927,35,147569.02,17,31034.83,24,22.39,567,0.6999,4,0,SALARIED,MASTERS,MARRIED,HOME,1
CUST-005928,55,98844.49,26,77626.28,60,16.59,814,0.3427,5,1,SALARIED,BACHELORS,MARRIED,EDUCATION,0
CUST-005929,22,194491.98,4,77700.31,48,21.15,698,0.3249,5,0,SELF_EMPLOYED,BACHELORS,SINGLE,EDUCATION,0
CUST-005930,23,94078.54,5,38676.21,36,22.29,393,0.5807,4,0,RETIRED,MASTERS,DIVORCED,PERSONAL,0
CUST-005931,37,141451.12,13,72978.52,36,18.73,392,0.3877,0,0,RETIRED,BACHELORS,DIVORCED,PERSONAL,0
CUST-005932,39,57459.26,14,33326.41,36,16.23,634,0.1260,1,0,SALARIED,HIGH_SCHOOL,MARRIED,HOME,0
CUST-005933,41,59918.10,12,3325.34,24,12.49,767,0.3716,2,0,SELF_EMPLOYED,MASTERS,SINGLE,HOME,0
CUST-005934,36,92796.84,5,74580.43,36,18.10,822,0.6507,2,3,UNEMPLOYED,PHD,DIVORCED,HOME,1
CUST-005935,47,54464.27,29,57106.48,48,18.06,788,0.6784,3,1,UNEMPLOYED,MASTERS,MARRIED,AUTO,1
CUST-005936,43,94989.21,8,67798.55,48,23.07,441,0.4564,6,0,RETIRED,PHD,MARRIED,AUTO,1
CUST-005937,60,119448.26,3,9230.11,60,8.52,364,0.1339,0,0,SALARIED,BACHELORS,MARRIED,HOME,0
CUST-005938,58,176933.35,5,48195.78,60,9.00,833,0.4716,4,0,UNEMPLOYED,MASTERS,MARRIED,BUSINESS,0
CUST-005939,34,122938.81,16,72585.69,48,14.92,516,0.6841,1,0,RETIRED,PHD,SINGLE,AUTO,1
CUST-005940,66,18916.75,11,36050.39,36,22.94,745,0.4715,0,0,UNEMPLOYED,MASTERS,SINGLE,PERSONAL,1
CUST-005941,27,?,9,31491.32,12,13.18,493,0.1191,0,2,SALARIED,PHD,SINGLE,BUSINESS,1
CUST-005942,32,45385.86,14,58148.63,24,7.96,581,0.6034,4,0,RETIRED,BACHELORS,MARRIED,BUSINESS,0
CUST-005943,21,93349.34,3,69927.91,48,7.12,644,0.5345,6,0,RETIRED,MASTERS,MARRIED,HOME,0
CUST-005944,28,169138.42,10,11441.85,60,24.31,697,0.1802,1,0,SELF_EMPLOYED,HIGH_SCHOOL,MARRIED,AUTO,0
CUST-005945,64,155529.61,2,10643.02,12,23.77,300,0.0710,6,0,UNEMPLOYED,HIGH_SCHOOL,SINGLE,HOME,1
CUST-005946,65,197861.77,8,44012.24,36,17.37,568,0.4233,5,1,RETIRED,HIGH_SCHOOL,MARRIED,BUSINESS,1
CUST-005947,41,126737.06,7,71648.44,60,23.83,608,0.6822,3,0,RETIRED,PHD,DIVORCED,AUTO,0
CUST-005948,65,99529.50,33,49097.07,48,6.40,835,0.2320,0,0,SALARIED,BACHELORS,MARRIED,BUSINESS,0
CUST-005949,66,?,0,9069.62,60,15.28,725,0.2136,0,2,SELF_EMPLOYED,HIGH_SCHOOL,DIVORCED,AUTO,0
CUST-005950,29,164526.53,11,61811.39,48,16.57,415,0.4811,5,0,SELF_EMPLOYED,BACHELORS,SINGLE,BUSINESS,1
CUST-005951,39,141001.46,21,15327.85,12,19.26,640,0.1825,4,0,UNEMPLOYED,BACHELORS,SINGLE,EDUCATION,0
CUST-005952,48,54843.67,24,51022.69,36,14.92,594,0.3597,0,0,SALARIED,MASTERS,SINGLE,BUSINESS,1
CUST-005953,45,106900.43,27,24060.51,24,19.60,509,0.4488,3,0,SALARIED,BACHELORS,DIVORCED,HOME,0
CUST-005954,50,102544.01,18,51494.47,60,14.31,683,0.2750,1,0,UNEMPLOYED,HIGH_SCHOOL,MARRIED,AUTO,0
CUST-005955,50,143139.15,6,44543.81,24,16.35,665,0.3415,3,3,UNEMPLOYED,PHD,SINGLE,BUSINESS,0
CUST-005956,64,171896.88,33,87964.46,60,21.47,387,0.2240,5,0,SALARIED,MASTERS,DIVORCED,EDUCATION,0
CUST-005957,50,147971.25,32,75290.42,36,20.04,704,0.5616,5,2,UNEMPLOYED,HIGH_SCHOOL,MARRIED,PERSONAL,1
CUST-005958,43,195578.20,23,21301.39,12,21.45,842,0.2024,3,2,SALARIED,MASTERS,DIVORCED,EDUCATION,1
CUST-005959,41,88329.95,16,68022.97,60,21.97,740,0.5224,2,0,SELF_EMPLOYED,PHD,MARRIED,BUSINESS,0
CUST-005960,53,40646.85,1,81201.85,36,17.28,360,0.2402,3,0,RETIRED,PHD,DIVORCED,PERSONAL,1
CUST-005961,23,181618.47,5,12678.17,12,21.17,439,0.1624,6,0,RETIRED,HIGH_SCHOOL,SINGLE,AUTO,0
CUST-005962,65,185684.10,29,54298.23,36,12.73,349,0.0825,1,0,SELF_EMPLOYED,MASTERS,DIVORCED,BUSINESS,0
CUST-005963,23,83111.02,5,7982.71,60,12.49,516,0.4170,1,0,RETIRED,BACHELORS,DIVORCED,BUSINESS,1
CUST-005964,52,153928.00,24,48872.21,36,12.54,710,0.3985,6,0,SELF_EMPLOYED,BACHELORS,MARRIED,EDUCATION,0
CUST-005965,34,168896.66,7,53488.16,12,17.15,645,0.4286,0,0,RETIRED,PHD,MARRIED,PERSONAL,0
CUST-005966,60,152634.51,14,20657.27,12,15.08,743,0.5154,0,0,SELF_EMPLOYED,BACHELORS,SINGLE,AUTO,0
CUST-005967,28,89763.06,4,20846.05,48,20.65,382,0.6676,6,0,UNEMPLOYED,MASTERS,MARRIED,HOME,1
CUST-005968,36,174801.38,12,62656.77,48,9.25,824,0.6707,0,0,RETIRED,BACHELORS,MARRIED,HOME,0
CUST-005969,42,170594.59,10,45625.80,48,22.92,541,0.2232,0,0,SELF_EMPLOYED,PHD,DIVORCED,PERSONAL,0
CUST-005970,25,99902.95,7,7570.49,36,20.98,493,0.2502,4,0,SALARIED,MASTERS,MARRIED,PERSONAL,1
CUST-005971,23,74758.75,1,13925.50,24,9.92,515,0.1144,3,0,SELF_EMPLOYED,BACHELORS,DIVORCED,PERSONAL,0
CUST-005972,63,196597.96,11,79703.84,60,11.89,407,0.2892,4,0,RETIRED,MASTERS,MARRIED,PERSONAL,0
CUST-005973,39,199278.93,7,11823.33,36,22.40,636,0.5604,3,0,SELF_EMPLOYED,PHD,MARRIED,AUTO,1
CUST-005974,38,19094.47,20,4283.54,12,13.28,552,0.4941,3,0,UNEMPLOYED,BACHELORS,MARRIED,PERSONAL,1
CUST-005975,38,130151.44,17,72000.71,24,10.99,826,0.2946,4,0,RETIRED,BACHELORS,DIVORCED,HOME,0
CUST-005976,33,155808.16,7,63823.82,24,24.89,666,0.6026,2,3,SELF_EMPLOYED,MASTERS,MARRIED,HOME,1
CUST-005977,23,195591.19,5,11749.87,48,22.01,367,0.2797,6,0,RETIRED,PHD,SINGLE,HOME,0
CUST-005978,35,101908.28,7,83184.87,60,11.41,511,0.5691,5,0,SALARIED,MASTERS,SINGLE,AUTO,1
CUST-005979,67,159951.97,25,13617.25,60,19.43,826,0.4325,0,0,RETIRED,BACHELORS,DIVORCED,HOME,0
CUST-005980,30,50397.41,12,24975.15,36,8.14,668,0.3667,3,0,SALARIED,MASTERS,SINGLE,AUTO,0
CUST-005981,61,104560.89,24,7658.39,36,22.97,628,0.5793,3,0,UNEMPLOYED,HIGH_SCHOOL,SINGLE,PERSONAL,0
CUST-005982,26,80461.50,8,78954.33,48,23.21,534,0.2756,1,0,SALARIED,MASTERS,SINGLE,AUTO,1
CUST-005983,50,96152.67,11,31194.67,48,20.61,357,0.2181,0,0,RETIRED,BACHELORS,DIVORCED,EDUCATION,1
CUST-005984,48,98748.82,23,17657.68,36,6.63,791,0.3532,1,0,RETIRED,MASTERS,MARRIED,EDUCATION,0
CUST-005985,64,79518.57,11,87446.79,12,7.56,478,0.4568,3,0,UNEMPLOYED,PHD,DIVORCED,AUTO,1
CUST-005986,39,134820.97,2,43414.98,24,22.05,745,0.1621,6,0,SALARIED,BACHELORS,SINGLE,HOME,0
CUST-005987,28,79946.71,10,42390.18,60,12.18,500,0.5594,2,0,SELF_EMPLOYED,PHD,DIVORCED,EDUCATION,0
CUST-005988,56,163476.68,24,12717.72,12,21.35,487,0.4894,3,0,RETIRED,MASTERS,MARRIED,AUTO,1
CUST-005989,35,139072.19,11,7846.77,60,7.47,721,0.4893,0,0,SALARIED,BACHELORS,DIVORCED,EDUCATION,0
CUST-005990,49,36965.03,9,14343.85,24,10.59,530,0.2393,3,0,SALARIED,PHD,MARRIED,BUSINESS,1
CUST-005991,30,91851.99,12,32756.79,12,22.17,697,0.3433,2,0,SELF_EMPLOYED,BACHELORS,DIVORCED,AUTO,0
CUST-005992,56,102242.65,12,19307.11,36,11.77,699,0.4158,6,0,SALARIED,HIGH_SCHOOL,DIVORCED,EDUCATION,0
CUST-005993,51,156555.88,30,53504.28,36,8.18,743,0.6549,3,0,UNEMPLOYED,BACHELORS,MARRIED,BUSINESS,1
CUST-005994,65,37375.44,11,83251.18,12,17.45,772,0.2398,0,0,SALARIED,HIGH_SCHOOL,SINGLE,EDUCATION,0
CUST-005995,58,26254.91,25,42933.94,12,22.20,451,0.3959,2,0,SELF_EMPLOYED,BACHELORS,SINGLE,AUTO,1
CUST-005996,24,191474.31,6,13353.13,12,9.71,791,0.2673,5,0,SELF_EMPLOYED,PHD,DIVORCED,HOME,0
CUST-005997,64,18201.31,21,79683.17,36,10.56,840,0.3870,2,0,SELF_EMPLOYED,HIGH_SCHOOL,DIVORCED,AUTO,1
CUST-005998,33,101508.75,15,57671.88,24,6.09,775,0.4887,3,0,UNEMPLOYED,MASTERS,DIVORCED,BUSINESS,1
CUST-005999,38,118099.66,20,37914.60,60,11.77,617,0.3854,5,0,SELF_EMPLOYED,HIGH_SCHOOL,DIVORCED,BUSINESS,1
CUST-006000,21,144765.52,3,69032.57,24,11.99,685,0.2163,1,0,SELF_EMPLOYED,MASTERS,SINGLE,EDUCATION,0
CUST-006001,60,88463.33,23,46553.82,48,12.26,750,0.5385,3,0,SALARIED,BACHELORS,DIVORCED,HOME,1
CUST-006002,64,144824.08,29,81350.72,48,17.64,764,0.3220,0,0,RETIRED,PHD,DIVORCED,EDUCATION,0
CUST-006003,50,122102.09,5,46033.43,60,5.95,554,0.2407,0,0,RETIRED,HIGH_SCHOOL,DIVORCED,BUSINESS,0
CUST-006004,54,103958.14,12,29888.86,60,23.11,399,0.2523,3,0,SALARIED,PHD,SINGLE,AUTO,1
CUST-006005,55,136774.53,26,63754.07,48,16.31,783,0.4094,1,0,SELF_EMPLOYED,MASTERS,MARRIED,PERSONAL,0
CUST-006006,70,168298.95,12,27527.09,48,15.02,385,0.0620,5,0,RETIRED,BACHELORS,MARRIED,BUSINESS,1
CUST-006007,28,41407.20,8,41965.37,48,16.86,418,0.4496,2,0,UNEMPLOYED,HIGH_SCHOOL,MARRIED,AUTO,0
CUST-006008,59,99920.18,34,63261.86,48,12.31,532,0.3712,1,0,UNEMPLOYED,BACHELORS,SINGLE,HOME,1
CUST-006009,55,126164.55,2,63826.02,24,9.08,808,0.5158,0,2,UNEMPLOYED,HIGH_SCHOOL,DIVORCED,PERSONAL,1
CUST-006010,22,90744.01,4,20845.77,24,8.61,436,0.3126,4,0,UNEMPLOYED,MASTERS,MARRIED,BUSINESS,1
CUST-006011,38,25115.57,12,16465.20,60,15.35,572,0.2269,6,3,SALARIED,BACHELORS,DIVORCED,HOME,1
CUST-006012,39,105321.57,21,30396.14,24,24.86,845,0.5299,6,0,RETIRED,BACHELORS,MARRIED,BUSINESS,0
CUST-006013,58,114040.90,18,25448.64,12,17.73,771,0.1675,4,0,SALARIED,MASTERS,DIVORCED,BUSINESS,0
CUST-006014,36,145533.64,18,77012.30,12,24.14,338,0.4011,4,0,RETIRED,PHD,MARRIED,PERSONAL,1
CUST-006015,48,168988.90,12,66660.61,36,16.84,831,0.6127,1,0,RETIRED,MASTERS,SINGLE,HOME,1
CUST-006016,32,146817.10,5,15180.86,36,21.18,518,0.6043,6,0,SELF_EMPLOYED,BACHELORS,DIVORCED,BUSINESS,1
CUST-006017,36,42583.55,9,81436.74,24,17.54,425,0.0562,2,0,RETIRED,HIGH_SCHOOL,MARRIED,EDUCATION,1
CUST-006018,42,36418.91,24,20016.87,24,17.45,582,0.6266,5,0,UNEMPLOYED,BACHELORS,DIVORCED,HOME,0
CUST-006019,39,66876.97,9,80773.36,36,7.39,393,0.4278,3,3,SELF_EMPLOYED,HIGH_SCHOOL,DIVORCED,BUSINESS,1
CUST-006020,21,158272.20,3,80447.80,36,17.34,457,0.3950,6,0,SALARIED,MASTERS,DIVORCED,BUSINESS,0
CUST-006021,63,197612.48,8,37907.45,60,7.05,754,0.3097,3,0,SELF_EMPLOYED,MASTERS,MARRIED,AUTO,0
CUST-006022,25,180323.54,7,83090.98,60,23.54,734,0.1209,6,0,SALARIED,MASTERS,MARRIED,EDUCATION,1
CUST-006023,21,124621.67,3,77567.67,12,5.39,610,0.5144,5,3,SALARIED,BACHELORS,DIVORCED,AUTO,1
CUST-006024,57,101176.92,2,48781.54,24,16.84,506,0.4851,2,0,RETIRED,HIGH_SCHOOL,SINGLE,BUSINESS,0
CUST-006025,35,115047.62,17,46267.17,36,17.87,756,0.2696,1,0,SELF_EMPLOYED,PHD,MARRIED,HOME,0
CUST-006026,44,24163.70,11,55090.38,36,20.26,301,0.4786,1,0,SELF_EMPLOYED,MASTERS,MARRIED,HOME,1
CUST-006027,55,21506.32,2,45527.66,60,22.56,818,0.5449,2,0,SELF_EMPLOYED,MASTERS,SINGLE,PERSONAL,0
CUST-006028,61,37004.46,0,6008.05,36,14.32,758,0.2823,3,0,SELF_EMPLOYED,HIGH_SCHOOL,SINGLE,PERSONAL,0
CUST-006029,55,150117.50,15,9536.68,24,7.75,732,0.6990,5,0,SALARIED,PHD,SINGLE,BUSINESS,1
CUST-006030,55,86273.33,30,75172.21,36,15.64,620,0.5557,3,0,SALARIED,HIGH_SCHOOL,DIVORCED,BUSINESS,1
CUST-006031,69,28345.81,5,9319.06,48,9.77,487,0.2902,1,0,RETIRED,HIGH_SCHOOL,DIVORCED,HOME,0
CUST-006032,33,19526.35,3,12536.90,48,18.71,822,0.4759,2,0,RETIRED,BACHELORS,DIVORCED,EDUCATION,0
CUST-006033,53,111320.63,1,61841.39,24,14.07,563,0.5518,3,0,UNEMPLOYED,MASTERS,MARRIED,EDUCATION,1
CUST-006034,64,53002.16,10,68963.72,36,24.02,608,0.1607,0,0,SELF_EMPLOYED,HIGH_SCHOOL,MARRIED,BUSINESS,0
CUST-006035,48,186735.73,22,15994.71,24,7.24,554,0.0756,0,2,UNEMPLOYED,BACHELORS,DIVORCED,AUTO,1
CUST-006036,64,181568.12,8,52935.94,36,22.15,805,0.3104,0,0,SALARIED,PHD,DIVORCED,EDUCATION,0
CUST-006037,44,171761.51,23,22752.81,36,17.14,484,0.2900,3,0,SALARIED,BACHELORS,SINGLE,EDUCATION,0
CUST-006038,46,131916.70,28,14250.04,24,19.60,800,0.4575,5,0,SELF_EMPLOYED,PHD,DIVORCED,PERSONAL,1
CUST-006039,61,127988.85,26,72215.23,36,11.18,310,0.1439,2,3,SALARIED,BACHELORS,MARRIED,PERSONAL,1
CUST-006040,21,36922.60,3,28752.57,24,7.21,519,0.4410,2,0,UNEMPLOYED,MASTERS,SINGLE,AUTO,1
CUST-006041,67,46472.24,9,17659.76,60,16.53,310,0.4816,0,0,SALARIED,PHD,MARRIED,BUSINESS,1
CUST-006042,33,24750.50,15,67847.84,24,10.70,617,0.1757,5,0,SELF_EMPLOYED,HIGH_SCHOOL,SINGLE,AUTO,1
CUST-006043,35,149659.79,17,43228.62,60,5.75,339,0.2943,6,0,SELF_EMPLOYED,BACHELORS,MARRIED,PERSONAL,1
CUST-006044,34,198840.71,6,84470.38,36,10.14,792,0.1775,1,0,SELF_EMPLOYED,MASTERS,MARRIED,AUTO,1
CUST-006045,35,96590.59,17,57857.46,48,15.29,604,0.3188,1,0,RETIRED,PHD,DIVORCED,AUTO,0
CUST-006046,37,59875.29,17,24248.82,12,18.20,544,0.6755,6,0,SALARIED,BACHELORS,SINGLE,HOME,1
CUST-006047,64,157774.24,16,84130.46,48,16.27,840,0.5362,3,0,SELF_EMPLOYED,BACHELORS,MARRIED,PERSONAL,0
CUST-006048,61,126316.13,33,75050.13,24,14.07,505,0.1408,0,0,UNEMPLOYED,PHD,MARRIED,HOME,1
CUST-006049,50,57502.96,5,3773.22,36,21.29,494,0.6683,2,0,RETIRED,BACHELORS,MARRIED,AUTO,1
CUST-006050,49,71103.56,0,30104.98,60,7.66,387,0.1212,5,2,UNEMPLOYED,HIGH_SCHOOL,MARRIED,BUSINESS,0
CUST-006051,60,77679.69,20,58228.29,24,7.61,327,0.5870,3,0,SALARIED,HIGH_SCHOOL,DIVORCED,PERSONAL,1
CUST-006052,48,165086.37,30,52075.89,60,8.07,449,0.3644,1,0,UNEMPLOYED,MASTERS,SINGLE,BUSINESS,0
CUST-006053,39,46840.38,13,72561.54,60,10.04,305,0.1686,4,0,UNEMPLOYED,MASTERS,DIVORCED,PERSONAL,1
CUST-006054,58,25634.80,5,86167.91,60,5.58,492,0.4974,1,0,UNEMPLOYED,BACHELORS,DIVORCED,HOME,1
CUST-006055,43,25194.98,11,23500.90,48,10.05,771,0.3850,3,0,RETIRED,HIGH_SCHOOL,SINGLE,AUTO,1
CUST-006056,53,119525.87,8,53242.33,48,18.60,455,0.6903,5,0,SELF_EMPLOYED,BACHELORS,DIVORCED,AUTO,1
CUST-006057,63,21360.76,6,45118.12,12,17.49,662,0.0693,4,0,UNEMPLOYED,HIGH_SCHOOL,SINGLE,PERSONAL,1
CUST-006058,46,142141.90,23,42412.48,24,13.14,428,0.3454,0,0,UNEMPLOYED,PHD,MARRIED,HOME,0
CUST-006059,59,41546.67,0,60820.86,12,8.28,313,0.4683,1,2,UNEMPLOYED,BACHELORS,MARRIED,HOME,0
CUST-006060,30,149607.94,12,67108.55,60,17.39,795,0.1576,0,1,RETIRED,BACHELORS,MARRIED,EDUCATION,1
CUST-006061,39,89814.57,17,9476.77,36,18.22,844,0.6594,5,0,RETIRED,MASTERS,SINGLE,HOME,0
CUST-006062,62,28860.36,11,66705.53,36,15.21,397,0.0833,4,0,SELF_EMPLOYED,BACHELORS,DIVORCED,HOME,1
CUST-006063,39,38298.51,18,65953.91,12,9.41,589,0.4424,6,0,SALARIED,HIGH_SCHOOL,MARRIED,EDUCATION,1
CUST-006064,27,182336.11,1,45890.58,36,24.78,725,0.0624,5,0,SALARIED,HIGH_SCHOOL,SINGLE,AUTO,0
CUST-006065,38,47613.28,9,69157.89,24,8.91,614,0.2356,3,1,RETIRED,BACHELORS,SINGLE,BUSINESS,0
CUST-006066,59,86562.67,0,8152.80,36,22.80,783,0.5858,1,0,UNEMPLOYED,PHD,SINGLE,HOME,1
CUST-006067,68,81883.13,12,75928.71,12,8.53,796,0.5815,2,0,SALARIED,BACHELORS,DIVORCED,PERSONAL,1
CUST-006068,51,175190.54,1,53118.60,24,12.50,494,0.5811,4,0,SELF_EMPLOYED,PHD,MARRIED,HOME,0
CUST-006069,57,80904.98,5,32419.15,12,5.56,613,0.4552,5,0,SALARIED,PHD,SINGLE,BUSINESS,0
CUST-006070,62,33960.73,34,66214.33,60,17.12,735,0.6352,4,0,UNEMPLOYED,HIGH_SCHOOL,SINGLE,EDUCATION,0
CUST-006071,21,52348.66,3,57617.11,60,21.68,551,0.2565,1,0,SELF_EMPLOYED,BACHELORS,MARRIED,AUTO,1
CUST-006072,65,166112.40,22,27188.60,36,10.63,418,0.2391,4,0,RETIRED,HIGH_SCHOOL,MARRIED,EDUCATION,1
CUST-006073,43,34689.43,11,18094.27,36,12.35,311,0.4589,3,0,RETIRED,BACHELORS,SINGLE,PERSONAL,0
CUST-006074,47,70254.34,3,33763.84,12,5.85,412,0.4842,2,1,RETIRED,HIGH_SCHOOL,MARRIED,BUSINESS,1
CUST-006075,68,141403.40,11,46149.13,60,17.13,537,0.1968,5,0,SELF_EMPLOYED,HIGH_SCHOOL,MARRIED,PERSONAL,1
CUST-006076,68,67207.75,18,58648.25,48,11.61,672,0.4393,4,0,RETIRED,BACHELORS,DIVORCED,HOME,1
CUST-006077,62,154976.95,10,32047.99,24,14.99,827,0.3933,4,2,SELF_EMPLOYED,BACHELORS,MARRIED,PERSONAL,0
CUST-006078,60,187198.76,32,79659.78,12,12.47,664,0.4682,4,0,SALARIED,MASTERS,DIVORCED,PERSONAL,1
CUST-006079,24,134747.33,6,54391.09,24,18.89,465,0.3439,5,3,RETIRED,BACHELORS,SINGLE,HOME,1
CUST-006080,21,132349.05,3,79732.60,24,10.78,784,0.5713,6,0,UNEMPLOYED,MASTERS,SINGLE,BUSINESS,0
CUST-006081,34,77254.35,16,12976.73,60,17.58,702,0.0826,1,0,RETIRED,MASTERS,MARRIED,AUTO,1
CUST-006082,46,148657.38,2,31902.66,48,16.14,305,0.4599,5,0,SELF_EMPLOYED,MASTERS,MARRIED,HOME,0
CUST-006083,31,59972.42,13,9892.93,60,13.61,783,0.1228,4,0,UNEMPLOYED,BACHELORS,MARRIED,HOME,0
CUST-006084,62,96119.14,13,72426.68,48,11.27,562,0.6809,2,0,RETIRED,MASTERS,MARRIED,EDUCATION,1
CUST-006085,42,110570.69,24,51850.03,12,22.69,520,0.4430,5,2,SELF_EMPLOYED,HIGH_SCHOOL,MARRIED,AUTO,1
CUST-006086,46,174977.11,28,33166.86,24,7.79,546,0.1059,0,0,SELF_EMPLOYED,HIGH_SCHOOL,DIVORCED,HOME,1
CUST-006087,66,69645.90,1,13675.42,60,6.70,538,0.6214,3,0,SELF_EMPLOYED,BACHELORS,SINGLE,BUSINESS,1
CUST-006088,66,160900.82,16,22634.62,48,17.90,748,0.6128,0,0,UNEMPLOYED,MASTERS,MARRIED,PERSONAL,0
CUST-006089,24,18199.41,5,64790.05,12,13.90,814,0.0868,0,0,SALARIED,PHD,SINGLE,PERSONAL,0
CUST-006090,24,42421.44,6,17365.29,60,17.22,608,0.2688,2,0,SALARIED,MASTERS,SINGLE,AUTO,1
CUST-006091,47,82517.94,25,64348.31,24,22.04,501,0.3055,3,0,UNEMPLOYED,MASTERS,MARRIED,AUTO,1
CUST-006092,59,198480.65,7,30168.59,60,13.84,427,0.5297,2,0,RETIRED,PHD,MARRIED,PERSONAL,0
CUST-006093,68,145920.33,33,16027.32,60,20.77,313,0.1426,1,0,RETIRED,BACHELORS,SINGLE,AUTO,0
CUST-006094,29,81668.58,9,85078.88,48,17.25,503,0.6321,3,0,SALARIED,HIGH_SCHOOL,MARRIED,EDUCATION,0
CUST-006095,54,160138.09,17,51973.11,36,24.12,352,0.2154,5,1,SALARIED,MASTERS,DIVORCED,BUSINESS,1
CUST-006096,42,125419.94,5,51212.10,36,9.98,808,0.0670,2,0,SALARIED,HIGH_SCHOOL,SINGLE,AUTO,0
CUST-006097,58,104645.64,25,48801.33,12,5.80,350,0.4363,6,0,RETIRED,BACHELORS,MARRIED,BUSINESS,0
CUST-006098,46,79993.10,16,37427.98,48,16.13,583,0.4701,4,3,SALARIED,MASTERS,DIVORCED,PERSONAL,1
CUST-006099,46,147751.18,14,26067.49,36,13.82,504,0.1041,0,0,RETIRED,PHD,MARRIED,PERSONAL,0
CUST-006100,27,189074.46,9,63006.60,48,7.02,304,0.2206,0,3,UNEMPLOYED,MASTERS,DIVORCED,EDUCATION,1
CUST-006101,51,193939.28,17,82721.81,24,8.06,663,0.2614,0,0,SELF_EMPLOYED,BACHELORS,DIVORCED,HOME,0
CUST-006102,49,154185.24,14,4735.37,60,23.64,651,0.1210,0,0,UNEMPLOYED,HIGH_SCHOOL,SINGLE,AUTO,0
CUST-006103,37,135303.84,6,40816.32,24,8.95,746,0.5913,5,0,UNEMPLOYED,MASTERS,SINGLE,HOME,0
CUST-006104,46,98245.33,20,69135.29,24,13.17,713,0.4765,0,0,UNEMPLOYED,MASTERS,MARRIED,AUTO,1
CUST-006105,39,41798.60,16,84028.13,12,22.99,558,0.3043,3,0,RETIRED,MASTERS,MARRIED,BUSINESS,1
CUST-006106,35,106692.24,13,51782.91,24,23.19,331,0.2801,6,0,UNEMPLOYED,MASTERS,MARRIED,EDUCATION,1
CUST-006107,57,69909.97,25,63754.51,12,18.29,585,0.6704,1,0,RETIRED,HIGH_SCHOOL,MARRIED,PERSONAL,1
CUST-006108,59,61206.74,28,83346.54,24,16.92,404,0.5905,3,1,SALARIED,MASTERS,DIVORCED,BUSINESS,1
CUST-006109,26,62473.70,8,62344.96,24,16.63,596,0.3544,6,0,SELF_EMPLOYED,PHD,DIVORCED,PERSONAL,1
CUST-006110,70,138050.52,3,80985.49,36,20.92,381,0.3514,4,0,SALARIED,PHD,MARRIED,BUSINESS,1
CUST-006111,36,128697.88,18,37924.21,12,6.05,500,0.3086,1,0,UNEMPLOYED,PHD,MARRIED,AUTO,0
CUST-006112,53,40582.96,29,32585.82,24,15.61,640,0.3793,1,0,RETIRED,MASTERS,DIVORCED,HOME,1
CUST-006113,37,194809.03,19,76381.63,36,20.43,770,0.4895,0,0,RETIRED,PHD,DIVORCED,BUSINESS,0
CUST-006114,52,194782.76,23,80235.63,36,17.26,829,0.0585,6,0,SALARIED,MASTERS,MARRIED,HOME,0
CUST-006115,46,189857.87,28,80760.91,48,22.62,317,0.6616,0,0,SALARIED,HIGH_SCHOOL,MARRIED,EDUCATION,0
CUST-006116,35,37632.99,17,47566.96,24,8.22,597,0.2710,2,0,UNEMPLOYED,PHD,SINGLE,PERSONAL,0
CUST-006117,40,193092.15,17,58671.59,24,9.64,783,0.3824,1,0,SALARIED,BACHELORS,MARRIED,BUSINESS,1
CUST-006118,34,170307.76,16,15210.83,36,6.70,448,0.2173,2,1,RETIRED,HIGH_SCHOOL,MARRIED,EDUCATION,1
CUST-006119,49,125748.32,28,38563.97,12,8.19,688,0.5012,5,0,RETIRED,MASTERS,MARRIED,EDUCATION,0
CUST-006120,61,112910.66,14,22293.73,12,24.78,540,0.4698,6,0,RETIRED,BACHELORS,MARRIED,PERSONAL,1
CUST-006121,28,76861.06,5,37817.59,48,5.78,617,0.2371,0,0,SELF_EMPLOYED,HIGH_SCHOOL,SINGLE,PERSONAL,0
CUST-006122,43,135821.33,24,88767.48,48,24.00,651,0.2184,5,2,SALARIED,BACHELORS,DIVORCED,EDUCATION,1
CUST-006123,40,73218.45,11,6910.87,36,20.22,361,0.4422,0,0,SELF_EMPLOYED,PHD,MARRIED,BUSINESS,1
CUST-006124,47,142573.82,0,23256.75,60,7.12,580,0.1916,6,0,RETIRED,HIGH_SCHOOL,DIVORCED,AUTO,0
CUST-006125,70,23967.17,9,69536.10,60,20.90,697,0.1737,1,0,SELF_EMPLOYED,MASTERS,SINGLE,PERSONAL,0
CUST-006126,55,196613.67,18,23347.30,24,19.01,585,0.5471,6,0,UNEMPLOYED,PHD,SINGLE,AUTO,1
CUST-006127,42,114213.62,2,22618.96,24,23.82,841,0.6178,4,0,UNEMPLOYED,BACHELORS,SINGLE,BUSINESS,0
CUST-006128,40,187921.46,20,9500.16,60,8.34,673,0.2424,4,0,RETIRED,BACHELORS,DIVORCED,HOME,1
CUST-006129,56,144437.22,22,34640.64,60,10.75,699,0.3574,1,2,RETIRED,BACHELORS,DIVORCED,HOME,0
CUST-006130,36,124628.04,10,76092.07,12,23.28,417,0.6051,1,0,RETIRED,HIGH_SCHOOL,DIVORCED,BUSINESS,1
CUST-006131,24,91205.02,6,88805.32,24,10.73,797,0.4447,4,0,RETIRED,PHD,MARRIED,AUTO,1
CUST-006132,45,108663.59,20,61813.30,60,15.17,595,0.5012,1,0,SALARIED,HIGH_SCHOOL,SINGLE,HOME,1
CUST-006133,36,68645.08,18,67654.73,48,23.61,369,0.6839,1,0,SELF_EMPLOYED,HIGH_SCHOOL,DIVORCED,PERSONAL,0
CUST-006134,56,137597.06,5,76640.86,12,9.91,677,0.6300,0,0,UNEMPLOYED,MASTERS,SINGLE,HOME,0
CUST-006135,66,95513.77,18,61177.10,48,15.71,752,0.3187,3,0,SELF_EMPLOYED,MASTERS,DIVORCED,EDUCATION,0
CUST-006136,59,149726.21,22,21296.05,36,5.52,773,0.1315,5,0,UNEMPLOYED,BACHELORS,MARRIED,AUTO,0
CUST-006137,26,31799.03,8,55277.87,48,21.34,692,0.1377,5,0,SELF_EMPLOYED,PHD,DIVORCED,PERSONAL,0
CUST-006138,34,168787.56,1,12567.77,48,20.13,490,0.5359,5,2,SELF_EMPLOYED,PHD,SINGLE,EDUCATION,1
CUST-006139,69,105045.17,27,41569.67,60,9.97,760,0.3776,4,0,SELF_EMPLOYED,PHD,SINGLE,AUTO,0
CUST-006140,33,169463.73,9,56708.99,36,22.45,440,0.6497,4,0,RETIRED,PHD,SINGLE,EDUCATION,1
CUST-006141,25,148091.62,7,66061.36,12,16.68,755,0.6371,0,0,UNEMPLOYED,MASTERS,SINGLE,PERSONAL,0
CUST-006142,41,170928.44,13,36357.34,24,9.34,376,0.1073,5,0,SELF_EMPLOYED,PHD,MARRIED,PERSONAL,0
CUST-006143,35,109683.11,6,49423.25,24,19.06,421,0.5627,2,1,SALARIED,BACHELORS,DIVORCED,BUSINESS,1
CUST-006144,41,100631.28,15,67468.68,48,24.94,480,0.4241,1,0,SELF_EMPLOYED,BACHELORS,MARRIED,BUSINESS,0
CUST-006145,28,195967.38,10,48466.85,60,10.62,604,0.3575,3,0,UNEMPLOYED,PHD,SINGLE,EDUCATION,1
CUST-006146,38,159566.96,15,42635.48,60,18.17,653,0.4980,6,0,RETIRED,HIGH_SCHOOL,MARRIED,AUTO,0
CUST-006147,54,19757.97,26,84881.69,12,11.88,522,0.1258,6,0,SALARIED,PHD,MARRIED,BUSINESS,0
CUST-006148,59,151035.74,34,46396.40,24,12.56,402,0.5132,0,0,SALARIED,HIGH_SCHOOL,DIVORCED,PERSONAL,0
CUST-006149,34,199838.93,16,4758.46,12,17.70,791,0.2372,5,0,UNEMPLOYED,MASTERS,MARRIED,PERSONAL,0
CUST-006150,67,149106.43,18,18089.51,12,7.40,346,0.2781,6,0,SELF_EMPLOYED,MASTERS,MARRIED,BUSINESS,1
CUST-006151,24,125837.33,6,32148.19,60,15.97,814,0.1537,5,1,RETIRED,HIGH_SCHOOL,MARRIED,EDUCATION,1
CUST-006152,40,62823.85,14,76858.41,24,21.63,411,0.4458,5,0,SELF_EMPLOYED,HIGH_SCHOOL,SINGLE,AUTO,0
CUST-006153,28,95452.14,10,82615.15,36,15.71,676,0.5060,0,0,UNEMPLOYED,MASTERS,DIVORCED,PERSONAL,1
CUST-006154,33,178044.29,7,73325.89,60,14.48,652,0.1207,1,0,SALARIED,MASTERS,DIVORCED,AUTO,1
CUST-006155,22,121310.89,4,5113.61,48,17.63,460,0.2123,4,0,UNEMPLOYED,HIGH_SCHOOL,SINGLE,EDUCATION,1
CUST-006156,42,83495.98,10,13254.95,48,14.52,586,0.4466,2,0,UNEMPLOYED,BACHELORS,MARRIED,AUTO,1
CUST-006157,33,96612.71,15,64528.29,12,6.73,836,0.1249,2,3,RETIRED,MASTERS,MARRIED,HOME,1
CUST-006158,41,156947.21,23,71509.76,60,23.41,590,0.0901,3,0,SALARIED,HIGH_SCHOOL,DIVORCED,HOME,1
CUST-006159,34,176539.17,10,78994.96,48,6.82,?,0.1812,3,1,SALARIED,PHD,MARRIED,PERSONAL,0
CUST-006160,46,87878.55,1,7612.16,24,10.05,344,0.4346,5,0,SELF_EMPLOYED,HIGH_SCHOOL,MARRIED,BUSINESS,0
CUST-006161,49,138347.62,20,78179.02,36,14.73,481,0.4212,6,2,UNEMPLOYED,PHD,MARRIED,AUTO,1
CUST-006162,44,123386.33,26,82299.14,60,12.95,679,0.2120,3,0,RETIRED,PHD,SINGLE,EDUCATION,1
CUST-006163,66,132327.25,6,35689.26,24,24.38,708,0.5209,0,0,UNEMPLOYED,HIGH_SCHOOL,MARRIED,PERSONAL,0
CUST-006164,25,131055.91,7,51851.47,12,12.50,633,0.3745,0,0,RETIRED,HIGH_SCHOOL,MARRIED,PERSONAL,0
CUST-006165,38,119222.81,16,38730.76,24,17.42,367,0.1939,3,0,UNEMPLOYED,HIGH_SCHOOL,DIVORCED,PERSONAL,1
CUST-006166,24,60198.63,6,59113.60,36,14.60,456,0.4890,0,0,RETIRED,PHD,SINGLE,BUSINESS,1
CUST-006167,22,78999.70,4,37579.84,36,19.82,497,0.3706,5,2,RETIRED,PHD,SINGLE,PERSONAL,1
CUST-006168,40,190830.70,17,61115.52,24,18.12,607,0.0565,0,0,RETIRED,PHD,MARRIED,PERSONAL,0
CUST-006169,43,103900.33,17,38887.56,12,10.75,751,0.3380,0,0,SALARIED,HIGH_SCHOOL,SINGLE,PERSONAL,0
CUST-006170,51,139860.16,10,86648.26,12,5.54,486,0.0783,4,0,SELF_EMPLOYED,PHD,SINGLE,AUTO,1
CUST-006171,50,76972.15,5,74807.36,48,16.93,316,0.4293,6,0,SELF_EMPLOYED,BACHELORS,MARRIED,HOME,0
CUST-006172,33,44990.66,15,20618.85,48,6.23,354,0.0959,4,0,SELF_EMPLOYED,PHD,DIVORCED,AUTO,0
CUST-006173,35,70109.43,1,57610.52,60,12.18,688,0.3836,1,0,UNEMPLOYED,PHD,SINGLE,AUTO,1
CUST-006174,55,117420.46,22,23660.34,36,5.81,?,0.3355,4,0,SELF_EMPLOYED,PHD,DIVORCED,HOME,0
CUST-006175,50,196166.27,30,73782.11,48,20.21,668,0.4992,1,0,SALARIED,BACHELORS,SINGLE,EDUCATION,1
CUST-006176,23,122139.98,4,12629.75,48,19.95,671,0.3243,5,0,RETIRED,BACHELORS,MARRIED,HOME,0
CUST-006177,39,86250.07,18,86726.59,24,5.34,831,0.2247,6,0,UNEMPLOYED,HIGH_SCHOOL,MARRIED,AUTO,0
CUST-006178,60,82935.50,34,7976.35,12,7.95,822,0.3087,5,0,SELF_EMPLOYED,PHD,DIVORCED,BUSINESS,0
CUST-006179,44,76145.35,?,51373.92,60,9.93,530,0.1119,2,0,SELF_EMPLOYED,BACHELORS,SINGLE,PERSONAL,1
CUST-006180,70,194408.35,9,20230.91,12,9.91,332,0.3141,3,0,SELF_EMPLOYED,HIGH_SCHOOL,DIVORCED,PERSONAL,1
CUST-006181,29,60043.28,11,24170.48,24,17.97,706,0.4322,2,3,RETIRED,MASTERS,MARRIED,AUTO,1
CUST-006182,31,113196.12,9,62815.11,36,16.42,389,0.2729,5,0,RETIRED,HIGH_SCHOOL,MARRIED,PERSONAL,0
CUST-006183,63,183154.22,22,74496.78,36,6.24,707,0.1428,3,0,SALARIED,BACHELORS,MARRIED,AUTO,0
CUST-006184,42,125464.99,15,86106.73,48,13.60,731,0.4219,5,2,RETIRED,MASTERS,DIVORCED,AUTO,0
CUST-006185,43,19111.65,25,73532.10,36,8.58,448,0.3001,6,0,UNEMPLOYED,BACHELORS,MARRIED,PERSONAL,1
CUST-006186,27,86202.94,9,79351.69,24,16.94,644,0.2450,0,0,SELF_EMPLOYED,HIGH_SCHOOL,DIVORCED,HOME,0
CUST-006187,39,193599.32,19,76715.19,48,9.10,846,0.3786,0,0,SELF_EMPLOYED,BACHELORS,MARRIED,BUSINESS,0
CUST-006188,38,137519.11,7,42360.69,36,8.68,335,0.3888,1,0,SALARIED,HIGH_SCHOOL,MARRIED,HOME,0
CUST-006189,69,171890.86,2,43750.33,60,8.25,712,0.5870,0,3,SALARIED,HIGH_SCHOOL,SINGLE,BUSINESS,1
CUST-006190,54,137720.53,23,30000.32,24,10.84,681,0.1949,6,0,SELF_EMPLOYED,HIGH_SCHOOL,SINGLE,EDUCATION,0
CUST-006191,62,129562.83,6,48165.57,48,7.58,535,0.3817,4,0,RETIRED,HIGH_SCHOOL,DIVORCED,HOME,1
CUST-006192,29,144745.17,11,12143.00,12,10.45,326,0.2394,0,0,UNEMPLOYED,BACHELORS,SINGLE,HOME,1
CUST-006193,23,69312.36,5,52067.76,60,12.19,723,0.1234,3,0,SELF_EMPLOYED,BACHELORS,DIVORCED,HOME,0
CUST-006194,23,61341.17,5,32591.71,36,7.36,513,0.2998,5,0,SALARIED,BACHELORS,DIVORCED,AUTO,0
CUST-006195,51,188263.61,20,53804.02,60,17.25,642,0.5448,4,0,SELF_EMPLOYED,HIGH_SCHOOL,MARRIED,BUSINESS,0
CUST-006196,40,72834.25,17,3683.89,48,18.51,679,0.6217,1,0,RETIRED,BACHELORS,DIVORCED,HOME,0
CUST-006197,22,162238.68,4,53139.26,60,9.89,473,0.5492,0,0,SELF_EMPLOYED,HIGH_SCHOOL,MARRIED,AUTO,0
CUST-006198,66,165334.49,14,61614.53,36,19.35,379,0.6398,4,0,SALARIED,MASTERS,SINGLE,PERSONAL,1
CUST-006199,66,152837.66,15,58139.41,12,14.52,820,0.4333,6,0,SELF_EMPLOYED,BACHELORS,MARRIED,PERSONAL,0
CUST-006200,30,51226.49,12,80529.09,24,13.59,637,0.2727,2,0,RETIRED,MASTERS,SINGLE,AUTO,0
CUST-006201,26,136596.85,8,22031.07,36,16.96,586,0.6551,5,0,UNEMPLOYED,HIGH_SCHOOL,MARRIED,BUSINESS,0
CUST-006202,69,26542.21,25,45373.25,60,24.45,814,0.4834,1,0,UNEMPLOYED,PHD,DIVORCED,PERSONAL,0
CUST-006203,43,151089.77,11,5925.81,24,22.83,672,0.5152,3,0,SALARIED,MASTERS,SINGLE,BUSINESS,0
CUST-006204,45,106233.10,25,48569.80,12,18.51,498,0.6227,2,0,RETIRED,BACHELORS,DIVORCED,BUSINESS,0
CUST-006205,41,189072.41,1,61257.03,12,20.60,808,0.6981,2,0,UNEMPLOYED,PHD,DIVORCED,HOME,0
CUST-006206,40,138107.52,9,67050.57,24,18.27,474,0.4677,5,0,RETIRED,MASTERS,MARRIED,BUSINESS,0
CUST-006207,61,19962.29,26,67615.78,60,15.83,544,0.2912,6,0,UNEMPLOYED,HIGH_SCHOOL,DIVORCED,BUSINESS,0
CUST-006208,47,192781.50,29,49425.72,24,24.83,466,0.0831,5,0,UNEMPLOYED,MASTERS,DIVORCED,EDUCATION,1
CUST-006209,30,53031.78,9,48653.96,36,11.72,310,0.2372,4,0,SELF_EMPLOYED,BACHELORS,SINGLE,PERSONAL,0
CUST-006210,59,180981.85,1,55782.37,36,16.02,345,0.5943,5,0,SELF_EMPLOYED,BACHELORS,MARRIED,HOME,1
CUST-006211,52,?,0,29528.76,12,14.45,353,0.1834,1,0,SALARIED,PHD,SINGLE,HOME,0
CUST-006212,52,158500.91,19,41646.28,48,9.51,792,0.5928,6,0,UNEMPLOYED,BACHELORS,DIVORCED,BUSINESS,1
CUST-006213,60,97059.59,18,73574.52,24,9.84,798,0.1174,3,0,SELF_EMPLOYED,HIGH_SCHOOL,DIVORCED,EDUCATION,0
CUST-006214,52,90679.85,3,11938.97,36,18.54,485,0.1395,1,0,SALARIED,HIGH_SCHOOL,SINGLE,HOME,0
CUST-006215,51,27929.09,29,82922.28,24,18.49,340,0.2338,0,0,SELF_EMPLOYED,HIGH_SCHOOL,SINGLE,BUSINESS,0
CUST-006216,33,74285.26,15,53766.96,24,22.36,661,0.6506,4,0,SELF_EMPLOYED,HIGH_SCHOOL,DIVORCED,EDUCATION,1
CUST-006217,38,29795.25,20,79881.36,36,12.60,391,0.2645,5,0,SELF_EMPLOYED,HIGH_SCHOOL,SINGLE,EDUCATION,1
CUST-006218,59,118551.55,33,89270.69,12,19.57,659,0.3503,0,0,SELF_EMPLOYED,MASTERS,SINGLE,HOME,1
CUST-006219,63,95412.71,13,41396.10,36,13.11,440,0.4565,1,0,RETIRED,HIGH_SCHOOL,DIVORCED,HOME,0
CUST-006220,58,174900.96,8,55706.83,60,5.29,659,0.2429,0,0,SALARIED,MASTERS,DIVORCED,BUSINESS,1
CUST-006221,32,27228.87,14,61456.46,48,7.44,842,0.3956,3,0,RETIRED,PHD,SINGLE,EDUCATION,0
CUST-006222,54,171746.67,4,39791.77,48,7.44,442,0.6284,3,0,SALARIED,BACHELORS,DIVORCED,AUTO,1
CUST-006223,60,83542.50,28,29886.07,48,8.13,359,0.0555,3,0,UNEMPLOYED,BACHELORS,DIVORCED,EDUCATION,0
CUST-006224,35,119102.47,16,84902.93,12,23.60,431,0.6797,4,0,UNEMPLOYED,HIGH_SCHOOL,MARRIED,BUSINESS,1
CUST-006225,44,143437.77,26,26969.37,60,22.34,498,0.2671,4,0,RETIRED,PHD,DIVORCED,HOME,1
CUST-006226,46,141590.43,16,32321.11,24,24.60,813,0.6310,4,0,SELF_EMPLOYED,MASTERS,SINGLE,PERSONAL,1
CUST-006227,39,165332.90,21,18156.68,24,15.70,537,0.3537,4,0,SELF_EMPLOYED,PHD,DIVORCED,PERSONAL,1
CUST-006228,66,142950.45,23,16871.37,12,11.34,809,0.5342,3,0,SALARIED,BACHELORS,DIVORCED,HOME,0
CUST-006229,21,179492.07,3,16245.23,24,23.78,428,0.1124,2,0,SELF_EMPLOYED,MASTERS,SINGLE,EDUCATION,0
CUST-006230,32,32145.57,14,26915.34,12,11.25,826,0.1529,0,0,UNEMPLOYED,HIGH_SCHOOL,SINGLE,BUSINESS,0
CUST-006231,21,104843.16,3,30137.76,36,8.42,683,0.1318,1,0,SELF_EMPLOYED,MASTERS,DIVORCED,BUSINESS,0
CUST-006232,23,193109.16,5,8765.69,12,15.60,500,0.3707,6,0,SELF_EMPLOYED,BACHELORS,DIVORCED,HOME,0
CUST-006233,52,137970.04,19,88609.97,60,11.13,784,0.2643,1,0,SALARIED,MASTERS,SINGLE,BUSINESS,0
CUST-006234,53,186331.83,11,54417.18,24,17.88,392,0.3523,4,2,RETIRED,PHD,SINGLE,PERSONAL,1
CUST-006235,39,60264.73,?,32354.94,36,18.94,494,0.2220,5,0,SELF_EMPLOYED,HIGH_SCHOOL,SINGLE,EDUCATION,0
CUST-006236,50,157678.89,28,82007.85,60,12.58,380,0.1797,4,0,UNEMPLOYED,MASTERS,DIVORCED,PERSONAL,1
CUST-006237,36,186548.54,18,8059.03,48,23.94,670,0.1312,0,0,SELF_EMPLOYED,BACHELORS,MARRIED,AUTO,0
CUST-006238,30,182911.60,12,32686.46,48,22.72,696,0.0860,3,0,RETIRED,MASTERS,SINGLE,PERSONAL,0
CUST-006239,57,176066.13,34,65092.21,36,23.84,471,0.5737,2,0,RETIRED,PHD,SINGLE,BUSINESS,1
CUST-006240,40,130961.06,22,54900.38,48,11.05,360,0.5638,4,3,UNEMPLOYED,PHD,MARRIED,EDUCATION,1
CUST-006241,31,158851.41,5,70813.40,60,10.65,347,0.5229,3,0,RETIRED,HIGH_SCHOOL,MARRIED,HOME,0
CUST-006242,23,140908.07,5,34256.40,48,12.57,468,0.1325,3,0,SELF_EMPLOYED,HIGH_SCHOOL,MARRIED,HOME,0
CUST-006243,30,115731.34,12,67392.98,12,19.44,802,0.1342,1,0,SALARIED,HIGH_SCHOOL,MARRIED,EDUCATION,1
CUST-006244,28,94054.31,10,43044.93,24,21.74,640,0.3565,4,0,RETIRED,HIGH_SCHOOL,MARRIED,HOME,0
CUST-006245,28,137631.69,10,65966.89,24,20.63,725,0.5874,4,3,UNEMPLOYED,HIGH_SCHOOL,SINGLE,PERSONAL,1
CUST-006246,43,146603.58,8,85823.20,48,12.89,518,0.6733,1,0,RETIRED,HIGH_SCHOOL,SINGLE,AUTO,0
CUST-006247,43,81137.59,17,41604.37,60,10.81,678,0.3578,2,0,RETIRED,BACHELORS,MARRIED,HOME,0
CUST-006248,65,79598.42,18,55299.16,36,20.83,806,0.4472,2,0,SALARIED,MASTERS,DIVORCED,HOME,1
CUST-006249,65,23105.10,13,14198.61,24,15.85,728,0.4923,5,0,RETIRED,BACHELORS,SINGLE,AUTO,1
CUST-006250,56,97987.79,24,49786.11,48,10.99,661,0.1868,4,0,UNEMPLOYED,HIGH_SCHOOL,SINGLE,AUTO,0
CUST-006251,45,102318.57,27,41487.81,60,14.75,577,0.6549,2,0,RETIRED,PHD,MARRIED,AUTO,0
CUST-006252,41,108578.43,18,6899.16,60,20.55,418,0.5907,6,0,SALARIED,BACHELORS,SINGLE,HOME,1
CUST-006253,34,180890.04,16,87779.26,48,22.91,560,0.4442,3,0,SALARIED,HIGH_SCHOOL,DIVORCED,AUTO,1
CUST-006254,55,136733.23,7,56821.47,60,6.30,530,0.5180,3,0,RETIRED,PHD,SINGLE,EDUCATION,1
CUST-006255,25,187623.54,7,63250.39,48,12.57,300,0.4073,0,0,UNEMPLOYED,MASTERS,DIVORCED,BUSINESS,0
CUST-006256,48,167824.87,25,3065.65,36,19.21,628,0.3480,0,0,UNEMPLOYED,HIGH_SCHOOL,DIVORCED,BUSINESS,1
CUST-006257,64,152012.13,31,16682.44,60,10.61,508,0.4193,6,0,UNEMPLOYED,MASTERS,SINGLE,PERSONAL,1
CUST-006258,35,175059.30,17,27537.91,24,18.58,356,0.2947,6,0,RETIRED,MASTERS,SINGLE,EDUCATION,1
CUST-006259,53,105839.46,5,51502.64,24,9.18,571,0.2888,1,0,SALARIED,PHD,MARRIED,BUSINESS,0
CUST-006260,23,177277.56,?,59329.45,24,10.53,322,0.5094,4,3,RETIRED,PHD,DIVORCED,EDUCATION,1
CUST-006261,60,69397.69,4,33446.15,48,17.71,802,0.6457,3,0,RETIRED,BACHELORS,SINGLE,BUSINESS,0
CUST-006262,23,78875.50,5,87163.57,48,18.35,338,0.4290,1,2,UNEMPLOYED,PHD,SINGLE,EDUCATION,1
CUST-006263,27,191994.00,2,43200.30,60,7.13,623,0.1609,6,0,RETIRED,BACHELORS,DIVORCED,EDUCATION,0
CUST-006264,53,90780.44,8,53876.51,12,11.20,682,0.6773,6,0,SELF_EMPLOYED,HIGH_SCHOOL,MARRIED,EDUCATION,0
CUST-006265,59,145292.11,0,22311.73,60,13.27,792,0.4885,0,1,SELF_EMPLOYED,PHD,SINGLE,PERSONAL,0
CUST-006266,66,102393.44,26,65219.86,48,23.72,336,0.3091,3,0,UNEMPLOYED,MASTERS,DIVORCED,PERSONAL,1
CUST-006267,45,113066.81,25,52479.71,12,12.22,639,0.4638,4,0,SALARIED,HIGH_SCHOOL,DIVORCED,AUTO,1
CUST-006268,34,158536.39,12,58417.18,36,21.05,327,0.1780,6,2,SELF_EMPLOYED,BACHELORS,DIVORCED,PERSONAL,1
CUST-006269,47,189028.73,17,89485.85,24,12.34,318,0.2855,2,2,SALARIED,BACHELORS,DIVORCED,BUSINESS,0
CUST-006270,24,18414.09,6,16338.20,48,11.74,461,0.3042,6,0,SALARIED,BACHELORS,SINGLE,HOME,1
CUST-006271,27,67445.95,9,75300.81,60,23.42,621,0.1725,1,0,SELF_EMPLOYED,HIGH_SCHOOL,SINGLE,BUSINESS,1
CUST-006272,43,149929.19,4,72658.68,60,24.78,775,0.2093,2,0,UNEMPLOYED,HIGH_SCHOOL,DIVORCED,HOME,0
CUST-006273,70,180151.35,6,69882.88,48,20.66,303,0.0958,3,3,UNEMPLOYED,HIGH_SCHOOL,DIVORCED,HOME,1
CUST-006274,40,146830.16,1,76365.50,12,7.00,447,0.6581,3,2,RETIRED,MASTERS,DIVORCED,HOME,1
CUST-006275,68,18460.04,22,51779.10,36,16.69,501,0.1070,0,3,UNEMPLOYED,HIGH_SCHOOL,DIVORCED,EDUCATION,1
CUST-006276,52,77604.77,22,67023.17,36,8.49,417,0.1552,4,0,SELF_EMPLOYED,BACHELORS,SINGLE,EDUCATION,0
CUST-006277,57,128141.48,4,48993.35,12,15.45,437,0.6867,1,0,SELF_EMPLOYED,MASTERS,MARRIED,BUSINESS,1
CUST-006278,27,92145.36,9,60408.89,60,24.24,653,0.5583,2,0,SALARIED,HIGH_SCHOOL,MARRIED,AUTO,0
CUST-006279,70,159262.73,31,32168.68,48,19.54,781,0.5881,2,2,UNEMPLOYED,PHD,SINGLE,AUTO,1
CUST-006280,31,182895.08,8,40101.24,24,13.55,626,0.4250,0,0,SALARIED,HIGH_SCHOOL,DIVORCED,HOME,0
CUST-006281,29,177105.60,11,50618.13,24,12.09,436,0.6564,0,0,SELF_EMPLOYED,HIGH_SCHOOL,DIVORCED,EDUCATION,0
CUST-006282,23,37359.87,5,85193.86,24,17.03,581,0.1894,1,3,UNEMPLOYED,HIGH_SCHOOL,DIVORCED,EDUCATION,1
CUST-006283,61,154511.95,9,23981.92,48,23.59,372,0.1826,1,3,RETIRED,HIGH_SCHOOL,DIVORCED,AUTO,1
CUST-006284,41,110083.41,7,9197.08,36,14.84,517,0.3515,4,0,SELF_EMPLOYED,PHD,DIVORCED,EDUCATION,1
CUST-006285,67,56656.36,13,56325.05,36,20.99,528,0.3600,1,0,RETIRED,PHD,SINGLE,EDUCATION,1
CUST-006286,21,88687.09,3,63603.52,48,14.04,641,0.5391,4,0,SELF_EMPLOYED,MASTERS,MARRIED,HOME,0
CUST-006287,56,160117.10,20,21337.90,12,18.80,648,0.4974,3,0,SELF_EMPLOYED,BACHELORS,SINGLE,AUTO,0
CUST-006288,28,122346.67,10,50227.57,60,22.28,344,0.4137,5,0,SELF_EMPLOYED,MASTERS,MARRIED,BUSINESS,0
CUST-006289,45,154911.45,13,37000.85,48,21.17,577,0.4890,2,0,RETIRED,PHD,MARRIED,EDUCATION,0
CUST-006290,32,165097.59,12,69870.37,48,13.47,660,0.2104,0,0,SALARIED,HIGH_SCHOOL,MARRIED,EDUCATION,0
CUST-006291,26,45595.60,8,81925.20,24,16.91,787,0.4819,3,0,SALARIED,BACHELORS,DIVORCED,EDUCATION,0
CUST-006292,33,61438.18,11,9292.56,60,17.63,646,0.1559,6,0,SELF_EMPLOYED,HIGH_SCHOOL,SINGLE,HOME,0
CUST-006293,40,59564.49,19,58393.99,24,13.52,356,0.6789,5,0,UNEMPLOYED,HIGH_SCHOOL,SINGLE,BUSINESS,1
CUST-006294,40,68779.98,8,74156.26,24,23.55,838,0.2812,2,3,UNEMPLOYED,MASTERS,SINGLE,EDUCATION,1
CUST-006295,33,63597.39,15,3254.93,12,15.97,381,0.5128,4,0,SELF_EMPLOYED,PHD,MARRIED,AUTO,0
CUST-006296,56,18125.02,26,44583.60,12,5.93,549,0.6879,1,0,SELF_EMPLOYED,BACHELORS,MARRIED,HOME,1
CUST-006297,62,87576.81,8,4334.01,60,14.83,680,0.0512,3,0,RETIRED,MASTERS,SINGLE,HOME,0
CUST-006298,63,77817.20,0,86878.76,12,17.60,496,0.6883,0,0,SELF_EMPLOYED,MASTERS,MARRIED,HOME,1
CUST-006299,25,114277.07,7,58601.15,24,17.62,739,0.4392,6,0,RETIRED,MASTERS,SINGLE,EDUCATION,0
CUST-006300,63,70101.84,18,53470.63,36,20.94,571,0.4558,6,0,RETIRED,BACHELORS,MARRIED,AUTO,1
CUST-006301,44,151714.48,26,86102.63,36,19.03,730,0.0751,1,0,UNEMPLOYED,MASTERS,DIVORCED,EDUCATION,1
CUST-006302,46,194247.42,0,61252.76,48,5.57,355,0.1432,4,0,UNEMPLOYED,HIGH_SCHOOL,DIVORCED,BUSINESS,1
CUST-006303,62,135640.03,2,33531.85,12,18.04,400,0.3968,1,0,SALARIED,HIGH_SCHOOL,MARRIED,EDUCATION,1
CUST-006304,36,56460.63,2,46279.07,12,7.22,726,0.1497,6,0,SELF_EMPLOYED,HIGH_SCHOOL,DIVORCED,BUSINESS,0
CUST-006305,48,100883.54,3,52051.35,48,18.26,768,0.6990,3,0,SALARIED,BACHELORS,DIVORCED,HOME,0
CUST-006306,67,153372.01,12,8842.58,48,24.20,686,0.0914,1,0,RETIRED,BACHELORS,DIVORCED,BUSINESS,1
CUST-006307,49,147526.87,1,43544.82,60,8.86,658,0.1482,1,0,SELF_EMPLOYED,BACHELORS,SINGLE,EDUCATION,0
CUST-006308,60,154014.55,4,55838.41,12,21.64,793,0.5162,5,0,RETIRED,PHD,MARRIED,AUTO,0
CUST-006309,35,173468.51,17,23050.57,24,5.86,606,0.5751,4,0,RETIRED,MASTERS,MARRIED,HOME,0
CUST-006310,39,118686.29,12,82154.08,12,5.42,725,0.6506,6,0,RETIRED,MASTERS,SINGLE,EDUCATION,1
CUST-006311,70,65639.63,17,28454.25,48,22.47,577,0.1006,6,2,UNEMPLOYED,MASTERS,MARRIED,HOME,1
CUST-006312,65,20729.55,6,40409.66,36,10.24,425,0.4581,4,0,SALARIED,PHD,SINGLE,HOME,0
CUST-006313,64,122179.79,6,15290.60,36,8.56,337,0.0684,2,0,RETIRED,MASTERS,DIVORCED,EDUCATION,0
CUST-006314,41,111209.23,23,37046.73,12,10.81,634,0.2025,6,0,SALARIED,HIGH_SCHOOL,MARRIED,EDUCATION,0
CUST-006315,39,86142.76,15,43727.58,12,11.36,355,0.6576,2,0,UNEMPLOYED,MASTERS,SINGLE,HOME,1
CUST-006316,37,99852.28,14,29960.35,12,16.67,579,0.5872,0,0,RETIRED,MASTERS,DIVORCED,EDUCATION,1
CUST-006317,55,29538.27,15,25194.84,48,20.13,804,0.6187,1,0,UNEMPLOYED,PHD,DIVORCED,AUTO,1
CUST-006318,60,179491.37,16,57951.35,48,20.80,662,0.1663,1,0,SELF_EMPLOYED,BACHELORS,MARRIED,AUTO,0
CUST-006319,38,185716.14,20,72685.11,24,6.12,655,0.3467,1,0,SALARIED,HIGH_SCHOOL,MARRIED,HOME,0
CUST-006320,38,37712.41,20,43820.90,48,9.34,311,0.0861,3,3,UNEMPLOYED,MASTERS,MARRIED,HOME,1
CUST-006321,23,58231.99,5,35359.20,24,14.67,661,0.6772,3,0,SALARIED,BACHELORS,MARRIED,HOME,0
CUST-006322,39,61936.15,21,59065.60,24,14.09,847,0.2334,4,0,UNEMPLOYED,HIGH_SCHOOL,MARRIED,BUSINESS,0
CUST-006323,32,193786.34,14,70481.67,60,20.35,753,0.1658,1,0,SELF_EMPLOYED,BACHELORS,MARRIED,EDUCATION,0
CUST-006324,46,126698.39,1,88671.37,24,22.10,401,0.2305,6,0,UNEMPLOYED,MASTERS,MARRIED,PERSONAL,1
CUST-006325,67,154971.42,3,11390.79,24,8.46,440,0.1578,5,2,UNEMPLOYED,MASTERS,MARRIED,BUSINESS,1
CUST-006326,64,56943.34,24,56253.33,24,18.34,370,0.1238,5,3,RETIRED,HIGH_SCHOOL,SINGLE,EDUCATION,1
CUST-006327,41,191110.93,5,4212.22,12,14.45,411,0.4727,5,2,SELF_EMPLOYED,MASTERS,DIVORCED,AUTO,0
CUST-006328,58,169565.31,28,87136.28,48,10.87,618,0.5562,0,0,SELF_EMPLOYED,PHD,SINGLE,EDUCATION,0
CUST-006329,56,?,26,56228.20,60,19.53,582,0.1312,6,0,RETIRED,MASTERS,SINGLE,AUTO,0
CUST-006330,24,133826.01,6,68766.13,60,15.30,?,0.2929,5,0,RETIRED,HIGH_SCHOOL,MARRIED,EDUCATION,0
CUST-006331,21,92555.68,3,5762.96,48,12.72,334,0.6555,2,0,SALARIED,MASTERS,SINGLE,BUSINESS,0
CUST-006332,64,53508.71,?,72857.41,48,10.90,669,0.4394,5,0,UNEMPLOYED,PHD,MARRIED,EDUCATION,1
CUST-006333,46,197271.42,17,76614.97,48,18.44,638,0.2994,4,0,RETIRED,BACHELORS,SINGLE,EDUCATION,0
CUST-006334,23,27178.45,5,4995.54,36,6.50,399,0.2590,6,0,SELF_EMPLOYED,BACHELORS,DIVORCED,AUTO,0
CUST-006335,50,136760.86,22,78859.41,60,21.86,489,0.1008,3,0,UNEMPLOYED,MASTERS,SINGLE,BUSINESS,0
CUST-006336,33,101573.30,15,11856.29,24,15.91,553,0.2965,6,0,SELF_EMPLOYED,HIGH_SCHOOL,DIVORCED,EDUCATION,0
CUST-006337,56,?,14,9725.08,60,22.62,831,0.0589,5,3,RETIRED,HIGH_SCHOOL,DIVORCED,PERSONAL,1
CUST-006338,58,121761.08,10,51921.97,12,9.04,549,0.2515,1,0,SELF_EMPLOYED,HIGH_SCHOOL,MARRIED,AUTO,0
CUST-006339,39,32802.17,21,48006.54,24,13.53,812,0.1975,3,0,UNEMPLOYED,MASTERS,SINGLE,PERSONAL,1
CUST-006340,60,93789.53,11,52725.82,48,8.21,747,0.3732,3,0,SALARIED,MASTERS,MARRIED,HOME,1
CUST-006341,31,80705.51,0,85916.55,60,20.82,341,0.2651,6,0,UNEMPLOYED,BACHELORS,DIVORCED,HOME,0
CUST-006342,62,?,?,43665.92,48,14.28,445,0.0841,5,0,UNEMPLOYED,BACHELORS,SINGLE,BUSINESS,1
CUST-006343,67,28740.85,32,83292.05,60,7.56,841,0.4653,2,0,SELF_EMPLOYED,PHD,SINGLE,HOME,0
CUST-006344,51,108719.58,31,19191.74,12,10.67,599,0.1529,5,0,SALARIED,PHD,SINGLE,AUTO,0
CUST-006345,33,79734.80,15,78961.37,60,20.12,302,0.4671,3,0,SALARIED,PHD,MARRIED,AUTO,1
CUST-006346,69,18737.84,25,25010.21,36,20.02,470,0.4594,3,0,SELF_EMPLOYED,PHD,DIVORCED,PERSONAL,1
CUST-006347,65,45401.62,19,23301.04,48,18.16,503,0.6497,4,0,RETIRED,MASTERS,SINGLE,EDUCATION,0
CUST-006348,32,41256.63,12,63957.41,12,23.34,460,0.3153,1,0,RETIRED,MASTERS,MARRIED,EDUCATION,0
CUST-006349,37,66552.31,4,27117.45,48,12.46,433,0.3154,3,0,RETIRED,HIGH_SCHOOL,SINGLE,PERSONAL,1
CUST-006350,52,88216.41,22,13694.86,12,12.65,313,0.2102,2,0,UNEMPLOYED,PHD,MARRIED,PERSONAL,0
CUST-006351,21,50912.20,3,16236.23,48,16.38,789,0.3517,1,0,UNEMPLOYED,HIGH_SCHOOL,DIVORCED,HOME,0
CUST-006352,29,43464.96,11,26114.63,60,5.46,378,0.4189,1,0,SALARIED,PHD,MARRIED,PERSONAL,1
CUST-006353,29,146922.32,9,44150.54,60,17.95,538,0.3396,4,0,UNEMPLOYED,HIGH_SCHOOL,DIVORCED,HOME,0
CUST-006354,60,39968.78,19,6625.56,48,8.37,716,0.1502,4,0,UNEMPLOYED,BACHELORS,MARRIED,AUTO,0
CUST-006355,69,146042.33,4,28900.65,36,8.48,422,0.2842,4,0,SALARIED,BACHELORS,MARRIED,PERSONAL,0
CUST-006356,40,19560.17,7,45649.34,60,21.14,406,0.1260,3,0,RETIRED,HIGH_SCHOOL,DIVORCED,EDUCATION,1
CUST-006357,21,172757.36,3,75241.39,60,5.15,660,0.4662,2,1,SELF_EMPLOYED,HIGH_SCHOOL,MARRIED,AUTO,0
CUST-006358,49,48526.59,24,4669.79,12,13.93,640,0.0798,0,0,SALARIED,MASTERS,DIVORCED,PERSONAL,0
CUST-006359,48,98241.56,20,88795.59,48,14.86,766,0.4944,1,0,SELF_EMPLOYED,MASTERS,SINGLE,EDUCATION,1
CUST-006360,58,60610.29,16,9753.07,24,19.52,562,0.2986,2,0,RETIRED,HIGH_SCHOOL,SINGLE,HOME,0
CUST-006361,61,117638.66,26,60225.23,60,16.10,606,0.3437,4,0,RETIRED,MASTERS,DIVORCED,BUSINESS,0
CUST-006362,61,82569.85,28,30254.90,48,5.92,526,0.4820,1,0,UNEMPLOYED,MASTERS,DIVORCED,AUTO,1
CUST-006363,57,176484.41,25,39209.13,60,9.63,801,0.6118,2,0,SALARIED,MASTERS,SINGLE,BUSINESS,0
CUST-006364,28,182849.03,10,61067.58,48,10.11,677,0.4562,1,0,UNEMPLOYED,BACHELORS,SINGLE,EDUCATION,0
CUST-006365,46,149102.90,21,88671.75,24,9.29,654,0.6295,3,0,SELF_EMPLOYED,BACHELORS,SINGLE,BUSINESS,0
CUST-006366,46,165949.97,7,70674.73,48,12.76,314,0.1065,3,0,SELF_EMPLOYED,PHD,SINGLE,HOME,0
CUST-006367,30,154232.96,12,18784.06,12,19.22,441,0.6672,3,0,SALARIED,MASTERS,SINGLE,PERSONAL,0
CUST-006368,43,70953.87,25,61956.56,60,18.88,735,0.1099,1,2,UNEMPLOYED,MASTERS,SINGLE,BUSINESS,1
CUST-006369,63,70056.85,30,88322.59,36,24.91,332,0.1658,6,0,SALARIED,PHD,DIVORCED,AUTO,1
CUST-006370,38,35009.15,1,86741.06,60,6.81,760,0.1962,1,0,UNEMPLOYED,PHD,SINGLE,AUTO,1
CUST-006371,64,80148.32,34,77403.72,24,13.44,771,0.6254,5,0,RETIRED,MASTERS,SINGLE,AUTO,0
CUST-006372,37,179078.60,19,47105.89,12,9.52,480,0.1269,0,0,SALARIED,MASTERS,SINGLE,EDUCATION,1
CUST-006373,21,157897.78,3,84192.85,60,10.99,535,0.4710,2,0,SELF_EMPLOYED,BACHELORS,SINGLE,AUTO,0
CUST-006374,40,187737.79,22,33072.76,60,23.38,684,0.4664,1,0,SALARIED,HIGH_SCHOOL,DIVORCED,EDUCATION,0
CUST-006375,47,44499.05,13,39795.51,60,9.46,351,0.4868,2,0,RETIRED,BACHELORS,DIVORCED,EDUCATION,0
CUST-006376,41,145570.89,1,8073.65,12,24.13,725,0.6632,0,3,SELF_EMPLOYED,PHD,DIVORCED,AUTO,1
CUST-006377,46,126469.35,12,33684.61,48,18.58,586,0.1192,4,0,UNEMPLOYED,BACHELORS,SINGLE,HOME,0
CUST-006378,35,93885.89,1,48718.85,36,7.10,641,0.6233,5,0,SALARIED,PHD,DIVORCED,HOME,0
CUST-006379,46,169723.80,21,83939.72,48,11.62,789,0.5967,2,0,UNEMPLOYED,HIGH_SCHOOL,DIVORCED,AUTO,0
CUST-006380,62,141174.50,14,10267.77,48,7.08,363,0.1878,0,0,RETIRED,HIGH_SCHOOL,DIVORCED,HOME,0
CUST-006381,24,190837.69,6,53993.65,12,20.57,397,0.5020,4,0,UNEMPLOYED,BACHELORS,DIVORCED,HOME,1
CUST-006382,41,89563.50,23,63948.20,60,20.30,845,0.1190,4,0,RETIRED,HIGH_SCHOOL,SINGLE,EDUCATION,0
CUST-006383,56,164134.37,22,18076.38,48,14.84,519,0.1681,3,0,RETIRED,BACHELORS,DIVORCED,PERSONAL,0
CUST-006384,37,90557.06,19,39814.41,48,11.28,761,0.6481,4,0,SELF_EMPLOYED,MASTERS,DIVORCED,AUTO,0
CUST-006385,38,111237.07,20,65190.63,48,24.35,527,0.1814,4,0,RETIRED,BACHELORS,SINGLE,HOME,1
CUST-006386,50,82070.63,5,53645.89,60,15.89,803,0.0678,0,0,SELF_EMPLOYED,BACHELORS,MARRIED,PERSONAL,0
CUST-006387,59,81919.99,17,74857.02,60,10.39,317,0.1803,0,0,SELF_EMPLOYED,MASTERS,DIVORCED,AUTO,0
CUST-006388,30,40419.20,12,41922.25,48,6.20,630,0.3219,6,0,RETIRED,BACHELORS,SINGLE,AUTO,0
CUST-006389,54,167495.24,30,8645.61,60,15.18,376,0.5016,0,0,SELF_EMPLOYED,HIGH_SCHOOL,SINGLE,PERSONAL,0
CUST-006390,50,151936.67,20,39494.93,12,15.92,695,0.6177,5,0,SELF_EMPLOYED,PHD,DIVORCED,EDUCATION,0
CUST-006391,53,60458.10,33,24023.26,36,18.76,367,0.6301,2,0,SELF_EMPLOYED,BACHELORS,SINGLE,PERSONAL,0
CUST-006392,54,?,17,13009.85,12,17.09,617,0.6524,1,0,SELF_EMPLOYED,PHD,SINGLE,BUSINESS,0
CUST-006393,66,87239.23,15,56849.39,60,15.72,531,0.0680,4,0,RETIRED,HIGH_SCHOOL,DIVORCED,EDUCATION,1
CUST-006394,67,128096.47,12,68759.05,36,5.75,427,0.6995,5,0,SELF_EMPLOYED,HIGH_SCHOOL,MARRIED,PERSONAL,1
CUST-006395,36,104354.63,18,11585.53,24,7.63,723,0.4303,3,0,SALARIED,MASTERS,SINGLE,HOME,0
CUST-006396,44,119111.54,6,28270.68,48,19.37,811,0.1104,4,0,UNEMPLOYED,PHD,MARRIED,BUSINESS,1
CUST-006397,53,88502.32,4,37934.41,12,6.56,300,0.0560,0,0,RETIRED,BACHELORS,SINGLE,AUTO,1
CUST-006398,44,121984.50,8,55946.61,24,23.50,824,0.3894,0,0,RETIRED,HIGH_SCHOOL,MARRIED,HOME,1
CUST-006399,26,167323.33,8,82493.11,48,22.57,748,0.2172,1,1,UNEMPLOYED,PHD,SINGLE,AUTO,0
CUST-006400,52,120096.65,8,75252.39,48,23.08,417,0.6095,0,0,UNEMPLOYED,MASTERS,MARRIED,HOME,1
CUST-006401,68,119355.80,7,54415.32,60,11.69,719,0.1464,6,0,RETIRED,PHD,MARRIED,EDUCATION,0
CUST-006402,67,113570.49,5,56623.45,12,16.29,381,0.3092,2,0,RETIRED,MASTERS,DIVORCED,BUSINESS,1
CUST-006403,68,167283.57,2,45668.05,60,18.99,484,0.6876,0,0,SELF_EMPLOYED,HIGH_SCHOOL,DIVORCED,EDUCATION,0
CUST-006404,46,128440.29,6,77171.22,60,13.22,552,0.4361,5,0,RETIRED,MASTERS,DIVORCED,PERSONAL,1
CUST-006405,48,144388.70,30,70979.18,60,22.31,438,0.1099,3,0,SELF_EMPLOYED,MASTERS,DIVORCED,BUSINESS,0
CUST-006406,50,103973.46,18,37446.09,36,23.17,763,0.6807,5,0,SALARIED,PHD,SINGLE,HOME,0
CUST-006407,39,46404.27,16,49473.91,48,22.45,762,0.4112,6,0,SELF_EMPLOYED,PHD,SINGLE,EDUCATION,1
CUST-006408,37,146659.79,19,16253.55,60,9.01,600,0.6553,0,1,RETIRED,BACHELORS,SINGLE,BUSINESS,1
CUST-006409,58,169839.86,31,89644.37,24,12.87,625,0.5215,6,0,SALARIED,BACHELORS,DIVORCED,BUSINESS,1
CUST-006410,40,108403.69,15,86293.83,48,21.68,827,0.3168,3,0,SALARIED,MASTERS,SINGLE,EDUCATION,1
CUST-006411,55,116026.94,?,7356.20,48,14.76,807,0.3767,4,1,UNEMPLOYED,PHD,SINGLE,AUTO,0
CUST-006412,30,30132.14,10,48588.80,36,24.88,577,0.6747,2,0,UNEMPLOYED,PHD,MARRIED,EDUCATION,1
CUST-006413,61,117147.77,16,23376.45,48,10.83,520,0.0760,4,0,SELF_EMPLOYED,BACHELORS,SINGLE,AUTO,1
CUST-006414,69,173440.97,2,12192.43,36,7.79,499,0.6743,2,0,SALARIED,HIGH_SCHOOL,MARRIED,BUSINESS,1
CUST-006415,41,155114.32,23,75883.49,60,6.09,578,0.2490,6,0,SELF_EMPLOYED,HIGH_SCHOOL,MARRIED,PERSONAL,1
CUST-006416,59,192803.84,6,44475.71,24,22.29,317,0.2349,4,0,SALARIED,MASTERS,SINGLE,BUSINESS,0
CUST-006417,29,183983.54,2,67923.12,12,18.20,643,0.4318,3,0,UNEMPLOYED,BACHELORS,DIVORCED,AUTO,1
CUST-006418,37,160576.54,13,43688.02,36,10.59,625,0.5826,6,0,SALARIED,HIGH_SCHOOL,DIVORCED,HOME,0
CUST-006419,58,63284.50,12,29134.33,48,13.50,539,0.4658,1,0,RETIRED,BACHELORS,SINGLE,EDUCATION,1
CUST-006420,37,56071.93,11,50414.02,48,20.31,345,0.3571,6,0,SELF_EMPLOYED,HIGH_SCHOOL,DIVORCED,HOME,0
CUST-006421,64,69867.00,9,5959.20,48,22.27,814,0.4980,0,0,SELF_EMPLOYED,BACHELORS,SINGLE,EDUCATION,1
CUST-006422,54,129857.90,19,44642.48,12,23.06,484,0.3267,1,0,SALARIED,MASTERS,SINGLE,HOME,1
CUST-006423,53,42474.98,1,23703.96,36,12.34,549,0.4545,3,0,SALARIED,BACHELORS,DIVORCED,AUTO,1
CUST-006424,40,138758.38,7,66593.11,48,6.50,679,0.6819,1,0,RETIRED,HIGH_SCHOOL,DIVORCED,BUSINESS,0
CUST-006425,34,96564.99,14,73857.41,48,22.88,452,0.1102,3,0,SELF_EMPLOYED,BACHELORS,DIVORCED,EDUCATION,1
CUST-006426,62,126094.49,7,27588.45,36,19.18,837,0.6386,0,0,UNEMPLOYED,MASTERS,SINGLE,PERSONAL,1
CUST-006427,38,125309.53,20,54101.18,48,24.59,555,0.3239,1,0,SALARIED,PHD,DIVORCED,HOME,1
CUST-006428,30,161007.40,12,36336.47,60,20.62,501,0.6189,3,2,SELF_EMPLOYED,MASTERS,DIVORCED,BUSINESS,1
CUST-006429,65,167122.22,20,49735.41,24,24.28,359,0.1512,3,1,SELF_EMPLOYED,BACHELORS,SINGLE,AUTO,1
CUST-006430,44,162314.02,17,4225.92,24,22.62,631,0.6200,2,0,UNEMPLOYED,BACHELORS,SINGLE,HOME,1
CUST-006431,59,90126.23,11,68084.38,60,9.38,747,0.1458,6,0,UNEMPLOYED,MASTERS,SINGLE,EDUCATION,0
CUST-006432,27,62640.64,9,88492.92,48,21.53,629,0.3346,2,0,RETIRED,MASTERS,MARRIED,HOME,0
CUST-006433,57,158530.90,4,20965.80,48,16.88,745,0.2426,0,0,SELF_EMPLOYED,HIGH_SCHOOL,MARRIED,HOME,1
CUST-006434,36,155511.13,13,36418.76,60,12.75,342,0.1698,5,0,RETIRED,HIGH_SCHOOL,MARRIED,BUSINESS,0
CUST-006435,29,42839.50,11,50092.56,60,6.61,819,0.0933,6,0,UNEMPLOYED,MASTERS,MARRIED,PERSONAL,0
CUST-006436,63,77361.95,29,59281.42,48,14.77,547,0.2106,1,0,SALARIED,HIGH_SCHOOL,DIVORCED,AUTO,0
CUST-006437,36,173979.52,4,5370.38,24,7.89,503,0.3465,2,0,SELF_EMPLOYED,BACHELORS,MARRIED,EDUCATION,0
CUST-006438,32,188679.46,10,85661.08,12,21.40,625,0.4608,3,0,UNEMPLOYED,PHD,DIVORCED,BUSINESS,1
CUST-006439,69,52231.06,33,17704.80,48,21.71,389,0.4664,6,0,SALARIED,MASTERS,DIVORCED,AUTO,1
CUST-006440,52,?,30,86763.05,12,11.03,638,0.5867,6,0,SELF_EMPLOYED,PHD,DIVORCED,EDUCATION,1
CUST-006441,46,136065.97,10,35953.34,12,13.87,611,0.3797,1,0,SELF_EMPLOYED,HIGH_SCHOOL,SINGLE,EDUCATION,0
CUST-006442,51,198058.25,15,50412.84,12,13.54,310,0.6897,5,2,SALARIED,HIGH_SCHOOL,MARRIED,PERSONAL,1
CUST-006443,24,57526.96,6,6919.95,48,19.72,676,0.2895,6,1,UNEMPLOYED,PHD,DIVORCED,EDUCATION,0
CUST-006444,41,136812.24,5,35375.05,48,8.98,624,0.6734,1,0,UNEMPLOYED,PHD,SINGLE,PERSONAL,1
CUST-006445,40,121363.39,22,22149.16,12,9.63,632,0.5515,5,0,SALARIED,MASTERS,DIVORCED,EDUCATION,0
CUST-006446,51,187361.18,5,71441.88,36,11.01,702,0.5591,4,0,RETIRED,MASTERS,DIVORCED,HOME,0
CUST-006447,39,44945.30,21,29002.58,24,10.29,712,0.2281,6,2,UNEMPLOYED,BACHELORS,DIVORCED,HOME,1
CUST-006448,69,150649.87,4,89828.13,12,23.25,796,0.3125,4,0,UNEMPLOYED,MASTERS,DIVORCED,HOME,1
CUST-006449,40,186774.04,3,20286.00,12,24.92,402,0.6237,1,0,RETIRED,PHD,MARRIED,PERSONAL,0
CUST-006450,29,189307.77,11,49767.11,48,23.48,448,0.2923,4,0,SALARIED,MASTERS,SINGLE,PERSONAL,1
CUST-006451,25,183674.34,0,40759.61,48,13.74,453,0.2005,2,0,SELF_EMPLOYED,HIGH_SCHOOL,MARRIED,EDUCATION,1
CUST-006452,43,182744.01,5,22065.45,48,9.31,509,0.1899,1,0,RETIRED,PHD,MARRIED,EDUCATION,0
CUST-006453,67,20987.28,27,7139.49,36,10.52,802,0.1713,2,1,SALARIED,PHD,SINGLE,PERSONAL,0
CUST-006454,63,79243.19,11,40586.38,60,10.03,672,0.4777,5,0,SALARIED,PHD,SINGLE,HOME,0
CUST-006455,45,159731.45,22,16156.03,60,17.99,556,0.1965,2,3,SELF_EMPLOYED,HIGH_SCHOOL,DIVORCED,BUSINESS,1
CUST-006456,26,96143.96,8,5649.79,48,12.10,444,0.5336,2,3,SALARIED,MASTERS,MARRIED,BUSINESS,1
CUST-006457,55,138028.32,20,46890.21,60,15.68,306,0.4018,2,0,RETIRED,HIGH_SCHOOL,MARRIED,HOME,0
CUST-006458,69,79628.49,31,80459.30,12,15.20,706,0.4459,1,0,SELF_EMPLOYED,MASTERS,SINGLE,PERSONAL,0
CUST-006459,57,189691.57,32,15328.67,24,21.85,507,0.1802,3,2,SALARIED,MASTERS,SINGLE,EDUCATION,1
CUST-006460,33,110609.50,15,3124.80,48,10.62,494,0.4356,1,0,SELF_EMPLOYED,PHD,DIVORCED,BUSINESS,1
CUST-006461,35,41714.66,13,87980.47,48,12.40,608,0.0626,3,1,RETIRED,BACHELORS,MARRIED,EDUCATION,0
CUST-006462,43,144134.41,18,57484.57,60,24.85,313,0.5421,5,0,RETIRED,BACHELORS,SINGLE,HOME,1
CUST-006463,48,99801.42,21,72371.95,60,9.93,772,0.2413,4,0,SALARIED,BACHELORS,SINGLE,BUSINESS,1
CUST-006464,40,138706.81,7,76122.65,36,20.05,332,0.6884,0,0,UNEMPLOYED,MASTERS,MARRIED,BUSINESS,1
CUST-006465,30,67281.39,5,86047.66,60,18.86,559,0.6819,2,0,RETIRED,BACHELORS,DIVORCED,EDUCATION,1
CUST-006466,47,25232.55,13,7305.19,48,23.80,368,0.0736,3,0,SELF_EMPLOYED,MASTERS,MARRIED,AUTO,1
CUST-006467,40,30470.66,12,55471.73,24,18.59,503,0.1993,2,0,UNEMPLOYED,PHD,DIVORCED,BUSINESS,1
CUST-006468,29,75226.33,11,59646.02,24,23.32,415,0.5484,5,0,RETIRED,HIGH_SCHOOL,SINGLE,EDUCATION,1
CUST-006469,52,87072.61,26,57064.23,12,6.72,435,0.0518,3,0,RETIRED,BACHELORS,DIVORCED,EDUCATION,0
CUST-006470,45,25156.97,24,37243.28,24,23.10,726,0.4045,0,0,UNEMPLOYED,HIGH_SCHOOL,MARRIED,HOME,1
CUST-006471,23,71822.44,5,6828.32,48,10.21,776,0.5103,2,0,RETIRED,MASTERS,SINGLE,BUSINESS,1
CUST-006472,23,129656.87,5,7636.34,60,20.40,540,0.4694,4,0,RETIRED,PHD,DIVORCED,PERSONAL,0
CUST-006473,33,109372.29,15,50871.92,24,19.18,353,0.2034,1,2,SELF_EMPLOYED,MASTERS,MARRIED,HOME,1
CUST-006474,39,161281.24,12,47797.67,12,5.40,586,0.5495,4,2,SELF_EMPLOYED,BACHELORS,MARRIED,AUTO,0
CUST-006475,59,146010.23,10,83181.84,36,7.57,578,0.2084,1,0,RETIRED,BACHELORS,DIVORCED,HOME,0
CUST-006476,58,45190.71,27,12810.85,60,13.89,459,0.2498,6,0,UNEMPLOYED,BACHELORS,MARRIED,EDUCATION,0
CUST-006477,68,161973.26,29,35093.08,48,8.42,543,0.0829,6,0,SELF_EMPLOYED,HIGH_SCHOOL,MARRIED,HOME,0
CUST-006478,44,20133.86,11,72328.25,36,15.22,847,0.5851,6,0,UNEMPLOYED,MASTERS,DIVORCED,PERSONAL,1
CUST-006479,29,42086.51,11,27776.57,48,12.57,731,0.5059,3,0,RETIRED,BACHELORS,DIVORCED,EDUCATION,0
CUST-006480,32,196693.50,14,45893.10,60,14.61,775,0.1221,2,1,RETIRED,BACHELORS,SINGLE,EDUCATION,0
CUST-006481,28,150731.82,1,44833.99,48,13.76,734,0.3960,6,0,RETIRED,BACHELORS,MARRIED,HOME,0
CUST-006482,59,95636.20,19,71371.01,12,22.49,486,0.6064,1,0,SALARIED,HIGH_SCHOOL,SINGLE,HOME,0
CUST-006483,21,98489.81,3,45663.56,60,10.44,344,0.6131,3,0,SELF_EMPLOYED,PHD,MARRIED,BUSINESS,0
CUST-006484,38,111867.03,20,75564.27,24,11.36,668,0.6722,2,0,UNEMPLOYED,MASTERS,SINGLE,AUTO,1
CUST-006485,64,30516.37,3,32589.45,48,8.45,847,0.1609,1,0,SELF_EMPLOYED,HIGH_SCHOOL,DIVORCED,HOME,0
CUST-006486,55,46396.66,29,7733.38,36,23.66,632,0.3656,3,1,UNEMPLOYED,BACHELORS,SINGLE,EDUCATION,1
CUST-006487,55,186445.63,11,56859.59,12,5.34,?,0.4054,6,0,SELF_EMPLOYED,PHD,SINGLE,AUTO,0
CUST-006488,34,126494.77,12,79639.93,60,6.98,687,0.1646,2,0,RETIRED,PHD,SINGLE,PERSONAL,1
CUST-006489,47,135256.24,11,55158.25,36,22.62,712,0.5480,1,0,SELF_EMPLOYED,MASTERS,SINGLE,PERSONAL,0
CUST-006490,50,81069.95,31,59108.34,12,13.55,431,0.5691,6,0,RETIRED,HIGH_SCHOOL,DIVORCED,EDUCATION,0
CUST-006491,66,110348.05,5,59998.14,48,21.30,708,0.1358,1,0,SELF_EMPLOYED,HIGH_SCHOOL,SINGLE,BUSINESS,0
CUST-006492,31,107386.23,13,10607.68,24,17.88,514,0.0962,5,0,SELF_EMPLOYED,BACHELORS,MARRIED,BUSINESS,0
CUST-006493,53,161505.66,9,56534.27,36,18.94,534,0.3397,4,0,UNEMPLOYED,BACHELORS,MARRIED,BUSINESS,1
CUST-006494,27,85472.85,9,24244.83,60,23.60,703,0.0804,3,0,SALARIED,MASTERS,DIVORCED,EDUCATION,0
CUST-006495,40,88045.84,4,9096.17,48,9.06,441,0.0981,0,0,RETIRED,PHD,MARRIED,BUSINESS,1
CUST-006496,38,173228.76,20,82917.52,36,14.54,446,0.6220,2,0,SALARIED,BACHELORS,DIVORCED,AUTO,0
CUST-006497,56,?,13,61605.96,36,12.93,588,0.4530,6,0,SALARIED,BACHELORS,SINGLE,PERSONAL,0
CUST-006498,45,25390.94,27,19163.46,36,13.67,679,0.6269,6,0,SALARIED,MASTERS,DIVORCED,EDUCATION,1
CUST-006499,62,178736.41,4,80847.36,24,17.96,739,0.1763,5,2,RETIRED,BACHELORS,MARRIED,HOME,1
CUST-006500,56,161014.70,22,60286.74,60,17.74,541,0.1090,0,0,SELF_EMPLOYED,HIGH_SCHOOL,SINGLE,EDUCATION,1
CUST-006501,57,30657.93,7,87242.91,12,23.99,393,0.6149,4,0,UNEMPLOYED,PHD,SINGLE,HOME,1
CUST-006502,32,95158.96,7,10546.25,36,22.05,516,0.5147,4,0,RETIRED,PHD,DIVORCED,EDUCATION,1
CUST-006503,39,107135.07,12,18996.50,12,10.10,503,0.0647,2,0,UNEMPLOYED,BACHELORS,SINGLE,PERSONAL,0
CUST-006504,59,199511.45,5,40716.77,48,6.75,485,0.6748,0,0,UNEMPLOYED,PHD,SINGLE,EDUCATION,1
CUST-006505,39,195118.32,5,88025.06,36,7.37,?,0.2813,0,0,SALARIED,BACHELORS,MARRIED,AUTO,0
CUST-006506,33,73350.31,9,36571.10,36,24.35,808,0.2622,1,0,UNEMPLOYED,PHD,SINGLE,BUSINESS,0
CUST-006507,27,111851.23,9,30950.19,36,19.75,505,0.6366,5,0,RETIRED,MASTERS,DIVORCED,HOME,1
CUST-006508,60,87642.81,18,64258.08,60,13.00,824,0.3420,4,0,SELF_EMPLOYED,HIGH_SCHOOL,MARRIED,HOME,0
CUST-006509,62,?,28,61609.37,24,6.10,573,0.2207,3,0,RETIRED,MASTERS,DIVORCED,HOME,0
CUST-006510,60,66783.40,30,72787.19,24,18.46,351,0.5523,3,0,UNEMPLOYED,PHD,SINGLE,PERSONAL,1
CUST-006511,67,31611.70,20,65469.88,24,21.60,801,0.4952,1,0,SELF_EMPLOYED,HIGH_SCHOOL,MARRIED,EDUCATION,0
CUST-006512,23,183609.08,3,56863.43,48,8.01,421,0.5197,5,0,SALARIED,MASTERS,DIVORCED,HOME,1
CUST-006513,29,132235.71,8,18526.95,24,16.44,547,0.4114,4,0,SALARIED,PHD,DIVORCED,EDUCATION,0
CUST-006514,26,170457.39,8,72662.78,24,22.30,630,0.6387,5,0,SELF_EMPLOYED,MASTERS,SINGLE,BUSINESS,0
CUST-006515,64,106943.34,26,65104.06,12,12.13,765,0.1674,1,0,UNEMPLOYED,HIGH_SCHOOL,DIVORCED,PERSONAL,0
CUST-006516,70,40140.21,11,7171.65,24,14.73,632,0.5482,5,0,UNEMPLOYED,MASTERS,MARRIED,HOME,1
CUST-006517,41,159486.27,23,3928.84,48,10.05,598,0.3814,1,0,UNEMPLOYED,HIGH_SCHOOL,SINGLE,PERSONAL,1
CUST-006518,23,119923.79,5,5672.41,24,23.21,711,0.5190,0,0,UNEMPLOYED,MASTERS,SINGLE,EDUCATION,1
CUST-006519,39,157216.15,2,40823.79,36,5.78,555,0.4438,2,0,RETIRED,PHD,DIVORCED,AUTO,0
CUST-006520,60,144387.48,23,32256.47,12,22.55,685,0.3398,1,0,UNEMPLOYED,MASTERS,MARRIED,EDUCATION,0
CUST-006521,27,176396.12,9,55163.76,36,10.74,503,0.6401,0,0,SELF_EMPLOYED,HIGH_SCHOOL,MARRIED,HOME,0
CUST-006522,32,168493.30,3,20026.51,36,11.64,431,0.3027,5,0,SELF_EMPLOYED,HIGH_SCHOOL,MARRIED,AUTO,0
CUST-006523,51,43880.92,4,58560.62,24,22.93,558,0.6460,1,0,SELF_EMPLOYED,BACHELORS,SINGLE,BUSINESS,1
CUST-006524,31,79375.16,1,85048.13,36,24.41,442,0.5576,1,0,SELF_EMPLOYED,HIGH_SCHOOL,DIVORCED,BUSINESS,1
CUST-006525,69,144419.93,29,43172.91,36,14.60,758,0.6043,1,2,RETIRED,BACHELORS,MARRIED,HOME,0
CUST-006526,68,48946.52,8,78564.57,36,15.30,661,0.5176,1,0,UNEMPLOYED,BACHELORS,MARRIED,BUSINESS,1
CUST-006527,45,111702.26,0,70448.95,12,5.42,799,0.5936,5,0,UNEMPLOYED,MASTERS,DIVORCED,AUTO,1
CUST-006528,69,189802.83,11,61881.76,36,23.42,397,0.1423,0,0,RETIRED,MASTERS,SINGLE,BUSINESS,1
CUST-006529,50,99952.99,3,68499.44,60,13.07,652,0.3964,3,0,SELF_EMPLOYED,BACHELORS,SINGLE,EDUCATION,1
CUST-006530,66,31405.07,17,11812.82,24,10.07,651,0.3713,2,0,RETIRED,BACHELORS,MARRIED,HOME,0
CUST-006531,23,23974.25,5,46989.51,12,22.98,481,0.4737,5,1,SELF_EMPLOYED,HIGH_SCHOOL,SINGLE,HOME,1
CUST-006532,28,63286.76,10,5518.17,48,9.43,774,0.4157,1,0,UNEMPLOYED,PHD,SINGLE,HOME,1
CUST-006533,53,166381.40,25,26610.02,24,20.31,845,0.5225,5,0,SALARIED,HIGH_SCHOOL,DIVORCED,EDUCATION,0
CUST-006534,33,152824.87,15,62418.28,48,7.30,530,0.1283,6,3,UNEMPLOYED,MASTERS,MARRIED,HOME,1
CUST-006535,51,34198.80,4,41297.26,24,13.02,691,0.3664,3,0,SALARIED,HIGH_SCHOOL,MARRIED,AUTO,1
CUST-006536,42,159710.31,10,29583.11,24,22.28,373,0.5209,5,0,UNEMPLOYED,HIGH_SCHOOL,DIVORCED,PERSONAL,1
CUST-006537,63,61236.00,12,67544.73,60,6.93,686,0.0839,6,0,SELF_EMPLOYED,PHD,DIVORCED,HOME,1
CUST-006538,62,129585.06,25,68788.05,60,9.68,391,0.6519,0,0,SALARIED,HIGH_SCHOOL,DIVORCED,BUSINESS,1
CUST-006539,63,33546.71,25,51135.82,36,8.07,540,0.3157,1,0,RETIRED,MASTERS,DIVORCED,HOME,1
CUST-006540,21,139252.91,3,17596.36,48,23.70,619,0.1042,1,0,RETIRED,PHD,MARRIED,EDUCATION,0
CUST-006541,31,152284.66,13,11146.53,60,6.06,730,0.5607,2,0,RETIRED,HIGH_SCHOOL,DIVORCED,HOME,0
CUST-006542,58,71536.33,25,42951.28,36,16.06,831,0.1491,4,0,SELF_EMPLOYED,HIGH_SCHOOL,DIVORCED,PERSONAL,1
CUST-006543,63,124379.89,13,78424.42,24,14.29,387,0.5208,0,0,SELF_EMPLOYED,HIGH_SCHOOL,DIVORCED,BUSINESS,1
CUST-006544,31,24136.28,5,26971.12,12,24.62,845,0.2647,5,0,SALARIED,PHD,SINGLE,EDUCATION,0
CUST-006545,59,131844.67,22,72050.36,24,11.65,824,0.6267,6,0,RETIRED,HIGH_SCHOOL,SINGLE,HOME,1
CUST-006546,25,188120.40,7,7768.15,36,11.06,459,0.4155,0,2,SALARIED,MASTERS,SINGLE,BUSINESS,1
CUST-006547,35,129502.90,17,13532.10,12,23.40,412,0.5707,2,0,RETIRED,MASTERS,SINGLE,HOME,1
CUST-006548,33,121427.19,15,63538.29,60,11.00,513,0.4724,5,0,UNEMPLOYED,PHD,SINGLE,AUTO,1
CUST-006549,37,142382.78,1,51583.81,36,13.23,329,0.3953,0,3,RETIRED,BACHELORS,MARRIED,HOME,1
CUST-006550,22,137432.72,4,61248.69,48,10.39,474,0.1749,5,0,SALARIED,HIGH_SCHOOL,MARRIED,AUTO,1
CUST-006551,39,86621.70,11,50013.67,12,6.39,844,0.6466,6,0,SELF_EMPLOYED,MASTERS,SINGLE,EDUCATION,0
CUST-006552,29,52919.16,11,34968.50,60,22.32,638,0.5635,4,0,SELF_EMPLOYED,HIGH_SCHOOL,DIVORCED,BUSINESS,1
CUST-006553,24,176998.01,6,30830.67,60,16.99,824,0.5872,0,0,RETIRED,PHD,DIVORCED,EDUCATION,0
CUST-006554,25,84826.80,7,71091.47,24,6.14,612,0.4575,2,0,SELF_EMPLOYED,HIGH_SCHOOL,SINGLE,HOME,1
CUST-006555,32,184230.73,14,75340.36,12,16.09,499,0.5609,0,0,UNEMPLOYED,MASTERS,SINGLE,EDUCATION,1
CUST-006556,41,48179.65,23,76464.71,12,18.29,629,0.3384,1,2,SELF_EMPLOYED,HIGH_SCHOOL,SINGLE,BUSINESS,1
CUST-006557,54,68570.60,4,30406.75,60,24.54,313,0.5509,0,0,UNEMPLOYED,BACHELORS,SINGLE,PERSONAL,1
CUST-006558,56,149136.80,20,33724.91,60,7.00,644,0.3604,6,0,SELF_EMPLOYED,HIGH_SCHOOL,DIVORCED,BUSINESS,0
CUST-006559,51,104943.83,33,12072.56,48,7.26,844,0.6684,0,0,SALARIED,HIGH_SCHOOL,MARRIED,PERSONAL,0
CUST-006560,40,70495.63,22,24119.85,48,12.92,385,0.5930,1,0,SALARIED,PHD,SINGLE,PERSONAL,0
CUST-006561,27,165219.09,9,72520.24,60,13.84,751,0.4764,3,0,SELF_EMPLOYED,PHD,SINGLE,AUTO,0
CUST-006562,37,169332.61,14,6972.73,48,17.69,527,0.1335,3,0,SELF_EMPLOYED,HIGH_SCHOOL,MARRIED,BUSINESS,0
CUST-006563,23,148088.70,5,32978.70,24,12.56,717,0.0965,2,2,SALARIED,HIGH_SCHOOL,MARRIED,EDUCATION,1
CUST-006564,69,26339.20,22,18026.40,12,15.08,514,0.6421,1,0,SELF_EMPLOYED,MASTERS,MARRIED,PERSONAL,1
CUST-006565,50,189078.76,9,24930.86,48,15.32,768,0.2570,2,0,SELF_EMPLOYED,PHD,DIVORCED,PERSONAL,1
CUST-006566,70,150299.66,33,11434.41,48,21.18,667,0.6289,3,2,UNEMPLOYED,PHD,DIVORCED,AUTO,1
CUST-006567,34,86542.39,16,73812.29,12,22.68,780,0.0682,6,0,RETIRED,BACHELORS,DIVORCED,PERSONAL,1
CUST-006568,53,91217.09,34,67268.81,48,18.60,601,0.5932,5,0,SALARIED,PHD,SINGLE,BUSINESS,1
CUST-006569,69,102616.58,4,39940.51,36,9.86,475,0.4400,2,0,SELF_EMPLOYED,HIGH_SCHOOL,SINGLE,HOME,0
CUST-006570,39,118006.00,21,35989.87,36,21.55,452,0.3938,3,0,RETIRED,PHD,MARRIED,EDUCATION,0
CUST-006571,42,186342.73,24,58040.82,24,10.32,618,0.5905,3,0,SELF_EMPLOYED,MASTERS,MARRIED,PERSONAL,1
CUST-006572,64,167680.45,34,35188.61,48,23.30,385,0.3837,4,0,SELF_EMPLOYED,MASTERS,DIVORCED,EDUCATION,0
CUST-006573,54,170570.35,16,65307.08,36,19.83,441,0.3501,1,0,RETIRED,MASTERS,MARRIED,PERSONAL,0
CUST-006574,40,127837.88,21,34280.17,60,6.51,703,0.1367,1,0,SELF_EMPLOYED,BACHELORS,SINGLE,HOME,0
CUST-006575,45,31057.24,27,51414.98,24,11.89,430,0.1832,1,0,RETIRED,PHD,DIVORCED,HOME,0
CUST-006576,42,184043.85,24,20663.33,24,18.10,418,0.5233,4,0,SELF_EMPLOYED,PHD,SINGLE,AUTO,0
CUST-006577,49,69501.29,30,69777.85,60,5.58,368,0.0795,5,0,UNEMPLOYED,BACHELORS,MARRIED,AUTO,1
CUST-006578,55,20939.78,21,36741.04,60,24.74,399,0.4347,5,0,RETIRED,MASTERS,DIVORCED,PERSONAL,0
CUST-006579,47,91459.23,29,68669.37,12,12.58,749,0.1592,0,0,SELF_EMPLOYED,BACHELORS,SINGLE,EDUCATION,0
CUST-006580,55,112381.73,33,30231.13,36,10.81,310,0.1494,0,0,SELF_EMPLOYED,BACHELORS,MARRIED,AUTO,0
CUST-006581,59,136228.40,15,42039.85,12,9.34,515,0.5483,6,1,RETIRED,MASTERS,SINGLE,EDUCATION,0
CUST-006582,47,139328.26,19,28203.91,36,5.88,545,0.1584,0,0,SALARIED,PHD,SINGLE,PERSONAL,1
CUST-006583,24,59332.55,6,24026.58,60,9.22,372,0.1698,6,0,SALARIED,BACHELORS,DIVORCED,HOME,1
CUST-006584,26,192983.59,8,58370.71,24,21.26,466,0.4274,6,0,SELF_EMPLOYED,MASTERS,MARRIED,PERSONAL,0
CUST-006585,36,134740.61,18,75032.31,36,20.52,669,0.4652,0,1,UNEMPLOYED,MASTERS,MARRIED,BUSINESS,1
CUST-006586,57,173242.61,5,37020.71,48,10.72,619,0.3181,2,0,SALARIED,MASTERS,DIVORCED,AUTO,0
CUST-006587,38,151367.33,20,71745.87,60,9.53,702,0.4938,6,0,SELF_EMPLOYED,PHD,SINGLE,BUSINESS,1
CUST-006588,44,160002.63,2,54970.29,24,23.06,739,0.5623,0,0,UNEMPLOYED,BACHELORS,SINGLE,PERSONAL,1
CUST-006589,24,57211.55,6,73022.50,24,17.85,736,0.2605,4,0,RETIRED,MASTERS,SINGLE,HOME,1
CUST-006590,61,105160.40,14,38473.67,48,7.87,827,0.5009,0,0,RETIRED,MASTERS,MARRIED,EDUCATION,0
CUST-006591,24,162181.12,6,48408.25,12,6.47,474,0.4800,5,0,RETIRED,PHD,DIVORCED,EDUCATION,0
CUST-006592,35,142929.68,17,13548.56,48,17.35,365,0.5746,3,0,RETIRED,BACHELORS,MARRIED,AUTO,0
CUST-006593,31,?,13,77262.46,60,18.61,467,0.4852,0,0,RETIRED,PHD,MARRIED,BUSINESS,1
CUST-006594,56,97474.24,9,52201.14,36,19.95,652,0.6352,5,0,SELF_EMPLOYED,PHD,MARRIED,BUSINESS,1
CUST-006595,23,110981.85,5,33063.64,60,6.38,362,0.4728,0,0,SELF_EMPLOYED,PHD,DIVORCED,EDUCATION,0
CUST-006596,54,118879.56,31,87805.73,48,19.17,356,0.0770,2,0,SALARIED,HIGH_SCHOOL,SINGLE,AUTO,0
CUST-006597,32,31725.36,14,71325.50,12,14.62,631,0.2976,6,0,SALARIED,PHD,MARRIED,PERSONAL,0
CUST-006598,37,95494.00,6,36565.36,48,20.45,355,0.2196,6,0,SALARIED,MASTERS,SINGLE,PERSONAL,0
CUST-006599,26,20062.32,8,84597.77,12,15.81,470,0.1659,6,0,RETIRED,BACHELORS,MARRIED,HOME,1
CUST-006600,56,165904.78,12,53317.53,60,19.49,691,0.5657,5,0,SALARIED,HIGH_SCHOOL,MARRIED,AUTO,0
CUST-006601,36,44375.05,2,18714.08,60,10.35,337,0.6312,3,0,SALARIED,HIGH_SCHOOL,MARRIED,BUSINESS,0
CUST-006602,27,188615.51,6,48811.41,48,7.87,823,0.6789,1,0,SELF_EMPLOYED,MASTERS,DIVORCED,PERSONAL,0
CUST-006603,21,105345.70,3,47793.59,24,23.25,305,0.4307,2,0,SELF_EMPLOYED,BACHELORS,DIVORCED,AUTO,1
CUST-006604,37,79789.38,19,9685.54,12,9.94,799,0.5672,0,0,SELF_EMPLOYED,BACHELORS,SINGLE,EDUCATION,0
CUST-006605,60,125145.87,4,59096.85,60,16.49,575,0.6380,0,0,SELF_EMPLOYED,BACHELORS,DIVORCED,AUTO,0
CUST-006606,51,28492.61,32,64572.99,24,24.99,519,0.2439,0,0,SALARIED,PHD,DIVORCED,EDUCATION,1
CUST-006607,26,123021.20,8,6042.70,48,6.97,717,0.4036,2,0,SALARIED,PHD,DIVORCED,HOME,0
CUST-006608,46,73811.55,28,83471.85,36,19.38,720,0.6336,2,0,RETIRED,MASTERS,MARRIED,BUSINESS,1
CUST-006609,58,97828.26,13,53062.09,12,22.77,361,0.5358,0,0,RETIRED,MASTERS,SINGLE,AUTO,0
CUST-006610,58,72039.73,23,42529.02,60,7.94,347,0.6142,0,0,SELF_EMPLOYED,MASTERS,MARRIED,AUTO,1
CUST-006611,30,64937.37,12,52630.61,48,19.97,539,0.4374,6,0,RETIRED,MASTERS,SINGLE,AUTO,1
CUST-006612,61,158560.91,13,35806.55,36,12.60,767,0.5829,5,0,SELF_EMPLOYED,BACHELORS,MARRIED,PERSONAL,0
CUST-006613,67,179026.01,26,68128.50,60,6.17,651,0.5498,6,1,RETIRED,MASTERS,DIVORCED,EDUCATION,0
CUST-006614,49,143002.48,26,6591.59,36,24.49,432,0.2265,3,0,SELF_EMPLOYED,PHD,DIVORCED,HOME,1
CUST-006615,50,172799.38,7,77961.81,36,17.20,625,0.2239,6,0,RETIRED,BACHELORS,MARRIED,AUTO,0
CUST-006616,51,145947.51,33,8861.21,12,6.52,765,0.4308,5,0,UNEMPLOYED,PHD,DIVORCED,EDUCATION,0
CUST-006617,22,167633.61,4,42803.48,12,20.93,328,0.2707,5,0,SELF_EMPLOYED,PHD,SINGLE,AUTO,1
CUST-006618,54,52114.89,23,53665.96,24,22.17,783,0.5626,4,0,SELF_EMPLOYED,BACHELORS,SINGLE,BUSINESS,1
CUST-006619,46,174995.22,25,43223.38,36,17.20,669,0.2390,3,0,RETIRED,BACHELORS,MARRIED,EDUCATION,0
CUST-006620,41,101055.37,3,23096.70,60,12.38,744,0.4744,5,0,SALARIED,HIGH_SCHOOL,MARRIED,BUSINESS,0
CUST-006621,24,18161.63,6,23299.15,36,18.84,439,0.3621,6,0,SELF_EMPLOYED,PHD,DIVORCED,HOME,1
CUST-006622,34,107235.75,15,13697.08,12,19.90,357,0.3602,5,0,RETIRED,BACHELORS,SINGLE,PERSONAL,0
CUST-006623,61,102499.63,26,87016.74,48,10.08,605,0.4289,4,0,SALARIED,HIGH_SCHOOL,MARRIED,HOME,0
CUST-006624,36,156178.22,18,50319.18,12,8.56,326,0.4913,2,0,SELF_EMPLOYED,HIGH_SCHOOL,MARRIED,AUTO,0
CUST-006625,37,175447.52,19,17951.71,60,10.59,380,0.3886,5,1,SALARIED,BACHELORS,MARRIED,HOME,0
CUST-006626,47,?,23,18909.07,12,9.33,654,0.0682,3,2,RETIRED,HIGH_SCHOOL,MARRIED,PERSONAL,1
CUST-006627,30,198846.97,12,15225.65,24,19.34,736,0.1683,0,1,SALARIED,PHD,MARRIED,HOME,0
CUST-006628,62,60814.36,4,28037.83,48,9.16,331,0.4593,4,0,SALARIED,BACHELORS,MARRIED,EDUCATION,0
CUST-006629,49,89258.80,28,77823.96,36,17.49,386,0.4943,4,0,SELF_EMPLOYED,MASTERS,SINGLE,EDUCATION,0
CUST-006630,32,76774.55,5,25437.46,24,6.37,458,0.4387,0,0,RETIRED,BACHELORS,MARRIED,HOME,1
CUST-006631,60,29431.89,4,70887.83,60,5.04,655,0.5564,0,0,SELF_EMPLOYED,PHD,SINGLE,AUTO,0
CUST-006632,28,28611.20,10,89024.47,48,10.97,664,0.6464,3,1,SALARIED,BACHELORS,DIVORCED,EDUCATION,1
CUST-006633,48,186504.10,1,35888.98,60,17.07,335,0.5661,1,0,SELF_EMPLOYED,BACHELORS,MARRIED,HOME,1
CUST-006634,40,88033.73,22,71900.62,48,17.00,697,0.2229,0,0,SALARIED,PHD,DIVORCED,BUSINESS,0
CUST-006635,65,136417.38,3,34208.83,60,5.82,787,0.3414,0,0,SELF_EMPLOYED,MASTERS,DIVORCED,AUTO,0
CUST-006636,22,83933.76,?,73207.13,36,20.61,566,0.6323,3,0,SELF_EMPLOYED,MASTERS,SINGLE,PERSONAL,1
CUST-006637,22,176151.70,4,61113.47,48,19.40,481,0.5591,0,0,SELF_EMPLOYED,HIGH_SCHOOL,SINGLE,BUSINESS,1
CUST-006638,27,36796.57,1,45505.91,12,12.21,775,0.1196,0,0,SALARIED,PHD,SINGLE,BUSINESS,1
CUST-006639,54,?,10,74225.66,36,6.76,609,0.6856,3,0,SELF_EMPLOYED,MASTERS,MARRIED,EDUCATION,0
CUST-006640,43,40549.82,10,44279.75,24,19.37,424,0.1692,1,0,RETIRED,HIGH_SCHOOL,SINGLE,EDUCATION,0
CUST-006641,49,79125.77,10,64416.53,12,5.84,420,0.1320,2,0,RETIRED,HIGH_SCHOOL,DIVORCED,AUTO,0
CUST-006642,45,48480.78,1,71849.84,48,24.37,598,0.3301,1,0,RETIRED,HIGH_SCHOOL,MARRIED,PERSONAL,0
CUST-006643,51,82782.95,32,71754.39,60,12.30,593,0.4872,4,0,RETIRED,MASTERS,DIVORCED,BUSINESS,1
CUST-006644,68,92992.25,12,40342.77,48,21.86,403,0.0592,6,0,RETIRED,PHD,MARRIED,HOME,1
CUST-006645,47,86049.59,4,26101.88,60,14.85,734,0.4010,2,0,SALARIED,PHD,DIVORCED,PERSONAL,1
CUST-006646,56,73226.99,21,30122.68,24,12.09,576,0.6410,2,0,SELF_EMPLOYED,HIGH_SCHOOL,DIVORCED,PERSONAL,1
CUST-006647,24,165213.49,0,38602.02,36,18.12,395,0.3774,0,0,SELF_EMPLOYED,BACHELORS,MARRIED,BUSINESS,0
CUST-006648,24,32265.99,6,83500.60,60,9.40,533,0.4555,4,0,SALARIED,PHD,SINGLE,EDUCATION,1
CUST-006649,48,128284.01,10,83413.40,60,24.10,743,0.6408,3,0,RETIRED,PHD,SINGLE,HOME,1
CUST-006650,55,87619.92,25,83698.41,12,18.31,538,0.4808,1,0,SELF_EMPLOYED,BACHELORS,SINGLE,PERSONAL,1
CUST-006651,26,173656.69,8,69626.77,12,7.00,625,0.2424,0,0,SALARIED,HIGH_SCHOOL,DIVORCED,PERSONAL,0
CUST-006652,21,118477.20,3,64345.97,60,10.65,597,0.1587,0,0,RETIRED,HIGH_SCHOOL,DIVORCED,PERSONAL,0
CUST-006653,63,100615.48,6,17693.70,24,6.24,641,0.5473,1,0,UNEMPLOYED,HIGH_SCHOOL,DIVORCED,HOME,0
CUST-006654,62,97839.99,17,83178.00,36,13.40,475,0.3379,5,0,UNEMPLOYED,MASTERS,MARRIED,BUSINESS,0
CUST-006655,57,29692.71,31,8329.06,36,9.31,617,0.6882,5,0,SELF_EMPLOYED,BACHELORS,DIVORCED,EDUCATION,0
CUST-006656,45,123135.84,15,37937.27,60,20.24,749,0.6271,2,3,SALARIED,BACHELORS,DIVORCED,AUTO,1
CUST-006657,67,87995.27,16,31887.46,36,5.88,697,0.6231,1,0,RETIRED,PHD,SINGLE,PERSONAL,0
CUST-006658,70,141252.57,1,47832.94,24,9.00,640,0.5769,3,0,SELF_EMPLOYED,MASTERS,SINGLE,HOME,0
CUST-006659,58,132647.04,33,23301.00,36,19.57,488,0.4697,6,0,UNEMPLOYED,PHD,DIVORCED,BUSINESS,1
CUST-006660,37,31262.51,3,43770.84,60,18.75,467,0.4869,6,0,SELF_EMPLOYED,PHD,SINGLE,AUTO,0
CUST-006661,67,53794.12,24,12998.02,12,13.46,686,0.2395,4,0,RETIRED,MASTERS,DIVORCED,EDUCATION,0
CUST-006662,70,191983.56,6,21661.88,60,11.60,729,0.5939,1,0,RETIRED,MASTERS,SINGLE,PERSONAL,0
CUST-006663,44,93065.82,1,21306.24,60,10.34,410,0.3966,5,0,SALARIED,HIGH_SCHOOL,MARRIED,AUTO,1
CUST-006664,60,88348.29,28,23406.11,36,17.37,685,0.5100,3,0,RETIRED,PHD,MARRIED,HOME,1
CUST-006665,24,98558.00,6,17183.12,36,7.60,719,0.4352,2,0,RETIRED,BACHELORS,SINGLE,HOME,1
CUST-006666,29,94799.73,0,32762.18,48,8.81,842,0.0612,4,0,RETIRED,MASTERS,MARRIED,EDUCATION,0
CUST-006667,39,177042.57,15,18573.36,60,14.98,410,0.1986,1,0,SALARIED,BACHELORS,MARRIED,HOME,0
CUST-006668,34,34265.60,15,46924.92,60,23.69,319,0.5016,2,0,SALARIED,BACHELORS,DIVORCED,AUTO,1
CUST-006669,34,140711.21,16,45952.71,60,13.23,517,0.2727,0,0,SALARIED,PHD,SINGLE,AUTO,0
CUST-006670,24,138964.15,6,42832.89,24,6.18,424,0.5157,5,3,SALARIED,MASTERS,DIVORCED,BUSINESS,1
CUST-006671,30,70865.19,5,88065.11,48,18.30,661,0.1573,3,3,SELF_EMPLOYED,PHD,DIVORCED,PERSONAL,0
CUST-006672,59,91645.09,5,37373.29,60,19.93,600,0.3266,1,0,UNEMPLOYED,PHD,MARRIED,HOME,0
CUST-006673,55,?,33,19772.15,60,24.02,553,0.3469,4,0,SELF_EMPLOYED,PHD,MARRIED,AUTO,0
CUST-006674,66,46307.85,11,31369.48,48,6.69,773,0.1375,0,0,RETIRED,HIGH_SCHOOL,SINGLE,BUSINESS,0
CUST-006675,69,96423.09,18,7472.88,36,22.05,375,0.5448,3,0,RETIRED,HIGH_SCHOOL,MARRIED,PERSONAL,1
CUST-006676,32,97613.49,14,83859.14,60,20.85,530,0.0596,2,0,RETIRED,PHD,SINGLE,HOME,1
CUST-006677,67,166796.34,27,81060.73,36,8.64,416,0.6790,4,0,SELF_EMPLOYED,HIGH_SCHOOL,SINGLE,PERSONAL,1
CUST-006678,59,125643.17,12,37639.44,60,7.48,627,0.3795,1,0,SALARIED,BACHELORS,MARRIED,BUSINESS,0
CUST-006679,69,134877.58,8,67493.49,60,10.89,660,0.6116,4,0,UNEMPLOYED,PHD,MARRIED,HOME,1
CUST-006680,68,30766.00,17,63672.21,60,17.71,653,0.3238,1,0,UNEMPLOYED,HIGH_SCHOOL,SINGLE,PERSONAL,1
CUST-006681,46,123603.63,16,24274.15,60,17.69,460,0.3194,5,0,SALARIED,BACHELORS,DIVORCED,EDUCATION,0
CUST-006682,49,68823.13,31,85466.67,48,17.56,359,0.5305,4,0,UNEMPLOYED,HIGH_SCHOOL,MARRIED,PERSONAL,0
CUST-006683,43,68778.03,2,77478.15,60,15.27,569,0.1469,2,3,RETIRED,HIGH_SCHOOL,SINGLE,AUTO,1
CUST-006684,69,72215.34,15,6496.02,36,5.43,612,0.5280,1,0,SELF_EMPLOYED,MASTERS,SINGLE,BUSINESS,0
CUST-006685,62,172115.09,14,29369.00,60,13.47,466,0.6580,6,0,UNEMPLOYED,HIGH_SCHOOL,DIVORCED,AUTO,0
CUST-006686,34,187296.95,16,74819.17,60,13.81,411,0.5405,5,0,SALARIED,BACHELORS,DIVORCED,EDUCATION,1
CUST-006687,24,91124.46,6,46672.75,48,24.83,778,0.6108,5,0,RETIRED,MASTERS,SINGLE,PERSONAL,0
CUST-006688,51,166363.59,13,84194.35,36,14.91,555,0.5319,1,0,SELF_EMPLOYED,HIGH_SCHOOL,SINGLE,AUTO,0
CUST-006689,50,24267.46,32,61523.46,24,18.89,566,0.2376,5,0,SALARIED,PHD,MARRIED,HOME,0
CUST-006690,35,172293.15,9,85983.61,60,22.41,617,0.1345,4,0,SALARIED,PHD,MARRIED,HOME,1
CUST-006691,35,165647.74,2,49546.02,36,7.84,790,0.1780,6,0,SELF_EMPLOYED,HIGH_SCHOOL,DIVORCED,BUSINESS,0
CUST-006692,23,91913.64,5,75943.13,60,11.07,835,0.5839,1,1,SALARIED,PHD,DIVORCED,BUSINESS,1
CUST-006693,62,60801.19,14,9508.47,36,15.48,543,0.0825,1,0,RETIRED,HIGH_SCHOOL,DIVORCED,EDUCATION,1
CUST-006694,50,151856.33,26,38178.43,24,10.37,598,0.0547,6,0,RETIRED,PHD,DIVORCED,AUTO,0
CUST-006695,66,47947.06,19,19848.35,48,22.92,661,0.2795,3,0,SALARIED,PHD,SINGLE,PERSONAL,0
CUST-006696,41,35896.68,21,11748.10,12,9.61,744,0.2193,0,0,RETIRED,PHD,MARRIED,BUSINESS,0
CUST-006697,29,41551.94,11,54228.15,24,21.69,?,0.2474,3,0,RETIRED,PHD,MARRIED,HOME,0
CUST-006698,64,54713.04,19,22182.42,36,16.72,798,0.2534,3,2,RETIRED,PHD,MARRIED,PERSONAL,1
CUST-006699,52,103121.25,1,55150.19,12,22.89,444,0.6354,6,3,UNEMPLOYED,MASTERS,MARRIED,EDUCATION,1
CUST-006700,35,36414.80,5,60452.14,24,20.00,486,0.6099,0,0,SELF_EMPLOYED,BACHELORS,DIVORCED,PERSONAL,0
CUST-006701,21,73883.56,3,81365.85,48,24.75,335,0.4073,1,0,SALARIED,BACHELORS,MARRIED,BUSINESS,0
CUST-006702,55,38544.13,30,14589.10,12,6.41,300,0.3173,0,0,RETIRED,BACHELORS,MARRIED,AUTO,0
CUST-006703,61,123839.37,2,41109.29,12,5.50,314,0.2764,3,0,SALARIED,HIGH_SCHOOL,DIVORCED,EDUCATION,0
CUST-006704,42,40997.51,20,84561.45,36,19.10,503,0.3007,6,0,SALARIED,PHD,DIVORCED,PERSONAL,1
CUST-006705,53,144486.34,2,24258.80,60,9.32,359,0.3162,0,0,SALARIED,MASTERS,SINGLE,BUSINESS,1
CUST-006706,66,83761.00,28,84401.37,60,5.45,575,0.6089,2,0,UNEMPLOYED,PHD,DIVORCED,PERSONAL,1
CUST-006707,57,90989.41,32,8045.39,60,11.35,744,0.1208,2,0,RETIRED,PHD,DIVORCED,PERSONAL,0
CUST-006708,28,39334.72,10,36018.22,24,13.88,802,0.2454,3,3,SELF_EMPLOYED,PHD,DIVORCED,BUSINESS,1
CUST-006709,70,198132.58,25,42060.85,48,5.79,443,0.3620,2,2,SALARIED,MASTERS,DIVORCED,AUTO,0
CUST-006710,31,33961.81,3,55014.14,48,8.30,718,0.5058,6,0,RETIRED,MASTERS,SINGLE,HOME,0
CUST-006711,38,175587.76,20,88020.01,24,22.84,674,0.4354,4,0,UNEMPLOYED,PHD,MARRIED,PERSONAL,1
CUST-006712,65,140569.35,28,71135.54,36,14.17,801,0.6381,1,0,RETIRED,HIGH_SCHOOL,DIVORCED,BUSINESS,1
CUST-006713,25,93588.75,7,55522.41,48,8.32,369,0.3051,5,0,SALARIED,PHD,SINGLE,HOME,0
CUST-006714,37,109630.49,6,83448.07,60,16.14,344,0.6668,0,0,UNEMPLOYED,BACHELORS,DIVORCED,BUSINESS,0
CUST-006715,49,130672.87,11,84758.71,24,23.77,442,0.1910,0,0,SELF_EMPLOYED,MASTERS,DIVORCED,AUTO,0
CUST-006716,49,180362.03,25,43133.15,60,20.12,567,0.2996,5,1,SELF_EMPLOYED,BACHELORS,SINGLE,PERSONAL,1
CUST-006717,43,123391.00,16,80204.95,60,8.44,785,0.1881,2,0,UNEMPLOYED,BACHELORS,MARRIED,EDUCATION,0
CUST-006718,45,146315.37,1,68089.51,12,20.92,582,0.3563,0,0,SALARIED,MASTERS,MARRIED,HOME,0
CUST-006719,31,27185.29,13,4963.77,12,20.14,341,0.3681,2,0,SELF_EMPLOYED,PHD,MARRIED,AUTO,0
CUST-006720,62,130518.57,11,80944.40,48,19.87,601,0.4731,3,0,SALARIED,HIGH_SCHOOL,SINGLE,AUTO,1
CUST-006721,56,72284.20,5,23738.84,36,6.14,616,0.1809,1,0,UNEMPLOYED,PHD,DIVORCED,AUTO,0
CUST-006722,53,?,3,12420.28,24,13.82,329,0.0985,6,0,RETIRED,PHD,MARRIED,AUTO,0
CUST-006723,35,55910.93,17,8894.71,36,19.71,558,0.2918,6,2,RETIRED,BACHELORS,MARRIED,BUSINESS,1
CUST-006724,44,42301.12,8,89896.13,24,14.86,782,0.2259,6,0,SELF_EMPLOYED,PHD,MARRIED,AUTO,1
CUST-006725,44,158832.64,3,81532.57,36,7.77,518,0.6130,6,0,UNEMPLOYED,HIGH_SCHOOL,DIVORCED,BUSINESS,0
CUST-006726,56,74710.02,30,6516.55,48,18.74,?,0.4177,2,0,SALARIED,BACHELORS,SINGLE,PERSONAL,0
CUST-006727,42,64081.92,16,69290.38,12,20.95,706,0.5886,6,2,SALARIED,MASTERS,MARRIED,PERSONAL,1
CUST-006728,64,22867.60,23,73943.00,60,22.56,797,0.6520,5,0,SALARIED,HIGH_SCHOOL,DIVORCED,EDUCATION,0
CUST-006729,55,58482.34,27,33506.60,48,10.47,752,0.4627,1,0,UNEMPLOYED,HIGH_SCHOOL,MARRIED,EDUCATION,1
CUST-006730,25,154103.28,7,71822.12,36,24.37,816,0.6958,2,0,SALARIED,MASTERS,MARRIED,BUSINESS,0
CUST-006731,51,72111.98,1,78282.11,12,15.55,758,0.0950,4,0,RETIRED,PHD,SINGLE,AUTO,0
CUST-006732,25,162772.15,7,71992.39,12,10.75,845,0.6518,3,0,SELF_EMPLOYED,HIGH_SCHOOL,SINGLE,HOME,1
CUST-006733,32,150504.97,14,51929.08,60,17.55,307,0.3624,5,0,SELF_EMPLOYED,PHD,MARRIED,EDUCATION,1
CUST-006734,21,186107.90,3,48860.21,60,11.05,679,0.6738,5,0,SELF_EMPLOYED,BACHELORS,SINGLE,BUSINESS,1
CUST-006735,38,41961.64,5,46226.77,36,8.51,731,0.4347,2,0,SALARIED,HIGH_SCHOOL,MARRIED,EDUCATION,0
CUST-006736,44,123652.57,26,72956.53,12,22.12,662,0.6332,4,0,RETIRED,MASTERS,MARRIED,AUTO,0
CUST-006737,62,56721.35,25,26605.53,12,9.02,620,0.1156,4,0,SALARIED,HIGH_SCHOOL,MARRIED,PERSONAL,0
CUST-006738,53,197568.91,18,15342.16,24,5.42,448,0.3830,3,0,UNEMPLOYED,BACHELORS,SINGLE,HOME,1
CUST-006739,21,147529.31,3,22354.69,24,8.46,544,0.5241,6,0,RETIRED,MASTERS,SINGLE,BUSINESS,0
CUST-006740,56,24214.26,14,28700.11,36,17.32,397,0.4625,1,3,SELF_EMPLOYED,MASTERS,MARRIED,HOME,1
CUST-006741,28,194932.75,10,38442.10,36,12.13,322,0.4486,3,0,SELF_EMPLOYED,MASTERS,DIVORCED,PERSONAL,0
CUST-006742,22,51786.16,4,8895.26,12,5.40,636,0.5047,3,0,SELF_EMPLOYED,BACHELORS,MARRIED,PERSONAL,1
CUST-006743,52,41201.78,0,72014.16,36,9.67,442,0.0549,5,0,RETIRED,BACHELORS,SINGLE,EDUCATION,1
CUST-006744,21,?,3,65863.09,24,17.82,834,0.2701,4,0,SELF_EMPLOYED,HIGH_SCHOOL,DIVORCED,EDUCATION,1
CUST-006745,67,143453.97,30,6628.73,48,16.15,733,0.0621,5,0,UNEMPLOYED,BACHELORS,SINGLE,PERSONAL,0
CUST-006746,49,127868.80,15,81470.60,48,22.70,383,0.2083,2,2,RETIRED,MASTERS,DIVORCED,EDUCATION,1
CUST-006747,50,64565.20,1,32313.31,60,18.20,480,0.1769,4,0,UNEMPLOYED,HIGH_SCHOOL,MARRIED,PERSONAL,1
CUST-006748,59,144735.72,8,43309.85,36,21.61,315,0.5713,1,0,SELF_EMPLOYED,HIGH_SCHOOL,MARRIED,AUTO,0
CUST-006749,46,67407.37,20,52731.87,12,8.35,468,0.4453,0,0,SALARIED,MASTERS,MARRIED,BUSINESS,0
CUST-006750,68,49370.95,32,17648.66,48,10.96,518,0.2019,4,1,UNEMPLOYED,MASTERS,DIVORCED,PERSONAL,1
CUST-006751,25,48329.63,7,33334.30,48,17.02,441,0.2483,2,0,RETIRED,PHD,MARRIED,AUTO,1
CUST-006752,60,195113.47,29,17737.00,36,15.04,680,0.4510,4,0,SALARIED,MASTERS,DIVORCED,PERSONAL,0
CUST-006753,34,34256.72,2,15010.26,24,5.46,487,0.3876,5,0,SALARIED,BACHELORS,SINGLE,HOME,1
CUST-006754,27,98910.50,9,27661.98,24,22.24,552,0.0709,5,0,RETIRED,HIGH_SCHOOL,SINGLE,PERSONAL,0
CUST-006755,22,83415.17,4,26046.11,36,11.36,325,0.0748,5,0,SELF_EMPLOYED,BACHELORS,MARRIED,PERSONAL,0
CUST-006756,29,194496.93,11,89888.98,24,13.13,365,0.4806,0,0,RETIRED,HIGH_SCHOOL,DIVORCED,PERSONAL,1
CUST-006757,70,120328.23,29,54596.75,36,9.86,717,0.1819,1,0,SALARIED,MASTERS,MARRIED,AUTO,0
CUST-006758,23,29119.78,5,34291.60,24,9.63,405,0.3280,4,0,UNEMPLOYED,HIGH_SCHOOL,DIVORCED,HOME,0
CUST-006759,37,44653.71,3,12760.52,48,9.35,302,0.4935,6,0,SELF_EMPLOYED,PHD,SINGLE,AUTO,1
CUST-006760,47,40953.27,7,17557.36,36,18.38,762,0.5070,1,0,SALARIED,BACHELORS,MARRIED,PERSONAL,0
CUST-006761,63,166967.59,9,41024.38,60,20.91,677,0.4287,2,0,SELF_EMPLOYED,BACHELORS,DIVORCED,HOME,1
CUST-006762,44,42863.46,22,47881.05,60,23.26,517,0.4694,6,0,SALARIED,MASTERS,DIVORCED,HOME,0
CUST-006763,66,144750.51,33,45702.60,36,7.73,414,0.1051,0,0,SALARIED,HIGH_SCHOOL,SINGLE,BUSINESS,0
CUST-006764,39,164968.83,15,16135.10,24,12.52,473,0.3215,0,2,SELF_EMPLOYED,PHD,DIVORCED,BUSINESS,1
CUST-006765,24,90220.37,6,3234.70,48,18.65,482,0.5763,2,0,SALARIED,HIGH_SCHOOL,DIVORCED,HOME,1
CUST-006766,42,157145.01,11,33061.44,60,13.85,530,0.2095,2,0,RETIRED,HIGH_SCHOOL,MARRIED,BUSINESS,1
CUST-006767,24,138152.53,6,5381.16,24,10.35,306,0.2723,1,2,RETIRED,MASTERS,MARRIED,EDUCATION,1
CUST-006768,23,118156.22,5,22811.86,48,6.24,413,0.6227,3,1,RETIRED,HIGH_SCHOOL,MARRIED,HOME,1
CUST-006769,62,24772.94,2,28718.41,36,20.21,678,0.2592,5,1,SELF_EMPLOYED,PHD,DIVORCED,HOME,0
CUST-006770,42,?,14,60958.54,24,6.46,320,0.0883,4,3,SELF_EMPLOYED,HIGH_SCHOOL,DIVORCED,EDUCATION,1
CUST-006771,21,179233.27,1,50218.46,48,11.95,450,0.2756,6,0,RETIRED,PHD,MARRIED,PERSONAL,1
CUST-006772,28,71820.21,9,55422.74,36,7.27,320,0.1775,4,0,UNEMPLOYED,BACHELORS,SINGLE,HOME,1
CUST-006773,53,165501.48,3,65320.93,48,16.44,632,0.6700,0,0,SELF_EMPLOYED,PHD,SINGLE,BUSINESS,0
CUST-006774,59,47561.34,30,19661.58,60,22.04,724,0.4727,0,0,SALARIED,PHD,MARRIED,PERSONAL,1
CUST-006775,38,65143.10,15,30993.48,36,23.76,316,0.0912,0,0,RETIRED,MASTERS,MARRIED,BUSINESS,0
CUST-006776,47,126284.91,22,45976.39,36,18.95,452,0.6000,5,0,SALARIED,HIGH_SCHOOL,SINGLE,PERSONAL,0
CUST-006777,63,111730.85,20,41998.73,48,10.16,304,0.3699,3,0,SELF_EMPLOYED,BACHELORS,SINGLE,HOME,1
CUST-006778,30,196355.97,12,66039.07,24,5.14,554,0.1646,0,0,RETIRED,PHD,MARRIED,BUSINESS,0
CUST-006779,32,23275.22,11,13424.25,60,10.34,332,0.0830,0,0,RETIRED,HIGH_SCHOOL,DIVORCED,BUSINESS,0
CUST-006780,43,25478.05,5,76023.84,12,8.36,422,0.5184,6,0,UNEMPLOYED,BACHELORS,DIVORCED,PERSONAL,1
CUST-006781,62,98508.73,5,64259.29,12,5.07,487,0.4384,1,3,UNEMPLOYED,HIGH_SCHOOL,DIVORCED,AUTO,1
CUST-006782,27,72606.75,9,15637.16,12,15.56,390,0.2485,2,2,RETIRED,MASTERS,DIVORCED,PERSONAL,0
CUST-006783,57,?,13,10796.37,60,18.84,479,0.0695,0,0,SELF_EMPLOYED,PHD,SINGLE,BUSINESS,0
CUST-006784,54,190535.25,8,27766.89,48,15.62,689,0.1669,4,0,SELF_EMPLOYED,BACHELORS,MARRIED,PERSONAL,0
CUST-006785,57,114594.43,20,11628.88,12,22.71,634,0.2591,6,0,RETIRED,HIGH_SCHOOL,SINGLE,AUTO,0
CUST-006786,66,182446.28,28,6243.24,60,9.71,375,0.6166,6,0,UNEMPLOYED,BACHELORS,MARRIED,BUSINESS,1
CUST-006787,41,100781.61,23,81051.75,60,15.40,465,0.4009,5,0,RETIRED,BACHELORS,SINGLE,PERSONAL,1
CUST-006788,63,43376.73,2,58909.72,36,20.00,466,0.3175,5,0,RETIRED,PHD,SINGLE,BUSINESS,1
CUST-006789,29,173668.71,11,32491.06,36,6.67,664,0.5833,5,0,SELF_EMPLOYED,PHD,MARRIED,PERSONAL,0
CUST-006790,27,179779.98,9,50257.56,24,22.34,626,0.2019,1,1,RETIRED,MASTERS,SINGLE,AUTO,1
CUST-006791,55,139979.24,26,68326.34,48,11.80,737,0.0586,4,0,SALARIED,BACHELORS,MARRIED,EDUCATION,0
CUST-006792,70,152118.30,9,38210.50,48,7.52,351,0.4352,0,0,SELF_EMPLOYED,HIGH_SCHOOL,SINGLE,EDUCATION,0
CUST-006793,55,78337.56,10,35743.60,24,16.11,708,0.1825,3,0,RETIRED,MASTERS,MARRIED,EDUCATION,1
CUST-006794,34,94958.80,14,22670.45,36,11.91,477,0.1335,6,0,SALARIED,HIGH_SCHOOL,SINGLE,BUSINESS,1
CUST-006795,26,184114.92,8,15753.02,12,8.25,718,0.1285,3,0,SELF_EMPLOYED,HIGH_SCHOOL,SINGLE,EDUCATION,0
CUST-006796,61,170492.41,4,83867.95,60,16.12,562,0.1594,3,0,RETIRED,HIGH_SCHOOL,SINGLE,EDUCATION,0
CUST-006797,31,151900.61,13,75812.93,36,11.00,359,0.4515,3,0,UNEMPLOYED,MASTERS,SINGLE,HOME,0
CUST-006798,42,143913.46,21,34131.34,60,21.07,307,0.6912,5,0,RETIRED,PHD,DIVORCED,EDUCATION,1
CUST-006799,49,76312.48,23,41027.43,12,16.69,606,0.6925,6,0,RETIRED,BACHELORS,SINGLE,HOME,1
CUST-006800,57,88652.56,29,42769.17,12,8.57,538,0.2783,4,0,RETIRED,PHD,MARRIED,EDUCATION,0
CUST-006801,35,125956.10,17,58193.23,60,13.04,323,0.6615,0,0,SALARIED,MASTERS,SINGLE,HOME,0
CUST-006802,60,50163.71,9,36952.00,36,23.09,620,0.4331,0,0,UNEMPLOYED,BACHELORS,DIVORCED,AUTO,1
CUST-006803,37,87337.78,15,6546.86,36,9.49,744,0.4743,4,0,SELF_EMPLOYED,PHD,DIVORCED,AUTO,0
CUST-006804,21,172537.17,3,21736.18,36,6.90,530,0.1346,1,0,SALARIED,PHD,SINGLE,HOME,0
CUST-006805,36,93075.14,0,68247.48,36,13.26,441,0.6390,4,0,RETIRED,MASTERS,SINGLE,EDUCATION,0
CUST-006806,38,175825.57,0,37832.42,24,16.83,?,0.0509,0,0,RETIRED,BACHELORS,DIVORCED,EDUCATION,0
CUST-006807,56,129926.51,25,77384.05,48,24.56,390,0.3320,2,0,UNEMPLOYED,PHD,SINGLE,PERSONAL,0
CUST-006808,57,186868.73,5,58233.33,24,22.04,313,0.2444,6,0,SELF_EMPLOYED,BACHELORS,DIVORCED,EDUCATION,0
CUST-006809,65,157926.92,30,47737.89,48,14.22,780,0.0893,5,0,SELF_EMPLOYED,HIGH_SCHOOL,DIVORCED,AUTO,0
CUST-006810,68,65677.98,5,8327.70,48,15.35,683,0.1290,5,0,UNEMPLOYED,PHD,DIVORCED,AUTO,1
CUST-006811,69,87801.04,30,52772.68,36,23.59,818,0.2746,6,0,UNEMPLOYED,HIGH_SCHOOL,DIVORCED,BUSINESS,1
CUST-006812,64,136097.97,22,83242.58,48,11.86,687,0.2841,6,0,SALARIED,PHD,MARRIED,AUTO,1
CUST-006813,24,52906.38,2,31211.17,24,20.29,422,0.2651,0,0,SELF_EMPLOYED,BACHELORS,SINGLE,AUTO,0
CUST-006814,22,31897.91,3,4714.54,60,22.05,613,0.5037,3,1,UNEMPLOYED,MASTERS,DIVORCED,BUSINESS,1
CUST-006815,51,60492.72,14,40244.87,36,10.60,356,0.4684,1,0,SELF_EMPLOYED,BACHELORS,DIVORCED,AUTO,1
CUST-006816,55,99721.09,7,87282.89,36,10.08,466,0.0606,1,0,RETIRED,PHD,SINGLE,BUSINESS,0
CUST-006817,43,121336.97,6,38288.05,24,22.28,713,0.6408,1,0,RETIRED,HIGH_SCHOOL,DIVORCED,PERSONAL,1
CUST-006818,24,33985.64,6,62877.92,24,9.68,521,0.5631,0,0,RETIRED,HIGH_SCHOOL,DIVORCED,PERSONAL,0
CUST-006819,31,163195.03,10,21456.58,36,5.20,471,0.1625,1,0,SALARIED,HIGH_SCHOOL,SINGLE,AUTO,0
CUST-006820,40,33473.00,22,3829.45,36,15.22,323,0.6782,6,0,RETIRED,MASTERS,SINGLE,EDUCATION,1
CUST-006821,66,182113.79,31,41471.39,36,16.08,584,0.2908,5,2,UNEMPLOYED,PHD,MARRIED,HOME,1
CUST-006822,29,155728.04,7,53041.43,12,14.57,770,0.6702,3,0,SELF_EMPLOYED,BACHELORS,SINGLE,PERSONAL,0
CUST-006823,48,117704.11,14,9367.73,12,12.66,675,0.2127,3,0,UNEMPLOYED,MASTERS,SINGLE,HOME,0
CUST-006824,37,108516.94,19,13123.32,60,7.79,732,0.2811,6,0,RETIRED,HIGH_SCHOOL,MARRIED,AUTO,0
CUST-006825,66,175775.94,2,49286.68,12,16.80,487,0.3568,1,3,SALARIED,MASTERS,SINGLE,BUSINESS,1
CUST-006826,58,?,6,42276.98,48,12.64,637,0.5235,5,2,RETIRED,PHD,SINGLE,EDUCATION,1
CUST-006827,39,150095.99,8,61216.32,48,24.01,491,0.6665,6,0,RETIRED,HIGH_SCHOOL,MARRIED,HOME,0
CUST-006828,51,180980.78,10,51926.52,60,9.64,631,0.6468,5,0,RETIRED,MASTERS,MARRIED,AUTO,1
CUST-006829,52,67902.96,32,54934.24,60,22.08,848,0.4015,1,0,RETIRED,BACHELORS,MARRIED,BUSINESS,1
CUST-006830,34,115866.31,16,84198.15,48,15.53,327,0.2805,2,0,RETIRED,MASTERS,DIVORCED,HOME,1
CUST-006831,49,?,3,78238.98,48,13.21,729,0.1997,1,0,RETIRED,BACHELORS,DIVORCED,PERSONAL,1
CUST-006832,27,71330.41,0,40337.73,48,10.35,399,0.1960,1,2,SALARIED,PHD,MARRIED,PERSONAL,1
CUST-006833,34,35349.13,3,82319.89,48,10.52,818,0.3271,2,0,SALARIED,PHD,SINGLE,PERSONAL,0
CUST-006834,32,183881.06,14,74245.38,12,12.02,841,0.2372,0,0,SELF_EMPLOYED,MASTERS,MARRIED,AUTO,0
CUST-006835,52,38648.03,33,24369.49,36,19.88,819,0.5865,6,0,SALARIED,BACHELORS,DIVORCED,EDUCATION,0
CUST-006836,26,158484.01,8,42967.09,12,5.67,632,0.6946,2,0,SALARIED,HIGH_SCHOOL,MARRIED,AUTO,1
CUST-006837,48,148905.39,9,43309.57,60,18.03,328,0.0502,0,0,RETIRED,BACHELORS,MARRIED,AUTO,0
CUST-006838,39,31303.01,10,15872.61,60,9.01,703,0.4275,0,0,UNEMPLOYED,BACHELORS,MARRIED,PERSONAL,0
CUST-006839,45,158467.88,21,7741.42,36,16.05,763,0.5163,3,0,SALARIED,PHD,DIVORCED,PERSONAL,0
CUST-006840,30,138992.67,12,71753.58,12,7.97,803,0.2531,2,0,SELF_EMPLOYED,PHD,MARRIED,BUSINESS,0
CUST-006841,26,168438.42,7,41499.62,48,22.07,498,0.5610,0,3,RETIRED,BACHELORS,DIVORCED,HOME,1
CUST-006842,32,170536.45,14,7303.27,60,23.97,540,0.1393,1,0,UNEMPLOYED,MASTERS,MARRIED,EDUCATION,1
CUST-006843,26,112748.39,8,80075.73,48,20.43,429,0.1230,2,2,UNEMPLOYED,MASTERS,DIVORCED,BUSINESS,1
CUST-006844,30,71538.67,12,71403.93,12,15.36,393,0.6644,5,0,SELF_EMPLOYED,MASTERS,DIVORCED,AUTO,1
CUST-006845,60,69435.42,32,74679.56,12,6.15,704,0.0834,4,0,SELF_EMPLOYED,BACHELORS,SINGLE,EDUCATION,0
CUST-006846,22,127972.44,4,47955.95,60,11.83,564,0.6804,6,0,RETIRED,BACHELORS,DIVORCED,HOME,0
CUST-006847,26,96154.24,2,16041.41,12,6.63,357,0.3127,0,3,RETIRED,BACHELORS,DIVORCED,EDUCATION,0
CUST-006848,45,57745.32,27,6358.09,48,22.61,758,0.6509,5,0,SELF_EMPLOYED,BACHELORS,SINGLE,EDUCATION,1
CUST-006849,40,184930.29,5,14258.82,24,23.03,379,0.5862,4,0,SALARIED,PHD,MARRIED,PERSONAL,1
CUST-006850,41,31538.82,5,30321.21,12,24.72,374,0.4425,6,0,SALARIED,MASTERS,DIVORCED,BUSINESS,0
CUST-006851,48,143829.83,23,35799.54,48,7.67,747,0.6322,4,0,RETIRED,BACHELORS,DIVORCED,BUSINESS,0
CUST-006852,66,134778.20,4,51863.87,60,20.51,588,0.1699,3,2,UNEMPLOYED,MASTERS,SINGLE,AUTO,1
CUST-006853,34,151445.82,16,16010.78,24,22.31,578,0.1930,4,0,RETIRED,BACHELORS,MARRIED,EDUCATION,1
CUST-006854,21,118925.94,3,81680.75,60,22.86,344,0.4608,6,0,SALARIED,BACHELORS,DIVORCED,PERSONAL,0
CUST-006855,69,21075.05,17,87495.45,60,20.41,824,0.3343,4,0,SALARIED,HIGH_SCHOOL,SINGLE,HOME,0
CUST-006856,64,137312.80,13,54520.99,24,20.03,547,0.2379,3,0,UNEMPLOYED,HIGH_SCHOOL,MARRIED,AUTO,1
CUST-006857,35,163246.74,11,30543.89,60,11.87,791,0.1225,5,0,SALARIED,PHD,SINGLE,PERSONAL,0
CUST-006858,29,159489.25,11,68448.49,36,11.63,776,0.1081,0,0,SALARIED,MASTERS,SINGLE,EDUCATION,0
CUST-006859,58,21274.96,1,18123.37,60,7.48,814,0.0857,4,0,SALARIED,BACHELORS,MARRIED,HOME,0
CUST-006860,39,73721.71,9,24057.31,48,16.13,411,0.6599,5,1,SELF_EMPLOYED,HIGH_SCHOOL,MARRIED,PERSONAL,1
CUST-006861,51,43654.78,9,46834.05,36,10.70,622,0.5640,4,0,SELF_EMPLOYED,MASTERS,SINGLE,BUSINESS,1
CUST-006862,29,38914.66,11,17385.66,48,19.95,829,0.2136,1,0,SALARIED,PHD,SINGLE,PERSONAL,0
CUST-006863,38,20556.37,20,54300.40,24,5.32,494,0.3105,0,0,RETIRED,BACHELORS,MARRIED,BUSINESS,1
CUST-006864,54,142056.66,5,85933.22,60,19.94,?,0.5746,3,0,UNEMPLOYED,PHD,SINGLE,PERSONAL,1
CUST-006865,45,125691.68,17,73207.67,12,23.95,845,0.5014,5,0,SALARIED,HIGH_SCHOOL,MARRIED,BUSINESS,1
CUST-006866,33,86141.14,15,28247.68,36,8.52,709,0.5421,4,0,SELF_EMPLOYED,BACHELORS,SINGLE,EDUCATION,0
CUST-006867,54,117749.73,15,47319.34,24,7.32,836,0.6944,6,0,UNEMPLOYED,HIGH_SCHOOL,DIVORCED,AUTO,1
CUST-006868,47,107778.34,19,18640.51,60,19.02,404,0.2173,4,0,SELF_EMPLOYED,MASTERS,MARRIED,HOME,1
CUST-006869,39,155594.26,21,69636.82,24,17.51,840,0.5556,6,3,RETIRED,MASTERS,DIVORCED,PERSONAL,1
CUST-006870,46,33960.84,28,41286.46,36,12.43,631,0.4289,4,2,UNEMPLOYED,HIGH_SCHOOL,SINGLE,BUSINESS,1
CUST-006871,53,161753.73,?,38304.98,60,19.37,728,0.1576,6,0,RETIRED,HIGH_SCHOOL,MARRIED,BUSINESS,0
CUST-006872,37,75580.45,15,19519.85,24,15.11,391,0.2555,3,0,SELF_EMPLOYED,MASTERS,MARRIED,PERSONAL,0
CUST-006873,54,33301.60,29,29910.00,60,9.15,487,0.1779,6,0,SALARIED,BACHELORS,MARRIED,PERSONAL,1
CUST-006874,49,133477.74,5,75961.30,12,22.35,488,0.1808,4,0,SALARIED,MASTERS,MARRIED,PERSONAL,1
CUST-006875,64,121169.75,16,22272.37,60,7.78,793,0.4218,4,0,SELF_EMPLOYED,PHD,DIVORCED,AUTO,0
CUST-006876,55,65954.68,31,26147.39,12,17.35,530,0.5039,5,0,UNEMPLOYED,PHD,DIVORCED,AUTO,0
CUST-006877,26,70277.10,8,41857.64,12,17.65,414,0.6901,2,3,RETIRED,HIGH_SCHOOL,DIVORCED,EDUCATION,1
CUST-006878,57,172695.51,7,53828.56,36,13.05,345,0.1755,5,0,SALARIED,HIGH_SCHOOL,DIVORCED,PERSONAL,0
CUST-006879,26,177488.58,8,71343.50,48,10.63,821,0.2594,0,0,UNEMPLOYED,BACHELORS,MARRIED,EDUCATION,0
CUST-006880,40,182576.79,22,34953.21,60,5.78,460,0.0687,5,0,SELF_EMPLOYED,HIGH_SCHOOL,SINGLE,AUTO,1
CUST-006881,69,190586.63,13,7596.71,12,19.98,834,0.1182,3,2,RETIRED,MASTERS,SINGLE,EDUCATION,1
CUST-006882,35,145311.83,17,44514.87,48,15.49,437,0.3617,0,0,RETIRED,HIGH_SCHOOL,DIVORCED,AUTO,0
CUST-006883,65,22068.22,2,74755.51,12,12.06,655,0.1817,0,0,SALARIED,PHD,MARRIED,HOME,0
CUST-006884,51,104519.39,2,46444.91,48,22.45,531,0.1324,6,0,SELF_EMPLOYED,BACHELORS,SINGLE,PERSONAL,0
CUST-006885,21,182752.62,3,39305.60,12,18.88,583,0.1589,2,0,UNEMPLOYED,HIGH_SCHOOL,MARRIED,PERSONAL,1
CUST-006886,34,102028.87,16,12446.79,12,24.59,737,0.2411,4,0,SELF_EMPLOYED,PHD,DIVORCED,HOME,0
CUST-006887,21,79969.11,3,84539.47,36,10.99,651,0.3420,4,0,SELF_EMPLOYED,PHD,SINGLE,EDUCATION,0
CUST-006888,69,187420.39,11,41309.45,12,19.70,546,0.0510,3,0,SALARIED,PHD,DIVORCED,EDUCATION,0
CUST-006889,45,27789.15,23,67304.48,24,5.54,426,0.5952,1,0,SALARIED,HIGH_SCHOOL,SINGLE,BUSINESS,1
CUST-006890,53,156167.36,4,88797.55,36,23.61,537,0.6274,4,3,SELF_EMPLOYED,BACHELORS,DIVORCED,HOME,1
CUST-006891,39,79107.37,7,13444.24,12,10.03,709,0.5825,5,0,SELF_EMPLOYED,PHD,MARRIED,BUSINESS,0
CUST-006892,64,111088.56,29,67183.52,36,10.03,?,0.1982,6,3,SELF_EMPLOYED,HIGH_SCHOOL,SINGLE,EDUCATION,1
CUST-006893,24,21858.22,6,78125.51,36,7.15,459,0.6648,1,0,SELF_EMPLOYED,PHD,DIVORCED,HOME,0
CUST-006894,32,62379.08,8,14461.62,24,16.75,810,0.2356,1,1,SALARIED,PHD,SINGLE,PERSONAL,0
CUST-006895,57,66900.41,?,27107.50,36,12.65,754,0.0568,6,0,SELF_EMPLOYED,BACHELORS,DIVORCED,HOME,0
CUST-006896,46,190201.01,4,89040.39,48,13.56,696,0.0870,6,0,UNEMPLOYED,HIGH_SCHOOL,SINGLE,HOME,0
CUST-006897,22,84769.55,4,55679.89,48,17.26,819,0.4274,2,0,UNEMPLOYED,MASTERS,SINGLE,PERSONAL,1
CUST-006898,60,111250.35,21,36987.74,12,9.80,388,0.6762,1,0,RETIRED,PHD,DIVORCED,EDUCATION,1
CUST-006899,33,122239.78,11,51472.34,48,5.35,408,0.2613,5,0,SALARIED,HIGH_SCHOOL,DIVORCED,HOME,0
CUST-006900,27,174640.65,9,21541.08,60,23.51,?,0.6463,1,0,UNEMPLOYED,BACHELORS,SINGLE,PERSONAL,0
CUST-006901,21,172144.31,3,13219.78,36,5.86,393,0.4849,6,0,SELF_EMPLOYED,MASTERS,DIVORCED,PERSONAL,0
CUST-006902,30,49421.57,12,89777.54,48,5.27,784,0.1445,5,2,SALARIED,BACHELORS,DIVORCED,BUSINESS,0
CUST-006903,45,124348.58,1,30459.27,24,9.32,652,0.6172,1,0,SELF_EMPLOYED,MASTERS,DIVORCED,PERSONAL,0
CUST-006904,68,?,3,25475.00,24,13.21,716,0.1315,2,0,RETIRED,BACHELORS,MARRIED,EDUCATION,0
CUST-006905,38,23287.01,20,55625.05,36,19.55,577,0.4306,0,0,UNEMPLOYED,BACHELORS,MARRIED,AUTO,1
CUST-006906,41,176030.23,19,53739.83,24,15.98,362,0.5497,2,3,UNEMPLOYED,MASTERS,MARRIED,AUTO,1
CUST-006907,28,116649.33,0,41717.42,60,24.55,709,0.3870,1,0,RETIRED,MASTERS,MARRIED,BUSINESS,1
CUST-006908,38,175983.44,6,77546.80,60,14.84,523,0.5805,5,0,RETIRED,PHD,DIVORCED,HOME,0
CUST-006909,61,184593.86,12,41117.25,24,7.57,403,0.1534,0,1,RETIRED,MASTERS,SINGLE,HOME,0
CUST-006910,25,79056.62,?,72424.45,60,15.52,787,0.3408,6,0,SELF_EMPLOYED,MASTERS,MARRIED,EDUCATION,1
CUST-006911,62,102579.32,12,4489.63,60,23.97,573,0.1917,1,2,SELF_EMPLOYED,BACHELORS,DIVORCED,BUSINESS,1
CUST-006912,38,191282.82,7,64216.48,24,15.05,321,0.1227,5,0,SELF_EMPLOYED,HIGH_SCHOOL,MARRIED,BUSINESS,0
CUST-006913,30,29631.31,12,62514.72,36,12.66,726,0.2779,0,3,SALARIED,BACHELORS,SINGLE,BUSINESS,1
CUST-006914,24,31769.92,6,20401.59,60,9.30,586,0.6601,1,3,RETIRED,PHD,DIVORCED,PERSONAL,1
CUST-006915,56,36738.77,8,85927.46,48,20.39,319,0.3746,0,0,UNEMPLOYED,BACHELORS,DIVORCED,BUSINESS,1
CUST-006916,24,45253.59,6,35262.23,60,22.54,774,0.6419,0,0,SALARIED,PHD,SINGLE,PERSONAL,1
CUST-006917,65,190048.47,14,53478.15,36,20.58,512,0.4215,3,0,UNEMPLOYED,BACHELORS,DIVORCED,PERSONAL,1
CUST-006918,34,159774.18,15,34000.61,12,9.97,680,0.6075,5,0,SELF_EMPLOYED,HIGH_SCHOOL,MARRIED,EDUCATION,0
CUST-006919,34,120932.85,16,70167.18,24,15.03,760,0.5562,0,0,RETIRED,PHD,MARRIED,AUTO,0
CUST-006920,38,114587.60,14,41101.90,60,17.56,566,0.6754,3,0,RETIRED,MASTERS,MARRIED,PERSONAL,1
CUST-006921,31,129519.62,8,79888.25,60,19.70,619,0.3977,0,0,SALARIED,PHD,MARRIED,PERSONAL,0
CUST-006922,30,32756.06,12,51678.36,48,8.42,337,0.6654,5,0,SALARIED,PHD,DIVORCED,AUTO,1
CUST-006923,30,187069.32,12,62778.22,12,13.75,589,0.2849,4,0,SELF_EMPLOYED,MASTERS,SINGLE,PERSONAL,1
CUST-006924,56,177822.75,29,21610.19,48,7.05,642,0.2026,3,0,RETIRED,HIGH_SCHOOL,DIVORCED,BUSINESS,1
CUST-006925,68,185298.67,0,35333.56,36,20.51,339,0.6210,2,0,SELF_EMPLOYED,PHD,MARRIED,PERSONAL,0
CUST-006926,45,177727.43,4,19152.78,12,16.56,552,0.2258,6,2,SELF_EMPLOYED,HIGH_SCHOOL,DIVORCED,BUSINESS,1
CUST-006927,58,126740.39,23,21170.34,36,8.58,454,0.1065,3,0,UNEMPLOYED,BACHELORS,SINGLE,HOME,1
CUST-006928,28,165472.74,2,16348.00,48,23.32,496,0.3458,0,0,SALARIED,MASTERS,MARRIED,AUTO,0
CUST-006929,33,49860.07,6,87907.80,60,15.79,596,0.6370,3,3,SELF_EMPLOYED,MASTERS,MARRIED,HOME,1
CUST-006930,42,180281.19,24,82341.34,36,18.69,646,0.1331,1,0,SELF_EMPLOYED,PHD,SINGLE,AUTO,0
CUST-006931,35,85459.12,17,78553.19,60,9.31,410,0.2433,3,0,RETIRED,PHD,DIVORCED,BUSINESS,1
CUST-006932,36,100629.01,18,28657.20,12,20.36,741,0.6131,6,0,RETIRED,BACHELORS,MARRIED,EDUCATION,0
CUST-006933,52,69261.63,19,20609.32,12,18.64,644,0.6664,0,1,RETIRED,PHD,MARRIED,EDUCATION,1
CUST-006934,39,122487.31,21,4968.84,36,16.94,845,0.2031,6,0,UNEMPLOYED,MASTERS,SINGLE,EDUCATION,0
CUST-006935,36,80628.35,12,89824.73,12,12.86,561,0.1028,4,0,RETIRED,MASTERS,DIVORCED,PERSONAL,1
CUST-006936,60,72033.56,3,77711.90,24,12.40,809,0.0641,1,3,UNEMPLOYED,HIGH_SCHOOL,MARRIED,EDUCATION,0
CUST-006937,22,192975.62,4,67000.97,48,20.49,331,0.1511,6,1,SALARIED,BACHELORS,DIVORCED,PERSONAL,1
CUST-006938,52,121335.96,27,66935.42,60,20.84,494,0.4696,3,0,SALARIED,MASTERS,SINGLE,PERSONAL,1
CUST-006939,46,87958.19,23,71424.47,48,22.39,591,0.1635,1,0,RETIRED,HIGH_SCHOOL,SINGLE,EDUCATION,0
CUST-006940,33,148973.35,3,83882.69,48,22.05,651,0.2131,5,2,SELF_EMPLOYED,BACHELORS,DIVORCED,BUSINESS,1
CUST-006941,45,156198.80,27,23178.54,24,23.00,770,0.3482,5,0,SALARIED,BACHELORS,SINGLE,HOME,1
CUST-006942,65,147441.81,?,21880.14,60,15.03,750,0.1688,4,0,SALARIED,BACHELORS,DIVORCED,BUSINESS,0
CUST-006943,57,68351.46,6,61402.72,36,18.78,431,0.6969,5,0,SALARIED,PHD,DIVORCED,EDUCATION,1
CUST-006944,46,147823.08,23,57641.56,36,14.05,334,0.6475,0,0,SALARIED,HIGH_SCHOOL,MARRIED,HOME,1
CUST-006945,42,138290.67,15,18631.87,48,19.30,635,0.6858,4,0,RETIRED,HIGH_SCHOOL,DIVORCED,EDUCATION,1
CUST-006946,37,46905.09,19,66475.98,36,23.17,587,0.3275,5,0,RETIRED,BACHELORS,DIVORCED,PERSONAL,0
CUST-006947,67,114747.02,11,37638.84,36,10.22,371,0.6845,3,0,RETIRED,HIGH_SCHOOL,DIVORCED,EDUCATION,0
CUST-006948,33,50020.26,15,30865.18,12,21.06,751,0.4466,6,0,UNEMPLOYED,MASTERS,DIVORCED,BUSINESS,1
CUST-006949,21,139707.43,3,68355.56,36,20.14,638,0.5241,6,0,SALARIED,PHD,MARRIED,AUTO,0
CUST-006950,33,141696.79,15,72614.38,12,15.90,743,0.4568,2,0,SELF_EMPLOYED,HIGH_SCHOOL,MARRIED,BUSINESS,1
CUST-006951,57,47753.26,20,61800.39,60,11.90,534,0.0841,1,0,UNEMPLOYED,BACHELORS,MARRIED,BUSINESS,0
CUST-006952,65,81241.80,14,56235.85,24,15.90,300,0.6826,0,0,SALARIED,HIGH_SCHOOL,DIVORCED,AUTO,0
CUST-006953,36,164373.92,6,16989.14,36,16.80,644,0.2523,4,0,UNEMPLOYED,PHD,MARRIED,PERSONAL,1
CUST-006954,31,196182.42,?,89861.40,48,16.81,783,0.5558,3,0,SELF_EMPLOYED,BACHELORS,MARRIED,EDUCATION,1
CUST-006955,38,154208.02,20,40572.87,36,17.60,451,0.5711,0,0,SALARIED,PHD,SINGLE,BUSINESS,1
CUST-006956,55,36642.81,18,16883.24,24,22.35,610,0.5819,2,0,RETIRED,BACHELORS,MARRIED,HOME,0
CUST-006957,48,186860.89,22,83862.73,36,8.33,302,0.5432,3,0,RETIRED,MASTERS,MARRIED,AUTO,1
CUST-006958,36,125346.90,18,58132.01,60,8.61,362,0.2750,0,3,SELF_EMPLOYED,MASTERS,SINGLE,HOME,1
CUST-006959,23,29049.17,0,22332.34,12,11.12,846,0.6127,2,0,RETIRED,MASTERS,MARRIED,EDUCATION,1
CUST-006960,66,74107.32,9,48829.31,36,16.74,773,0.5998,3,0,SELF_EMPLOYED,PHD,MARRIED,HOME,1
CUST-006961,67,128173.89,1,43083.80,24,23.46,336,0.3899,4,0,RETIRED,PHD,DIVORCED,BUSINESS,1
CUST-006962,52,149068.56,6,53609.92,36,13.22,448,0.4356,1,0,RETIRED,MASTERS,MARRIED,EDUCATION,0
CUST-006963,53,37565.60,33,48773.04,24,7.62,384,0.0977,2,2,UNEMPLOYED,HIGH_SCHOOL,DIVORCED,PERSONAL,1
CUST-006964,38,?,18,60130.16,48,22.05,414,0.0628,6,0,UNEMPLOYED,MASTERS,SINGLE,BUSINESS,1
CUST-006965,29,175905.16,8,71444.40,36,22.70,359,0.4234,1,0,UNEMPLOYED,HIGH_SCHOOL,SINGLE,BUSINESS,0
CUST-006966,35,146605.85,0,26292.37,12,21.02,522,0.2386,2,0,SELF_EMPLOYED,PHD,MARRIED,EDUCATION,1
CUST-006967,22,115217.04,4,13427.89,12,21.08,414,0.5807,0,0,RETIRED,HIGH_SCHOOL,MARRIED,BUSINESS,1
CUST-006968,69,36335.53,9,73411.25,60,23.97,337,0.1757,6,0,SELF_EMPLOYED,BACHELORS,MARRIED,EDUCATION,1
CUST-006969,52,74283.42,15,70133.35,12,16.76,452,0.6659,6,0,SELF_EMPLOYED,PHD,SINGLE,HOME,1
CUST-006970,70,43532.01,27,8881.62,36,7.52,749,0.1646,6,0,SELF_EMPLOYED,MASTERS,MARRIED,BUSINESS,0
CUST-006971,63,190446.68,29,48641.81,24,12.65,460,0.5385,4,0,SALARIED,HIGH_SCHOOL,DIVORCED,HOME,0
CUST-006972,29,103511.46,11,58900.15,24,23.61,394,0.4677,3,3,UNEMPLOYED,HIGH_SCHOOL,MARRIED,HOME,1
CUST-006973,37,108950.22,13,54165.41,24,18.79,483,0.4681,1,0,RETIRED,PHD,MARRIED,EDUCATION,1
CUST-006974,46,97560.19,12,47670.83,12,8.80,548,0.2070,4,0,SELF_EMPLOYED,PHD,SINGLE,HOME,1
CUST-006975,58,97294.47,21,63843.40,24,16.90,789,0.6648,1,0,UNEMPLOYED,MASTERS,MARRIED,PERSONAL,1
CUST-006976,22,55036.41,?,24845.13,12,5.55,707,0.0890,0,0,SELF_EMPLOYED,HIGH_SCHOOL,SINGLE,HOME,0
CUST-006977,33,162419.68,15,86028.95,60,9.33,567,0.1046,0,0,UNEMPLOYED,MASTERS,DIVORCED,EDUCATION,0
CUST-006978,49,178817.51,28,75242.93,60,5.78,510,0.5068,5,0,UNEMPLOYED,MASTERS,DIVORCED,EDUCATION,1
CUST-006979,64,189253.12,11,21808.26,36,24.92,429,0.1262,0,3,RETIRED,MASTERS,MARRIED,PERSONAL,1
CUST-006980,26,151442.05,8,32643.87,24,14.21,402,0.4397,0,0,SELF_EMPLOYED,MASTERS,SINGLE,EDUCATION,1
CUST-006981,48,100891.95,20,60968.44,24,19.58,692,0.6944,0,0,UNEMPLOYED,BACHELORS,DIVORCED,EDUCATION,1
CUST-006982,65,137063.80,5,55782.46,12,8.49,697,0.4373,3,0,RETIRED,BACHELORS,DIVORCED,HOME,0
CUST-006983,69,67476.35,0,68871.79,12,5.30,760,0.6006,0,0,RETIRED,HIGH_SCHOOL,MARRIED,BUSINESS,0
CUST-006984,46,36429.76,4,48901.03,36,12.25,480,0.5861,3,0,SELF_EMPLOYED,MASTERS,DIVORCED,BUSINESS,0
CUST-006985,38,?,20,5061.90,60,19.60,566,0.0864,2,0,SALARIED,BACHELORS,DIVORCED,BUSINESS,0
CUST-006986,47,104055.95,19,6283.62,48,22.12,727,0.0693,6,0,SALARIED,MASTERS,DIVORCED,HOME,0
CUST-006987,30,99003.64,7,55762.41,48,22.20,449,0.1688,0,0,SALARIED,HIGH_SCHOOL,MARRIED,PERSONAL,0
CUST-006988,37,31172.03,19,36201.93,12,16.68,330,0.6654,0,0,SALARIED,BACHELORS,MARRIED,HOME,1
CUST-006989,39,124979.84,17,86659.66,60,24.51,518,0.4316,4,0,RETIRED,MASTERS,SINGLE,AUTO,1
CUST-006990,23,167941.29,5,88880.36,48,7.83,835,0.3462,4,3,SALARIED,BACHELORS,MARRIED,EDUCATION,0
CUST-006991,23,165929.96,5,62048.72,12,8.86,412,0.3654,2,0,UNEMPLOYED,MASTERS,DIVORCED,AUTO,0
CUST-006992,30,89862.76,12,19789.85,12,10.34,709,0.6315,4,2,SELF_EMPLOYED,HIGH_SCHOOL,SINGLE,AUTO,1
CUST-006993,67,85024.94,20,39022.20,60,6.20,587,0.6816,1,0,UNEMPLOYED,MASTERS,MARRIED,HOME,1
CUST-006994,41,87164.10,23,18978.27,60,12.95,644,0.6770,5,0,RETIRED,HIGH_SCHOOL,SINGLE,PERSONAL,0
CUST-006995,30,163922.09,12,10856.13,36,24.56,634,0.1466,6,0,SALARIED,PHD,DIVORCED,EDUCATION,1
CUST-006996,52,60772.51,34,8365.43,24,15.82,828,0.6035,6,0,UNEMPLOYED,BACHELORS,SINGLE,BUSINESS,0
CUST-006997,32,181750.57,14,33705.99,12,14.18,395,0.5858,6,0,UNEMPLOYED,MASTERS,MARRIED,BUSINESS,0
CUST-006998,70,83391.81,23,77541.33,36,20.87,593,0.4390,1,3,UNEMPLOYED,PHD,SINGLE,AUTO,1
CUST-006999,69,68935.97,3,50148.37,24,20.13,406,0.1045,6,0,SALARIED,BACHELORS,SINGLE,BUSINESS,0
CUST-007000,64,179470.58,2,79449.45,24,16.93,413,0.1808,0,0,UNEMPLOYED,HIGH_SCHOOL,DIVORCED,EDUCATION,1
CUST-007001,69,170377.20,32,47354.51,24,22.86,319,0.6812,5,0,RETIRED,HIGH_SCHOOL,DIVORCED,BUSINESS,1
CUST-007002,49,77860.39,9,46891.36,48,22.21,568,0.4372,3,0,RETIRED,MASTERS,SINGLE,HOME,1
CUST-007003,38,84000.58,1,43520.27,24,5.90,713,0.1333,2,0,SELF_EMPLOYED,HIGH_SCHOOL,DIVORCED,BUSINESS,1
CUST-007004,40,192866.79,22,30904.30,24,9.63,846,0.3567,3,1,UNEMPLOYED,BACHELORS,DIVORCED,PERSONAL,1
CUST-007005,66,196649.66,7,9182.40,12,22.33,831,0.1294,1,0,UNEMPLOYED,PHD,DIVORCED,BUSINESS,0
CUST-007006,68,66729.02,25,56155.60,24,6.61,536,0.4010,4,0,RETIRED,HIGH_SCHOOL,SINGLE,HOME,0
CUST-007007,60,59637.10,18,7959.06,36,24.14,578,0.5479,0,0,RETIRED,HIGH_SCHOOL,SINGLE,PERSONAL,1
CUST-007008,29,70026.37,11,77420.12,60,17.05,470,0.5875,1,0,SALARIED,MASTERS,SINGLE,EDUCATION,1
CUST-007009,41,30659.75,23,67634.64,36,7.28,697,0.4398,2,0,SELF_EMPLOYED,HIGH_SCHOOL,MARRIED,HOME,0
CUST-007010,40,35924.93,11,34694.93,12,16.54,314,0.5959,6,0,SALARIED,HIGH_SCHOOL,DIVORCED,PERSONAL,1
CUST-007011,45,100980.66,26,73181.54,24,10.96,590,0.3572,2,1,SALARIED,BACHELORS,MARRIED,AUTO,0
CUST-007012,36,163550.54,18,49643.36,12,21.30,682,0.4212,1,0,SALARIED,MASTERS,DIVORCED,BUSINESS,0
CUST-007013,37,150577.80,0,55117.35,48,7.57,482,0.5339,3,0,SELF_EMPLOYED,HIGH_SCHOOL,DIVORCED,EDUCATION,1
CUST-007014,23,121094.43,5,16633.35,36,20.38,342,0.6774,0,0,SELF_EMPLOYED,BACHELORS,DIVORCED,PERSONAL,1
CUST-007015,61,199338.67,18,88983.18,48,17.36,839,0.3287,6,0,SELF_EMPLOYED,BACHELORS,DIVORCED,PERSONAL,0
CUST-007016,50,27837.28,27,21209.85,60,18.97,318,0.4333,6,0,SELF_EMPLOYED,HIGH_SCHOOL,SINGLE,BUSINESS,1
CUST-007017,25,95685.08,7,50389.76,24,20.66,719,0.3226,5,0,RETIRED,PHD,MARRIED,HOME,1
CUST-007018,37,39196.96,11,4295.24,48,14.67,314,0.3273,3,0,SALARIED,PHD,DIVORCED,AUTO,0
CUST-007019,41,147094.26,23,60957.53,12,15.11,797,0.4179,6,0,SALARIED,PHD,SINGLE,EDUCATION,0
CUST-007020,29,197563.27,11,8207.70,12,21.98,367,0.3135,5,1,RETIRED,PHD,MARRIED,HOME,1
CUST-007021,59,103509.86,13,69225.69,24,20.65,489,0.6501,1,0,UNEMPLOYED,HIGH_SCHOOL,MARRIED,PERSONAL,1
CUST-007022,39,40231.74,21,71245.02,24,23.28,708,0.2403,1,1,RETIRED,PHD,DIVORCED,AUTO,1
CUST-007023,21,40910.43,?,68629.71,12,8.98,489,0.4078,1,0,RETIRED,PHD,SINGLE,PERSONAL,0
CUST-007024,53,185583.06,3,85885.23,48,10.48,658,0.0603,4,0,SALARIED,HIGH_SCHOOL,DIVORCED,BUSINESS,0
CUST-007025,65,53976.72,19,36958.17,36,24.89,611,0.6381,5,0,SELF_EMPLOYED,HIGH_SCHOOL,MARRIED,BUSINESS,0
CUST-007026,58,29251.04,20,52797.31,36,9.68,848,0.6714,3,0,SELF_EMPLOYED,PHD,MARRIED,EDUCATION,1
CUST-007027,30,190539.46,12,68863.12,48,20.70,585,0.2196,5,3,UNEMPLOYED,PHD,MARRIED,PERSONAL,0
CUST-007028,44,52546.91,16,69645.26,36,17.11,362,0.6571,3,0,SALARIED,HIGH_SCHOOL,SINGLE,EDUCATION,1
CUST-007029,56,90321.34,5,84336.96,48,18.99,346,0.6996,5,0,UNEMPLOYED,BACHELORS,MARRIED,HOME,1
CUST-007030,53,196901.04,14,79727.58,36,20.48,398,0.4042,4,0,UNEMPLOYED,BACHELORS,DIVORCED,PERSONAL,1
CUST-007031,32,23646.55,14,16025.20,12,21.35,683,0.5953,5,0,SALARIED,PHD,MARRIED,BUSINESS,1
CUST-007032,69,127546.64,29,19533.99,60,22.29,714,0.5895,4,0,UNEMPLOYED,BACHELORS,DIVORCED,AUTO,1
CUST-007033,35,166849.50,17,59393.47,60,9.10,740,0.3068,1,0,SALARIED,PHD,SINGLE,BUSINESS,0
CUST-007034,49,157085.65,18,8125.43,12,12.91,351,0.6269,2,1,UNEMPLOYED,PHD,DIVORCED,PERSONAL,1
CUST-007035,29,123008.58,10,33271.90,36,19.60,777,0.2058,1,1,UNEMPLOYED,BACHELORS,DIVORCED,PERSONAL,0
CUST-007036,50,175418.19,16,71422.67,60,11.56,771,0.3499,1,0,UNEMPLOYED,MASTERS,MARRIED,HOME,0
CUST-007037,54,116104.70,22,88321.43,24,13.87,599,0.6301,4,0,SELF_EMPLOYED,BACHELORS,DIVORCED,PERSONAL,1
CUST-007038,61,129846.49,32,89210.83,24,10.75,358,0.6312,1,0,RETIRED,BACHELORS,DIVORCED,HOME,1
CUST-007039,55,39005.60,6,66255.19,24,10.93,731,0.3604,0,0,RETIRED,BACHELORS,SINGLE,PERSONAL,0
CUST-007040,44,45313.36,6,24795.93,36,7.63,810,0.1547,0,3,SALARIED,MASTERS,SINGLE,EDUCATION,1
CUST-007041,64,157881.98,9,8290.86,12,6.79,626,0.1117,2,0,SELF_EMPLOYED,PHD,SINGLE,PERSONAL,0
CUST-007042,23,22005.06,5,39652.82,12,12.05,382,0.0903,2,0,RETIRED,BACHELORS,DIVORCED,PERSONAL,1
CUST-007043,24,134900.56,6,57666.92,60,10.87,307,0.3107,3,0,UNEMPLOYED,PHD,MARRIED,HOME,0
CUST-007044,40,86692.93,7,39260.50,48,9.00,367,0.6593,0,3,RETIRED,MASTERS,DIVORCED,BUSINESS,1
CUST-007045,55,172956.48,22,89893.46,12,21.91,427,0.4362,4,1,UNEMPLOYED,MASTERS,MARRIED,BUSINESS,1
CUST-007046,68,107179.74,30,3258.20,12,15.53,708,0.2682,4,0,SALARIED,HIGH_SCHOOL,DIVORCED,BUSINESS,0
CUST-007047,54,38473.67,33,21660.31,12,17.46,425,0.3978,6,0,UNEMPLOYED,BACHELORS,SINGLE,EDUCATION,1
CUST-007048,64,71284.94,34,44900.89,24,15.67,791,0.1804,4,2,SALARIED,BACHELORS,MARRIED,EDUCATION,1
CUST-007049,70,184040.63,0,70582.27,36,12.96,426,0.1562,2,0,SALARIED,BACHELORS,DIVORCED,EDUCATION,1
CUST-007050,59,37155.32,22,55963.83,60,10.68,710,0.3486,3,0,SELF_EMPLOYED,MASTERS,MARRIED,PERSONAL,0
CUST-007051,69,136311.33,12,8174.77,60,5.69,530,0.2005,2,0,UNEMPLOYED,MASTERS,DIVORCED,PERSONAL,1
CUST-007052,64,151462.16,25,44918.58,12,19.17,632,0.1413,6,0,UNEMPLOYED,PHD,MARRIED,EDUCATION,0
CUST-007053,67,140595.21,11,49946.99,24,13.50,626,0.1431,4,0,RETIRED,HIGH_SCHOOL,SINGLE,AUTO,0
CUST-007054,31,194486.39,13,81717.08,36,8.78,689,0.4469,1,0,SELF_EMPLOYED,HIGH_SCHOOL,DIVORCED,AUTO,0
CUST-007055,21,128209.33,1,61225.30,60,19.60,372,0.3301,1,0,RETIRED,HIGH_SCHOOL,MARRIED,EDUCATION,1
CUST-007056,29,135159.28,11,46860.39,48,14.45,345,0.4332,3,0,RETIRED,HIGH_SCHOOL,SINGLE,HOME,0
CUST-007057,69,29561.49,?,28322.84,60,10.20,307,0.1372,0,1,UNEMPLOYED,HIGH_SCHOOL,SINGLE,AUTO,1
CUST-007058,30,39008.63,12,88925.66,48,14.72,372,0.0985,3,0,SELF_EMPLOYED,BACHELORS,SINGLE,EDUCATION,0
CUST-007059,26,199881.75,8,18490.02,12,10.86,607,0.1214,2,0,SELF_EMPLOYED,PHD,MARRIED,HOME,0
CUST-007060,67,29641.67,33,73097.69,12,10.69,660,0.6127,5,1,UNEMPLOYED,MASTERS,DIVORCED,EDUCATION,1
CUST-007061,57,108778.42,22,52382.34,48,23.39,720,0.4433,0,2,SELF_EMPLOYED,MASTERS,DIVORCED,AUTO,1
CUST-007062,53,181480.31,25,78774.58,36,24.44,492,0.4147,1,0,SALARIED,BACHELORS,SINGLE,BUSINESS,1
CUST-007063,36,27585.57,18,62169.69,12,12.32,333,0.6264,0,3,SALARIED,HIGH_SCHOOL,SINGLE,BUSINESS,1
CUST-007064,58,183468.99,26,54004.29,24,21.63,764,0.1127,5,0,RETIRED,MASTERS,MARRIED,AUTO,0
CUST-007065,21,186773.93,3,31325.68,12,19.92,776,0.6800,0,0,SALARIED,MASTERS,MARRIED,BUSINESS,0
CUST-007066,40,193726.99,4,42217.28,24,19.27,339,0.6641,4,0,RETIRED,BACHELORS,SINGLE,BUSINESS,1
CUST-007067,36,146138.94,18,24281.68,48,20.61,734,0.0785,3,0,RETIRED,PHD,MARRIED,AUTO,0
CUST-007068,40,119121.33,4,80316.12,24,8.54,742,0.1071,2,0,SELF_EMPLOYED,BACHELORS,MARRIED,PERSONAL,0
CUST-007069,47,79334.01,17,88895.62,36,13.59,512,0.2758,0,0,RETIRED,PHD,SINGLE,AUTO,1
CUST-007070,24,153114.44,6,80248.10,36,21.17,697,0.1950,3,0,UNEMPLOYED,HIGH_SCHOOL,SINGLE,AUTO,0
CUST-007071,43,136135.04,13,10740.65,24,16.28,489,0.5087,1,0,UNEMPLOYED,MASTERS,SINGLE,HOME,1
CUST-007072,46,35493.41,?,75418.29,36,14.49,524,0.5125,3,0,SALARIED,HIGH_SCHOOL,SINGLE,BUSINESS,1
CUST-007073,52,37119.09,9,49226.83,60,20.92,784,0.2025,2,0,SELF_EMPLOYED,HIGH_SCHOOL,SINGLE,PERSONAL,0
CUST-007074,35,54685.11,14,34566.32,24,12.19,606,0.6276,3,0,SALARIED,BACHELORS,SINGLE,AUTO,0
CUST-007075,23,108634.87,5,22831.29,36,8.83,483,0.3596,4,0,RETIRED,HIGH_SCHOOL,SINGLE,EDUCATION,1
CUST-007076,42,37003.60,24,77558.02,36,24.77,425,0.1696,5,0,SELF_EMPLOYED,MASTERS,SINGLE,EDUCATION,0
CUST-007077,31,103396.55,13,52273.24,12,20.13,745,0.2043,2,0,UNEMPLOYED,MASTERS,DIVORCED,PERSONAL,0
CUST-007078,36,175572.15,17,52789.53,60,11.65,487,0.5132,6,3,SALARIED,HIGH_SCHOOL,SINGLE,AUTO,1
CUST-007079,51,167406.49,26,64661.32,36,18.56,811,0.6797,5,0,RETIRED,BACHELORS,MARRIED,BUSINESS,0
CUST-007080,44,64206.42,24,74493.40,24,19.93,436,0.5893,5,0,SELF_EMPLOYED,PHD,MARRIED,AUTO,0
CUST-007081,70,158624.82,31,79902.21,36,23.14,515,0.0611,4,0,RETIRED,HIGH_SCHOOL,SINGLE,BUSINESS,1
CUST-007082,64,119014.94,26,43603.19,12,20.07,422,0.5663,2,1,SALARIED,HIGH_SCHOOL,SINGLE,EDUCATION,1
CUST-007083,58,196533.91,24,71551.74,24,17.81,389,0.2665,6,3,SELF_EMPLOYED,BACHELORS,MARRIED,AUTO,1
CUST-007084,23,154971.88,?,42050.86,36,9.35,711,0.0527,1,0,SALARIED,MASTERS,DIVORCED,BUSINESS,0
CUST-007085,25,99507.34,7,26170.94,48,18.22,534,0.6742,0,0,UNEMPLOYED,MASTERS,MARRIED,HOME,1
CUST-007086,50,160890.51,15,38336.49,24,16.45,585,0.3032,1,0,UNEMPLOYED,MASTERS,DIVORCED,EDUCATION,0
CUST-007087,61,93829.98,14,88174.54,24,8.00,614,0.5828,3,2,SALARIED,BACHELORS,SINGLE,PERSONAL,0
CUST-007088,32,147064.97,10,55109.15,60,10.51,487,0.5448,3,0,SELF_EMPLOYED,HIGH_SCHOOL,MARRIED,HOME,0
CUST-007089,70,197390.69,19,36083.26,36,10.44,718,0.6731,0,3,UNEMPLOYED,BACHELORS,DIVORCED,PERSONAL,1
CUST-007090,28,42201.07,2,48008.85,24,6.06,795,0.1156,5,0,RETIRED,BACHELORS,DIVORCED,BUSINESS,0
CUST-007091,51,121880.84,7,27893.48,24,15.78,709,0.2563,0,0,SALARIED,PHD,MARRIED,AUTO,1
CUST-007092,36,87731.13,16,56619.98,60,7.31,521,0.4161,1,0,SELF_EMPLOYED,BACHELORS,SINGLE,PERSONAL,1
CUST-007093,57,159391.23,13,16773.72,48,15.90,697,0.1892,2,0,SELF_EMPLOYED,MASTERS,DIVORCED,BUSINESS,0
CUST-007094,28,59478.37,0,57786.76,12,11.60,557,0.1555,6,0,RETIRED,HIGH_SCHOOL,DIVORCED,EDUCATION,0
CUST-007095,42,?,24,43876.35,36,22.46,319,0.5162,1,0,SELF_EMPLOYED,MASTERS,MARRIED,BUSINESS,1
CUST-007096,37,96232.63,19,26360.65,60,8.50,547,0.1038,1,0,RETIRED,BACHELORS,MARRIED,AUTO,0
CUST-007097,54,49279.74,16,19089.37,24,10.71,736,0.0716,5,0,RETIRED,MASTERS,DIVORCED,BUSINESS,1
CUST-007098,64,126613.13,17,76822.04,24,11.06,391,0.5658,0,0,RETIRED,HIGH_SCHOOL,MARRIED,EDUCATION,1
CUST-007099,52,199848.79,22,3970.27,60,15.03,301,0.5135,5,0,SALARIED,PHD,DIVORCED,AUTO,1
CUST-007100,40,144779.50,22,73970.09,48,11.91,386,0.0873,1,0,SALARIED,MASTERS,DIVORCED,PERSONAL,0
CUST-007101,45,121772.41,15,15809.32,48,8.92,548,0.3039,3,0,SELF_EMPLOYED,PHD,DIVORCED,AUTO,0
CUST-007102,53,151600.26,22,89507.25,60,5.11,468,0.0532,6,0,SALARIED,PHD,MARRIED,PERSONAL,0
CUST-007103,21,97260.23,3,21250.50,12,8.13,809,0.6042,3,0,SALARIED,PHD,MARRIED,EDUCATION,0
CUST-007104,57,135878.39,25,81250.04,60,10.93,819,0.3003,2,0,SALARIED,HIGH_SCHOOL,DIVORCED,HOME,0
CUST-007105,55,141751.35,13,66598.40,36,11.95,416,0.3039,5,0,SALARIED,BACHELORS,MARRIED,EDUCATION,0
CUST-007106,33,96958.98,15,35663.17,24,6.98,486,0.3664,3,0,RETIRED,MASTERS,SINGLE,PERSONAL,1
CUST-007107,25,55562.09,7,57073.51,36,7.96,602,0.6235,3,0,RETIRED,PHD,DIVORCED,BUSINESS,1
CUST-007108,69,68972.90,?,63316.15,24,13.37,339,0.1772,1,0,SALARIED,PHD,MARRIED,HOME,0
CUST-007109,23,63046.18,5,39608.96,36,16.54,579,0.3108,3,0,SELF_EMPLOYED,PHD,DIVORCED,EDUCATION,0
CUST-007110,61,183910.18,12,48414.00,60,9.93,481,0.1657,3,0,UNEMPLOYED,MASTERS,MARRIED,HOME,1
CUST-007111,40,143465.03,20,46994.88,48,14.21,475,0.5740,1,0,SALARIED,BACHELORS,DIVORCED,EDUCATION,0
CUST-007112,66,92090.87,14,85591.12,60,13.35,844,0.4358,0,0,UNEMPLOYED,BACHELORS,DIVORCED,HOME,0
CUST-007113,61,118285.03,13,21599.33,60,11.39,578,0.1190,6,0,RETIRED,BACHELORS,MARRIED,EDUCATION,0
CUST-007114,63,59082.01,27,82132.02,12,23.83,762,0.4073,3,0,SELF_EMPLOYED,HIGH_SCHOOL,DIVORCED,PERSONAL,1
CUST-007115,43,92295.10,9,51721.73,48,6.28,620,0.1851,1,2,SELF_EMPLOYED,MASTERS,SINGLE,BUSINESS,1
CUST-007116,68,54972.96,?,5103.35,36,14.17,778,0.3518,2,0,RETIRED,MASTERS,DIVORCED,EDUCATION,0
CUST-007117,40,54674.91,2,87043.84,12,12.03,421,0.1487,1,0,SELF_EMPLOYED,MASTERS,SINGLE,PERSONAL,0
CUST-007118,26,82659.65,3,76549.29,60,22.32,667,0.6019,5,0,RETIRED,HIGH_SCHOOL,DIVORCED,EDUCATION,0
CUST-007119,68,47430.13,15,42211.96,48,20.66,586,0.1755,0,0,SELF_EMPLOYED,MASTERS,MARRIED,AUTO,0
CUST-007120,60,24229.76,31,32065.40,24,8.34,839,0.1306,0,0,RETIRED,HIGH_SCHOOL,SINGLE,HOME,0
CUST-007121,42,177515.53,17,51651.72,60,24.48,541,0.3971,5,0,SALARIED,PHD,DIVORCED,BUSINESS,1
CUST-007122,36,43780.81,18,27376.00,48,8.73,622,0.1434,3,0,UNEMPLOYED,MASTERS,MARRIED,PERSONAL,0
CUST-007123,44,143174.44,10,53910.12,12,16.92,450,0.2069,5,2,RETIRED,MASTERS,DIVORCED,HOME,0
CUST-007124,49,188643.97,3,47042.75,24,24.99,365,0.6503,6,0,SALARIED,PHD,DIVORCED,HOME,1
CUST-007125,33,70231.62,15,77455.03,24,18.32,437,0.3937,6,0,UNEMPLOYED,BACHELORS,SINGLE,PERSONAL,1
CUST-007126,24,93637.31,6,53685.23,24,16.94,842,0.5740,0,0,SALARIED,BACHELORS,MARRIED,EDUCATION,0
CUST-007127,69,25181.00,14,65234.41,24,24.94,693,0.1767,0,0,SELF_EMPLOYED,PHD,SINGLE,AUTO,0
CUST-007128,26,31053.85,8,56653.78,60,15.54,535,0.3504,4,1,SELF_EMPLOYED,HIGH_SCHOOL,DIVORCED,HOME,1
CUST-007129,21,195802.21,3,39477.81,12,17.70,617,0.4516,6,0,UNEMPLOYED,PHD,MARRIED,HOME,1
CUST-007130,23,65695.75,5,9854.22,12,15.32,?,0.5162,1,0,SELF_EMPLOYED,MASTERS,MARRIED,EDUCATION,0
CUST-007131,55,116298.65,9,53127.81,48,17.25,603,0.3471,5,0,RETIRED,HIGH_SCHOOL,MARRIED,HOME,1
CUST-007132,60,69019.02,5,57258.85,60,22.32,357,0.6037,1,0,UNEMPLOYED,BACHELORS,SINGLE,EDUCATION,1
CUST-007133,26,83620.42,8,82756.02,12,10.94,614,0.5587,3,0,SELF_EMPLOYED,MASTERS,DIVORCED,AUTO,1
CUST-007134,36,131779.27,16,49153.06,36,14.02,346,0.5130,5,0,SELF_EMPLOYED,HIGH_SCHOOL,SINGLE,HOME,0
CUST-007135,64,66007.16,31,38938.48,12,10.64,645,0.5404,3,1,SELF_EMPLOYED,MASTERS,DIVORCED,PERSONAL,1
CUST-007136,54,184781.69,2,52409.37,24,20.73,369,0.4209,5,0,SALARIED,MASTERS,SINGLE,AUTO,0
CUST-007137,34,21147.00,12,34132.15,36,16.09,566,0.6841,0,2,SALARIED,PHD,MARRIED,HOME,1
CUST-007138,66,190242.80,5,76283.99,48,16.88,669,0.3553,0,0,RETIRED,HIGH_SCHOOL,MARRIED,BUSINESS,1
CUST-007139,23,137441.44,5,54075.85,48,17.62,545,0.1808,0,0,UNEMPLOYED,MASTERS,SINGLE,HOME,0
CUST-007140,58,103129.17,6,61211.82,24,8.98,833,0.2300,3,0,RETIRED,BACHELORS,MARRIED,BUSINESS,0
CUST-007141,27,142831.35,9,33153.92,60,24.50,425,0.3492,6,0,RETIRED,HIGH_SCHOOL,MARRIED,AUTO,1
CUST-007142,64,198638.73,8,60798.42,12,22.99,538,0.6401,2,3,SELF_EMPLOYED,MASTERS,MARRIED,EDUCATION,1
CUST-007143,47,117288.61,3,46589.41,60,17.05,355,0.5197,3,0,UNEMPLOYED,MASTERS,MARRIED,PERSONAL,1
CUST-007144,21,87867.86,3,77285.14,12,13.71,559,0.6141,0,2,SELF_EMPLOYED,HIGH_SCHOOL,DIVORCED,HOME,1
CUST-007145,36,22001.58,18,66980.98,48,18.44,552,0.1084,2,0,RETIRED,HIGH_SCHOOL,DIVORCED,BUSINESS,0
CUST-007146,68,122398.12,33,4835.55,36,18.52,797,0.5317,4,3,RETIRED,MASTERS,MARRIED,PERSONAL,1
CUST-007147,26,175157.37,8,45981.97,36,24.37,722,0.1932,2,0,SALARIED,MASTERS,SINGLE,PERSONAL,0
CUST-007148,30,175394.01,12,79479.71,60,23.73,564,0.2856,1,0,UNEMPLOYED,PHD,SINGLE,AUTO,1
CUST-007149,39,24879.19,11,30468.37,12,24.04,762,0.6087,5,0,UNEMPLOYED,PHD,MARRIED,EDUCATION,0
CUST-007150,42,194652.97,5,70844.93,24,14.93,319,0.2673,0,0,SELF_EMPLOYED,BACHELORS,SINGLE,HOME,0
CUST-007151,42,100677.59,24,84446.57,48,19.40,408,0.1575,3,0,SALARIED,MASTERS,MARRIED,HOME,0
CUST-007152,43,191049.04,25,6305.11,24,19.26,796,0.0579,3,0,UNEMPLOYED,PHD,MARRIED,PERSONAL,1
CUST-007153,64,119416.83,11,87134.04,24,13.79,652,0.1694,0,0,UNEMPLOYED,PHD,MARRIED,EDUCATION,0
CUST-007154,67,40528.04,13,11506.21,24,10.84,661,0.4800,2,0,RETIRED,PHD,SINGLE,BUSINESS,0
CUST-007155,70,134891.24,12,4094.03,24,17.83,544,0.1186,4,2,SELF_EMPLOYED,PHD,SINGLE,BUSINESS,1
CUST-007156,43,119361.84,25,23124.21,12,10.28,774,0.5868,0,1,RETIRED,MASTERS,SINGLE,PERSONAL,0
CUST-007157,32,78841.33,7,62218.84,24,5.81,727,0.5269,4,0,UNEMPLOYED,BACHELORS,SINGLE,PERSONAL,1
CUST-007158,49,56531.68,4,25487.89,60,16.12,837,0.6462,0,0,UNEMPLOYED,HIGH_SCHOOL,MARRIED,HOME,1
CUST-007159,61,134861.01,24,25065.04,36,8.87,706,0.3031,0,0,RETIRED,PHD,DIVORCED,AUTO,0
CUST-007160,61,149988.74,26,16217.06,48,11.09,580,0.6842,3,0,RETIRED,HIGH_SCHOOL,MARRIED,PERSONAL,1
CUST-007161,52,127355.33,?,57757.85,12,13.24,790,0.4160,1,0,UNEMPLOYED,HIGH_SCHOOL,SINGLE,BUSINESS,0
CUST-007162,34,176405.32,5,20228.20,48,11.37,470,0.3971,3,0,SALARIED,MASTERS,DIVORCED,HOME,0
CUST-007163,33,199347.70,15,12143.26,48,12.74,777,0.3209,2,0,RETIRED,HIGH_SCHOOL,DIVORCED,PERSONAL,0
CUST-007164,54,78940.66,33,73656.36,24,7.32,766,0.2119,2,0,SELF_EMPLOYED,BACHELORS,MARRIED,BUSINESS,0
CUST-007165,30,98400.61,12,77278.75,12,5.54,312,0.5898,2,0,SALARIED,HIGH_SCHOOL,MARRIED,EDUCATION,1
CUST-007166,42,119587.90,10,17859.77,24,11.29,615,0.0843,5,3,SELF_EMPLOYED,BACHELORS,SINGLE,HOME,0
CUST-007167,53,157289.42,11,71251.42,24,12.34,669,0.4912,2,2,RETIRED,PHD,MARRIED,BUSINESS,1
CUST-007168,67,132929.72,23,89937.47,12,9.22,729,0.3731,3,0,SALARIED,PHD,SINGLE,PERSONAL,0
CUST-007169,24,93951.07,5,5007.27,24,8.72,475,0.5776,4,0,SELF_EMPLOYED,BACHELORS,DIVORCED,PERSONAL,0
CUST-007170,45,36237.17,5,57106.61,24,18.96,717,0.4553,4,0,UNEMPLOYED,HIGH_SCHOOL,DIVORCED,AUTO,0
CUST-007171,56,91194.36,34,78492.36,12,14.78,571,0.0598,1,2,SALARIED,PHD,SINGLE,BUSINESS,0
CUST-007172,49,182629.65,9,5927.93,36,18.75,343,0.4824,4,0,SELF_EMPLOYED,PHD,DIVORCED,HOME,1
CUST-007173,36,?,6,81852.54,48,14.93,608,0.0953,0,0,RETIRED,MASTERS,DIVORCED,EDUCATION,1
CUST-007174,41,109678.08,1,36461.33,24,22.17,595,0.6514,1,1,SALARIED,BACHELORS,MARRIED,PERSONAL,0
CUST-007175,42,98706.25,11,24620.29,60,20.89,771,0.2755,3,2,SELF_EMPLOYED,BACHELORS,DIVORCED,EDUCATION,1
CUST-007176,54,83502.00,21,21377.75,12,22.89,691,0.2367,6,0,UNEMPLOYED,MASTERS,MARRIED,HOME,0
CUST-007177,66,22253.44,32,78525.25,48,9.25,655,0.2134,3,0,SELF_EMPLOYED,PHD,MARRIED,HOME,0
CUST-007178,27,186469.14,9,65408.45,24,5.73,682,0.5531,1,0,SELF_EMPLOYED,MASTERS,DIVORCED,HOME,0
CUST-007179,70,76193.64,11,43480.96,12,20.87,753,0.4967,4,0,UNEMPLOYED,PHD,DIVORCED,EDUCATION,1
CUST-007180,48,64146.51,5,70154.71,12,6.83,632,0.6938,2,0,UNEMPLOYED,HIGH_SCHOOL,MARRIED,HOME,1
CUST-007181,47,149359.75,29,57991.68,60,14.39,589,0.5239,1,0,SALARIED,MASTERS,SINGLE,EDUCATION,1
CUST-007182,50,59414.07,13,11902.17,60,10.78,320,0.1102,2,3,UNEMPLOYED,HIGH_SCHOOL,DIVORCED,PERSONAL,1
CUST-007183,70,26892.51,20,26638.63,48,14.12,385,0.5403,3,0,UNEMPLOYED,PHD,MARRIED,PERSONAL,1
CUST-007184,35,178115.32,17,84982.72,36,21.18,731,0.5011,2,0,RETIRED,PHD,MARRIED,HOME,1
CUST-007185,63,57419.91,22,21039.18,12,19.73,334,0.3001,5,0,SALARIED,MASTERS,MARRIED,PERSONAL,0
CUST-007186,27,31731.22,9,22025.98,12,22.75,843,0.0868,6,0,UNEMPLOYED,HIGH_SCHOOL,MARRIED,PERSONAL,1
CUST-007187,67,181072.09,24,85561.18,36,19.06,422,0.1845,0,0,SELF_EMPLOYED,PHD,DIVORCED,EDUCATION,0
CUST-007188,60,182959.58,28,38144.86,48,23.86,590,0.3984,2,0,UNEMPLOYED,HIGH_SCHOOL,MARRIED,HOME,0
CUST-007189,48,31226.98,12,34525.35,48,16.43,740,0.6805,6,0,UNEMPLOYED,MASTERS,DIVORCED,PERSONAL,0
CUST-007190,41,184647.63,23,18755.21,60,22.11,455,0.2679,6,0,RETIRED,MASTERS,MARRIED,BUSINESS,0
CUST-007191,43,129523.46,14,44974.15,24,18.85,727,0.6224,0,0,UNEMPLOYED,MASTERS,MARRIED,EDUCATION,1
CUST-007192,46,175282.18,21,45697.79,12,23.66,319,0.4246,4,3,UNEMPLOYED,HIGH_SCHOOL,SINGLE,HOME,1
CUST-007193,36,61384.08,?,6737.84,24,11.92,769,0.6317,5,0,SALARIED,HIGH_SCHOOL,SINGLE,EDUCATION,0
CUST-007194,36,54317.52,18,87892.38,48,7.52,449,0.2639,2,0,SELF_EMPLOYED,HIGH_SCHOOL,MARRIED,AUTO,0
CUST-007195,45,130059.68,14,60463.77,60,14.50,766,0.2402,1,0,SALARIED,BACHELORS,MARRIED,HOME,0
CUST-007196,31,21872.87,13,11425.04,12,5.34,592,0.5190,3,0,RETIRED,BACHELORS,DIVORCED,EDUCATION,0
CUST-007197,66,176218.37,1,32244.89,12,7.26,323,0.6900,4,0,UNEMPLOYED,HIGH_SCHOOL,DIVORCED,HOME,0
CUST-007198,27,35544.00,9,76453.42,12,9.36,356,0.2035,6,0,SALARIED,HIGH_SCHOOL,SINGLE,AUTO,1
CUST-007199,40,44083.11,15,54370.54,24,19.67,658,0.5846,2,0,SELF_EMPLOYED,BACHELORS,MARRIED,AUTO,1
CUST-007200,24,178445.04,6,8670.63,48,23.52,411,0.4908,5,2,SELF_EMPLOYED,BACHELORS,MARRIED,AUTO,1
CUST-007201,40,29948.35,20,79584.97,36,10.87,770,0.3604,5,0,SALARIED,PHD,MARRIED,EDUCATION,0
CUST-007202,39,143280.05,14,35506.00,24,20.17,725,0.1276,2,0,RETIRED,HIGH_SCHOOL,MARRIED,EDUCATION,0
CUST-007203,54,154013.31,20,41785.11,24,13.61,421,0.4983,6,1,SELF_EMPLOYED,PHD,DIVORCED,AUTO,1
CUST-007204,60,191690.62,24,54149.64,60,22.07,416,0.1468,4,0,SELF_EMPLOYED,MASTERS,SINGLE,HOME,1
CUST-007205,57,112216.68,18,42487.38,12,12.31,715,0.4608,2,0,UNEMPLOYED,BACHELORS,DIVORCED,EDUCATION,1
CUST-007206,58,125378.31,28,4093.55,24,23.78,557,0.5153,5,0,SELF_EMPLOYED,HIGH_SCHOOL,SINGLE,PERSONAL,0
CUST-007207,64,111362.80,7,62070.68,60,10.20,620,0.6624,2,0,SALARIED,HIGH_SCHOOL,DIVORCED,AUTO,1
CUST-007208,40,144688.74,22,59744.78,24,6.82,314,0.3220,3,0,SELF_EMPLOYED,MASTERS,MARRIED,PERSONAL,1
CUST-007209,35,52415.11,17,3972.53,60,22.61,462,0.6916,6,0,SALARIED,PHD,MARRIED,EDUCATION,1
CUST-007210,51,70118.89,4,29922.20,60,11.23,475,0.0591,5,0,SALARIED,HIGH_SCHOOL,SINGLE,BUSINESS,0
CUST-007211,23,66354.74,5,57566.91,24,9.32,509,0.1322,5,0,SELF_EMPLOYED,MASTERS,SINGLE,PERSONAL,0
CUST-007212,35,170027.92,0,53830.76,60,11.13,825,0.5194,6,0,SALARIED,HIGH_SCHOOL,SINGLE,HOME,0
CUST-007213,45,163539.44,27,82266.84,24,14.51,491,0.1709,2,0,SELF_EMPLOYED,MASTERS,MARRIED,BUSINESS,0
CUST-007214,27,159032.26,7,19045.46,48,19.99,637,0.1977,0,0,UNEMPLOYED,MASTERS,MARRIED,AUTO,0
CUST-007215,24,81612.59,6,74600.18,36,9.49,544,0.0970,2,0,RETIRED,BACHELORS,SINGLE,PERSONAL,0
CUST-007216,64,124666.19,10,15994.16,36,13.55,488,0.3335,3,0,UNEMPLOYED,MASTERS,SINGLE,AUTO,1
CUST-007217,30,59459.36,1,63536.84,24,15.68,639,0.3533,6,0,SELF_EMPLOYED,MASTERS,DIVORCED,BUSINESS,1
CUST-007218,37,37783.81,1,26085.49,12,14.90,314,0.6180,0,0,UNEMPLOYED,PHD,SINGLE,AUTO,1
CUST-007219,44,77576.96,6,24724.25,60,8.66,345,0.2218,0,0,UNEMPLOYED,HIGH_SCHOOL,MARRIED,HOME,0
CUST-007220,45,130212.74,26,31653.96,12,14.02,730,0.4256,2,0,RETIRED,MASTERS,MARRIED,EDUCATION,0
CUST-007221,30,143564.61,4,38137.55,24,5.34,758,0.5964,2,0,UNEMPLOYED,BACHELORS,DIVORCED,AUTO,1
CUST-007222,22,147821.77,4,42007.99,48,11.04,506,0.3043,4,0,UNEMPLOYED,HIGH_SCHOOL,SINGLE,EDUCATION,1
CUST-007223,60,45189.14,9,78778.02,48,10.71,726,0.2540,5,0,RETIRED,MASTERS,SINGLE,BUSINESS,0
CUST-007224,28,75327.72,10,45578.27,12,14.09,555,0.3719,1,0,SELF_EMPLOYED,PHD,SINGLE,BUSINESS,0
CUST-007225,46,154855.60,27,25607.48,48,21.90,348,0.4175,1,0,SELF_EMPLOYED,HIGH_SCHOOL,MARRIED,AUTO,0
CUST-007226,64,94879.18,11,49224.00,36,12.89,581,0.2487,3,0,RETIRED,BACHELORS,MARRIED,PERSONAL,0
CUST-007227,47,106480.93,15,61592.60,12,20.28,753,0.6870,4,0,RETIRED,BACHELORS,DIVORCED,BUSINESS,1
CUST-007228,58,111468.88,33,37618.27,12,18.84,437,0.6217,4,0,RETIRED,HIGH_SCHOOL,MARRIED,EDUCATION,1
CUST-007229,56,95385.38,27,50179.97,48,14.23,782,0.2122,6,0,SELF_EMPLOYED,BACHELORS,SINGLE,PERSONAL,0
CUST-007230,65,80429.47,25,25913.36,12,18.80,552,0.4062,0,0,RETIRED,HIGH_SCHOOL,DIVORCED,EDUCATION,1
CUST-007231,65,42396.19,8,46119.64,48,22.73,569,0.3801,0,0,SALARIED,HIGH_SCHOOL,SINGLE,HOME,0
CUST-007232,34,171544.84,16,24267.73,48,5.67,388,0.4307,6,0,UNEMPLOYED,MASTERS,MARRIED,EDUCATION,0
CUST-007233,67,137828.71,24,7734.75,48,5.80,759,0.4613,3,2,RETIRED,PHD,SINGLE,BUSINESS,1
CUST-007234,36,189453.67,16,23732.91,36,22.51,849,0.5253,5,0,SELF_EMPLOYED,MASTERS,MARRIED,EDUCATION,0
CUST-007235,49,112928.36,22,70686.36,24,22.44,449,0.4252,1,0,SALARIED,BACHELORS,DIVORCED,EDUCATION,1
CUST-007236,55,?,27,89873.63,48,24.50,332,0.3617,5,0,SALARIED,HIGH_SCHOOL,SINGLE,PERSONAL,0
CUST-007237,47,177222.84,29,21936.68,24,13.80,448,0.5955,0,0,SELF_EMPLOYED,HIGH_SCHOOL,DIVORCED,AUTO,0
CUST-007238,48,155728.90,28,20202.59,12,24.22,604,0.4560,2,0,SALARIED,HIGH_SCHOOL,MARRIED,BUSINESS,1
CUST-007239,36,144480.18,8,7987.74,12,16.50,439,0.3423,3,0,SALARIED,PHD,DIVORCED,HOME,0
CUST-007240,45,78109.14,27,38464.08,36,17.80,306,0.5912,5,0,SALARIED,PHD,DIVORCED,PERSONAL,0
CUST-007241,24,77184.56,6,68045.90,36,13.85,345,0.4338,1,0,SALARIED,PHD,DIVORCED,HOME,0
CUST-007242,52,35403.84,8,22419.64,48,8.87,549,0.5295,0,0,SALARIED,HIGH_SCHOOL,MARRIED,PERSONAL,1
CUST-007243,54,121520.63,17,53200.88,60,18.50,848,0.1478,0,0,SELF_EMPLOYED,PHD,SINGLE,AUTO,0
CUST-007244,46,92522.95,28,9604.86,60,18.15,778,0.5172,2,0,SALARIED,HIGH_SCHOOL,SINGLE,BUSINESS,0
CUST-007245,68,73759.79,8,14803.30,60,16.21,384,0.1579,4,0,SELF_EMPLOYED,BACHELORS,DIVORCED,PERSONAL,0
CUST-007246,33,25877.32,13,89551.81,48,22.43,601,0.3609,6,0,UNEMPLOYED,PHD,DIVORCED,EDUCATION,1
CUST-007247,42,122684.69,24,38236.10,12,10.73,649,0.2603,6,0,SALARIED,BACHELORS,SINGLE,HOME,1
CUST-007248,43,84268.89,7,7102.02,36,16.96,419,0.2446,6,0,RETIRED,MASTERS,DIVORCED,HOME,1
CUST-007249,67,154159.65,18,31555.91,48,5.56,596,0.6612,0,0,SALARIED,BACHELORS,SINGLE,HOME,0
CUST-007250,51,25091.48,18,15800.79,48,16.52,682,0.5702,2,0,UNEMPLOYED,BACHELORS,SINGLE,AUTO,1
CUST-007251,53,187578.51,29,35422.21,36,21.73,557,0.3071,3,0,SALARIED,BACHELORS,SINGLE,BUSINESS,0
CUST-007252,42,148552.07,1,56228.56,60,8.35,579,0.1166,0,0,RETIRED,BACHELORS,SINGLE,HOME,0
CUST-007253,23,137029.67,5,5864.14,36,7.65,541,0.6878,5,0,RETIRED,BACHELORS,SINGLE,HOME,0
CUST-007254,47,64507.96,8,15916.47,48,14.06,375,0.6144,1,0,SELF_EMPLOYED,HIGH_SCHOOL,MARRIED,BUSINESS,1
CUST-007255,40,94684.03,22,36840.51,60,23.95,622,0.3121,4,0,UNEMPLOYED,HIGH_SCHOOL,DIVORCED,AUTO,1
CUST-007256,32,66025.16,14,7861.06,36,20.08,640,0.3646,1,0,RETIRED,BACHELORS,MARRIED,AUTO,1
CUST-007257,47,125302.10,29,7653.32,12,20.84,762,0.5195,4,0,SALARIED,PHD,MARRIED,EDUCATION,1
CUST-007258,50,126354.31,21,60108.09,48,13.82,401,0.2452,0,0,SALARIED,MASTERS,SINGLE,EDUCATION,0
CUST-007259,67,92903.30,21,42634.30,36,18.60,591,0.2163,0,0,UNEMPLOYED,BACHELORS,SINGLE,EDUCATION,1
CUST-007260,64,187076.64,26,65947.15,60,5.48,567,0.3162,5,0,UNEMPLOYED,MASTERS,DIVORCED,BUSINESS,0
CUST-007261,23,45442.21,5,36710.43,24,8.68,456,0.3633,2,0,SELF_EMPLOYED,PHD,DIVORCED,EDUCATION,1
CUST-007262,46,63685.27,18,47850.69,60,15.78,735,0.5694,5,0,SALARIED,BACHELORS,MARRIED,AUTO,0
CUST-007263,48,145732.63,14,38917.06,48,24.20,502,0.4515,6,1,SALARIED,MASTERS,SINGLE,AUTO,1
CUST-007264,69,148843.16,32,30007.97,12,12.30,769,0.1890,6,0,SALARIED,BACHELORS,DIVORCED,EDUCATION,0
CUST-007265,57,31284.72,8,16009.10,60,7.20,447,0.1919,1,0,SELF_EMPLOYED,PHD,MARRIED,HOME,1
CUST-007266,27,164002.53,9,28281.47,48,6.79,739,0.0984,3,0,SALARIED,HIGH_SCHOOL,SINGLE,PERSONAL,0
CUST-007267,64,45884.94,12,77756.09,48,10.78,636,0.5673,2,0,RETIRED,BACHELORS,SINGLE,BUSINESS,0
CUST-007268,58,157745.50,8,83199.17,36,13.12,822,0.2808,0,0,RETIRED,HIGH_SCHOOL,MARRIED,EDUCATION,0
CUST-007269,31,60173.98,13,53154.41,60,24.82,636,0.6144,5,2,SELF_EMPLOYED,PHD,MARRIED,EDUCATION,1
CUST-007270,42,41367.57,0,29531.09,60,17.13,784,0.2915,6,0,UNEMPLOYED,PHD,SINGLE,PERSONAL,1
CUST-007271,70,36818.83,12,74677.65,12,8.88,463,0.6999,1,2,SALARIED,BACHELORS,SINGLE,PERSONAL,1
CUST-007272,66,190322.16,23,79291.08,24,21.99,813,0.4044,0,0,UNEMPLOYED,BACHELORS,DIVORCED,HOME,0
CUST-007273,40,129795.22,?,79769.18,48,8.11,753,0.4167,2,0,SELF_EMPLOYED,BACHELORS,DIVORCED,AUTO,0
CUST-007274,47,42251.07,8,68110.20,60,12.72,752,0.6892,4,0,UNEMPLOYED,HIGH_SCHOOL,SINGLE,HOME,0
CUST-007275,27,109078.81,9,62960.49,12,21.79,435,0.2473,1,0,RETIRED,BACHELORS,SINGLE,BUSINESS,1
CUST-007276,47,107011.81,29,36297.78,48,7.06,665,0.3551,2,0,SALARIED,HIGH_SCHOOL,MARRIED,AUTO,0
CUST-007277,64,177699.60,27,57060.33,48,17.49,694,0.3751,3,0,SELF_EMPLOYED,MASTERS,DIVORCED,AUTO,0
CUST-007278,29,75306.06,11,63811.41,48,23.95,504,0.5908,6,0,UNEMPLOYED,MASTERS,DIVORCED,EDUCATION,1
CUST-007279,53,156820.40,32,66860.56,36,15.55,525,0.3817,1,0,UNEMPLOYED,HIGH_SCHOOL,MARRIED,AUTO,1
CUST-007280,64,104221.82,28,70987.72,24,17.36,459,0.3650,3,0,SALARIED,HIGH_SCHOOL,MARRIED,EDUCATION,1
CUST-007281,51,46230.95,31,68773.54,60,14.93,?,0.1056,0,2,SALARIED,HIGH_SCHOOL,DIVORCED,AUTO,1
CUST-007282,44,119475.53,18,59575.56,48,8.85,717,0.5851,5,0,SELF_EMPLOYED,PHD,DIVORCED,PERSONAL,0
CUST-007283,53,110297.93,14,9701.01,24,21.34,642,0.4215,6,0,SELF_EMPLOYED,MASTERS,DIVORCED,BUSINESS,0
CUST-007284,36,196066.59,18,7006.78,36,8.64,484,0.5650,1,0,UNEMPLOYED,PHD,MARRIED,HOME,1
CUST-007285,27,127293.23,7,9648.19,60,21.70,533,0.1408,4,2,SELF_EMPLOYED,PHD,MARRIED,EDUCATION,1
CUST-007286,55,76302.13,29,21332.80,48,5.95,383,0.5080,2,0,SELF_EMPLOYED,MASTERS,DIVORCED,AUTO,0
CUST-007287,27,?,9,80305.33,60,16.72,348,0.1272,4,0,SALARIED,BACHELORS,DIVORCED,AUTO,1
CUST-007288,69,170178.24,11,10537.45,12,19.82,539,0.2943,6,0,SALARIED,MASTERS,DIVORCED,AUTO,1
CUST-007289,54,?,0,75965.26,36,23.43,654,0.6131,5,0,RETIRED,PHD,SINGLE,HOME,0
CUST-007290,55,188051.34,16,17272.59,36,22.39,819,0.2862,1,0,UNEMPLOYED,BACHELORS,SINGLE,HOME,1
CUST-007291,30,52424.99,4,84519.85,60,21.84,793,0.2220,5,0,SALARIED,BACHELORS,DIVORCED,HOME,0
CUST-007292,39,145508.54,21,72618.61,12,10.30,636,0.2077,6,0,UNEMPLOYED,HIGH_SCHOOL,SINGLE,BUSINESS,0
CUST-007293,33,179307.49,15,46478.64,36,16.30,510,0.3219,6,0,RETIRED,PHD,SINGLE,EDUCATION,1
CUST-007294,32,128016.67,14,80583.58,12,22.50,636,0.4239,1,2,SELF_EMPLOYED,HIGH_SCHOOL,SINGLE,HOME,1
CUST-007295,49,158435.56,22,45212.62,24,11.15,774,0.2365,6,1,SELF_EMPLOYED,HIGH_SCHOOL,DIVORCED,PERSONAL,1
CUST-007296,53,142616.90,19,37578.65,36,7.37,516,0.2660,2,0,SALARIED,PHD,MARRIED,BUSINESS,1
CUST-007297,63,64373.03,9,66450.77,48,6.59,603,0.0905,4,0,RETIRED,MASTERS,DIVORCED,HOME,0
CUST-007298,53,84730.87,23,28499.17,48,17.04,574,0.1890,4,0,UNEMPLOYED,HIGH_SCHOOL,DIVORCED,BUSINESS,0
CUST-007299,36,110922.54,7,65904.83,48,7.58,571,0.1670,4,0,SELF_EMPLOYED,BACHELORS,MARRIED,PERSONAL,1
CUST-007300,46,18188.57,17,3892.64,24,5.43,307,0.5043,3,0,RETIRED,BACHELORS,DIVORCED,EDUCATION,0
CUST-007301,50,183105.13,7,59940.07,36,13.29,599,0.3828,4,0,RETIRED,BACHELORS,DIVORCED,PERSONAL,1
CUST-007302,26,22017.43,8,44631.86,36,9.22,736,0.4096,1,1,SALARIED,HIGH_SCHOOL,SINGLE,EDUCATION,1
CUST-007303,38,87913.55,20,57983.36,48,20.26,529,0.2834,6,0,SALARIED,BACHELORS,SINGLE,PERSONAL,1
CUST-007304,22,110122.80,4,13433.51,60,23.06,530,0.5503,2,0,SALARIED,HIGH_SCHOOL,MARRIED,BUSINESS,0
CUST-007305,47,22364.15,8,70405.44,48,24.66,349,0.5308,5,0,SALARIED,MASTERS,MARRIED,BUSINESS,1
CUST-007306,53,41240.37,3,77171.90,12,23.89,493,0.0572,1,0,SALARIED,BACHELORS,DIVORCED,AUTO,0
CUST-007307,46,43751.44,9,43971.46,24,20.77,497,0.0821,1,0,RETIRED,BACHELORS,DIVORCED,BUSINESS,0
CUST-007308,51,116578.32,2,77037.89,24,12.74,348,0.3752,2,0,RETIRED,PHD,MARRIED,EDUCATION,1
CUST-007309,37,179939.65,13,33478.17,48,6.89,686,0.6170,2,0,UNEMPLOYED,MASTERS,DIVORCED,EDUCATION,1
CUST-007310,64,109131.74,9,89813.25,24,12.53,647,0.5762,0,0,RETIRED,BACHELORS,MARRIED,HOME,0
CUST-007311,25,120238.96,7,33593.73,60,20.17,579,0.3205,0,0,SALARIED,HIGH_SCHOOL,SINGLE,PERSONAL,0
CUST-007312,43,147528.11,23,48141.24,60,18.67,623,0.3073,4,0,RETIRED,MASTERS,DIVORCED,BUSINESS,1
CUST-007313,52,138560.48,13,49506.91,24,8.64,382,0.5446,5,0,UNEMPLOYED,PHD,DIVORCED,BUSINESS,1
CUST-007314,22,133131.65,4,40882.07,36,12.87,416,0.4557,2,0,SALARIED,MASTERS,DIVORCED,HOME,0
CUST-007315,59,198933.44,26,13406.58,60,12.93,344,0.6773,3,0,SALARIED,PHD,MARRIED,HOME,1
CUST-007316,47,146105.09,29,34434.43,12,11.81,786,0.5505,6,0,SELF_EMPLOYED,PHD,MARRIED,AUTO,0
CUST-007317,28,105098.92,10,14723.99,12,24.04,714,0.6527,5,0,UNEMPLOYED,PHD,SINGLE,HOME,0
CUST-007318,67,134523.00,34,30581.90,24,12.81,664,0.2094,6,0,SALARIED,BACHELORS,DIVORCED,BUSINESS,0
CUST-007319,42,187345.50,1,75488.36,48,5.39,644,0.4359,2,0,RETIRED,MASTERS,DIVORCED,HOME,0
CUST-007320,25,106810.15,5,44831.56,48,12.09,405,0.3957,3,0,SALARIED,MASTERS,MARRIED,BUSINESS,1
CUST-007321,25,188636.30,7,73578.05,12,15.10,770,0.4792,3,0,UNEMPLOYED,HIGH_SCHOOL,SINGLE,BUSINESS,0
CUST-007322,43,67892.26,10,54702.68,48,8.22,645,0.4596,1,0,RETIRED,PHD,SINGLE,PERSONAL,1
CUST-007323,32,51778.59,4,35367.66,60,22.17,650,0.4211,3,0,UNEMPLOYED,MASTERS,SINGLE,HOME,1
CUST-007324,50,189505.43,30,78189.29,12,24.33,710,0.5916,2,3,RETIRED,BACHELORS,SINGLE,PERSONAL,1
CUST-007325,40,46247.97,2,28125.94,48,18.58,322,0.4388,2,0,UNEMPLOYED,MASTERS,SINGLE,HOME,0
CUST-007326,67,95870.38,20,32520.94,24,24.01,313,0.6488,3,0,SELF_EMPLOYED,BACHELORS,DIVORCED,BUSINESS,1
CUST-007327,44,174568.02,26,18351.19,24,13.58,666,0.5067,2,0,SELF_EMPLOYED,PHD,MARRIED,PERSONAL,1
CUST-007328,46,39692.64,26,88716.15,60,24.49,794,0.5483,0,0,UNEMPLOYED,PHD,DIVORCED,BUSINESS,1
CUST-007329,69,28217.80,23,56953.92,48,10.40,370,0.4440,2,0,RETIRED,HIGH_SCHOOL,SINGLE,BUSINESS,0
CUST-007330,28,139612.02,6,13496.12,36,10.27,431,0.2647,2,0,SELF_EMPLOYED,PHD,DIVORCED,HOME,1
CUST-007331,55,130969.99,29,51548.35,24,10.57,404,0.6316,6,0,SELF_EMPLOYED,HIGH_SCHOOL,MARRIED,PERSONAL,0
CUST-007332,30,33725.47,12,25252.08,24,10.11,514,0.4640,0,2,SALARIED,HIGH_SCHOOL,DIVORCED,HOME,1
CUST-007333,59,39861.05,0,64601.58,12,14.04,399,0.4405,0,0,SELF_EMPLOYED,MASTERS,MARRIED,HOME,1
CUST-007334,42,196516.13,16,16939.06,48,8.03,645,0.4973,6,1,RETIRED,MASTERS,MARRIED,AUTO,1
CUST-007335,37,110979.04,19,58828.03,60,24.77,401,0.3063,5,0,SELF_EMPLOYED,MASTERS,SINGLE,EDUCATION,1
CUST-007336,34,24048.84,16,12300.52,24,13.85,496,0.2968,4,0,RETIRED,PHD,DIVORCED,HOME,0
CUST-007337,69,68740.33,27,81147.17,36,20.17,653,0.1590,5,0,RETIRED,PHD,MARRIED,EDUCATION,1
CUST-007338,48,162110.40,2,19676.85,60,14.63,624,0.2944,3,0,UNEMPLOYED,MASTERS,DIVORCED,PERSONAL,0
CUST-007339,26,141762.66,5,55941.28,24,24.83,532,0.5861,5,0,RETIRED,MASTERS,SINGLE,EDUCATION,1
CUST-007340,40,60489.22,22,54625.30,24,22.01,502,0.6637,5,1,SELF_EMPLOYED,BACHELORS,DIVORCED,BUSINESS,1
CUST-007341,69,51441.13,25,42330.78,12,16.98,592,0.5160,6,0,RETIRED,PHD,DIVORCED,EDUCATION,1
CUST-007342,29,166376.92,11,16819.73,24,7.18,725,0.3774,5,0,SELF_EMPLOYED,HIGH_SCHOOL,MARRIED,HOME,0
CUST-007343,24,61682.08,6,37499.12,36,21.15,612,0.0966,6,3,SALARIED,HIGH_SCHOOL,DIVORCED,EDUCATION,1
CUST-007344,62,137519.85,2,79514.93,48,24.29,548,0.2858,6,0,SALARIED,PHD,DIVORCED,HOME,1
CUST-007345,46,25845.26,21,29016.66,48,18.74,345,0.4464,2,2,UNEMPLOYED,PHD,DIVORCED,EDUCATION,1
CUST-007346,46,29773.90,28,19503.08,36,16.65,329,0.6875,4,0,SALARIED,PHD,SINGLE,PERSONAL,1
CUST-007347,67,168093.35,34,3216.32,12,18.26,376,0.2869,3,0,SALARIED,PHD,MARRIED,PERSONAL,1
CUST-007348,59,159038.30,13,14581.02,12,10.92,805,0.5099,5,0,SALARIED,MASTERS,SINGLE,EDUCATION,1
CUST-007349,48,172934.09,26,51343.35,36,10.40,622,0.3374,1,0,UNEMPLOYED,PHD,SINGLE,HOME,0
CUST-007350,69,137658.58,24,15723.65,48,12.71,592,0.4829,1,0,SALARIED,PHD,SINGLE,EDUCATION,1
CUST-007351,67,58307.21,20,8256.38,12,24.25,744,0.0619,1,0,UNEMPLOYED,HIGH_SCHOOL,MARRIED,PERSONAL,0
CUST-007352,30,97900.98,12,72212.12,24,20.07,688,0.1757,0,0,SELF_EMPLOYED,PHD,SINGLE,HOME,0
CUST-007353,30,77850.80,12,31953.54,36,23.10,770,0.4373,0,0,SELF_EMPLOYED,BACHELORS,MARRIED,PERSONAL,0
CUST-007354,48,195378.18,26,11942.47,48,9.21,451,0.5651,5,0,UNEMPLOYED,BACHELORS,DIVORCED,PERSONAL,1
CUST-007355,44,160746.17,17,72044.28,60,13.81,567,0.2608,2,0,SALARIED,PHD,DIVORCED,EDUCATION,0
CUST-007356,49,58359.52,21,67162.62,36,20.11,804,0.4969,5,0,UNEMPLOYED,HIGH_SCHOOL,DIVORCED,HOME,1
CUST-007357,41,29495.13,19,89902.13,60,12.36,373,0.6671,3,0,RETIRED,BACHELORS,SINGLE,EDUCATION,0
CUST-007358,61,20541.57,6,12007.18,12,7.93,513,0.1884,4,0,SELF_EMPLOYED,PHD,DIVORCED,EDUCATION,0
CUST-007359,36,24365.80,18,19342.64,60,9.25,635,0.4509,6,3,UNEMPLOYED,MASTERS,MARRIED,AUTO,1
CUST-007360,23,31005.58,5,61056.31,12,20.02,800,0.1352,2,0,RETIRED,HIGH_SCHOOL,SINGLE,PERSONAL,0
CUST-007361,45,61210.54,27,27416.30,12,23.46,785,0.5160,5,0,RETIRED,MASTERS,SINGLE,PERSONAL,1
CUST-007362,61,134868.44,3,50042.72,60,12.95,332,0.6471,3,0,SALARIED,BACHELORS,MARRIED,EDUCATION,0
CUST-007363,52,78879.40,10,73323.94,36,16.25,583,0.1132,5,0,UNEMPLOYED,HIGH_SCHOOL,MARRIED,EDUCATION,1
CUST-007364,26,121235.91,3,51254.39,60,7.25,737,0.2832,0,0,SELF_EMPLOYED,PHD,DIVORCED,BUSINESS,0
CUST-007365,49,186281.30,29,62982.39,24,18.05,846,0.5725,5,0,SALARIED,PHD,MARRIED,AUTO,0
CUST-007366,40,27959.34,22,40253.33,48,14.50,305,0.0892,4,2,SALARIED,HIGH_SCHOOL,MARRIED,HOME,1
CUST-007367,24,123345.64,6,15507.67,12,23.58,838,0.2303,3,3,SALARIED,PHD,MARRIED,BUSINESS,1
CUST-007368,69,145209.34,31,22919.49,48,16.50,706,0.4760,5,0,RETIRED,HIGH_SCHOOL,MARRIED,EDUCATION,0
CUST-007369,47,87423.90,8,85330.32,24,13.91,721,0.5384,4,0,RETIRED,BACHELORS,SINGLE,BUSINESS,1
CUST-007370,24,64590.30,6,46431.42,60,8.84,343,0.0567,4,0,SELF_EMPLOYED,HIGH_SCHOOL,SINGLE,EDUCATION,1
CUST-007371,39,29140.74,15,13915.35,48,19.54,464,0.6267,6,3,RETIRED,MASTERS,MARRIED,BUSINESS,1
CUST-007372,35,149052.58,?,80757.03,48,21.55,617,0.4776,3,0,UNEMPLOYED,MASTERS,SINGLE,HOME,1
CUST-007373,39,168273.58,14,4228.93,48,7.90,351,0.3972,6,2,SELF_EMPLOYED,BACHELORS,DIVORCED,PERSONAL,1
CUST-007374,35,24653.05,17,35550.71,36,6.64,631,0.1958,3,0,SALARIED,MASTERS,SINGLE,EDUCATION,0
CUST-007375,65,124950.15,29,22858.73,36,23.90,799,0.1620,0,2,RETIRED,PHD,SINGLE,BUSINESS,1
CUST-007376,69,66539.86,15,18226.42,12,7.42,800,0.1912,2,0,RETIRED,HIGH_SCHOOL,SINGLE,BUSINESS,1
CUST-007377,44,102355.49,26,13407.51,36,23.34,436,0.3846,6,0,SELF_EMPLOYED,BACHELORS,SINGLE,AUTO,0
CUST-007378,37,114509.84,19,3091.45,36,13.98,411,0.2327,5,0,SALARIED,BACHELORS,MARRIED,EDUCATION,0
CUST-007379,52,143071.28,8,27134.31,12,6.16,354,0.5636,2,0,UNEMPLOYED,MASTERS,DIVORCED,PERSONAL,1
CUST-007380,41,174812.54,23,14413.84,36,16.13,437,0.5526,4,0,UNEMPLOYED,PHD,SINGLE,BUSINESS,1
CUST-007381,38,53841.29,1,47754.21,36,9.83,783,0.4750,6,0,UNEMPLOYED,BACHELORS,SINGLE,HOME,1
CUST-007382,51,124368.57,21,78164.00,12,11.91,447,0.1677,3,3,RETIRED,HIGH_SCHOOL,DIVORCED,EDUCATION,1
CUST-007383,22,65575.89,4,84137.96,36,11.89,318,0.1174,0,0,SELF_EMPLOYED,MASTERS,DIVORCED,PERSONAL,1
CUST-007384,58,163497.23,34,64140.78,60,23.26,754,0.3718,6,0,RETIRED,BACHELORS,DIVORCED,AUTO,0
CUST-007385,59,87403.21,10,78034.77,24,14.76,586,0.1027,2,0,SALARIED,HIGH_SCHOOL,DIVORCED,AUTO,0
CUST-007386,59,88050.91,28,31175.36,48,21.94,436,0.4721,6,0,SELF_EMPLOYED,MASTERS,SINGLE,PERSONAL,1
CUST-007387,39,74396.50,21,3353.39,24,9.24,811,0.6992,6,1,SELF_EMPLOYED,BACHELORS,MARRIED,PERSONAL,0
CUST-007388,38,140406.57,3,83392.27,36,12.07,536,0.6667,2,0,UNEMPLOYED,PHD,SINGLE,PERSONAL,1
CUST-007389,27,186183.85,9,37150.19,24,20.83,454,0.5450,4,0,SELF_EMPLOYED,HIGH_SCHOOL,SINGLE,PERSONAL,1
CUST-007390,53,146931.42,11,32434.47,60,10.43,654,0.5273,2,3,UNEMPLOYED,HIGH_SCHOOL,MARRIED,AUTO,1
CUST-007391,60,154133.93,15,62189.73,12,22.24,755,0.2799,3,0,SELF_EMPLOYED,HIGH_SCHOOL,DIVORCED,HOME,0
CUST-007392,40,142516.89,22,57370.66,60,18.94,568,0.6958,2,0,RETIRED,HIGH_SCHOOL,MARRIED,PERSONAL,1
CUST-007393,48,85114.92,30,22525.65,12,14.68,305,0.3615,4,3,RETIRED,PHD,MARRIED,AUTO,1
CUST-007394,69,49411.67,29,76899.60,24,10.91,388,0.1772,3,0,UNEMPLOYED,BACHELORS,SINGLE,HOME,1
CUST-007395,27,42981.55,9,80292.09,24,10.28,451,0.3327,5,0,SALARIED,BACHELORS,MARRIED,AUTO,1
CUST-007396,51,58428.15,24,32518.40,60,5.50,776,0.6713,3,0,UNEMPLOYED,BACHELORS,DIVORCED,BUSINESS,1
CUST-007397,49,136497.68,2,49873.00,12,20.31,706,0.3732,2,0,UNEMPLOYED,BACHELORS,SINGLE,EDUCATION,1
CUST-007398,53,132873.60,16,9523.31,48,22.29,654,0.1065,6,1,SALARIED,BACHELORS,DIVORCED,BUSINESS,1
CUST-007399,69,80685.21,19,79216.20,24,23.03,329,0.2888,0,0,RETIRED,BACHELORS,SINGLE,PERSONAL,0
CUST-007400,21,25077.86,3,13854.25,60,14.41,384,0.5581,4,0,SALARIED,HIGH_SCHOOL,MARRIED,EDUCATION,0
CUST-007401,34,27311.24,16,62845.77,36,15.39,592,0.3392,2,3,UNEMPLOYED,HIGH_SCHOOL,MARRIED,BUSINESS,1
CUST-007402,45,140987.31,27,4543.27,36,22.88,803,0.1531,0,0,SALARIED,HIGH_SCHOOL,MARRIED,PERSONAL,0
CUST-007403,60,185810.21,5,88014.45,12,23.45,357,0.6470,6,0,RETIRED,PHD,SINGLE,BUSINESS,1
CUST-007404,61,34482.11,0,58233.08,36,10.23,670,0.6057,2,0,SALARIED,PHD,SINGLE,EDUCATION,0
CUST-007405,28,100432.99,10,58797.05,24,14.00,599,0.4217,5,0,UNEMPLOYED,MASTERS,MARRIED,BUSINESS,0
CUST-007406,44,71404.73,21,77092.64,24,24.99,306,0.6969,1,0,SALARIED,PHD,DIVORCED,AUTO,1
CUST-007407,69,157903.94,4,10885.94,24,22.24,813,0.6534,2,0,UNEMPLOYED,MASTERS,SINGLE,PERSONAL,1
CUST-007408,35,43657.59,17,17549.84,36,13.26,731,0.3628,4,0,UNEMPLOYED,HIGH_SCHOOL,MARRIED,BUSINESS,1
CUST-007409,64,39879.64,2,86653.89,24,5.90,435,0.6527,4,0,RETIRED,PHD,DIVORCED,HOME,1
CUST-007410,27,196597.79,9,89732.04,24,7.34,767,0.6833,5,2,SELF_EMPLOYED,MASTERS,DIVORCED,BUSINESS,1
CUST-007411,63,178278.21,13,48738.90,48,6.30,806,0.3291,6,0,UNEMPLOYED,BACHELORS,DIVORCED,AUTO,0
CUST-007412,22,22462.19,4,37537.07,36,23.22,495,0.5670,4,0,SELF_EMPLOYED,MASTERS,MARRIED,PERSONAL,1
CUST-007413,32,185691.44,14,7456.02,36,23.12,669,0.4479,3,0,UNEMPLOYED,HIGH_SCHOOL,DIVORCED,EDUCATION,1
CUST-007414,66,79212.35,28,86464.07,60,21.26,537,0.1983,6,3,SALARIED,BACHELORS,MARRIED,BUSINESS,1
CUST-007415,61,146332.92,2,46507.62,48,18.85,512,0.1578,3,0,UNEMPLOYED,BACHELORS,SINGLE,EDUCATION,0
CUST-007416,38,198459.25,20,31378.81,60,23.02,431,0.4108,5,2,UNEMPLOYED,HIGH_SCHOOL,DIVORCED,BUSINESS,1
CUST-007417,41,146360.81,23,22936.80,36,10.25,503,0.4152,5,0,RETIRED,HIGH_SCHOOL,DIVORCED,AUTO,0
CUST-007418,37,144275.11,16,45161.79,12,14.90,843,0.0715,1,0,RETIRED,PHD,DIVORCED,AUTO,0
CUST-007419,68,69819.19,3,75739.74,48,13.59,387,0.1756,3,3,SALARIED,PHD,MARRIED,EDUCATION,1
CUST-007420,55,65896.29,25,86728.81,36,16.95,608,0.4858,6,0,UNEMPLOYED,BACHELORS,MARRIED,PERSONAL,1
CUST-007421,62,177506.80,22,6856.34,48,13.84,691,0.4473,6,1,SALARIED,MASTERS,SINGLE,AUTO,0
CUST-007422,60,129565.42,33,88317.67,24,23.02,409,0.5754,1,0,RETIRED,BACHELORS,MARRIED,AUTO,1
CUST-007423,43,182892.67,15,60127.09,24,22.80,787,0.6698,2,0,SELF_EMPLOYED,PHD,MARRIED,EDUCATION,1
CUST-007424,63,60406.08,7,85282.14,60,23.62,622,0.1486,4,0,SALARIED,MASTERS,DIVORCED,HOME,1
CUST-007425,42,55556.50,24,62640.26,12,8.99,824,0.1686,2,0,UNEMPLOYED,PHD,SINGLE,EDUCATION,0
CUST-007426,60,70230.04,19,20712.82,36,13.04,777,0.3553,4,0,SALARIED,MASTERS,DIVORCED,EDUCATION,1
CUST-007427,28,49795.79,8,14957.46,36,8.02,445,0.3589,0,0,SALARIED,MASTERS,SINGLE,PERSONAL,1
CUST-007428,65,186588.47,1,76706.39,60,9.97,457,0.4863,0,0,SELF_EMPLOYED,MASTERS,MARRIED,PERSONAL,1
CUST-007429,22,39379.62,4,52221.99,24,8.04,406,0.4564,1,0,SELF_EMPLOYED,BACHELORS,MARRIED,HOME,0
CUST-007430,65,153766.42,19,47023.40,12,12.89,835,0.6729,2,0,SALARIED,BACHELORS,SINGLE,PERSONAL,0
CUST-007431,62,55379.74,22,54692.36,24,16.92,474,0.5995,4,0,RETIRED,PHD,MARRIED,HOME,1
CUST-007432,37,184230.71,12,8802.07,12,12.97,401,0.3574,5,0,SALARIED,BACHELORS,DIVORCED,HOME,1
CUST-007433,61,160380.77,30,62274.79,36,21.91,554,0.1975,6,0,SALARIED,HIGH_SCHOOL,SINGLE,AUTO,1
CUST-007434,21,29019.26,0,6824.31,60,19.04,838,0.4658,5,0,SALARIED,MASTERS,SINGLE,AUTO,1
CUST-007435,70,85817.25,31,75722.13,48,17.07,360,0.1327,6,0,SELF_EMPLOYED,MASTERS,DIVORCED,BUSINESS,0
CUST-007436,68,138891.15,2,73202.33,60,13.56,383,0.2153,0,0,SALARIED,PHD,SINGLE,PERSONAL,0
CUST-007437,31,146827.71,8,76069.24,24,22.43,561,0.5330,5,0,RETIRED,PHD,MARRIED,HOME,0
CUST-007438,23,156490.85,5,12532.77,48,22.48,416,0.4002,4,0,RETIRED,PHD,SINGLE,PERSONAL,1
CUST-007439,50,181791.15,19,65322.02,12,19.78,736,0.3064,4,0,UNEMPLOYED,PHD,MARRIED,BUSINESS,1
CUST-007440,69,62196.32,1,26306.11,12,11.12,790,0.4350,3,0,UNEMPLOYED,BACHELORS,MARRIED,AUTO,0
CUST-007441,55,94692.70,31,65633.51,48,9.15,574,0.3771,5,0,SELF_EMPLOYED,MASTERS,DIVORCED,BUSINESS,1
CUST-007442,34,105127.39,16,68962.17,48,16.12,568,0.2600,4,0,UNEMPLOYED,HIGH_SCHOOL,MARRIED,AUTO,1
CUST-007443,30,192633.11,12,60775.55,36,10.33,733,0.3260,5,0,RETIRED,BACHELORS,SINGLE,EDUCATION,0
CUST-007444,53,89575.37,25,31571.77,60,6.22,451,0.4412,4,0,SELF_EMPLOYED,MASTERS,MARRIED,BUSINESS,1
CUST-007445,49,123574.68,21,15549.22,60,10.06,802,0.1300,1,0,UNEMPLOYED,BACHELORS,MARRIED,HOME,0
CUST-007446,41,189687.26,23,50930.82,12,7.07,410,0.1005,3,0,SALARIED,BACHELORS,DIVORCED,EDUCATION,1
CUST-007447,21,91590.84,3,28529.98,36,5.15,509,0.6637,6,2,UNEMPLOYED,PHD,MARRIED,EDUCATION,1
CUST-007448,49,179762.58,12,58645.09,48,9.88,823,0.2537,6,1,UNEMPLOYED,HIGH_SCHOOL,DIVORCED,BUSINESS,1
CUST-007449,39,127588.16,21,87276.05,36,17.57,314,0.2466,6,0,SELF_EMPLOYED,PHD,SINGLE,AUTO,0
CUST-007450,40,19845.76,22,40398.06,12,23.43,446,0.5752,3,0,RETIRED,BACHELORS,MARRIED,HOME,1
CUST-007451,66,126351.72,20,8740.62,36,7.78,709,0.6884,1,0,SALARIED,PHD,MARRIED,AUTO,1
CUST-007452,55,103579.44,17,73545.99,36,7.56,693,0.0790,3,0,RETIRED,HIGH_SCHOOL,DIVORCED,PERSONAL,0
CUST-007453,56,187998.21,27,44490.95,48,14.87,548,0.4652,5,0,UNEMPLOYED,MASTERS,SINGLE,AUTO,1
CUST-007454,39,102347.96,21,45495.38,24,10.91,346,0.0750,0,0,UNEMPLOYED,MASTERS,SINGLE,AUTO,0
CUST-007455,40,116479.39,16,74682.84,60,18.03,605,0.1049,0,0,UNEMPLOYED,MASTERS,DIVORCED,AUTO,1
CUST-007456,26,81012.38,8,59219.88,48,7.65,786,0.0780,0,0,SALARIED,MASTERS,SINGLE,PERSONAL,0
CUST-007457,54,185883.23,31,59830.91,24,7.14,763,0.3170,3,0,UNEMPLOYED,MASTERS,SINGLE,EDUCATION,0
CUST-007458,38,32477.91,2,87369.43,36,24.88,519,0.2818,1,0,SELF_EMPLOYED,MASTERS,SINGLE,AUTO,1
CUST-007459,61,157560.25,28,65651.14,12,14.17,414,0.3587,3,0,SELF_EMPLOYED,BACHELORS,SINGLE,HOME,1
CUST-007460,46,18767.69,2,75766.06,60,21.65,316,0.2366,0,0,SALARIED,PHD,SINGLE,PERSONAL,1
CUST-007461,23,133324.30,5,78092.39,60,22.90,335,0.3998,2,2,SALARIED,BACHELORS,SINGLE,EDUCATION,1
CUST-007462,52,75154.12,1,85701.47,12,24.06,539,0.6359,3,0,UNEMPLOYED,MASTERS,MARRIED,PERSONAL,1
CUST-007463,21,83755.17,3,74806.32,48,5.42,645,0.1918,6,0,SALARIED,PHD,SINGLE,EDUCATION,0
CUST-007464,40,183401.65,7,74232.60,24,11.02,508,0.0593,6,0,SELF_EMPLOYED,MASTERS,DIVORCED,EDUCATION,0
CUST-007465,65,164269.69,6,6381.83,24,5.15,568,0.5795,6,0,SELF_EMPLOYED,BACHELORS,SINGLE,AUTO,0
CUST-007466,59,187674.74,11,89263.18,24,14.58,384,0.1885,4,0,RETIRED,BACHELORS,DIVORCED,BUSINESS,1
CUST-007467,21,143575.50,3,60095.73,60,7.32,435,0.5755,2,0,RETIRED,BACHELORS,DIVORCED,AUTO,0
CUST-007468,39,139406.25,3,33470.22,12,11.25,761,0.5812,2,0,UNEMPLOYED,HIGH_SCHOOL,SINGLE,PERSONAL,0
CUST-007469,38,138624.51,13,10268.73,60,10.54,?,0.2993,6,2,UNEMPLOYED,HIGH_SCHOOL,DIVORCED,PERSONAL,1
CUST-007470,51,157183.49,1,81590.59,24,9.51,?,0.3961,2,0,SELF_EMPLOYED,MASTERS,SINGLE,AUTO,0
CUST-007471,58,78287.79,0,64860.49,48,17.75,584,0.6468,3,0,SELF_EMPLOYED,MASTERS,SINGLE,BUSINESS,1
CUST-007472,62,46488.44,30,6107.59,12,14.75,832,0.5462,4,0,RETIRED,PHD,SINGLE,HOME,0
CUST-007473,58,74263.27,16,84546.37,24,12.20,486,0.3672,5,3,RETIRED,HIGH_SCHOOL,DIVORCED,AUTO,1
CUST-007474,60,49132.10,18,23290.04,12,21.75,547,0.5644,1,0,SALARIED,HIGH_SCHOOL,SINGLE,BUSINESS,1
CUST-007475,65,64377.31,3,49971.90,36,18.05,301,0.4803,5,0,UNEMPLOYED,BACHELORS,SINGLE,HOME,1
CUST-007476,64,165209.04,8,33029.72,48,8.00,308,0.1301,6,1,SALARIED,MASTERS,MARRIED,PERSONAL,1
CUST-007477,38,35509.73,3,65935.60,60,19.63,801,0.2202,1,0,RETIRED,BACHELORS,DIVORCED,EDUCATION,0
CUST-007478,55,75395.22,14,24050.41,12,21.44,703,0.1353,6,0,RETIRED,HIGH_SCHOOL,MARRIED,EDUCATION,1
CUST-007479,45,93107.57,8,65647.44,48,22.15,460,0.1079,4,0,RETIRED,MASTERS,SINGLE,BUSINESS,0
CUST-007480,32,53349.87,14,42350.93,24,12.10,572,0.3969,4,0,SELF_EMPLOYED,PHD,MARRIED,AUTO,1
CUST-007481,64,55793.47,2,46960.78,48,8.81,818,0.5825,4,0,SALARIED,HIGH_SCHOOL,DIVORCED,AUTO,0
CUST-007482,70,22909.62,21,63019.51,60,19.91,426,0.1898,4,0,SELF_EMPLOYED,HIGH_SCHOOL,DIVORCED,AUTO,1
CUST-007483,59,185425.96,17,10994.59,36,10.19,708,0.1816,4,0,SELF_EMPLOYED,PHD,SINGLE,AUTO,0
CUST-007484,40,109312.49,1,15434.11,36,16.99,831,0.6126,3,3,SALARIED,HIGH_SCHOOL,DIVORCED,PERSONAL,1
CUST-007485,52,143914.86,28,35617.74,36,24.57,414,0.0991,5,0,RETIRED,HIGH_SCHOOL,MARRIED,AUTO,0
CUST-007486,41,121788.54,8,7914.50,48,21.62,815,0.4089,4,0,SALARIED,PHD,MARRIED,AUTO,0
CUST-007487,66,60837.42,21,71931.97,48,23.64,311,0.2860,6,1,SELF_EMPLOYED,BACHELORS,DIVORCED,BUSINESS,0
CUST-007488,52,148867.93,4,80646.67,12,18.65,364,0.1916,2,1,RETIRED,BACHELORS,SINGLE,PERSONAL,1
CUST-007489,45,117076.80,15,28162.90,48,22.67,789,0.2114,0,0,SALARIED,MASTERS,DIVORCED,AUTO,0
CUST-007490,65,110267.85,7,7581.93,12,16.94,516,0.5560,5,0,UNEMPLOYED,HIGH_SCHOOL,SINGLE,AUTO,1
CUST-007491,53,108101.06,24,17979.66,24,21.72,370,0.2186,3,1,RETIRED,MASTERS,SINGLE,BUSINESS,1
CUST-007492,41,27838.08,19,44498.10,48,5.84,760,0.2102,5,0,SALARIED,MASTERS,DIVORCED,AUTO,0
CUST-007493,32,181683.07,14,86130.80,36,18.06,595,0.0643,5,0,UNEMPLOYED,PHD,DIVORCED,PERSONAL,0
CUST-007494,54,29806.98,6,20635.68,36,8.17,679,0.2435,2,0,RETIRED,BACHELORS,SINGLE,AUTO,0
CUST-007495,69,49182.48,32,47279.88,48,13.32,707,0.5022,2,0,RETIRED,HIGH_SCHOOL,SINGLE,HOME,0
CUST-007496,30,58342.53,12,3890.28,48,9.98,677,0.3497,0,0,SELF_EMPLOYED,MASTERS,SINGLE,HOME,0
CUST-007497,44,113421.89,23,38118.48,36,18.39,535,0.4180,1,2,SALARIED,BACHELORS,SINGLE,EDUCATION,0
CUST-007498,49,144083.27,0,31950.33,60,13.51,654,0.1405,0,0,SELF_EMPLOYED,MASTERS,DIVORCED,PERSONAL,1
CUST-007499,49,153150.93,8,33473.38,48,16.01,453,0.4603,1,0,RETIRED,HIGH_SCHOOL,SINGLE,EDUCATION,1
CUST-007500,61,174971.80,5,80375.10,36,19.32,529,0.5753,0,0,RETIRED,HIGH_SCHOOL,SINGLE,PERSONAL,0
CUST-007501,33,132243.83,15,21209.22,12,5.03,728,0.1082,1,0,UNEMPLOYED,PHD,SINGLE,BUSINESS,0
CUST-007502,28,49903.73,1,83297.88,12,24.72,423,0.1624,1,0,RETIRED,BACHELORS,SINGLE,HOME,1
CUST-007503,35,165548.60,17,76891.59,60,14.88,535,0.5958,5,0,UNEMPLOYED,BACHELORS,SINGLE,PERSONAL,1
CUST-007504,56,158157.89,?,68088.40,24,7.21,448,0.1205,3,0,SALARIED,MASTERS,DIVORCED,AUTO,0
CUST-007505,26,32564.63,8,83636.68,48,15.99,688,0.4190,2,0,UNEMPLOYED,MASTERS,SINGLE,HOME,0
CUST-007506,63,151113.07,19,82871.49,60,24.67,564,0.2480,0,0,SELF_EMPLOYED,HIGH_SCHOOL,DIVORCED,EDUCATION,0
CUST-007507,27,153348.61,9,58336.87,48,13.64,761,0.6653,2,0,SELF_EMPLOYED,HIGH_SCHOOL,DIVORCED,AUTO,0
CUST-007508,22,184166.62,1,46821.24,60,15.71,542,0.3404,3,0,RETIRED,HIGH_SCHOOL,SINGLE,EDUCATION,0
CUST-007509,53,40863.16,12,23239.77,12,5.93,767,0.6810,2,0,RETIRED,PHD,MARRIED,EDUCATION,0
CUST-007510,24,121449.89,6,10985.73,60,15.29,709,0.4175,1,0,RETIRED,MASTERS,SINGLE,HOME,1
CUST-007511,63,171535.82,2,63257.05,36,17.02,809,0.6127,5,0,UNEMPLOYED,PHD,DIVORCED,HOME,0
CUST-007512,21,126833.63,3,51515.18,48,11.40,554,0.4694,0,0,SELF_EMPLOYED,MASTERS,DIVORCED,HOME,1
CUST-007513,66,135209.82,4,50244.75,48,16.67,408,0.1936,3,0,UNEMPLOYED,PHD,MARRIED,EDUCATION,0
CUST-007514,55,94563.83,27,82732.25,36,17.73,354,0.3060,3,0,UNEMPLOYED,HIGH_SCHOOL,SINGLE,EDUCATION,1
CUST-007515,40,71894.58,17,6345.60,36,24.45,353,0.6090,6,0,RETIRED,PHD,MARRIED,HOME,1
CUST-007516,49,173373.32,22,22974.25,60,16.68,848,0.3686,1,1,SALARIED,BACHELORS,MARRIED,BUSINESS,1
CUST-007517,23,49418.73,5,74804.70,48,16.74,686,0.1164,2,0,SALARIED,BACHELORS,MARRIED,HOME,0
CUST-007518,57,106654.87,5,40478.54,60,18.17,412,0.2354,0,0,UNEMPLOYED,PHD,MARRIED,PERSONAL,0
CUST-007519,37,153148.53,14,12843.11,36,22.39,731,0.0596,1,3,RETIRED,HIGH_SCHOOL,MARRIED,BUSINESS,1
CUST-007520,39,65418.01,21,36627.64,48,22.08,511,0.2078,2,0,UNEMPLOYED,BACHELORS,SINGLE,AUTO,0
CUST-007521,51,121542.73,20,29379.27,48,14.27,738,0.3152,6,0,SALARIED,MASTERS,SINGLE,EDUCATION,0
CUST-007522,38,159208.38,20,12615.21,36,15.42,317,0.3268,5,2,SALARIED,BACHELORS,SINGLE,EDUCATION,1
CUST-007523,70,183457.55,22,31636.78,48,13.63,482,0.1910,6,0,SELF_EMPLOYED,MASTERS,DIVORCED,EDUCATION,1
CUST-007524,58,124025.06,22,34018.49,48,13.72,455,0.6714,6,0,SELF_EMPLOYED,HIGH_SCHOOL,MARRIED,BUSINESS,1
CUST-007525,62,100871.04,1,35997.33,60,23.72,478,0.5841,6,0,SELF_EMPLOYED,HIGH_SCHOOL,SINGLE,PERSONAL,1
CUST-007526,67,122216.27,23,15992.92,48,9.17,829,0.4488,1,0,SELF_EMPLOYED,BACHELORS,MARRIED,AUTO,0
CUST-007527,26,87309.61,8,76141.73,60,10.39,362,0.4831,4,1,SELF_EMPLOYED,BACHELORS,SINGLE,BUSINESS,1
CUST-007528,67,191107.27,3,70262.72,60,8.96,399,0.1511,2,3,RETIRED,HIGH_SCHOOL,DIVORCED,AUTO,1
CUST-007529,37,120285.51,9,33126.03,36,10.69,467,0.3613,6,0,UNEMPLOYED,BACHELORS,MARRIED,BUSINESS,1
CUST-007530,49,28134.86,10,48192.33,60,5.45,733,0.6634,4,0,RETIRED,HIGH_SCHOOL,MARRIED,EDUCATION,1
CUST-007531,37,101426.70,19,84448.15,12,18.73,322,0.0537,1,0,SALARIED,PHD,SINGLE,HOME,1
CUST-007532,43,113129.46,25,72852.36,60,7.14,573,0.2618,3,0,RETIRED,PHD,MARRIED,PERSONAL,1
CUST-007533,22,129400.96,4,30789.56,36,18.04,794,0.4512,5,0,SALARIED,BACHELORS,SINGLE,BUSINESS,0
CUST-007534,55,152891.86,0,6512.85,60,20.32,818,0.1578,1,0,RETIRED,PHD,SINGLE,BUSINESS,0
CUST-007535,40,39553.52,11,70289.97,60,12.60,687,0.1019,6,2,SALARIED,HIGH_SCHOOL,SINGLE,BUSINESS,0
CUST-007536,48,54267.04,10,25052.10,24,9.72,826,0.6512,3,0,SALARIED,PHD,DIVORCED,BUSINESS,0
CUST-007537,70,168652.22,1,87859.12,12,24.31,?,0.0531,5,0,SELF_EMPLOYED,HIGH_SCHOOL,SINGLE,PERSONAL,1
CUST-007538,29,125872.95,2,80228.03,60,5.08,683,0.0756,4,0,RETIRED,BACHELORS,SINGLE,PERSONAL,1
CUST-007539,67,71413.87,0,50354.01,60,22.76,679,0.4632,3,0,RETIRED,PHD,SINGLE,PERSONAL,0
CUST-007540,50,143812.76,2,54275.96,12,18.76,471,0.3943,5,0,SELF_EMPLOYED,PHD,MARRIED,BUSINESS,0
CUST-007541,60,140316.34,34,83825.29,60,20.15,555,0.3158,2,0,RETIRED,BACHELORS,SINGLE,HOME,0
CUST-007542,40,198316.46,0,53720.79,60,9.37,843,0.0793,3,2,UNEMPLOYED,MASTERS,SINGLE,PERSONAL,1
CUST-007543,57,196121.60,29,88024.07,36,14.75,846,0.4902,1,1,UNEMPLOYED,BACHELORS,DIVORCED,BUSINESS,0
CUST-007544,54,?,11,13720.76,12,7.11,342,0.5301,0,0,RETIRED,MASTERS,DIVORCED,EDUCATION,0
CUST-007545,70,78174.36,6,55710.09,36,5.74,518,0.6596,4,0,RETIRED,HIGH_SCHOOL,MARRIED,PERSONAL,1
CUST-007546,59,31111.74,16,61839.27,48,14.60,355,0.5592,6,0,UNEMPLOYED,BACHELORS,DIVORCED,PERSONAL,1
CUST-007547,68,166404.96,5,56279.96,36,13.25,407,0.3922,5,0,RETIRED,HIGH_SCHOOL,SINGLE,EDUCATION,1
CUST-007548,57,110860.73,19,11869.08,60,6.41,457,0.3876,3,0,RETIRED,MASTERS,DIVORCED,EDUCATION,0
CUST-007549,58,168280.63,32,40974.86,12,11.53,770,0.1930,0,0,SALARIED,MASTERS,SINGLE,BUSINESS,0
CUST-007550,29,183632.81,11,24125.94,24,13.82,714,0.1667,0,0,UNEMPLOYED,HIGH_SCHOOL,SINGLE,AUTO,0
CUST-007551,47,136474.32,24,4436.00,12,12.83,627,0.4967,1,1,RETIRED,BACHELORS,MARRIED,BUSINESS,1
CUST-007552,47,139131.08,5,45655.32,24,17.82,588,0.1964,2,0,UNEMPLOYED,MASTERS,DIVORCED,AUTO,0
CUST-007553,61,28029.48,4,85074.10,36,20.34,775,0.2768,3,0,RETIRED,MASTERS,MARRIED,PERSONAL,1
CUST-007554,33,171351.75,10,27238.26,24,20.24,640,0.3191,3,0,SELF_EMPLOYED,MASTERS,DIVORCED,EDUCATION,0
CUST-007555,39,158681.75,?,80201.45,48,13.30,745,0.5468,0,0,SALARIED,MASTERS,DIVORCED,EDUCATION,0
CUST-007556,22,163262.36,4,68178.58,60,23.78,594,0.4484,2,0,SELF_EMPLOYED,MASTERS,MARRIED,AUTO,1
CUST-007557,58,20921.70,9,61627.88,48,17.65,402,0.5144,0,0,RETIRED,HIGH_SCHOOL,DIVORCED,PERSONAL,0
CUST-007558,24,127275.76,6,52588.24,60,20.43,338,0.6212,1,0,RETIRED,PHD,DIVORCED,HOME,1
CUST-007559,24,88537.42,6,39780.45,48,12.41,445,0.3024,3,0,UNEMPLOYED,BACHELORS,MARRIED,HOME,0
CUST-007560,51,57596.14,23,77612.40,12,21.90,700,0.3750,1,0,RETIRED,HIGH_SCHOOL,MARRIED,AUTO,0
CUST-007561,55,56479.45,34,21796.70,48,11.10,706,0.4547,6,0,SALARIED,HIGH_SCHOOL,SINGLE,HOME,0
CUST-007562,22,144183.82,4,9010.53,24,14.15,601,0.6709,1,0,RETIRED,PHD,DIVORCED,HOME,1
CUST-007563,41,90461.96,5,63296.63,48,6.68,465,0.6867,4,0,SALARIED,HIGH_SCHOOL,DIVORCED,HOME,1
CUST-007564,40,114976.80,2,60952.80,36,12.02,375,0.5912,4,0,SELF_EMPLOYED,MASTERS,DIVORCED,EDUCATION,0
CUST-007565,39,174425.77,21,80106.61,60,20.46,398,0.3381,0,0,UNEMPLOYED,HIGH_SCHOOL,SINGLE,HOME,1
CUST-007566,53,59158.62,5,30822.77,60,16.68,619,0.0674,3,0,SALARIED,PHD,MARRIED,BUSINESS,0
CUST-007567,23,156838.92,5,67586.88,24,8.35,637,0.4192,1,3,SELF_EMPLOYED,MASTERS,MARRIED,PERSONAL,0
CUST-007568,39,97042.88,21,87964.74,24,8.71,333,0.2092,0,0,RETIRED,PHD,SINGLE,HOME,0
CUST-007569,65,30778.89,12,55336.89,36,8.36,325,0.2394,6,0,SELF_EMPLOYED,PHD,DIVORCED,EDUCATION,0
CUST-007570,43,178570.77,5,82298.87,12,9.82,391,0.4477,6,0,SELF_EMPLOYED,PHD,DIVORCED,EDUCATION,0
CUST-007571,21,123969.38,3,23069.00,36,9.86,453,0.2740,1,0,SELF_EMPLOYED,BACHELORS,DIVORCED,PERSONAL,1
CUST-007572,26,177783.39,8,87973.83,60,9.85,607,0.2763,3,0,UNEMPLOYED,HIGH_SCHOOL,DIVORCED,BUSINESS,0
CUST-007573,66,84888.83,4,22239.28,36,21.82,432,0.6506,6,0,SALARIED,PHD,MARRIED,AUTO,0
CUST-007574,63,80508.81,34,33385.66,24,22.27,507,0.6314,4,0,SALARIED,BACHELORS,SINGLE,PERSONAL,0
CUST-007575,56,74230.88,1,27547.17,36,19.33,396,0.3961,0,0,SELF_EMPLOYED,BACHELORS,SINGLE,PERSONAL,0
CUST-007576,61,52811.10,30,15746.34,60,6.23,751,0.2056,5,0,SELF_EMPLOYED,MASTERS,DIVORCED,BUSINESS,0
CUST-007577,46,194814.32,27,80895.53,24,20.23,392,0.5573,0,0,RETIRED,PHD,DIVORCED,AUTO,1
CUST-007578,44,173752.76,23,23813.48,24,16.53,333,0.3830,6,0,RETIRED,PHD,MARRIED,PERSONAL,0
CUST-007579,33,72220.46,10,88202.68,36,7.51,522,0.3063,2,3,RETIRED,BACHELORS,MARRIED,PERSONAL,1
CUST-007580,42,166249.26,6,32757.50,24,19.81,579,0.1213,1,0,UNEMPLOYED,HIGH_SCHOOL,SINGLE,PERSONAL,0
CUST-007581,61,134725.16,5,65155.53,12,20.68,681,0.2099,1,0,RETIRED,BACHELORS,SINGLE,EDUCATION,0
CUST-007582,48,173902.51,4,59346.60,36,18.77,372,0.3572,5,0,SELF_EMPLOYED,MASTERS,SINGLE,BUSINESS,1
CUST-007583,49,138335.20,0,53467.03,60,19.19,732,0.6633,1,0,SALARIED,PHD,MARRIED,BUSINESS,1
CUST-007584,55,59734.34,25,44444.66,12,6.80,825,0.0701,0,0,SELF_EMPLOYED,MASTERS,SINGLE,PERSONAL,0
CUST-007585,25,119583.88,7,19148.83,24,18.29,753,0.3732,6,0,UNEMPLOYED,BACHELORS,SINGLE,HOME,0
CUST-007586,49,142757.66,16,57578.42,12,19.19,478,0.3917,2,0,RETIRED,BACHELORS,MARRIED,PERSONAL,0
CUST-007587,43,100826.09,9,5924.87,48,20.04,379,0.4671,5,2,SALARIED,MASTERS,MARRIED,AUTO,1
CUST-007588,66,88464.98,4,74137.57,24,16.88,479,0.6825,4,0,RETIRED,HIGH_SCHOOL,DIVORCED,EDUCATION,0
CUST-007589,65,148570.78,22,84913.60,12,8.43,847,0.6689,4,0,UNEMPLOYED,HIGH_SCHOOL,SINGLE,HOME,1
CUST-007590,52,149071.48,21,53160.46,48,8.09,412,0.1815,0,0,SELF_EMPLOYED,PHD,DIVORCED,AUTO,0
CUST-007591,46,133369.63,25,18006.19,24,24.18,486,0.4498,4,0,RETIRED,HIGH_SCHOOL,DIVORCED,HOME,0
CUST-007592,25,176226.37,2,81953.77,12,14.03,332,0.6397,1,0,RETIRED,HIGH_SCHOOL,MARRIED,HOME,0
CUST-007593,66,166444.30,2,65172.62,36,5.96,825,0.5589,2,0,UNEMPLOYED,MASTERS,MARRIED,EDUCATION,0
CUST-007594,62,70050.62,5,54456.88,60,5.27,371,0.4064,1,1,SALARIED,HIGH_SCHOOL,DIVORCED,BUSINESS,0
CUST-007595,26,104331.09,8,62737.98,48,22.17,764,0.4732,0,0,SALARIED,MASTERS,MARRIED,BUSINESS,1
CUST-007596,55,34452.09,34,80639.25,12,20.89,721,0.6209,5,0,SELF_EMPLOYED,BACHELORS,SINGLE,PERSONAL,1
CUST-007597,65,96507.36,14,74286.31,36,14.85,842,0.3146,5,0,SELF_EMPLOYED,MASTERS,SINGLE,BUSINESS,0
CUST-007598,35,186863.21,17,86254.79,24,18.36,423,0.5576,2,1,SALARIED,HIGH_SCHOOL,SINGLE,HOME,1
CUST-007599,65,168504.37,6,27340.44,36,12.20,328,0.4081,0,0,SALARIED,PHD,SINGLE,HOME,0
CUST-007600,60,131749.09,19,74415.93,12,24.77,494,0.3616,3,0,UNEMPLOYED,HIGH_SCHOOL,MARRIED,EDUCATION,0
CUST-007601,57,34576.56,18,50249.85,48,23.90,446,0.6678,2,0,SELF_EMPLOYED,PHD,MARRIED,AUTO,1
CUST-007602,69,115123.39,11,49219.12,60,13.22,405,0.2337,1,2,SALARIED,MASTERS,DIVORCED,EDUCATION,1
CUST-007603,45,176540.27,17,37167.73,12,9.30,306,0.4031,0,0,RETIRED,PHD,MARRIED,HOME,1
CUST-007604,37,24622.94,19,82945.79,48,21.89,486,0.4477,6,0,SALARIED,PHD,SINGLE,EDUCATION,1
CUST-007605,49,137428.74,25,45547.23,36,9.42,507,0.6377,5,1,RETIRED,MASTERS,SINGLE,HOME,0
CUST-007606,65,79904.61,5,37895.30,48,23.74,349,0.2464,3,0,SALARIED,HIGH_SCHOOL,DIVORCED,BUSINESS,0
CUST-007607,30,165626.53,12,19504.45,48,10.93,427,0.3724,5,0,SELF_EMPLOYED,BACHELORS,DIVORCED,PERSONAL,1
CUST-007608,57,126074.39,34,50744.16,36,15.10,520,0.4141,1,0,SELF_EMPLOYED,HIGH_SCHOOL,DIVORCED,BUSINESS,0
CUST-007609,48,143439.93,15,32235.05,24,7.92,689,0.0641,4,0,RETIRED,BACHELORS,DIVORCED,PERSONAL,1
CUST-007610,41,176201.50,13,43711.90,24,8.20,545,0.4808,4,0,UNEMPLOYED,HIGH_SCHOOL,MARRIED,BUSINESS,0
CUST-007611,64,199498.34,26,5918.79,12,16.94,700,0.3852,4,0,SELF_EMPLOYED,BACHELORS,DIVORCED,EDUCATION,0
CUST-007612,60,100255.80,23,4910.73,60,16.80,348,0.5456,2,2,SALARIED,HIGH_SCHOOL,MARRIED,BUSINESS,1
CUST-007613,46,88564.98,14,60963.11,24,5.65,560,0.4460,0,0,RETIRED,HIGH_SCHOOL,DIVORCED,BUSINESS,1
CUST-007614,56,83209.88,16,32703.97,48,6.17,497,0.6224,4,1,RETIRED,HIGH_SCHOOL,MARRIED,HOME,1
CUST-007615,62,77256.38,24,47944.92,24,7.10,455,0.5558,3,0,RETIRED,HIGH_SCHOOL,MARRIED,PERSONAL,0
CUST-007616,29,?,3,83303.44,48,13.73,781,0.6856,3,3,UNEMPLOYED,MASTERS,MARRIED,PERSONAL,1
CUST-007617,43,118506.91,25,26856.76,12,20.52,361,0.1528,2,0,UNEMPLOYED,HIGH_SCHOOL,MARRIED,PERSONAL,0
CUST-007618,50,121220.75,9,72222.96,12,11.43,347,0.6451,5,0,UNEMPLOYED,PHD,MARRIED,EDUCATION,1
CUST-007619,39,184984.06,21,47181.04,12,22.54,303,0.6850,2,3,SELF_EMPLOYED,MASTERS,MARRIED,BUSINESS,1
CUST-007620,62,167400.84,1,76039.32,12,21.40,740,0.2502,6,1,UNEMPLOYED,HIGH_SCHOOL,MARRIED,PERSONAL,1
CUST-007621,24,95974.14,6,81588.60,36,22.81,488,0.2676,2,0,SALARIED,PHD,DIVORCED,HOME,0
CUST-007622,62,97653.36,26,22065.29,48,5.18,324,0.6936,2,0,UNEMPLOYED,MASTERS,DIVORCED,HOME,1
CUST-007623,57,?,19,66650.29,60,9.52,729,0.6997,5,0,RETIRED,PHD,SINGLE,PERSONAL,0
CUST-007624,43,90537.04,3,52006.39,24,5.99,591,0.4016,1,0,SALARIED,PHD,MARRIED,BUSINESS,0
CUST-007625,25,120927.48,7,34371.68,12,20.34,803,0.5767,2,1,SALARIED,BACHELORS,SINGLE,EDUCATION,1
CUST-007626,62,123536.23,8,10407.67,24,10.83,689,0.4698,0,0,RETIRED,BACHELORS,SINGLE,EDUCATION,0
CUST-007627,69,137571.59,20,73235.04,12,5.57,418,0.0973,2,3,SALARIED,PHD,SINGLE,BUSINESS,1
CUST-007628,35,171165.10,17,9982.20,12,18.56,588,0.1564,1,0,SALARIED,BACHELORS,SINGLE,HOME,0
CUST-007629,39,65828.90,12,77342.56,60,8.75,727,0.3390,5,0,SALARIED,HIGH_SCHOOL,MARRIED,AUTO,0
CUST-007630,23,112208.01,5,61191.21,36,20.63,447,0.4704,4,0,UNEMPLOYED,BACHELORS,DIVORCED,HOME,1
CUST-007631,49,104503.14,29,88930.90,12,12.73,524,0.1504,3,0,SELF_EMPLOYED,PHD,SINGLE,EDUCATION,1
CUST-007632,36,115684.93,18,32219.49,12,15.14,628,0.4526,6,0,SELF_EMPLOYED,BACHELORS,MARRIED,AUTO,1
CUST-007633,58,72591.95,21,44981.77,12,21.43,616,0.5183,0,0,UNEMPLOYED,BACHELORS,SINGLE,HOME,0
CUST-007634,59,177728.52,16,70296.25,24,12.63,713,0.0968,4,3,SELF_EMPLOYED,PHD,MARRIED,AUTO,1
CUST-007635,37,139848.50,19,32519.70,36,14.34,811,0.4492,5,0,UNEMPLOYED,HIGH_SCHOOL,MARRIED,EDUCATION,0
CUST-007636,30,89446.79,12,29389.25,36,20.97,784,0.1233,6,1,SELF_EMPLOYED,PHD,DIVORCED,HOME,1
CUST-007637,53,198712.73,32,72658.00,36,6.81,471,0.6140,4,0,SELF_EMPLOYED,BACHELORS,SINGLE,HOME,0
CUST-007638,66,105220.00,10,10286.41,60,22.68,635,0.6070,1,0,UNEMPLOYED,PHD,DIVORCED,PERSONAL,1
CUST-007639,48,110710.39,7,79786.54,12,7.26,757,0.5120,4,3,SALARIED,HIGH_SCHOOL,DIVORCED,BUSINESS,1
CUST-007640,64,195510.44,32,44214.50,60,20.66,539,0.6194,1,0,SELF_EMPLOYED,MASTERS,SINGLE,HOME,0
CUST-007641,23,19311.12,5,31812.15,48,20.22,796,0.2313,5,0,UNEMPLOYED,PHD,SINGLE,PERSONAL,0
CUST-007642,47,26174.11,29,8158.25,60,9.61,551,0.5648,6,0,RETIRED,BACHELORS,MARRIED,AUTO,1
CUST-007643,52,166710.24,6,16669.71,12,18.27,469,0.6111,0,0,UNEMPLOYED,PHD,DIVORCED,AUTO,0
CUST-007644,49,133566.50,25,55615.56,12,6.75,584,0.3191,0,0,SALARIED,MASTERS,MARRIED,EDUCATION,0
CUST-007645,52,42185.38,6,56741.61,60,23.50,507,0.3496,4,2,SALARIED,MASTERS,SINGLE,PERSONAL,1
CUST-007646,43,162163.25,13,79131.24,36,6.02,363,0.4673,0,0,SELF_EMPLOYED,MASTERS,MARRIED,HOME,1
CUST-007647,55,56379.17,21,86367.32,48,12.44,580,0.4855,4,0,RETIRED,BACHELORS,MARRIED,EDUCATION,0
CUST-007648,26,26646.86,8,58050.56,12,13.74,391,0.3522,6,2,SALARIED,BACHELORS,SINGLE,PERSONAL,1
CUST-007649,60,132604.05,2,55823.54,60,6.35,414,0.1731,5,3,SELF_EMPLOYED,MASTERS,MARRIED,AUTO,1
CUST-007650,62,133990.74,6,69645.67,12,10.87,449,0.5779,3,0,SALARIED,PHD,SINGLE,EDUCATION,1
CUST-007651,54,93019.30,21,17238.42,36,7.75,513,0.1773,2,0,SELF_EMPLOYED,PHD,MARRIED,AUTO,0
CUST-007652,32,21186.85,14,71911.37,12,21.48,695,0.5725,5,0,SALARIED,MASTERS,DIVORCED,PERSONAL,1
CUST-007653,57,60749.15,25,64446.03,12,17.78,724,0.0812,3,0,SALARIED,HIGH_SCHOOL,SINGLE,AUTO,1
CUST-007654,50,69278.37,32,84673.50,60,18.72,672,0.5601,0,0,SELF_EMPLOYED,MASTERS,MARRIED,BUSINESS,1
CUST-007655,52,137651.50,4,89279.22,12,10.81,839,0.3871,4,0,SELF_EMPLOYED,MASTERS,DIVORCED,AUTO,0
CUST-007656,54,70562.74,22,33795.05,48,6.94,720,0.2660,5,0,UNEMPLOYED,PHD,DIVORCED,AUTO,0
CUST-007657,36,189108.68,5,79931.81,48,22.95,809,0.1199,2,0,UNEMPLOYED,PHD,DIVORCED,BUSINESS,1
CUST-007658,56,23715.42,28,33807.26,12,15.77,833,0.2881,5,2,SELF_EMPLOYED,BACHELORS,MARRIED,HOME,0
CUST-007659,23,153650.16,5,79677.84,24,7.09,796,0.4867,3,0,SALARIED,PHD,SINGLE,AUTO,0
CUST-007660,50,191509.17,4,20145.99,36,17.60,354,0.1486,4,0,UNEMPLOYED,PHD,SINGLE,AUTO,1
CUST-007661,64,55199.54,26,72606.66,36,24.17,691,0.1592,5,0,UNEMPLOYED,PHD,SINGLE,BUSINESS,0
CUST-007662,34,156239.96,4,89947.47,48,22.81,675,0.0821,5,1,SELF_EMPLOYED,HIGH_SCHOOL,DIVORCED,PERSONAL,1
CUST-007663,70,128113.20,28,4196.50,36,5.10,405,0.1135,1,0,SALARIED,PHD,SINGLE,EDUCATION,1
CUST-007664,47,42920.99,19,32653.08,12,22.97,796,0.2868,4,0,SALARIED,HIGH_SCHOOL,SINGLE,PERSONAL,0
CUST-007665,25,66211.37,7,81047.13,24,9.09,306,0.2927,3,0,SALARIED,HIGH_SCHOOL,DIVORCED,HOME,1
CUST-007666,30,199375.84,1,33669.90,12,14.83,429,0.6784,4,0,UNEMPLOYED,HIGH_SCHOOL,MARRIED,EDUCATION,0
CUST-007667,26,125388.15,8,57795.28,24,20.98,633,0.4839,1,0,SALARIED,BACHELORS,DIVORCED,HOME,1
CUST-007668,26,51926.45,8,72334.84,60,6.31,559,0.6495,1,0,UNEMPLOYED,PHD,DIVORCED,AUTO,1
CUST-007669,53,163879.05,16,14112.95,48,5.65,352,0.1508,0,0,RETIRED,BACHELORS,MARRIED,AUTO,0
CUST-007670,57,104863.15,31,60588.42,12,21.31,671,0.6567,5,0,SALARIED,HIGH_SCHOOL,DIVORCED,EDUCATION,0
CUST-007671,41,43468.48,0,71331.01,60,7.19,357,0.5038,0,2,SELF_EMPLOYED,PHD,DIVORCED,AUTO,1
CUST-007672,49,80777.67,30,33302.48,36,8.70,689,0.3493,6,0,RETIRED,HIGH_SCHOOL,DIVORCED,HOME,0
CUST-007673,64,174137.85,18,51595.16,24,6.79,363,0.4097,0,0,UNEMPLOYED,MASTERS,DIVORCED,EDUCATION,1
CUST-007674,28,145369.66,10,13606.67,24,17.13,632,0.4416,4,0,RETIRED,BACHELORS,MARRIED,HOME,0
CUST-007675,34,22613.82,8,86106.70,48,17.56,812,0.5962,0,0,RETIRED,HIGH_SCHOOL,MARRIED,AUTO,1
CUST-007676,23,75275.75,5,6597.31,36,16.69,461,0.6201,0,0,RETIRED,HIGH_SCHOOL,SINGLE,PERSONAL,1
CUST-007677,44,91268.75,16,48402.58,60,14.00,553,0.3394,1,0,UNEMPLOYED,MASTERS,SINGLE,AUTO,1
CUST-007678,69,?,25,46641.04,36,10.86,827,0.1718,5,0,UNEMPLOYED,MASTERS,SINGLE,BUSINESS,0
CUST-007679,63,29501.48,29,13433.57,60,6.89,625,0.5173,6,2,SELF_EMPLOYED,BACHELORS,MARRIED,PERSONAL,1
CUST-007680,40,187772.85,14,72728.17,60,23.12,695,0.6926,6,0,RETIRED,BACHELORS,SINGLE,HOME,0
CUST-007681,42,162053.89,24,84452.54,12,8.02,446,0.6049,5,0,SELF_EMPLOYED,BACHELORS,MARRIED,PERSONAL,1
CUST-007682,70,?,16,70891.88,48,5.61,400,0.3222,0,0,UNEMPLOYED,BACHELORS,SINGLE,AUTO,1
CUST-007683,64,186729.62,21,57478.71,36,13.39,772,0.3901,5,3,SALARIED,PHD,MARRIED,AUTO,1
CUST-007684,50,70414.84,20,13933.00,12,19.44,733,0.3090,3,0,UNEMPLOYED,MASTERS,SINGLE,BUSINESS,0
CUST-007685,45,188705.78,23,33688.38,36,12.31,307,0.6717,1,0,SELF_EMPLOYED,HIGH_SCHOOL,SINGLE,EDUCATION,0
CUST-007686,47,150940.95,23,51591.02,60,14.40,588,0.5790,4,0,SALARIED,BACHELORS,SINGLE,BUSINESS,0
CUST-007687,33,104215.44,9,64268.90,48,11.81,497,0.2261,4,0,RETIRED,BACHELORS,DIVORCED,AUTO,1
CUST-007688,44,197442.97,20,38970.46,24,16.73,550,0.1884,1,0,RETIRED,BACHELORS,MARRIED,AUTO,0
CUST-007689,29,150295.81,9,48994.40,36,5.27,344,0.6595,0,0,SALARIED,MASTERS,MARRIED,AUTO,1
CUST-007690,61,100341.16,9,21648.88,60,16.48,430,0.2416,3,0,SELF_EMPLOYED,PHD,MARRIED,BUSINESS,0
CUST-007691,50,148267.29,17,71052.68,36,12.18,306,0.2051,3,0,RETIRED,PHD,DIVORCED,BUSINESS,0
CUST-007692,47,62665.73,25,38316.83,60,5.08,520,0.2132,3,0,UNEMPLOYED,MASTERS,MARRIED,AUTO,0
CUST-007693,60,113383.43,5,72618.94,12,5.13,814,0.4360,2,0,RETIRED,BACHELORS,MARRIED,HOME,0
CUST-007694,65,30741.54,22,89702.53,60,8.51,658,0.4235,0,0,SALARIED,BACHELORS,MARRIED,AUTO,1
CUST-007695,44,107715.40,22,66869.36,12,5.24,691,0.2248,5,0,SALARIED,MASTERS,MARRIED,EDUCATION,1
CUST-007696,66,178101.41,23,62028.68,24,8.07,807,0.5571,0,0,UNEMPLOYED,BACHELORS,SINGLE,BUSINESS,0
CUST-007697,64,136197.99,28,69775.35,60,12.74,777,0.5836,3,0,UNEMPLOYED,BACHELORS,SINGLE,BUSINESS,0
CUST-007698,69,178408.38,21,41295.76,36,17.86,647,0.2447,4,0,SELF_EMPLOYED,BACHELORS,MARRIED,EDUCATION,0
CUST-007699,21,53870.84,3,65472.52,60,8.77,624,0.2410,5,0,UNEMPLOYED,PHD,SINGLE,AUTO,0
CUST-007700,50,152929.07,29,12165.55,48,23.91,490,0.2527,5,0,SELF_EMPLOYED,MASTERS,DIVORCED,HOME,1
CUST-007701,45,113716.83,27,87227.91,24,8.14,521,0.3842,0,0,SALARIED,HIGH_SCHOOL,MARRIED,EDUCATION,0
CUST-007702,62,38467.72,29,58647.14,36,7.68,516,0.5500,6,0,SALARIED,BACHELORS,SINGLE,AUTO,1
CUST-007703,22,49497.04,4,54720.95,48,16.44,481,0.6592,3,0,SALARIED,MASTERS,MARRIED,HOME,1
CUST-007704,21,82655.53,3,58882.01,36,7.42,685,0.0673,4,0,RETIRED,HIGH_SCHOOL,DIVORCED,HOME,0
CUST-007705,54,121283.50,33,83240.55,48,5.02,557,0.1603,0,0,RETIRED,MASTERS,SINGLE,HOME,1
CUST-007706,22,53160.70,4,26585.97,36,24.03,693,0.6719,6,0,SELF_EMPLOYED,HIGH_SCHOOL,SINGLE,BUSINESS,1
CUST-007707,21,69019.97,3,82015.69,60,18.21,691,0.4572,0,0,RETIRED,BACHELORS,SINGLE,HOME,1
CUST-007708,61,180357.15,32,11378.17,60,22.73,443,0.1905,6,0,SALARIED,PHD,DIVORCED,EDUCATION,0
CUST-007709,66,56714.41,21,39179.72,60,15.14,608,0.3262,1,0,SELF_EMPLOYED,BACHELORS,SINGLE,AUTO,0
CUST-007710,28,114572.57,2,65983.88,48,6.98,707,0.3363,0,2,UNEMPLOYED,PHD,DIVORCED,AUTO,1
CUST-007711,43,114816.09,25,60699.35,12,10.69,533,0.4347,1,0,SELF_EMPLOYED,BACHELORS,MARRIED,EDUCATION,0
CUST-007712,68,28607.56,13,83564.90,48,8.03,656,0.0546,2,0,SALARIED,MASTERS,MARRIED,HOME,0
CUST-007713,38,127284.55,17,34038.04,48,17.10,694,0.1258,0,0,SELF_EMPLOYED,MASTERS,MARRIED,AUTO,0
CUST-007714,31,93345.59,13,64112.24,60,17.26,334,0.0947,3,0,UNEMPLOYED,MASTERS,SINGLE,BUSINESS,0
CUST-007715,50,107005.76,9,46840.79,24,17.89,660,0.4110,2,0,UNEMPLOYED,MASTERS,MARRIED,EDUCATION,0
CUST-007716,39,199871.49,19,86410.11,36,13.01,428,0.2289,6,0,SALARIED,PHD,MARRIED,EDUCATION,0
CUST-007717,44,55017.47,15,22591.28,24,10.18,681,0.0572,4,0,UNEMPLOYED,HIGH_SCHOOL,MARRIED,PERSONAL,1
CUST-007718,69,153923.49,27,65104.90,12,23.67,355,0.0712,6,0,RETIRED,PHD,MARRIED,BUSINESS,0
CUST-007719,48,40783.08,16,9489.47,48,11.74,302,0.2129,0,2,UNEMPLOYED,HIGH_SCHOOL,SINGLE,PERSONAL,0
CUST-007720,49,127027.22,18,40125.09,48,17.03,438,0.3326,4,0,SELF_EMPLOYED,HIGH_SCHOOL,MARRIED,AUTO,0
CUST-007721,54,138505.60,29,19554.23,36,10.73,511,0.4956,4,0,SELF_EMPLOYED,HIGH_SCHOOL,DIVORCED,PERSONAL,0
CUST-007722,29,92082.56,4,83400.35,24,12.22,830,0.4401,4,0,SALARIED,BACHELORS,SINGLE,PERSONAL,1
CUST-007723,48,26246.06,3,70919.33,60,18.39,337,0.0900,4,0,SELF_EMPLOYED,MASTERS,SINGLE,EDUCATION,1
CUST-007724,30,195970.48,12,83342.77,60,5.39,529,0.6851,2,0,UNEMPLOYED,PHD,SINGLE,HOME,1
CUST-007725,66,128791.70,26,67942.63,60,14.27,749,0.1933,6,0,RETIRED,BACHELORS,MARRIED,EDUCATION,0
CUST-007726,60,55597.67,1,21269.95,60,23.67,?,0.4176,4,0,SALARIED,BACHELORS,DIVORCED,BUSINESS,1
CUST-007727,28,38232.45,10,69091.12,12,23.74,503,0.4961,2,0,UNEMPLOYED,PHD,SINGLE,EDUCATION,1
CUST-007728,44,131024.01,26,11526.58,36,20.08,364,0.3260,2,0,RETIRED,HIGH_SCHOOL,DIVORCED,AUTO,1
CUST-007729,37,21149.58,17,55409.43,60,20.53,597,0.4636,6,0,RETIRED,MASTERS,SINGLE,BUSINESS,1
CUST-007730,21,151115.44,3,33942.39,36,10.41,714,0.3298,0,0,UNEMPLOYED,BACHELORS,DIVORCED,EDUCATION,0
CUST-007731,43,101547.13,25,69638.80,24,18.08,444,0.3780,5,0,UNEMPLOYED,BACHELORS,SINGLE,EDUCATION,1
CUST-007732,26,175497.56,8,26157.03,12,7.48,307,0.5506,6,3,RETIRED,PHD,DIVORCED,PERSONAL,1
CUST-007733,54,135604.41,3,64192.10,36,18.96,422,0.2714,1,3,RETIRED,MASTERS,DIVORCED,PERSONAL,0
CUST-007734,58,25897.66,28,83078.11,48,24.02,703,0.5685,3,0,SELF_EMPLOYED,PHD,DIVORCED,BUSINESS,1
CUST-007735,27,111685.02,6,75517.11,24,15.68,511,0.6521,5,0,SALARIED,MASTERS,DIVORCED,HOME,1
CUST-007736,62,102976.55,1,86073.66,12,8.27,419,0.2723,1,0,SALARIED,MASTERS,DIVORCED,AUTO,1
CUST-007737,51,53416.60,4,64886.84,12,18.30,705,0.2396,0,3,SALARIED,HIGH_SCHOOL,SINGLE,BUSINESS,1
CUST-007738,21,130783.90,3,41880.16,36,15.09,777,0.1381,5,0,RETIRED,HIGH_SCHOOL,SINGLE,BUSINESS,0
CUST-007739,62,172693.41,32,85722.38,12,12.75,427,0.3294,4,3,RETIRED,PHD,DIVORCED,AUTO,1
CUST-007740,54,47396.90,31,30965.91,24,19.87,814,0.2762,2,0,SELF_EMPLOYED,MASTERS,DIVORCED,BUSINESS,0
CUST-007741,66,93660.30,12,44741.16,48,19.05,583,0.4497,2,0,UNEMPLOYED,BACHELORS,MARRIED,EDUCATION,0
CUST-007742,39,134700.13,21,60465.81,24,14.09,389,0.5551,3,0,UNEMPLOYED,HIGH_SCHOOL,SINGLE,AUTO,1
CUST-007743,53,23259.65,13,35426.87,60,11.61,837,0.3480,5,0,SALARIED,PHD,MARRIED,AUTO,0
CUST-007744,38,60503.04,20,60994.68,60,16.65,577,0.0981,3,0,RETIRED,BACHELORS,MARRIED,EDUCATION,1
CUST-007745,52,59025.54,4,62244.94,12,18.80,838,0.3502,3,0,RETIRED,PHD,MARRIED,HOME,0
CUST-007746,57,31983.47,27,12849.05,48,18.43,811,0.6958,4,0,SELF_EMPLOYED,PHD,SINGLE,HOME,1
CUST-007747,66,73414.88,17,56848.20,60,18.76,671,0.3048,3,0,SALARIED,MASTERS,DIVORCED,AUTO,1
CUST-007748,57,51775.00,28,44994.06,12,11.72,772,0.1534,3,0,SALARIED,BACHELORS,SINGLE,PERSONAL,0
CUST-007749,22,75319.45,4,39467.13,48,13.60,816,0.1675,1,0,UNEMPLOYED,PHD,DIVORCED,BUSINESS,0
CUST-007750,27,87149.61,9,23048.74,12,8.22,396,0.1974,3,0,SELF_EMPLOYED,BACHELORS,DIVORCED,BUSINESS,1
CUST-007751,52,90750.15,8,73294.56,36,10.17,425,0.6056,6,0,SELF_EMPLOYED,PHD,DIVORCED,BUSINESS,1
CUST-007752,63,?,6,5021.93,60,18.55,358,0.1976,5,0,UNEMPLOYED,BACHELORS,SINGLE,AUTO,1
CUST-007753,35,156863.46,17,89139.19,36,15.12,582,0.2278,4,0,SALARIED,MASTERS,DIVORCED,PERSONAL,0
CUST-007754,28,127529.97,10,14187.48,24,14.27,745,0.0680,3,0,UNEMPLOYED,PHD,MARRIED,EDUCATION,0
CUST-007755,27,36717.63,9,52637.34,60,7.06,795,0.2907,6,0,RETIRED,PHD,SINGLE,PERSONAL,0
CUST-007756,49,106734.93,29,7701.18,60,24.03,827,0.1211,4,2,SALARIED,HIGH_SCHOOL,SINGLE,EDUCATION,0
CUST-007757,26,32538.99,8,28736.58,48,12.63,651,0.5721,5,0,UNEMPLOYED,PHD,DIVORCED,EDUCATION,1
CUST-007758,41,99888.26,23,74479.40,36,22.61,641,0.6445,3,0,UNEMPLOYED,PHD,DIVORCED,BUSINESS,1
CUST-007759,59,168592.23,22,40359.09,60,13.99,608,0.3476,4,3,SALARIED,HIGH_SCHOOL,DIVORCED,BUSINESS,1
CUST-007760,27,124259.01,9,34659.74,60,12.12,391,0.4184,1,0,UNEMPLOYED,HIGH_SCHOOL,MARRIED,BUSINESS,1
CUST-007761,32,180029.76,14,77174.89,12,17.62,425,0.1363,2,0,UNEMPLOYED,HIGH_SCHOOL,MARRIED,BUSINESS,1
CUST-007762,33,137696.99,2,86479.21,24,15.32,829,0.5515,0,2,SELF_EMPLOYED,BACHELORS,DIVORCED,HOME,0
CUST-007763,35,136725.35,11,25122.26,36,23.82,309,0.6725,3,0,SELF_EMPLOYED,HIGH_SCHOOL,DIVORCED,PERSONAL,0
CUST-007764,65,172585.48,26,87535.41,60,19.41,728,0.6699,4,0,RETIRED,MASTERS,MARRIED,BUSINESS,0
CUST-007765,45,168157.34,27,27635.99,60,19.33,655,0.1476,4,0,SALARIED,MASTERS,DIVORCED,AUTO,1
CUST-007766,41,96194.34,1,77105.69,48,7.07,495,0.4051,4,0,SELF_EMPLOYED,HIGH_SCHOOL,DIVORCED,AUTO,1
CUST-007767,29,60297.44,11,34086.52,36,20.93,818,0.3855,4,0,UNEMPLOYED,BACHELORS,DIVORCED,AUTO,0
CUST-007768,53,49680.63,23,41645.46,36,9.96,619,0.3256,0,0,UNEMPLOYED,MASTERS,DIVORCED,HOME,1
CUST-007769,37,154233.12,4,25651.26,24,21.00,822,0.3738,4,0,SELF_EMPLOYED,HIGH_SCHOOL,MARRIED,PERSONAL,0
CUST-007770,32,37026.23,14,24895.46,36,20.16,736,0.3522,1,0,UNEMPLOYED,BACHELORS,SINGLE,HOME,0
CUST-007771,22,127790.43,4,11775.48,12,23.02,803,0.4031,6,0,SALARIED,PHD,SINGLE,AUTO,0
CUST-007772,42,31383.00,5,76750.83,12,20.87,367,0.2998,3,3,RETIRED,PHD,MARRIED,EDUCATION,1
CUST-007773,49,78750.70,1,41101.59,12,23.74,534,0.1621,6,0,UNEMPLOYED,PHD,MARRIED,EDUCATION,1
CUST-007774,44,107858.84,24,64167.51,60,11.03,417,0.5682,3,0,SELF_EMPLOYED,PHD,DIVORCED,BUSINESS,0
CUST-007775,64,168860.65,24,15976.41,36,8.63,639,0.5372,3,0,SALARIED,PHD,DIVORCED,BUSINESS,0
CUST-007776,48,170836.05,16,52601.52,36,22.17,?,0.6784,2,0,SALARIED,PHD,MARRIED,EDUCATION,0
CUST-007777,29,33837.20,0,28647.13,60,16.83,367,0.0706,0,0,UNEMPLOYED,HIGH_SCHOOL,DIVORCED,EDUCATION,1
CUST-007778,64,199841.51,7,30667.16,60,22.14,312,0.2770,6,0,RETIRED,BACHELORS,SINGLE,HOME,0
CUST-007779,59,122659.45,3,77149.06,48,5.54,725,0.5331,3,0,SELF_EMPLOYED,MASTERS,SINGLE,EDUCATION,1
CUST-007780,70,158870.92,25,87040.40,12,21.74,328,0.5389,0,0,SALARIED,MASTERS,SINGLE,HOME,1
CUST-007781,59,39846.13,25,29577.89,12,14.60,444,0.3009,3,0,UNEMPLOYED,BACHELORS,MARRIED,BUSINESS,1
CUST-007782,67,183764.98,34,3752.22,48,16.47,680,0.6357,6,1,SALARIED,PHD,DIVORCED,PERSONAL,1
CUST-007783,62,145125.10,7,69964.77,24,23.62,525,0.2473,0,0,SALARIED,HIGH_SCHOOL,MARRIED,HOME,0
CUST-007784,69,131254.10,19,55100.32,36,12.11,551,0.1862,0,0,RETIRED,PHD,MARRIED,AUTO,1
CUST-007785,57,?,?,71172.39,60,5.54,622,0.5265,4,2,RETIRED,BACHELORS,DIVORCED,EDUCATION,1
CUST-007786,59,64304.98,34,64303.85,60,11.34,306,0.3940,3,3,SELF_EMPLOYED,PHD,MARRIED,BUSINESS,1
CUST-007787,41,64887.63,23,42930.03,12,15.29,774,0.4215,4,0,SELF_EMPLOYED,PHD,SINGLE,EDUCATION,0
CUST-007788,51,38305.52,20,46664.02,12,20.56,800,0.4303,1,0,SALARIED,BACHELORS,DIVORCED,AUTO,1
CUST-007789,64,46762.50,30,41671.72,60,7.86,772,0.3840,3,0,RETIRED,MASTERS,MARRIED,AUTO,0
CUST-007790,41,182513.94,23,20401.22,48,21.39,531,0.6326,2,0,UNEMPLOYED,BACHELORS,MARRIED,EDUCATION,1
CUST-007791,23,162967.33,5,84823.14,36,10.08,492,0.4776,3,0,SALARIED,BACHELORS,MARRIED,EDUCATION,0
CUST-007792,48,97009.40,0,50867.24,60,7.79,334,0.4751,1,0,UNEMPLOYED,HIGH_SCHOOL,MARRIED,BUSINESS,1
CUST-007793,23,19175.37,5,71347.66,36,22.23,668,0.6815,5,0,RETIRED,PHD,MARRIED,HOME,1
CUST-007794,37,177630.75,16,22194.79,48,8.06,335,0.5661,3,0,SALARIED,PHD,SINGLE,BUSINESS,1
CUST-007795,42,161561.94,17,65739.78,36,14.12,496,0.1530,6,0,SALARIED,HIGH_SCHOOL,MARRIED,PERSONAL,0
CUST-007796,53,161845.79,18,35349.29,36,10.42,838,0.5726,0,0,RETIRED,PHD,DIVORCED,HOME,0
CUST-007797,55,183349.85,0,31927.63,36,8.78,340,0.4976,4,0,SALARIED,BACHELORS,DIVORCED,AUTO,1
CUST-007798,64,41840.82,?,25849.32,36,5.51,470,0.6989,6,0,SALARIED,MASTERS,SINGLE,BUSINESS,1
CUST-007799,25,26953.58,1,23492.55,36,16.14,490,0.6187,1,0,SELF_EMPLOYED,HIGH_SCHOOL,SINGLE,PERSONAL,0
CUST-007800,56,180657.89,25,89212.62,48,9.69,539,0.6949,0,0,UNEMPLOYED,PHD,DIVORCED,EDUCATION,0
CUST-007801,70,114187.77,6,66928.94,48,17.79,616,0.1853,5,0,RETIRED,BACHELORS,SINGLE,BUSINESS,0
CUST-007802,44,147897.88,26,26456.94,12,17.38,394,0.6717,1,0,SELF_EMPLOYED,BACHELORS,SINGLE,AUTO,1
CUST-007803,27,172519.47,?,11642.32,48,24.25,729,0.3973,1,0,UNEMPLOYED,MASTERS,MARRIED,EDUCATION,0
CUST-007804,67,141328.39,27,55467.70,36,20.08,691,0.3966,6,0,SALARIED,HIGH_SCHOOL,SINGLE,HOME,0
CUST-007805,55,20621.96,33,69608.56,48,24.25,502,0.5633,4,2,SALARIED,BACHELORS,DIVORCED,BUSINESS,1
CUST-007806,52,156630.33,16,34943.41,12,5.96,376,0.4617,3,0,SALARIED,PHD,MARRIED,PERSONAL,1
CUST-007807,31,152523.09,13,27510.18,48,22.16,788,0.5050,5,0,RETIRED,MASTERS,SINGLE,HOME,1
CUST-007808,65,58877.82,11,22122.87,12,13.86,?,0.1436,0,0,RETIRED,BACHELORS,SINGLE,PERSONAL,0
CUST-007809,32,108499.28,11,37853.42,24,10.05,359,0.2171,3,0,UNEMPLOYED,MASTERS,SINGLE,AUTO,1
CUST-007810,50,155830.92,32,89468.91,12,11.27,316,0.0530,3,0,UNEMPLOYED,PHD,DIVORCED,HOME,1
CUST-007811,56,33102.88,31,83840.83,24,20.09,789,0.0705,1,0,SALARIED,MASTERS,SINGLE,AUTO,0
CUST-007812,25,104660.28,3,89424.79,36,21.81,370,0.6782,0,0,RETIRED,BACHELORS,DIVORCED,AUTO,1
CUST-007813,38,29128.44,3,8631.94,24,7.80,359,0.5156,4,0,SELF_EMPLOYED,BACHELORS,SINGLE,EDUCATION,1
CUST-007814,26,135721.33,8,76674.90,60,18.35,805,0.6973,2,0,SALARIED,PHD,SINGLE,HOME,1
CUST-007815,35,70389.40,6,68657.18,48,5.25,455,0.5071,0,0,UNEMPLOYED,HIGH_SCHOOL,DIVORCED,BUSINESS,1
CUST-007816,47,195519.44,3,80555.91,36,9.74,766,0.1742,5,1,UNEMPLOYED,BACHELORS,MARRIED,AUTO,0
CUST-007817,69,144028.63,34,55929.00,60,8.87,681,0.1310,6,0,RETIRED,PHD,MARRIED,EDUCATION,0
CUST-007818,24,76452.27,6,29942.88,60,15.78,638,0.1845,3,0,RETIRED,MASTERS,DIVORCED,AUTO,0
CUST-007819,64,134170.44,15,62826.65,12,24.80,383,0.0713,3,0,RETIRED,PHD,MARRIED,AUTO,0
CUST-007820,57,168846.41,21,31575.37,36,18.29,392,0.6393,0,0,UNEMPLOYED,HIGH_SCHOOL,MARRIED,BUSINESS,1
CUST-007821,38,144581.61,6,64355.71,12,21.72,?,0.3891,5,2,SELF_EMPLOYED,PHD,DIVORCED,BUSINESS,1
CUST-007822,44,130533.10,8,6415.31,36,16.70,428,0.4355,3,0,SELF_EMPLOYED,HIGH_SCHOOL,SINGLE,BUSINESS,1
CUST-007823,47,40785.11,26,14865.75,12,17.64,691,0.1038,6,0,SALARIED,MASTERS,MARRIED,BUSINESS,0
CUST-007824,70,193263.82,24,5322.52,60,12.33,825,0.5196,4,0,SALARIED,MASTERS,MARRIED,AUTO,1
CUST-007825,39,157816.87,21,39382.69,36,12.24,731,0.2599,6,0,SALARIED,PHD,MARRIED,HOME,1
CUST-007826,56,81828.04,12,50373.58,24,10.41,712,0.6425,6,0,SALARIED,HIGH_SCHOOL,MARRIED,PERSONAL,1
CUST-007827,65,154079.66,22,44836.96,12,9.58,468,0.4185,1,0,SALARIED,PHD,DIVORCED,PERSONAL,0
CUST-007828,37,97371.08,4,85482.02,12,9.17,525,0.1372,6,0,SELF_EMPLOYED,MASTERS,DIVORCED,AUTO,1
CUST-007829,68,103182.20,2,10004.22,60,23.89,302,0.4353,4,0,SELF_EMPLOYED,MASTERS,MARRIED,AUTO,0
CUST-007830,41,67559.68,0,26228.79,36,16.10,351,0.2523,3,0,RETIRED,PHD,DIVORCED,BUSINESS,0
CUST-007831,55,158784.91,20,51503.85,12,23.57,559,0.2488,3,0,SELF_EMPLOYED,BACHELORS,MARRIED,HOME,0
CUST-007832,63,53223.13,12,41696.78,60,11.33,473,0.6972,3,0,SELF_EMPLOYED,MASTERS,SINGLE,EDUCATION,1
CUST-007833,45,81248.87,7,89297.33,24,8.76,782,0.5818,5,0,RETIRED,BACHELORS,SINGLE,PERSONAL,0
CUST-007834,57,56728.77,11,66953.50,36,9.18,431,0.5437,1,0,UNEMPLOYED,MASTERS,DIVORCED,EDUCATION,0
CUST-007835,37,68482.09,19,71986.75,60,23.26,808,0.6777,1,2,RETIRED,MASTERS,MARRIED,BUSINESS,1
CUST-007836,32,173588.86,?,43370.32,12,24.87,338,0.5478,5,0,SALARIED,BACHELORS,MARRIED,PERSONAL,0
CUST-007837,23,163542.70,5,22668.70,60,8.33,821,0.4152,2,1,UNEMPLOYED,BACHELORS,SINGLE,HOME,1
CUST-007838,43,32327.18,25,18477.14,36,5.03,409,0.2922,0,0,RETIRED,MASTERS,MARRIED,AUTO,0
CUST-007839,40,118439.80,17,26372.81,24,22.59,843,0.5950,3,0,SELF_EMPLOYED,MASTERS,DIVORCED,HOME,1
CUST-007840,33,38554.92,15,80487.69,48,6.43,674,0.6863,4,3,SALARIED,PHD,MARRIED,EDUCATION,1
CUST-007841,62,149505.84,1,43062.65,36,14.48,675,0.0683,5,2,UNEMPLOYED,PHD,DIVORCED,EDUCATION,1
CUST-007842,38,121636.23,1,9711.55,48,12.88,416,0.2282,1,0,RETIRED,MASTERS,SINGLE,HOME,0
CUST-007843,69,112957.49,11,29852.87,60,20.26,705,0.6610,5,0,UNEMPLOYED,HIGH_SCHOOL,SINGLE,EDUCATION,0
CUST-007844,61,75460.34,7,45771.75,12,17.05,684,0.6481,4,0,SELF_EMPLOYED,PHD,SINGLE,HOME,1
CUST-007845,27,101014.65,0,59952.14,36,24.77,522,0.2993,4,0,UNEMPLOYED,PHD,MARRIED,EDUCATION,1
CUST-007846,61,133561.86,7,59142.64,24,9.28,571,0.1923,2,0,UNEMPLOYED,BACHELORS,DIVORCED,HOME,0
CUST-007847,67,77821.38,?,80024.70,36,19.18,721,0.6612,2,0,SELF_EMPLOYED,BACHELORS,SINGLE,EDUCATION,1
CUST-007848,68,168249.75,5,72453.59,24,18.10,797,0.6799,6,0,RETIRED,MASTERS,DIVORCED,AUTO,0
CUST-007849,25,128769.76,6,18359.60,12,10.52,397,0.2084,0,0,UNEMPLOYED,BACHELORS,MARRIED,AUTO,0
CUST-007850,53,61748.47,11,37052.76,48,13.53,395,0.2161,6,0,UNEMPLOYED,BACHELORS,DIVORCED,EDUCATION,1
CUST-007851,26,175126.14,7,66158.48,36,15.96,464,0.3743,2,0,SELF_EMPLOYED,HIGH_SCHOOL,DIVORCED,PERSONAL,1
CUST-007852,34,103919.27,12,81576.68,48,6.13,705,0.1652,2,0,RETIRED,MASTERS,SINGLE,HOME,0
CUST-007853,52,87028.24,7,82853.19,24,5.63,381,0.4165,1,2,SELF_EMPLOYED,PHD,SINGLE,AUTO,1
CUST-007854,29,39728.52,8,60372.28,48,5.63,738,0.3290,6,2,SALARIED,PHD,SINGLE,EDUCATION,1
CUST-007855,38,187895.86,15,10575.01,48,12.70,483,0.5571,1,0,SELF_EMPLOYED,HIGH_SCHOOL,SINGLE,EDUCATION,0
CUST-007856,39,133859.10,12,79373.00,60,16.08,337,0.4114,0,0,UNEMPLOYED,BACHELORS,SINGLE,BUSINESS,1
CUST-007857,32,21698.79,14,8920.98,12,15.88,537,0.5966,4,2,SELF_EMPLOYED,BACHELORS,MARRIED,AUTO,1
CUST-007858,27,19907.59,9,58523.41,12,9.95,622,0.6945,0,0,UNEMPLOYED,BACHELORS,SINGLE,EDUCATION,1
CUST-007859,35,145513.83,17,27814.10,60,20.62,444,0.4115,1,0,SALARIED,HIGH_SCHOOL,DIVORCED,HOME,1
CUST-007860,59,85792.17,26,66786.28,36,16.62,311,0.6288,0,3,RETIRED,PHD,MARRIED,BUSINESS,1
CUST-007861,70,84583.06,22,19262.82,24,18.79,453,0.5624,1,0,SELF_EMPLOYED,HIGH_SCHOOL,DIVORCED,AUTO,0
CUST-007862,37,64044.95,11,51631.67,36,9.24,467,0.1808,0,0,UNEMPLOYED,BACHELORS,DIVORCED,BUSINESS,1
CUST-007863,33,18352.52,15,72255.34,48,8.10,790,0.6057,6,0,SELF_EMPLOYED,MASTERS,MARRIED,HOME,0
CUST-007864,67,52829.65,24,13675.13,48,18.13,603,0.3230,4,0,SELF_EMPLOYED,BACHELORS,MARRIED,AUTO,0
CUST-007865,56,124086.89,26,89640.41,60,12.52,529,0.3573,2,3,RETIRED,MASTERS,MARRIED,BUSINESS,1
CUST-007866,43,30319.69,17,66361.63,36,7.45,671,0.5389,0,0,SALARIED,PHD,MARRIED,EDUCATION,1
CUST-007867,61,152844.18,23,47795.89,12,6.03,654,0.3705,6,0,SELF_EMPLOYED,MASTERS,SINGLE,AUTO,0
CUST-007868,30,99808.31,12,87592.48,36,12.92,379,0.3574,5,0,RETIRED,MASTERS,MARRIED,PERSONAL,1
CUST-007869,33,90755.12,6,8284.55,60,11.13,685,0.4660,3,0,UNEMPLOYED,BACHELORS,SINGLE,EDUCATION,1
CUST-007870,53,81358.06,24,56422.47,36,5.09,470,0.1481,3,0,SALARIED,MASTERS,MARRIED,BUSINESS,0
CUST-007871,55,80894.32,15,68133.96,60,8.01,344,0.3728,4,1,SELF_EMPLOYED,HIGH_SCHOOL,SINGLE,AUTO,0
CUST-007872,60,138474.44,12,12996.30,36,15.48,313,0.0857,4,0,RETIRED,BACHELORS,DIVORCED,AUTO,1
CUST-007873,57,88586.40,15,85461.87,60,6.77,?,0.3027,4,0,SALARIED,BACHELORS,DIVORCED,HOME,0
CUST-007874,38,89274.18,20,89808.62,60,23.35,370,0.2557,6,0,SALARIED,PHD,MARRIED,AUTO,1
CUST-007875,52,141759.92,25,47089.00,24,14.63,837,0.5637,4,0,SALARIED,BACHELORS,SINGLE,BUSINESS,0
CUST-007876,53,156251.37,30,18522.93,36,10.32,559,0.2372,5,0,UNEMPLOYED,PHD,DIVORCED,PERSONAL,0
CUST-007877,60,115142.87,2,76650.56,48,23.92,650,0.1300,3,0,RETIRED,PHD,DIVORCED,PERSONAL,0
CUST-007878,25,105812.78,7,30924.61,48,24.15,610,0.2714,3,0,UNEMPLOYED,MASTERS,DIVORCED,AUTO,0
CUST-007879,57,92971.35,23,58071.94,36,14.24,800,0.0943,5,0,RETIRED,MASTERS,MARRIED,EDUCATION,1
CUST-007880,57,84191.11,27,75267.73,36,6.65,791,0.2522,2,3,UNEMPLOYED,PHD,MARRIED,EDUCATION,1
CUST-007881,25,109273.45,?,56367.82,60,10.94,797,0.6088,4,0,RETIRED,BACHELORS,MARRIED,PERSONAL,0
CUST-007882,24,121753.77,6,3561.10,12,17.98,727,0.1769,3,0,SELF_EMPLOYED,MASTERS,SINGLE,EDUCATION,1
CUST-007883,70,162257.34,21,14322.96,24,21.48,751,0.6009,0,0,SELF_EMPLOYED,MASTERS,MARRIED,AUTO,0
CUST-007884,21,108956.77,3,88786.67,60,19.82,825,0.0971,0,0,UNEMPLOYED,BACHELORS,DIVORCED,EDUCATION,0
CUST-007885,43,124035.70,15,15125.68,60,18.03,316,0.3734,6,0,UNEMPLOYED,HIGH_SCHOOL,DIVORCED,EDUCATION,1
CUST-007886,44,150189.90,25,44191.09,24,19.42,492,0.6010,2,0,RETIRED,BACHELORS,SINGLE,PERSONAL,1
CUST-007887,49,174876.89,2,86899.06,24,7.87,654,0.4557,2,0,RETIRED,HIGH_SCHOOL,MARRIED,BUSINESS,0
CUST-007888,70,42312.59,0,67229.39,24,5.47,571,0.5917,0,0,UNEMPLOYED,HIGH_SCHOOL,MARRIED,EDUCATION,1
CUST-007889,55,60073.43,?,12178.78,12,21.05,317,0.2635,5,0,SALARIED,PHD,MARRIED,AUTO,1
CUST-007890,51,74683.97,14,24199.50,60,23.22,697,0.3458,1,0,SELF_EMPLOYED,PHD,SINGLE,PERSONAL,0
CUST-007891,53,108881.36,?,28660.10,60,22.23,?,0.4352,5,0,SALARIED,PHD,MARRIED,PERSONAL,1
CUST-007892,49,191457.79,4,40531.70,12,9.78,533,0.3191,4,0,SALARIED,HIGH_SCHOOL,DIVORCED,HOME,0
CUST-007893,40,36982.67,22,59938.94,24,16.91,602,0.6532,1,0,SELF_EMPLOYED,HIGH_SCHOOL,MARRIED,BUSINESS,1
CUST-007894,25,98155.04,7,66480.13,12,11.68,565,0.6689,2,0,RETIRED,PHD,SINGLE,EDUCATION,1
CUST-007895,60,58825.23,27,23902.97,12,13.03,443,0.6220,0,0,SELF_EMPLOYED,MASTERS,SINGLE,EDUCATION,1
CUST-007896,52,106914.70,18,65122.56,12,12.31,593,0.1256,3,0,SELF_EMPLOYED,MASTERS,DIVORCED,BUSINESS,1
CUST-007897,38,168173.55,4,19589.87,36,11.21,425,0.6082,6,0,UNEMPLOYED,HIGH_SCHOOL,SINGLE,AUTO,0
CUST-007898,34,42095.73,16,43526.10,48,18.32,534,0.6324,5,1,SELF_EMPLOYED,MASTERS,DIVORCED,AUTO,1
CUST-007899,66,121459.81,4,29840.75,60,23.93,312,0.5628,1,0,RETIRED,PHD,MARRIED,BUSINESS,0
CUST-007900,41,97480.09,10,44435.92,36,10.03,672,0.4288,0,0,SALARIED,PHD,DIVORCED,BUSINESS,1
CUST-007901,31,179201.48,9,73563.29,36,7.87,633,0.2403,5,0,SALARIED,MASTERS,DIVORCED,BUSINESS,0
CUST-007902,22,35833.59,0,67093.56,24,15.90,319,0.0991,2,3,RETIRED,HIGH_SCHOOL,SINGLE,HOME,1
CUST-007903,58,172348.37,0,29585.25,36,12.39,301,0.2534,2,0,SALARIED,BACHELORS,DIVORCED,EDUCATION,0
CUST-007904,23,145992.17,5,46489.41,36,5.86,543,0.6107,1,0,RETIRED,MASTERS,SINGLE,HOME,1
CUST-007905,41,64549.61,11,10933.55,12,19.37,381,0.1210,1,0,UNEMPLOYED,BACHELORS,MARRIED,BUSINESS,1
CUST-007906,58,?,6,69649.78,24,8.03,332,0.4731,2,0,SALARIED,BACHELORS,DIVORCED,EDUCATION,0
CUST-007907,37,98528.18,19,24387.18,60,6.35,343,0.1532,4,0,RETIRED,MASTERS,SINGLE,EDUCATION,0
CUST-007908,23,138351.30,0,47017.55,24,13.16,698,0.6938,1,0,RETIRED,PHD,DIVORCED,EDUCATION,0
CUST-007909,39,181878.04,18,75995.64,24,19.10,615,0.2633,2,0,RETIRED,BACHELORS,MARRIED,AUTO,1
CUST-007910,30,53099.29,6,80240.43,12,11.11,415,0.6827,3,0,SALARIED,MASTERS,SINGLE,AUTO,0
CUST-007911,69,23325.17,27,52884.57,12,11.72,497,0.3516,3,0,UNEMPLOYED,PHD,SINGLE,HOME,1
CUST-007912,26,92794.87,8,27175.29,48,17.08,841,0.1751,1,0,UNEMPLOYED,BACHELORS,MARRIED,BUSINESS,0
CUST-007913,28,195491.27,10,83570.50,12,5.22,749,0.3329,4,0,UNEMPLOYED,HIGH_SCHOOL,DIVORCED,HOME,0
CUST-007914,24,127015.46,2,89610.40,60,17.57,495,0.3628,2,0,SELF_EMPLOYED,PHD,SINGLE,HOME,0
CUST-007915,59,66870.34,18,26340.49,36,9.26,436,0.5313,6,0,SALARIED,MASTERS,SINGLE,HOME,0
CUST-007916,41,107747.92,23,19075.71,12,17.94,521,0.6738,5,0,RETIRED,HIGH_SCHOOL,MARRIED,HOME,0
CUST-007917,39,28861.84,15,16155.94,48,14.61,646,0.4516,3,1,SELF_EMPLOYED,HIGH_SCHOOL,MARRIED,AUTO,1
CUST-007918,63,95783.80,6,71317.51,12,21.45,652,0.6998,1,0,UNEMPLOYED,BACHELORS,MARRIED,EDUCATION,1
CUST-007919,21,183022.45,3,84644.16,12,10.64,533,0.3997,3,0,SALARIED,HIGH_SCHOOL,DIVORCED,AUTO,0
CUST-007920,24,72390.69,5,38768.57,48,22.68,443,0.1000,2,0,SELF_EMPLOYED,PHD,SINGLE,EDUCATION,1
CUST-007921,24,138980.78,6,27531.34,12,5.02,575,0.6335,4,0,SELF_EMPLOYED,BACHELORS,DIVORCED,BUSINESS,1
CUST-007922,55,159068.80,10,70579.38,60,20.80,551,0.1346,4,0,UNEMPLOYED,MASTERS,MARRIED,AUTO,1
CUST-007923,33,123398.32,14,55091.08,24,20.80,698,0.4958,6,0,UNEMPLOYED,BACHELORS,MARRIED,AUTO,0
CUST-007924,42,81138.13,24,72266.47,12,19.12,477,0.4471,2,0,SELF_EMPLOYED,BACHELORS,SINGLE,BUSINESS,0
CUST-007925,64,163140.76,34,40517.34,48,18.48,357,0.4031,6,0,SALARIED,MASTERS,MARRIED,PERSONAL,0
CUST-007926,36,61890.08,18,19528.38,12,17.24,736,0.2955,4,2,UNEMPLOYED,BACHELORS,MARRIED,BUSINESS,1
CUST-007927,58,65603.49,31,70902.96,60,20.09,756,0.0926,6,0,SELF_EMPLOYED,HIGH_SCHOOL,SINGLE,AUTO,0
CUST-007928,37,146871.14,18,40713.29,60,6.32,600,0.6993,0,0,RETIRED,HIGH_SCHOOL,SINGLE,BUSINESS,0
CUST-007929,45,114924.90,27,44353.49,48,15.20,811,0.3947,6,0,RETIRED,BACHELORS,SINGLE,HOME,0
CUST-007930,65,79963.39,9,44553.96,12,19.95,414,0.6916,4,0,UNEMPLOYED,BACHELORS,MARRIED,AUTO,1
CUST-007931,37,87928.57,19,51723.75,12,9.62,319,0.4596,6,0,SELF_EMPLOYED,MASTERS,DIVORCED,HOME,0
CUST-007932,65,156217.19,26,9425.10,36,12.98,650,0.3763,4,3,SALARIED,BACHELORS,MARRIED,AUTO,1
CUST-007933,62,124079.95,0,64072.41,12,21.22,369,0.4287,2,0,SELF_EMPLOYED,HIGH_SCHOOL,SINGLE,PERSONAL,1
CUST-007934,66,92284.96,5,17177.46,12,6.49,383,0.4198,1,0,RETIRED,PHD,DIVORCED,AUTO,0
CUST-007935,25,167043.13,7,11222.26,60,12.86,378,0.4193,6,0,RETIRED,MASTERS,MARRIED,PERSONAL,0
CUST-007936,29,28050.46,0,67571.17,12,14.83,655,0.3968,1,0,SELF_EMPLOYED,PHD,SINGLE,HOME,1
CUST-007937,32,23944.69,3,16322.20,12,14.06,815,0.2501,5,0,SALARIED,MASTERS,SINGLE,HOME,0
CUST-007938,35,90647.57,17,43388.18,48,11.37,785,0.6615,1,0,RETIRED,HIGH_SCHOOL,DIVORCED,EDUCATION,0
CUST-007939,40,58072.00,8,76690.29,12,11.27,669,0.5491,1,0,UNEMPLOYED,PHD,DIVORCED,HOME,0
CUST-007940,24,54317.51,6,63667.94,12,24.90,620,0.3034,2,0,SELF_EMPLOYED,MASTERS,MARRIED,BUSINESS,1
CUST-007941,67,32071.28,28,80466.84,48,17.31,597,0.1833,1,0,SALARIED,PHD,MARRIED,EDUCATION,0
CUST-007942,51,181453.01,9,69471.07,60,20.64,684,0.5322,1,0,RETIRED,BACHELORS,DIVORCED,BUSINESS,0
CUST-007943,26,68848.98,8,18883.44,36,15.91,788,0.1565,3,0,UNEMPLOYED,MASTERS,MARRIED,AUTO,0
CUST-007944,47,151706.71,6,39391.95,48,5.83,837,0.5809,6,3,SELF_EMPLOYED,HIGH_SCHOOL,SINGLE,BUSINESS,1
CUST-007945,22,124650.10,0,26428.58,12,11.82,655,0.3486,2,0,UNEMPLOYED,HIGH_SCHOOL,SINGLE,HOME,1
CUST-007946,27,39493.76,6,22872.59,48,7.86,553,0.4057,1,0,UNEMPLOYED,BACHELORS,DIVORCED,HOME,0
CUST-007947,38,112964.85,20,63645.86,12,20.96,563,0.5159,2,0,UNEMPLOYED,BACHELORS,SINGLE,EDUCATION,0
CUST-007948,21,179450.47,3,12139.58,48,9.34,501,0.3430,2,0,RETIRED,PHD,DIVORCED,AUTO,0
CUST-007949,70,111244.36,9,74501.63,24,10.50,805,0.2832,5,0,UNEMPLOYED,PHD,DIVORCED,PERSONAL,1
CUST-007950,37,182116.62,7,54776.76,12,18.98,589,0.0863,6,0,UNEMPLOYED,PHD,MARRIED,EDUCATION,1
CUST-007951,62,45424.05,20,81935.03,48,18.95,369,0.3838,6,1,UNEMPLOYED,BACHELORS,SINGLE,BUSINESS,1
CUST-007952,56,108252.85,30,6391.88,24,18.89,?,0.0779,2,0,SALARIED,BACHELORS,MARRIED,BUSINESS,1
CUST-007953,33,93607.96,9,66623.88,48,14.86,355,0.6390,0,3,SALARIED,BACHELORS,SINGLE,EDUCATION,1
CUST-007954,40,39219.96,1,67825.24,60,20.11,725,0.4984,0,0,SELF_EMPLOYED,MASTERS,SINGLE,BUSINESS,1
CUST-007955,30,99241.61,12,9261.31,48,23.44,670,0.0553,4,0,UNEMPLOYED,MASTERS,SINGLE,PERSONAL,1
CUST-007956,52,113278.56,28,69587.52,24,21.68,576,0.5289,3,3,UNEMPLOYED,PHD,MARRIED,AUTO,1
CUST-007957,32,61182.81,10,16397.90,36,23.42,670,0.3906,1,0,UNEMPLOYED,HIGH_SCHOOL,DIVORCED,EDUCATION,1
CUST-007958,69,107019.16,31,22594.14,60,22.77,521,0.5329,4,0,RETIRED,MASTERS,DIVORCED,EDUCATION,1
CUST-007959,64,19073.82,?,13579.27,60,15.97,449,0.5107,5,0,SELF_EMPLOYED,HIGH_SCHOOL,DIVORCED,BUSINESS,0
CUST-007960,34,82597.48,14,51788.85,60,18.84,469,0.3351,0,0,RETIRED,MASTERS,DIVORCED,EDUCATION,0
CUST-007961,37,146444.17,12,4897.41,12,19.26,434,0.3330,3,0,SELF_EMPLOYED,PHD,DIVORCED,EDUCATION,0
CUST-007962,55,102279.85,1,14115.68,24,20.29,383,0.3352,4,0,SELF_EMPLOYED,HIGH_SCHOOL,DIVORCED,EDUCATION,0
CUST-007963,41,196217.93,23,61449.56,24,14.73,814,0.3815,1,0,SELF_EMPLOYED,HIGH_SCHOOL,SINGLE,PERSONAL,1
CUST-007964,51,39873.03,23,15576.58,36,21.99,355,0.4678,3,0,SALARIED,PHD,MARRIED,AUTO,1
CUST-007965,30,133682.66,12,54408.53,24,13.28,695,0.2079,2,0,SELF_EMPLOYED,PHD,SINGLE,PERSONAL,0
CUST-007966,40,141720.73,22,78989.49,12,10.62,649,0.6190,6,0,UNEMPLOYED,HIGH_SCHOOL,MARRIED,HOME,0
CUST-007967,66,131679.99,2,37397.48,36,22.55,701,0.2874,3,0,RETIRED,HIGH_SCHOOL,DIVORCED,AUTO,0
CUST-007968,69,171358.25,32,44837.24,36,23.61,719,0.2002,4,3,SALARIED,MASTERS,MARRIED,AUTO,0
CUST-007969,42,186646.07,16,68886.24,48,19.64,463,0.4219,3,0,UNEMPLOYED,PHD,SINGLE,HOME,1
CUST-007970,22,115438.94,?,58330.63,36,13.39,402,0.6613,4,0,SALARIED,HIGH_SCHOOL,MARRIED,HOME,0
CUST-007971,36,48564.81,4,23052.39,36,20.95,546,0.6210,1,1,UNEMPLOYED,HIGH_SCHOOL,DIVORCED,EDUCATION,0
CUST-007972,65,115642.33,1,80334.14,60,22.27,688,0.5210,2,3,SALARIED,MASTERS,DIVORCED,BUSINESS,1
CUST-007973,62,104597.70,16,6882.67,60,20.23,307,0.2119,6,0,RETIRED,MASTERS,MARRIED,AUTO,0
CUST-007974,47,114471.60,20,62433.42,36,14.63,640,0.4690,3,1,UNEMPLOYED,MASTERS,DIVORCED,BUSINESS,0
CUST-007975,67,158204.63,24,28158.16,24,21.33,751,0.1447,3,0,RETIRED,BACHELORS,MARRIED,HOME,0
CUST-007976,21,138681.26,3,61549.47,48,23.28,799,0.3049,5,0,RETIRED,PHD,MARRIED,HOME,1
CUST-007977,55,100497.32,21,9304.67,36,17.45,586,0.6827,0,0,SALARIED,HIGH_SCHOOL,MARRIED,AUTO,1
CUST-007978,58,41119.30,22,72088.76,36,24.02,688,0.6438,2,0,SELF_EMPLOYED,HIGH_SCHOOL,SINGLE,AUTO,1
CUST-007979,49,41652.29,13,62395.47,24,17.78,393,0.2243,4,0,SELF_EMPLOYED,MASTERS,MARRIED,AUTO,1
CUST-007980,32,91757.46,14,48658.43,36,24.78,748,0.0610,0,0,UNEMPLOYED,HIGH_SCHOOL,SINGLE,PERSONAL,0
CUST-007981,70,157548.99,16,53964.09,12,13.67,550,0.2368,5,0,SELF_EMPLOYED,MASTERS,DIVORCED,PERSONAL,0
CUST-007982,62,191086.50,26,80151.30,60,13.06,316,0.4356,1,0,UNEMPLOYED,PHD,DIVORCED,PERSONAL,0
CUST-007983,65,97371.39,25,81770.91,48,21.43,603,0.3233,4,0,UNEMPLOYED,MASTERS,SINGLE,EDUCATION,1
CUST-007984,58,?,25,66392.58,48,15.74,533,0.0523,3,0,UNEMPLOYED,PHD,SINGLE,AUTO,0
CUST-007985,27,60337.32,9,9120.77,24,20.43,467,0.1558,5,0,UNEMPLOYED,HIGH_SCHOOL,DIVORCED,AUTO,1
CUST-007986,70,146570.95,5,87755.62,36,14.19,674,0.3230,5,0,UNEMPLOYED,HIGH_SCHOOL,SINGLE,AUTO,0
CUST-007987,36,18614.27,18,15907.45,12,6.92,435,0.1003,5,0,SELF_EMPLOYED,MASTERS,SINGLE,PERSONAL,0
CUST-007988,46,123458.95,26,23394.01,36,20.73,745,0.1660,2,0,UNEMPLOYED,PHD,SINGLE,EDUCATION,0
CUST-007989,67,97852.61,8,19916.54,48,16.15,325,0.2239,6,0,SALARIED,PHD,DIVORCED,PERSONAL,0
CUST-007990,31,191496.87,12,57790.16,24,14.36,417,0.5511,1,0,RETIRED,PHD,MARRIED,HOME,1
CUST-007991,47,72307.94,19,35107.09,60,24.76,536,0.6068,5,0,RETIRED,PHD,DIVORCED,PERSONAL,1
CUST-007992,29,58099.88,11,39000.19,60,23.23,445,0.1759,6,0,RETIRED,BACHELORS,MARRIED,PERSONAL,0
CUST-007993,26,94844.03,5,54761.86,24,10.26,?,0.1483,0,0,SALARIED,MASTERS,DIVORCED,BUSINESS,0
CUST-007994,48,78739.76,3,61632.88,36,7.09,587,0.3970,0,0,RETIRED,BACHELORS,MARRIED,AUTO,1
CUST-007995,30,74274.22,12,6632.23,60,19.75,830,0.3866,1,0,UNEMPLOYED,HIGH_SCHOOL,MARRIED,BUSINESS,1
CUST-007996,51,155719.70,10,36773.37,36,22.91,584,0.2426,3,0,SELF_EMPLOYED,PHD,MARRIED,AUTO,0
CUST-007997,43,163502.42,23,75565.87,24,22.84,715,0.2443,2,3,SALARIED,MASTERS,DIVORCED,HOME,0
CUST-007998,48,120856.05,10,16647.23,48,14.75,736,0.3981,0,0,SELF_EMPLOYED,BACHELORS,DIVORCED,EDUCATION,1
CUST-007999,51,25185.77,27,5307.21,60,24.95,789,0.4629,6,0,UNEMPLOYED,HIGH_SCHOOL,MARRIED,EDUCATION,1
CUST-008000,66,165513.85,10,65653.33,36,17.44,648,0.6000,2,0,SALARIED,PHD,MARRIED,BUSINESS,0
CUST-008001,70,154979.76,10,7384.09,24,21.33,817,0.1982,3,0,SALARIED,BACHELORS,MARRIED,AUTO,0
CUST-008002,40,142459.91,6,68396.76,12,22.63,554,0.5960,0,0,RETIRED,PHD,SINGLE,EDUCATION,1
CUST-008003,67,155198.95,5,48177.09,60,24.25,601,0.4518,2,3,UNEMPLOYED,MASTERS,SINGLE,AUTO,1
CUST-008004,36,?,18,82658.53,12,14.44,352,0.4072,3,0,RETIRED,PHD,MARRIED,AUTO,0
CUST-008005,35,75035.89,17,74716.36,24,20.04,706,0.3798,1,0,SALARIED,BACHELORS,SINGLE,PERSONAL,0
CUST-008006,69,133849.07,23,45280.75,24,19.88,709,0.2220,0,0,SELF_EMPLOYED,PHD,MARRIED,AUTO,0
CUST-008007,64,123136.75,31,18080.11,48,16.99,602,0.4965,1,1,RETIRED,HIGH_SCHOOL,SINGLE,AUTO,1
CUST-008008,33,158887.61,14,89350.77,12,7.26,588,0.1760,3,0,UNEMPLOYED,PHD,DIVORCED,HOME,0
CUST-008009,37,168562.11,19,36145.25,24,20.49,545,0.6328,4,0,SELF_EMPLOYED,MASTERS,MARRIED,EDUCATION,1
CUST-008010,33,196167.31,10,53217.56,36,14.74,713,0.4341,5,0,SELF_EMPLOYED,PHD,SINGLE,HOME,1
CUST-008011,27,139802.97,9,57454.63,36,17.75,315,0.4168,6,0,RETIRED,HIGH_SCHOOL,SINGLE,HOME,0
CUST-008012,67,110488.12,14,78517.53,36,24.69,844,0.2363,1,0,UNEMPLOYED,BACHELORS,DIVORCED,HOME,0
CUST-008013,64,85457.72,0,51237.15,24,21.07,393,0.6088,4,0,UNEMPLOYED,BACHELORS,MARRIED,BUSINESS,0
CUST-008014,38,107211.17,20,33989.82,36,23.62,677,0.5451,0,0,SALARIED,MASTERS,MARRIED,EDUCATION,1
CUST-008015,49,87280.22,21,61917.00,48,5.60,567,0.3266,4,0,SELF_EMPLOYED,MASTERS,SINGLE,HOME,0
CUST-008016,64,131046.05,10,81701.11,60,11.20,324,0.1563,6,0,SELF_EMPLOYED,BACHELORS,SINGLE,BUSINESS,1
CUST-008017,61,165116.87,5,33928.30,60,10.51,371,0.0506,0,0,UNEMPLOYED,BACHELORS,DIVORCED,PERSONAL,0
CUST-008018,55,28264.19,8,64401.62,12,17.88,837,0.2932,5,0,SELF_EMPLOYED,BACHELORS,MARRIED,EDUCATION,0
CUST-008019,60,27388.46,31,59939.80,48,7.17,548,0.6572,3,0,SALARIED,PHD,DIVORCED,AUTO,1
CUST-008020,36,176842.58,0,37005.67,60,7.18,414,0.2240,2,0,UNEMPLOYED,PHD,MARRIED,AUTO,0
CUST-008021,38,183475.64,11,39463.23,12,20.20,380,0.1033,1,0,SALARIED,MASTERS,SINGLE,PERSONAL,0
CUST-008022,60,163789.42,33,42259.99,24,19.20,371,0.1964,3,0,UNEMPLOYED,MASTERS,DIVORCED,PERSONAL,1
CUST-008023,45,177863.31,5,89333.10,48,13.49,350,0.3963,3,0,UNEMPLOYED,PHD,DIVORCED,AUTO,1
CUST-008024,49,157528.65,13,28014.90,60,20.38,763,0.1050,5,1,SELF_EMPLOYED,HIGH_SCHOOL,DIVORCED,HOME,1
CUST-008025,23,182715.40,5,47419.42,48,14.81,749,0.3135,6,2,SELF_EMPLOYED,MASTERS,MARRIED,AUTO,1
CUST-008026,41,169646.12,23,52242.27,60,7.94,700,0.5610,5,0,SALARIED,PHD,MARRIED,HOME,0
CUST-008027,47,70541.49,29,86493.02,48,24.55,694,0.2239,0,0,SELF_EMPLOYED,HIGH_SCHOOL,SINGLE,HOME,1
CUST-008028,64,86902.65,25,52378.87,12,10.45,398,0.1705,0,0,UNEMPLOYED,BACHELORS,SINGLE,BUSINESS,1
CUST-008029,51,140413.50,8,53120.50,60,7.37,342,0.4452,3,0,SALARIED,PHD,DIVORCED,EDUCATION,1
CUST-008030,70,164774.23,2,22650.95,36,16.95,732,0.3262,6,0,SALARIED,MASTERS,SINGLE,AUTO,0
CUST-008031,65,100807.59,1,31838.21,12,11.58,411,0.1492,1,0,RETIRED,PHD,MARRIED,AUTO,0
CUST-008032,26,29628.67,8,31866.41,36,10.43,465,0.2285,0,0,UNEMPLOYED,BACHELORS,DIVORCED,BUSINESS,1
CUST-008033,23,88089.09,5,66787.13,36,8.53,645,0.3765,3,0,SALARIED,BACHELORS,SINGLE,BUSINESS,1
CUST-008034,60,127761.21,15,54442.27,48,13.82,326,0.1436,2,0,SALARIED,HIGH_SCHOOL,DIVORCED,AUTO,0
CUST-008035,39,59782.30,7,11488.76,12,21.10,849,0.1533,1,2,SELF_EMPLOYED,HIGH_SCHOOL,SINGLE,HOME,1
CUST-008036,69,80640.80,34,40956.79,48,14.65,497,0.4565,3,1,RETIRED,BACHELORS,SINGLE,PERSONAL,1
CUST-008037,36,74947.63,18,40224.17,36,10.48,840,0.3010,5,0,UNEMPLOYED,PHD,DIVORCED,EDUCATION,1
CUST-008038,40,137512.23,22,87706.33,24,12.43,546,0.6629,4,0,SALARIED,HIGH_SCHOOL,MARRIED,HOME,1
CUST-008039,44,58996.03,8,24237.61,60,17.33,607,0.5883,1,0,RETIRED,BACHELORS,MARRIED,BUSINESS,1
CUST-008040,53,117818.93,6,63614.22,24,17.89,744,0.3815,5,0,UNEMPLOYED,BACHELORS,MARRIED,HOME,1
CUST-008041,45,165564.32,13,65097.89,12,19.91,603,0.3688,6,0,UNEMPLOYED,HIGH_SCHOOL,DIVORCED,EDUCATION,1
CUST-008042,42,71400.57,3,39293.57,48,20.84,744,0.4401,5,0,SELF_EMPLOYED,BACHELORS,SINGLE,EDUCATION,0
CUST-008043,69,140785.14,17,28589.04,12,8.60,513,0.4253,0,0,SALARIED,PHD,SINGLE,HOME,1
CUST-008044,56,121003.41,32,8679.63,24,17.47,762,0.1324,6,0,RETIRED,PHD,DIVORCED,BUSINESS,0
CUST-008045,45,78229.89,27,65740.07,48,6.88,781,0.1232,0,0,SELF_EMPLOYED,MASTERS,MARRIED,HOME,0
CUST-008046,31,146251.35,13,60824.47,36,20.55,357,0.4252,1,0,RETIRED,PHD,DIVORCED,AUTO,1
CUST-008047,46,65598.31,28,16572.12,12,14.09,709,0.4862,4,0,UNEMPLOYED,MASTERS,MARRIED,BUSINESS,0
CUST-008048,64,101554.88,17,74665.28,12,15.02,783,0.5173,5,0,SELF_EMPLOYED,BACHELORS,SINGLE,BUSINESS,1
CUST-008049,68,26770.05,13,64388.67,48,16.86,311,0.0503,4,0,RETIRED,BACHELORS,SINGLE,BUSINESS,1
CUST-008050,49,111622.40,13,62374.32,36,5.46,309,0.4211,2,0,SALARIED,HIGH_SCHOOL,SINGLE,PERSONAL,1
CUST-008051,33,99138.15,2,45101.96,24,22.01,506,0.2794,0,0,RETIRED,MASTERS,SINGLE,BUSINESS,0
CUST-008052,48,59349.52,30,35160.46,60,20.96,448,0.2311,1,0,UNEMPLOYED,BACHELORS,MARRIED,BUSINESS,1
CUST-008053,66,87777.82,12,9950.31,36,6.54,643,0.3075,6,0,UNEMPLOYED,PHD,DIVORCED,EDUCATION,0
CUST-008054,41,108175.03,13,8051.97,12,22.69,357,0.5876,3,0,SALARIED,PHD,DIVORCED,PERSONAL,0
CUST-008055,42,22072.61,20,64785.78,12,19.79,751,0.6868,5,0,SELF_EMPLOYED,BACHELORS,SINGLE,PERSONAL,1
CUST-008056,59,65470.20,33,16602.76,12,15.61,845,0.2715,0,2,SELF_EMPLOYED,BACHELORS,DIVORCED,PERSONAL,1
CUST-008057,23,82047.53,5,75342.78,60,10.99,486,0.6412,0,0,SALARIED,MASTERS,DIVORCED,PERSONAL,0
CUST-008058,42,170996.64,2,18847.17,36,6.08,372,0.2725,3,0,UNEMPLOYED,MASTERS,SINGLE,BUSINESS,0
CUST-008059,21,113979.20,3,22552.55,60,5.29,300,0.2608,2,0,RETIRED,BACHELORS,MARRIED,HOME,0
CUST-008060,54,188997.61,18,25445.95,36,11.89,557,0.3398,5,0,SELF_EMPLOYED,MASTERS,DIVORCED,BUSINESS,1
CUST-008061,36,145050.35,18,16930.60,24,17.70,812,0.4288,0,0,RETIRED,PHD,MARRIED,EDUCATION,0
CUST-008062,69,47356.68,7,82118.82,24,20.85,678,0.2831,3,0,RETIRED,HIGH_SCHOOL,DIVORCED,HOME,0
CUST-008063,67,109692.86,20,59042.99,24,14.20,350,0.0977,2,0,SALARIED,PHD,SINGLE,EDUCATION,0
CUST-008064,48,198764.19,30,69033.76,36,12.09,409,0.3459,4,0,SELF_EMPLOYED,HIGH_SCHOOL,MARRIED,AUTO,0
CUST-008065,42,194895.88,22,21477.35,36,12.29,406,0.1638,4,0,UNEMPLOYED,MASTERS,SINGLE,HOME,0
CUST-008066,51,166799.46,18,52159.52,36,9.50,530,0.5944,4,0,UNEMPLOYED,HIGH_SCHOOL,SINGLE,HOME,1
CUST-008067,58,24907.72,31,52644.04,60,24.70,461,0.4235,6,0,SELF_EMPLOYED,PHD,SINGLE,EDUCATION,1
CUST-008068,60,52052.03,21,14531.42,24,10.18,441,0.4530,4,1,SELF_EMPLOYED,PHD,DIVORCED,PERSONAL,1
CUST-008069,38,187800.54,10,17999.19,48,9.41,721,0.6631,4,0,SALARIED,HIGH_SCHOOL,MARRIED,AUTO,1
CUST-008070,42,27761.34,24,10582.37,12,18.87,363,0.6870,5,0,RETIRED,PHD,SINGLE,AUTO,0
CUST-008071,53,150320.39,10,5399.18,60,20.69,614,0.5724,4,0,RETIRED,MASTERS,SINGLE,EDUCATION,0
CUST-008072,24,32941.94,6,8504.26,36,24.65,521,0.2470,0,2,RETIRED,PHD,MARRIED,EDUCATION,1
CUST-008073,30,148020.19,12,3763.92,12,20.13,387,0.1702,5,3,RETIRED,HIGH_SCHOOL,DIVORCED,EDUCATION,1
CUST-008074,30,53755.88,12,57256.96,12,22.43,600,0.1636,0,0,SALARIED,MASTERS,SINGLE,PERSONAL,0
CUST-008075,61,123796.21,23,68822.24,48,8.89,844,0.5322,3,0,SELF_EMPLOYED,HIGH_SCHOOL,DIVORCED,PERSONAL,0
CUST-008076,60,139907.36,0,34629.75,48,15.71,482,0.0753,3,0,SALARIED,PHD,MARRIED,BUSINESS,0
CUST-008077,36,36375.49,18,20242.14,60,11.41,796,0.2413,2,0,UNEMPLOYED,MASTERS,SINGLE,EDUCATION,0
CUST-008078,55,81682.30,7,77253.05,12,6.96,839,0.6839,6,0,RETIRED,PHD,MARRIED,HOME,0
CUST-008079,23,69258.01,5,83827.71,48,10.59,848,0.2071,5,0,UNEMPLOYED,BACHELORS,SINGLE,PERSONAL,0
CUST-008080,42,162348.66,24,89647.40,60,5.97,496,0.5989,4,2,SALARIED,PHD,DIVORCED,EDUCATION,1
CUST-008081,39,131843.11,21,13731.45,36,24.81,740,0.2983,1,0,UNEMPLOYED,HIGH_SCHOOL,SINGLE,PERSONAL,0
CUST-008082,52,194027.04,16,32121.58,60,10.48,356,0.5740,5,0,SALARIED,HIGH_SCHOOL,MARRIED,BUSINESS,1
CUST-008083,56,41518.50,26,82501.14,36,24.34,745,0.1686,6,0,SELF_EMPLOYED,PHD,MARRIED,PERSONAL,0
CUST-008084,59,135932.69,?,23100.66,24,7.10,770,0.2351,0,1,UNEMPLOYED,PHD,DIVORCED,AUTO,0
CUST-008085,70,181885.07,27,35878.51,48,22.51,510,0.5021,2,0,UNEMPLOYED,MASTERS,SINGLE,PERSONAL,1
CUST-008086,68,133878.15,9,19582.95,24,13.72,573,0.6576,6,0,UNEMPLOYED,BACHELORS,SINGLE,PERSONAL,0
CUST-008087,28,169959.77,0,84750.05,60,24.85,523,0.6705,5,0,SELF_EMPLOYED,PHD,SINGLE,AUTO,1
CUST-008088,36,196351.06,11,87183.08,36,10.52,820,0.0519,3,0,RETIRED,MASTERS,DIVORCED,EDUCATION,0
CUST-008089,62,136234.56,17,26333.07,12,7.45,576,0.5183,5,0,SELF_EMPLOYED,MASTERS,SINGLE,EDUCATION,0
CUST-008090,50,114611.59,6,58108.39,12,9.69,769,0.3229,2,0,RETIRED,MASTERS,SINGLE,BUSINESS,0
CUST-008091,41,86072.49,19,3913.83,48,24.52,545,0.5043,5,0,UNEMPLOYED,BACHELORS,MARRIED,PERSONAL,0
CUST-008092,70,196917.76,17,79155.82,24,21.80,343,0.2613,4,0,SELF_EMPLOYED,BACHELORS,SINGLE,PERSONAL,1
CUST-008093,38,189830.86,4,25094.50,36,17.76,572,0.3183,5,0,RETIRED,PHD,SINGLE,EDUCATION,0
CUST-008094,29,184600.06,6,67754.95,12,18.31,737,0.0761,5,0,RETIRED,PHD,DIVORCED,HOME,0
CUST-008095,61,183328.31,17,25593.53,12,6.17,436,0.3605,6,0,RETIRED,HIGH_SCHOOL,SINGLE,BUSINESS,0
CUST-008096,53,45693.81,3,63485.80,48,9.13,765,0.4971,4,3,SALARIED,MASTERS,SINGLE,PERSONAL,1
CUST-008097,48,155345.55,22,20957.93,12,19.78,612,0.6895,6,0,SALARIED,HIGH_SCHOOL,MARRIED,EDUCATION,1
CUST-008098,64,184503.52,19,6908.78,12,11.29,790,0.0749,1,0,SELF_EMPLOYED,MASTERS,SINGLE,EDUCATION,0
CUST-008099,23,195107.63,5,61175.45,60,17.40,807,0.1117,6,0,SELF_EMPLOYED,BACHELORS,MARRIED,BUSINESS,0
CUST-008100,68,68243.51,1,12517.83,12,8.84,570,0.5224,5,3,SALARIED,HIGH_SCHOOL,MARRIED,PERSONAL,1
CUST-008101,31,76878.01,13,39839.27,12,17.31,576,0.2868,1,0,RETIRED,BACHELORS,DIVORCED,AUTO,0
CUST-008102,68,18639.99,29,40405.14,48,5.85,844,0.1880,6,0,SALARIED,HIGH_SCHOOL,DIVORCED,PERSONAL,0
CUST-008103,62,20689.87,18,42361.04,36,8.32,843,0.1432,5,0,SELF_EMPLOYED,PHD,DIVORCED,AUTO,1
CUST-008104,58,45084.06,21,14671.35,12,10.59,786,0.0523,4,0,UNEMPLOYED,BACHELORS,SINGLE,AUTO,0
CUST-008105,59,195144.29,17,65715.48,48,13.84,810,0.3609,3,2,UNEMPLOYED,HIGH_SCHOOL,DIVORCED,EDUCATION,0
CUST-008106,22,166410.50,4,61870.60,48,15.86,478,0.3737,3,0,SELF_EMPLOYED,BACHELORS,MARRIED,HOME,1
CUST-008107,59,112747.22,21,68040.90,36,20.02,700,0.5094,3,0,UNEMPLOYED,BACHELORS,SINGLE,HOME,0
CUST-008108,43,126603.18,25,38969.88,48,5.14,468,0.2470,6,1,SELF_EMPLOYED,BACHELORS,DIVORCED,PERSONAL,1
CUST-008109,54,190205.48,33,30099.81,48,19.88,699,0.4115,0,0,UNEMPLOYED,HIGH_SCHOOL,MARRIED,HOME,1
CUST-008110,60,86304.24,9,66508.50,48,20.27,650,0.6753,4,2,RETIRED,HIGH_SCHOOL,SINGLE,PERSONAL,1
CUST-008111,50,120037.05,32,33219.34,36,5.68,799,0.2041,5,0,RETIRED,PHD,DIVORCED,AUTO,1
CUST-008112,28,78166.43,10,87306.53,60,14.85,522,0.4945,1,0,SALARIED,BACHELORS,MARRIED,BUSINESS,1
CUST-008113,24,81552.17,6,84416.47,24,15.40,442,0.1108,6,0,SALARIED,HIGH_SCHOOL,MARRIED,BUSINESS,1
CUST-008114,47,134381.05,29,72736.54,48,17.89,728,0.6208,3,0,UNEMPLOYED,BACHELORS,SINGLE,AUTO,0
CUST-008115,25,176695.80,7,31275.83,60,21.98,471,0.4473,1,0,UNEMPLOYED,MASTERS,MARRIED,EDUCATION,1
CUST-008116,63,183034.47,3,27436.81,24,19.58,610,0.5033,2,0,UNEMPLOYED,MASTERS,MARRIED,AUTO,1
CUST-008117,45,68788.68,21,18746.17,48,15.98,647,0.6008,1,0,RETIRED,HIGH_SCHOOL,DIVORCED,EDUCATION,1
CUST-008118,21,143908.74,3,72534.33,48,22.89,410,0.6744,1,1,RETIRED,MASTERS,DIVORCED,HOME,1
CUST-008119,51,171391.42,17,19007.80,36,14.91,548,0.5814,0,0,UNEMPLOYED,HIGH_SCHOOL,SINGLE,PERSONAL,0
CUST-008120,58,35598.41,13,79581.08,12,16.96,508,0.1980,1,1,SALARIED,MASTERS,SINGLE,EDUCATION,0
CUST-008121,52,36778.90,27,76408.52,24,17.19,692,0.4556,6,0,SALARIED,HIGH_SCHOOL,MARRIED,EDUCATION,1
CUST-008122,27,116242.54,9,63766.20,48,13.78,346,0.2621,3,0,SELF_EMPLOYED,PHD,SINGLE,EDUCATION,0
CUST-008123,42,139305.18,24,37284.15,48,13.65,709,0.0890,6,0,SELF_EMPLOYED,HIGH_SCHOOL,DIVORCED,AUTO,0
CUST-008124,52,46943.39,26,49238.80,24,18.35,634,0.4962,6,1,SELF_EMPLOYED,BACHELORS,MARRIED,EDUCATION,1
CUST-008125,40,97769.37,22,74587.54,48,19.84,427,0.5189,5,0,RETIRED,BACHELORS,MARRIED,HOME,1
CUST-008126,21,149519.61,3,89819.96,36,6.76,758,0.4107,3,0,RETIRED,PHD,MARRIED,EDUCATION,0
CUST-008127,32,32469.55,8,15543.12,60,17.70,806,0.5440,2,0,RETIRED,BACHELORS,MARRIED,BUSINESS,0
CUST-008128,22,86783.87,4,3544.46,60,20.36,697,0.5002,5,0,SELF_EMPLOYED,PHD,MARRIED,EDUCATION,0
CUST-008129,43,196457.50,15,75562.71,12,12.73,545,0.2434,3,0,SALARIED,MASTERS,MARRIED,PERSONAL,1
CUST-008130,27,24011.88,9,12156.59,36,13.96,302,0.4144,3,0,RETIRED,MASTERS,DIVORCED,AUTO,1
CUST-008131,59,83063.58,20,9509.37,24,12.02,613,0.1992,4,0,SELF_EMPLOYED,HIGH_SCHOOL,DIVORCED,BUSINESS,0
CUST-008132,29,18986.83,11,46429.67,48,11.58,413,0.3290,3,0,SALARIED,MASTERS,MARRIED,EDUCATION,1
CUST-008133,27,56963.63,9,57539.71,48,11.35,373,0.3039,3,0,SALARIED,HIGH_SCHOOL,DIVORCED,EDUCATION,0
CUST-008134,58,148687.05,9,80298.15,60,8.87,?,0.5130,1,0,UNEMPLOYED,PHD,SINGLE,AUTO,1
CUST-008135,62,35141.46,16,57049.74,24,14.61,749,0.6256,3,0,RETIRED,HIGH_SCHOOL,SINGLE,AUTO,0
CUST-008136,55,144030.31,25,80344.18,48,13.57,795,0.2582,0,0,SELF_EMPLOYED,HIGH_SCHOOL,SINGLE,EDUCATION,0
CUST-008137,23,24982.09,3,56566.64,24,6.64,827,0.5332,5,0,RETIRED,HIGH_SCHOOL,MARRIED,AUTO,0
CUST-008138,29,93016.04,11,25696.57,60,19.86,528,0.4134,3,3,UNEMPLOYED,BACHELORS,SINGLE,AUTO,1
CUST-008139,48,197776.06,3,68279.36,24,15.86,405,0.1191,3,0,SALARIED,PHD,DIVORCED,EDUCATION,0
CUST-008140,62,102035.19,11,43368.71,12,11.79,456,0.1150,5,0,SALARIED,BACHELORS,MARRIED,BUSINESS,0
CUST-008141,36,187494.38,18,13763.95,24,5.27,808,0.1261,6,0,SALARIED,BACHELORS,MARRIED,HOME,0
CUST-008142,69,147003.19,28,43077.88,24,6.20,309,0.3624,1,0,SELF_EMPLOYED,HIGH_SCHOOL,MARRIED,PERSONAL,0
CUST-008143,64,50651.87,16,82471.08,48,14.93,496,0.5529,6,0,SALARIED,BACHELORS,MARRIED,AUTO,1
CUST-008144,32,?,14,50085.57,60,15.13,420,0.5118,4,0,SALARIED,HIGH_SCHOOL,DIVORCED,BUSINESS,0
CUST-008145,61,99277.59,16,63058.50,48,24.19,713,0.5016,5,1,SALARIED,HIGH_SCHOOL,MARRIED,PERSONAL,1
CUST-008146,22,130707.73,4,12020.79,60,12.82,389,0.5466,1,0,RETIRED,MASTERS,MARRIED,PERSONAL,0
CUST-008147,34,182894.02,16,41332.24,48,18.94,379,0.3326,2,1,UNEMPLOYED,MASTERS,MARRIED,BUSINESS,1
CUST-008148,66,187359.30,19,50445.34,48,18.95,695,0.3081,3,0,UNEMPLOYED,MASTERS,SINGLE,AUTO,0
CUST-008149,63,94164.96,23,59452.87,60,20.52,509,0.6340,0,0,SALARIED,BACHELORS,DIVORCED,PERSONAL,1
CUST-008150,54,23849.18,30,68353.01,12,12.00,841,0.5489,4,0,SALARIED,PHD,MARRIED,EDUCATION,1
CUST-008151,25,125963.01,7,16059.18,60,11.09,325,0.3971,3,3,UNEMPLOYED,MASTERS,SINGLE,EDUCATION,1
CUST-008152,51,187597.20,26,89498.71,36,17.31,442,0.4127,0,0,SELF_EMPLOYED,BACHELORS,SINGLE,EDUCATION,1
CUST-008153,44,62159.94,16,32571.22,36,20.93,316,0.2471,3,0,RETIRED,BACHELORS,SINGLE,PERSONAL,1
CUST-008154,43,40964.57,12,42558.62,24,19.91,665,0.5421,1,0,SALARIED,PHD,DIVORCED,HOME,1
CUST-008155,48,189530.51,23,56552.88,48,18.58,750,0.6199,5,0,SALARIED,BACHELORS,MARRIED,AUTO,0
CUST-008156,42,198390.23,2,28451.98,36,23.58,741,0.0996,1,0,SELF_EMPLOYED,HIGH_SCHOOL,DIVORCED,EDUCATION,1
CUST-008157,32,122124.84,14,65365.10,36,15.92,623,0.5326,2,0,RETIRED,BACHELORS,DIVORCED,HOME,0
CUST-008158,62,95693.57,26,46601.52,24,10.56,327,0.5076,3,0,RETIRED,PHD,DIVORCED,BUSINESS,0
CUST-008159,47,162580.88,28,32643.32,24,6.26,611,0.6455,6,0,SELF_EMPLOYED,HIGH_SCHOOL,DIVORCED,HOME,0
CUST-008160,56,50504.98,24,51437.28,48,20.13,718,0.3899,4,0,UNEMPLOYED,MASTERS,SINGLE,PERSONAL,0
CUST-008161,54,147781.80,7,80148.96,12,24.23,829,0.3282,2,0,UNEMPLOYED,HIGH_SCHOOL,SINGLE,EDUCATION,0
CUST-008162,43,199502.72,11,10977.91,36,10.17,341,0.5324,1,0,SALARIED,MASTERS,DIVORCED,HOME,0
CUST-008163,67,166138.26,4,57560.97,48,12.77,655,0.3301,6,0,SELF_EMPLOYED,HIGH_SCHOOL,MARRIED,HOME,0
CUST-008164,36,39143.14,10,67814.63,12,12.00,839,0.2322,1,0,UNEMPLOYED,MASTERS,DIVORCED,HOME,1
CUST-008165,40,89488.80,0,50380.90,60,24.49,657,0.2104,4,0,RETIRED,HIGH_SCHOOL,SINGLE,AUTO,0
CUST-008166,34,68347.28,12,64127.89,24,10.35,511,0.3477,3,0,RETIRED,PHD,MARRIED,EDUCATION,1
CUST-008167,31,?,13,49885.91,36,18.02,375,0.4970,3,3,RETIRED,MASTERS,DIVORCED,AUTO,1
CUST-008168,47,178360.46,15,28316.20,36,15.97,319,0.5106,5,0,SELF_EMPLOYED,MASTERS,DIVORCED,EDUCATION,0
CUST-008169,28,63085.06,1,65694.13,36,14.09,505,0.2290,0,0,SELF_EMPLOYED,BACHELORS,MARRIED,EDUCATION,1
CUST-008170,29,51593.33,11,16881.79,60,15.13,533,0.5664,1,0,SALARIED,MASTERS,MARRIED,AUTO,1
CUST-008171,57,77894.81,18,61283.70,60,6.31,732,0.3113,0,0,SALARIED,MASTERS,SINGLE,PERSONAL,0
CUST-008172,40,41405.83,22,78870.60,60,21.45,386,0.3128,6,0,UNEMPLOYED,PHD,DIVORCED,AUTO,1
CUST-008173,50,185805.96,0,80228.39,12,9.11,460,0.4267,0,1,RETIRED,HIGH_SCHOOL,MARRIED,BUSINESS,0
CUST-008174,28,99716.47,10,80939.47,12,17.59,480,0.2611,3,0,UNEMPLOYED,BACHELORS,SINGLE,BUSINESS,1
CUST-008175,32,44351.23,12,8699.47,48,21.07,532,0.2552,2,0,SELF_EMPLOYED,MASTERS,DIVORCED,EDUCATION,0
CUST-008176,52,72391.25,15,78256.72,48,9.87,311,0.5259,4,0,SELF_EMPLOYED,PHD,SINGLE,HOME,1
CUST-008177,44,186988.77,26,6003.00,12,20.93,826,0.5252,2,2,SELF_EMPLOYED,HIGH_SCHOOL,DIVORCED,EDUCATION,1
CUST-008178,45,72446.69,8,57837.07,12,21.13,825,0.3720,3,0,RETIRED,BACHELORS,MARRIED,EDUCATION,0
CUST-008179,28,122542.10,10,51405.37,48,11.20,651,0.2751,3,1,UNEMPLOYED,BACHELORS,SINGLE,PERSONAL,1
CUST-008180,22,43366.50,4,14364.57,12,17.11,557,0.2814,1,0,SELF_EMPLOYED,PHD,SINGLE,EDUCATION,1
CUST-008181,33,115938.99,11,68417.70,48,10.61,306,0.2845,2,0,SELF_EMPLOYED,HIGH_SCHOOL,MARRIED,AUTO,0
CUST-008182,62,50712.43,29,58575.17,36,23.93,823,0.3208,0,0,RETIRED,PHD,SINGLE,BUSINESS,0
CUST-008183,40,150482.78,22,30078.13,60,24.25,307,0.2328,3,2,SELF_EMPLOYED,BACHELORS,DIVORCED,PERSONAL,1
CUST-008184,68,165210.42,20,45431.90,12,13.17,426,0.4369,3,0,UNEMPLOYED,HIGH_SCHOOL,SINGLE,BUSINESS,0
CUST-008185,53,173331.13,2,29555.81,36,15.73,807,0.3252,4,3,RETIRED,PHD,SINGLE,BUSINESS,1
CUST-008186,66,45292.76,13,10572.18,60,11.30,434,0.5998,6,3,SELF_EMPLOYED,HIGH_SCHOOL,MARRIED,BUSINESS,1
CUST-008187,56,62468.44,33,3421.59,48,20.30,576,0.6641,0,3,SALARIED,BACHELORS,DIVORCED,BUSINESS,1
CUST-008188,69,111559.87,11,53347.24,48,14.64,552,0.2935,4,0,SALARIED,HIGH_SCHOOL,SINGLE,AUTO,1
CUST-008189,53,139491.50,11,49169.37,36,14.10,635,0.5493,2,0,UNEMPLOYED,PHD,DIVORCED,PERSONAL,0
CUST-008190,23,146862.25,5,82404.79,36,22.30,810,0.4001,4,0,SALARIED,MASTERS,DIVORCED,HOME,0
CUST-008191,44,180135.26,26,49541.00,36,6.71,674,0.0802,3,0,UNEMPLOYED,PHD,MARRIED,PERSONAL,0
CUST-008192,56,158899.21,31,57819.23,60,21.66,595,0.2304,6,0,SELF_EMPLOYED,BACHELORS,DIVORCED,HOME,1
CUST-008193,49,64919.90,28,79404.38,60,17.47,402,0.3338,0,0,RETIRED,BACHELORS,DIVORCED,AUTO,0
CUST-008194,66,146390.36,14,77088.71,12,6.62,602,0.3235,2,0,RETIRED,BACHELORS,SINGLE,EDUCATION,0
CUST-008195,27,152916.77,2,37497.44,12,9.07,487,0.3360,2,0,SALARIED,HIGH_SCHOOL,DIVORCED,BUSINESS,1
CUST-008196,48,175036.66,13,66650.72,60,5.95,461,0.3144,3,0,RETIRED,MASTERS,SINGLE,PERSONAL,0
CUST-008197,45,60282.39,12,31958.84,36,8.15,800,0.3118,0,0,RETIRED,BACHELORS,SINGLE,EDUCATION,0
CUST-008198,37,26421.84,19,33825.92,60,5.10,668,0.2458,6,0,SELF_EMPLOYED,HIGH_SCHOOL,SINGLE,PERSONAL,0
CUST-008199,66,128002.09,6,60413.32,36,22.08,714,0.6460,0,0,RETIRED,HIGH_SCHOOL,MARRIED,AUTO,0
CUST-008200,61,156627.92,17,42633.44,60,10.95,696,0.1682,0,3,RETIRED,BACHELORS,SINGLE,AUTO,0
CUST-008201,35,21783.40,17,25064.52,12,17.41,317,0.0672,4,0,SELF_EMPLOYED,MASTERS,SINGLE,HOME,0
CUST-008202,65,61166.96,10,44177.21,60,10.16,733,0.1590,5,0,RETIRED,MASTERS,DIVORCED,PERSONAL,0
CUST-008203,63,120145.43,6,81779.02,12,5.79,371,0.5581,1,0,SALARIED,MASTERS,MARRIED,AUTO,1
CUST-008204,39,71797.70,0,36024.75,48,16.32,?,0.6976,0,0,UNEMPLOYED,HIGH_SCHOOL,SINGLE,EDUCATION,0
CUST-008205,50,100029.29,32,64708.80,12,13.09,548,0.1439,2,0,UNEMPLOYED,BACHELORS,SINGLE,EDUCATION,1
CUST-008206,42,183960.83,11,89467.40,12,21.33,513,0.3403,5,0,UNEMPLOYED,HIGH_SCHOOL,SINGLE,BUSINESS,0
CUST-008207,33,173919.12,15,9837.52,36,5.09,847,0.4733,2,0,SELF_EMPLOYED,PHD,SINGLE,PERSONAL,0
CUST-008208,65,61602.28,10,5676.25,12,11.80,307,0.3500,5,0,RETIRED,MASTERS,DIVORCED,BUSINESS,1
CUST-008209,66,101084.16,0,6479.83,48,15.59,786,0.1853,4,0,SELF_EMPLOYED,BACHELORS,DIVORCED,PERSONAL,0
CUST-008210,60,78357.86,13,65802.91,24,7.11,587,0.1052,4,0,RETIRED,PHD,DIVORCED,HOME,0
CUST-008211,36,119413.76,5,9072.65,24,9.95,619,0.2627,6,0,RETIRED,PHD,MARRIED,EDUCATION,0
CUST-008212,43,187206.37,25,51751.17,12,8.24,410,0.2024,1,0,SELF_EMPLOYED,MASTERS,MARRIED,EDUCATION,1
CUST-008213,36,98671.94,14,72805.53,48,18.17,381,0.5276,2,0,RETIRED,MASTERS,MARRIED,AUTO,0
CUST-008214,28,87810.38,10,80265.29,60,14.74,685,0.4752,0,0,RETIRED,HIGH_SCHOOL,SINGLE,PERSONAL,0
CUST-008215,60,55293.11,31,34577.46,36,15.18,604,0.2758,4,0,RETIRED,BACHELORS,MARRIED,PERSONAL,0
CUST-008216,25,139775.96,7,34896.20,12,21.29,315,0.5946,6,0,RETIRED,PHD,SINGLE,PERSONAL,1
CUST-008217,48,194935.59,19,36201.83,60,18.07,753,0.4795,6,0,UNEMPLOYED,HIGH_SCHOOL,SINGLE,EDUCATION,0
CUST-008218,70,137274.72,31,25011.89,12,17.81,442,0.6262,5,0,SELF_EMPLOYED,HIGH_SCHOOL,SINGLE,EDUCATION,1
CUST-008219,44,125309.46,26,7574.59,24,22.83,642,0.4085,4,0,UNEMPLOYED,HIGH_SCHOOL,MARRIED,EDUCATION,0
CUST-008220,47,196805.91,4,46323.71,60,10.79,494,0.6231,6,3,SELF_EMPLOYED,BACHELORS,MARRIED,HOME,1
CUST-008221,22,162203.73,4,56787.46,60,9.94,726,0.3340,6,0,SALARIED,HIGH_SCHOOL,DIVORCED,PERSONAL,0
CUST-008222,70,65335.26,5,84328.35,48,23.33,575,0.6746,2,0,SALARIED,BACHELORS,SINGLE,AUTO,0
CUST-008223,37,141939.48,19,17782.77,12,14.79,731,0.5327,2,0,RETIRED,HIGH_SCHOOL,SINGLE,AUTO,1
CUST-008224,37,111331.12,1,35867.32,48,14.14,693,0.2088,2,0,RETIRED,HIGH_SCHOOL,MARRIED,EDUCATION,1
CUST-008225,50,112245.34,17,19400.15,60,11.48,381,0.4603,0,0,UNEMPLOYED,MASTERS,SINGLE,HOME,0
CUST-008226,25,108051.20,7,75421.78,36,20.18,470,0.5788,0,2,SELF_EMPLOYED,MASTERS,DIVORCED,EDUCATION,1
CUST-008227,21,56130.55,3,68986.06,36,5.73,578,0.5494,4,0,RETIRED,PHD,MARRIED,PERSONAL,1
CUST-008228,46,19893.56,19,24830.05,48,13.47,404,0.1546,3,0,UNEMPLOYED,BACHELORS,DIVORCED,PERSONAL,1
CUST-008229,68,83991.96,11,24715.17,12,23.91,344,0.1412,6,0,RETIRED,MASTERS,MARRIED,PERSONAL,0
CUST-008230,69,30524.68,19,40007.29,36,13.73,474,0.4857,2,0,RETIRED,BACHELORS,SINGLE,BUSINESS,1
CUST-008231,40,159520.43,12,56821.34,48,16.73,434,0.4616,0,0,SALARIED,PHD,DIVORCED,PERSONAL,0
CUST-008232,30,179047.76,12,46404.75,48,12.99,674,0.5011,6,0,SALARIED,PHD,DIVORCED,PERSONAL,0
CUST-008233,54,100313.18,15,73611.70,60,13.16,301,0.1270,6,0,UNEMPLOYED,MASTERS,DIVORCED,AUTO,0
CUST-008234,24,138769.86,6,15026.94,48,24.80,520,0.6827,6,0,SALARIED,BACHELORS,DIVORCED,EDUCATION,1
CUST-008235,27,19032.69,9,49845.20,36,7.09,570,0.4735,2,3,UNEMPLOYED,PHD,MARRIED,HOME,1
CUST-008236,60,23821.54,?,74791.07,36,6.05,586,0.1458,1,3,UNEMPLOYED,BACHELORS,SINGLE,EDUCATION,1
CUST-008237,49,126472.86,12,69016.44,48,11.57,547,0.5413,3,1,RETIRED,HIGH_SCHOOL,MARRIED,PERSONAL,1
CUST-008238,45,66199.40,27,89863.21,48,5.44,649,0.3977,5,0,RETIRED,PHD,DIVORCED,HOME,1
CUST-008239,60,26960.31,34,63600.12,60,6.82,421,0.1803,0,0,RETIRED,MASTERS,SINGLE,AUTO,0
CUST-008240,38,82425.73,20,72586.10,24,7.77,450,0.3561,5,0,RETIRED,BACHELORS,MARRIED,PERSONAL,0
CUST-008241,41,195131.62,8,6698.07,48,24.67,468,0.3361,6,0,SALARIED,HIGH_SCHOOL,SINGLE,HOME,0
CUST-008242,57,26428.67,29,7833.51,60,24.81,593,0.5301,1,0,SALARIED,HIGH_SCHOOL,SINGLE,BUSINESS,0
CUST-008243,26,163735.96,8,45317.54,60,14.48,627,0.2777,2,0,UNEMPLOYED,BACHELORS,SINGLE,AUTO,0
CUST-008244,23,149319.20,5,46915.55,24,18.71,455,0.2020,6,3,SELF_EMPLOYED,MASTERS,SINGLE,PERSONAL,1
CUST-008245,70,54950.58,3,10969.49,48,6.13,542,0.5390,2,0,SALARIED,MASTERS,SINGLE,HOME,0
CUST-008246,52,151362.00,6,19114.41,36,6.82,635,0.3208,2,0,UNEMPLOYED,MASTERS,MARRIED,HOME,0
CUST-008247,64,101546.43,30,41074.56,36,16.27,387,0.5951,2,0,RETIRED,HIGH_SCHOOL,DIVORCED,PERSONAL,0
CUST-008248,29,146981.85,11,33387.12,60,11.44,647,0.5376,2,0,SALARIED,HIGH_SCHOOL,MARRIED,EDUCATION,0
CUST-008249,22,45738.43,4,24349.07,48,15.22,841,0.1002,2,0,UNEMPLOYED,PHD,MARRIED,BUSINESS,1
CUST-008250,70,?,27,41471.72,24,20.26,598,0.5345,4,0,RETIRED,PHD,DIVORCED,PERSONAL,0
CUST-008251,45,190509.61,16,27706.38,60,14.64,392,0.1263,3,0,SALARIED,BACHELORS,SINGLE,AUTO,0
CUST-008252,52,108087.37,14,32847.21,60,7.66,675,0.0992,2,0,RETIRED,BACHELORS,DIVORCED,PERSONAL,0
CUST-008253,65,166625.96,6,15440.63,48,17.76,498,0.6268,6,0,SALARIED,BACHELORS,MARRIED,EDUCATION,0
CUST-008254,55,64173.56,18,49860.50,24,10.52,437,0.6715,6,0,SALARIED,PHD,SINGLE,AUTO,0
CUST-008255,26,43137.38,8,48302.17,60,14.80,461,0.3169,6,0,SALARIED,BACHELORS,SINGLE,PERSONAL,1
CUST-008256,41,46355.55,9,77495.48,60,8.11,489,0.0930,4,3,SELF_EMPLOYED,PHD,MARRIED,HOME,1
CUST-008257,53,151492.00,2,38800.38,48,15.10,726,0.5686,3,1,SELF_EMPLOYED,MASTERS,DIVORCED,EDUCATION,1
CUST-008258,52,128643.44,17,41347.88,24,13.22,497,0.6676,0,0,SELF_EMPLOYED,MASTERS,SINGLE,AUTO,0
CUST-008259,56,168861.96,7,74712.52,12,23.32,799,0.4063,5,0,RETIRED,BACHELORS,MARRIED,EDUCATION,0
CUST-008260,41,152262.54,9,78331.65,60,17.94,371,0.6722,4,0,SELF_EMPLOYED,HIGH_SCHOOL,MARRIED,HOME,1
CUST-008261,35,125130.83,10,53540.53,48,12.48,655,0.6160,1,0,SELF_EMPLOYED,MASTERS,SINGLE,EDUCATION,0
CUST-008262,38,194788.87,11,53931.43,60,24.11,794,0.6904,0,0,SELF_EMPLOYED,BACHELORS,MARRIED,HOME,0
CUST-008263,39,97963.45,21,23852.01,60,6.18,771,0.3745,6,0,UNEMPLOYED,BACHELORS,MARRIED,BUSINESS,0
CUST-008264,25,114696.01,7,14121.40,12,19.65,761,0.3680,2,0,RETIRED,HIGH_SCHOOL,MARRIED,BUSINESS,0
CUST-008265,52,155152.33,20,14157.45,36,21.51,491,0.5603,1,0,SALARIED,BACHELORS,DIVORCED,EDUCATION,0
CUST-008266,40,141596.75,10,86966.67,12,13.87,717,0.6353,3,0,UNEMPLOYED,BACHELORS,SINGLE,EDUCATION,0
CUST-008267,31,180239.03,13,43941.91,60,18.67,720,0.6208,3,0,RETIRED,BACHELORS,SINGLE,AUTO,0
CUST-008268,35,118823.38,9,37588.05,12,16.86,575,0.6333,5,0,RETIRED,PHD,DIVORCED,BUSINESS,0
CUST-008269,46,49066.73,28,5272.76,12,15.46,403,0.4769,2,0,RETIRED,HIGH_SCHOOL,DIVORCED,EDUCATION,1
CUST-008270,52,174172.98,24,13955.90,48,10.75,503,0.2746,3,0,SELF_EMPLOYED,PHD,MARRIED,BUSINESS,0
CUST-008271,26,181353.37,8,20798.63,60,21.78,416,0.6597,3,0,UNEMPLOYED,MASTERS,MARRIED,PERSONAL,1
CUST-008272,22,142792.12,4,25642.02,12,17.65,310,0.1080,5,0,SELF_EMPLOYED,BACHELORS,MARRIED,AUTO,0
CUST-008273,50,55801.33,22,30460.72,24,13.32,554,0.5440,2,0,UNEMPLOYED,HIGH_SCHOOL,MARRIED,BUSINESS,1
CUST-008274,27,77674.04,9,39165.21,24,22.62,695,0.5507,1,0,RETIRED,PHD,MARRIED,AUTO,1
CUST-008275,65,180929.80,11,87078.78,48,13.92,445,0.6179,1,0,SELF_EMPLOYED,BACHELORS,MARRIED,EDUCATION,1
CUST-008276,37,83950.44,6,19673.48,36,6.97,479,0.6524,6,0,UNEMPLOYED,HIGH_SCHOOL,SINGLE,PERSONAL,1
CUST-008277,47,144097.46,6,27289.54,48,8.60,785,0.3721,5,0,SELF_EMPLOYED,HIGH_SCHOOL,SINGLE,PERSONAL,0
CUST-008278,35,99027.18,17,53314.81,36,21.07,452,0.2571,1,0,RETIRED,PHD,DIVORCED,PERSONAL,0
CUST-008279,35,98250.79,17,48609.69,36,9.67,496,0.2094,2,0,UNEMPLOYED,HIGH_SCHOOL,DIVORCED,BUSINESS,0
CUST-008280,47,158283.76,19,65563.57,24,8.54,638,0.4366,3,0,SELF_EMPLOYED,PHD,DIVORCED,PERSONAL,1
CUST-008281,36,33992.03,18,22449.23,24,7.17,661,0.5115,4,0,SELF_EMPLOYED,BACHELORS,SINGLE,EDUCATION,0
CUST-008282,68,37417.61,11,46491.13,36,17.96,797,0.4708,3,0,SALARIED,PHD,DIVORCED,PERSONAL,0
CUST-008283,30,153575.48,12,71156.54,12,13.18,494,0.3178,6,0,UNEMPLOYED,PHD,SINGLE,PERSONAL,0
CUST-008284,44,113872.52,22,34754.54,48,8.05,551,0.2331,6,0,RETIRED,HIGH_SCHOOL,MARRIED,HOME,0
CUST-008285,40,50547.21,0,46737.06,24,21.93,393,0.2682,5,0,UNEMPLOYED,MASTERS,SINGLE,HOME,1
CUST-008286,59,180298.71,32,13139.03,48,19.90,634,0.5813,2,0,UNEMPLOYED,HIGH_SCHOOL,DIVORCED,AUTO,1
CUST-008287,28,123305.99,10,49246.90,48,14.82,303,0.2649,3,0,SELF_EMPLOYED,PHD,DIVORCED,PERSONAL,0
CUST-008288,57,52505.60,3,31676.42,36,14.12,816,0.6002,2,0,UNEMPLOYED,MASTERS,MARRIED,AUTO,1
CUST-008289,54,185954.82,18,12676.67,60,6.57,540,0.5655,1,0,SALARIED,HIGH_SCHOOL,DIVORCED,EDUCATION,0
CUST-008290,25,157981.61,7,10983.62,36,21.81,498,0.0591,0,1,SALARIED,PHD,DIVORCED,HOME,0
CUST-008291,48,?,1,84390.62,36,22.24,842,0.3266,1,0,SALARIED,MASTERS,MARRIED,PERSONAL,0
CUST-008292,22,?,4,48413.83,12,21.91,778,0.0994,0,3,SELF_EMPLOYED,PHD,DIVORCED,HOME,1
CUST-008293,52,51132.07,21,68529.04,12,7.93,830,0.1440,3,0,SELF_EMPLOYED,MASTERS,SINGLE,AUTO,1
CUST-008294,61,153636.22,3,68391.40,36,18.38,372,0.6094,6,0,SALARIED,PHD,MARRIED,AUTO,1
CUST-008295,41,78661.55,1,79053.42,60,6.09,760,0.3548,0,0,UNEMPLOYED,HIGH_SCHOOL,MARRIED,EDUCATION,0
CUST-008296,44,156492.49,18,88244.35,24,5.72,712,0.3560,1,0,RETIRED,BACHELORS,DIVORCED,AUTO,0
CUST-008297,65,111841.12,5,79064.00,12,20.41,519,0.1046,2,0,RETIRED,HIGH_SCHOOL,MARRIED,HOME,1
CUST-008298,67,85556.99,15,23627.54,36,5.57,554,0.2075,1,0,SELF_EMPLOYED,BACHELORS,MARRIED,BUSINESS,0
CUST-008299,23,165464.73,5,55960.39,12,19.36,580,0.0879,0,0,UNEMPLOYED,PHD,SINGLE,EDUCATION,1
CUST-008300,23,25790.38,5,88727.70,60,14.10,772,0.3014,3,0,SELF_EMPLOYED,PHD,MARRIED,EDUCATION,1
CUST-008301,52,55866.23,26,59408.61,36,11.73,477,0.6433,3,0,SALARIED,MASTERS,MARRIED,PERSONAL,1
CUST-008302,60,135575.81,34,27569.50,60,6.43,703,0.1458,6,0,UNEMPLOYED,MASTERS,DIVORCED,PERSONAL,0
CUST-008303,59,110928.86,20,38001.70,36,19.27,696,0.5789,0,0,UNEMPLOYED,MASTERS,SINGLE,PERSONAL,1
CUST-008304,55,57759.44,30,59292.59,36,12.73,548,0.5942,5,0,UNEMPLOYED,BACHELORS,DIVORCED,AUTO,1
CUST-008305,62,187613.43,19,18396.38,60,8.64,735,0.6105,3,2,SELF_EMPLOYED,PHD,MARRIED,HOME,1
CUST-008306,62,59912.59,28,12590.85,60,23.57,330,0.2895,6,0,RETIRED,HIGH_SCHOOL,DIVORCED,AUTO,0
CUST-008307,62,118670.00,19,19137.86,12,19.17,739,0.0563,2,0,RETIRED,MASTERS,MARRIED,AUTO,0
CUST-008308,43,57514.67,11,28887.83,36,12.69,755,0.4995,1,0,SALARIED,BACHELORS,DIVORCED,BUSINESS,0
CUST-008309,33,128066.82,0,13066.22,24,20.19,833,0.1903,1,3,UNEMPLOYED,HIGH_SCHOOL,MARRIED,EDUCATION,0
CUST-008310,24,93302.66,6,31151.99,60,15.63,839,0.4181,0,0,UNEMPLOYED,BACHELORS,MARRIED,BUSINESS,0
CUST-008311,61,105924.66,22,50627.70,24,24.09,646,0.2444,4,0,UNEMPLOYED,MASTERS,SINGLE,EDUCATION,1
CUST-008312,34,41821.03,16,80746.37,12,21.89,424,0.3039,2,0,SELF_EMPLOYED,PHD,DIVORCED,AUTO,1
CUST-008313,36,149465.79,12,51007.16,60,23.47,775,0.3382,2,0,UNEMPLOYED,PHD,MARRIED,PERSONAL,0
CUST-008314,29,78583.02,11,63706.81,60,15.39,478,0.6182,0,0,SELF_EMPLOYED,HIGH_SCHOOL,DIVORCED,EDUCATION,1
CUST-008315,34,?,16,40597.86,48,15.64,695,0.6099,6,0,RETIRED,HIGH_SCHOOL,MARRIED,HOME,0
CUST-008316,28,146680.55,4,79253.94,48,23.34,741,0.0910,6,2,RETIRED,MASTERS,DIVORCED,HOME,0
CUST-008317,63,93115.85,16,53003.57,36,18.65,713,0.5981,2,0,UNEMPLOYED,PHD,SINGLE,AUTO,0
CUST-008318,66,30245.95,25,58914.16,24,7.43,396,0.1494,3,0,UNEMPLOYED,PHD,SINGLE,PERSONAL,1
CUST-008319,52,136935.76,21,27382.50,36,15.68,580,0.1004,2,0,SELF_EMPLOYED,PHD,SINGLE,EDUCATION,0
CUST-008320,62,147940.89,29,74581.37,12,15.28,599,0.5352,4,0,SELF_EMPLOYED,HIGH_SCHOOL,MARRIED,AUTO,1
CUST-008321,66,63087.71,4,39753.13,48,24.38,324,0.2076,4,0,RETIRED,PHD,SINGLE,AUTO,0
CUST-008322,25,185074.07,7,33355.93,36,8.49,536,0.1347,5,3,SALARIED,BACHELORS,DIVORCED,PERSONAL,1
CUST-008323,45,100939.67,27,25226.32,48,22.48,724,0.5461,5,0,SALARIED,HIGH_SCHOOL,SINGLE,BUSINESS,1
CUST-008324,45,156635.08,21,3477.72,24,17.47,638,0.3223,4,3,SALARIED,PHD,DIVORCED,BUSINESS,1
CUST-008325,40,132443.50,1,25335.54,36,23.34,423,0.6515,6,0,UNEMPLOYED,BACHELORS,SINGLE,BUSINESS,1
CUST-008326,62,145108.63,13,17193.26,60,23.28,697,0.5602,1,0,UNEMPLOYED,MASTERS,MARRIED,HOME,1
CUST-008327,30,67639.77,4,89985.88,12,16.45,783,0.5171,6,0,RETIRED,MASTERS,MARRIED,BUSINESS,0
CUST-008328,51,90378.98,26,70679.91,48,23.25,681,0.4457,3,0,RETIRED,BACHELORS,DIVORCED,HOME,0
CUST-008329,24,89660.27,6,50948.85,36,21.45,491,0.0900,6,0,SELF_EMPLOYED,BACHELORS,DIVORCED,BUSINESS,0
CUST-008330,65,40388.33,10,72152.14,24,15.04,463,0.5588,0,0,SALARIED,HIGH_SCHOOL,SINGLE,HOME,1
CUST-008331,61,53528.54,18,72765.38,24,9.09,703,0.0999,6,0,SELF_EMPLOYED,HIGH_SCHOOL,MARRIED,BUSINESS,0
CUST-008332,43,180667.64,13,55571.82,36,23.43,487,0.2917,6,0,SALARIED,HIGH_SCHOOL,DIVORCED,AUTO,0
CUST-008333,43,109677.50,1,50956.47,36,14.41,575,0.6042,0,0,RETIRED,BACHELORS,SINGLE,BUSINESS,0
CUST-008334,35,133517.95,17,77227.32,12,11.85,549,0.6777,0,0,RETIRED,MASTERS,MARRIED,AUTO,1
CUST-008335,43,80487.69,0,51929.35,60,19.22,827,0.3625,3,0,SELF_EMPLOYED,HIGH_SCHOOL,SINGLE,AUTO,0
CUST-008336,56,28923.34,5,89374.29,48,7.91,439,0.2604,0,3,SALARIED,HIGH_SCHOOL,SINGLE,BUSINESS,0
CUST-008337,38,98219.59,20,43832.20,12,8.88,831,0.4790,2,0,UNEMPLOYED,BACHELORS,SINGLE,EDUCATION,0
CUST-008338,22,146974.57,4,41536.19,12,6.00,510,0.1023,4,2,SALARIED,MASTERS,SINGLE,EDUCATION,1
CUST-008339,47,150470.95,6,22388.23,48,11.62,708,0.0775,5,0,UNEMPLOYED,HIGH_SCHOOL,SINGLE,EDUCATION,0
CUST-008340,22,36782.65,4,64449.24,24,5.93,779,0.5723,3,0,RETIRED,MASTERS,MARRIED,AUTO,0
CUST-008341,36,129630.65,17,15485.86,48,20.00,630,0.5812,2,0,SALARIED,PHD,MARRIED,PERSONAL,0
CUST-008342,69,144863.37,16,17950.39,48,11.92,307,0.5355,0,0,SELF_EMPLOYED,HIGH_SCHOOL,DIVORCED,PERSONAL,1
CUST-008343,48,69531.58,1,62581.87,12,14.84,760,0.4937,6,0,SELF_EMPLOYED,PHD,DIVORCED,PERSONAL,0
CUST-008344,23,94657.58,5,79285.91,36,20.99,314,0.1699,3,0,UNEMPLOYED,MASTERS,MARRIED,EDUCATION,1
CUST-008345,26,91921.59,8,78874.17,48,21.42,520,0.1687,3,0,SALARIED,BACHELORS,DIVORCED,PERSONAL,0
CUST-008346,25,81023.07,4,82332.81,24,20.41,587,0.6062,4,0,RETIRED,BACHELORS,DIVORCED,HOME,1
CUST-008347,57,157340.36,32,77042.50,12,10.12,646,0.5616,6,0,SELF_EMPLOYED,MASTERS,MARRIED,HOME,1
CUST-008348,58,93697.41,7,69304.00,48,10.99,573,0.5520,6,0,SELF_EMPLOYED,MASTERS,DIVORCED,PERSONAL,0
CUST-008349,67,27260.80,3,80755.63,48,14.90,710,0.6375,2,0,RETIRED,BACHELORS,DIVORCED,EDUCATION,0
CUST-008350,47,154325.52,1,56411.95,60,6.51,565,0.4751,2,1,RETIRED,HIGH_SCHOOL,MARRIED,PERSONAL,1
CUST-008351,28,116745.25,10,58077.20,36,6.70,667,0.0519,5,0,RETIRED,MASTERS,MARRIED,AUTO,1
CUST-008352,39,61078.19,6,44592.59,48,5.16,664,0.1987,5,0,SELF_EMPLOYED,MASTERS,SINGLE,BUSINESS,0
CUST-008353,60,150482.72,12,4633.23,48,18.81,412,0.1285,6,0,SELF_EMPLOYED,BACHELORS,MARRIED,EDUCATION,0
CUST-008354,35,35937.03,6,59258.70,24,6.62,510,0.0921,3,3,UNEMPLOYED,BACHELORS,DIVORCED,BUSINESS,0
CUST-008355,42,181579.94,0,74182.40,12,20.52,757,0.5479,6,0,RETIRED,HIGH_SCHOOL,MARRIED,AUTO,1
CUST-008356,54,80374.36,16,86039.85,60,10.04,769,0.2714,0,0,UNEMPLOYED,PHD,MARRIED,BUSINESS,1
CUST-008357,65,63998.53,0,84706.87,24,11.30,339,0.4995,0,0,SELF_EMPLOYED,MASTERS,DIVORCED,AUTO,1
CUST-008358,24,26116.15,6,64884.47,48,19.30,?,0.2421,6,0,SELF_EMPLOYED,HIGH_SCHOOL,MARRIED,AUTO,1
CUST-008359,41,159413.85,1,30302.19,60,5.30,382,0.0912,6,0,SELF_EMPLOYED,BACHELORS,DIVORCED,PERSONAL,0
CUST-008360,25,117043.70,7,77863.45,36,8.29,531,0.5229,4,0,UNEMPLOYED,HIGH_SCHOOL,DIVORCED,HOME,1
CUST-008361,31,174983.99,1,58601.77,24,23.10,791,0.1999,6,0,RETIRED,BACHELORS,SINGLE,PERSONAL,0
CUST-008362,47,82160.53,6,87031.75,24,24.79,336,0.3187,1,0,RETIRED,PHD,SINGLE,EDUCATION,0
CUST-008363,23,28111.96,5,80329.06,24,17.98,424,0.2359,1,0,SALARIED,PHD,MARRIED,BUSINESS,0
CUST-008364,59,145309.64,3,58906.55,24,21.21,823,0.3571,2,2,SELF_EMPLOYED,PHD,MARRIED,HOME,1
CUST-008365,62,107344.77,14,31470.19,60,9.04,839,0.4254,2,0,SELF_EMPLOYED,PHD,DIVORCED,AUTO,0
CUST-008366,22,30649.29,4,62737.03,48,21.78,692,0.6072,5,0,SELF_EMPLOYED,HIGH_SCHOOL,MARRIED,PERSONAL,0
CUST-008367,31,136871.81,0,59264.14,12,21.98,342,0.2705,3,0,RETIRED,MASTERS,SINGLE,EDUCATION,0
CUST-008368,25,41373.36,7,63788.01,36,13.85,370,0.2157,1,0,SELF_EMPLOYED,MASTERS,SINGLE,AUTO,1
CUST-008369,64,165045.29,31,82509.81,36,22.42,460,0.2826,3,0,UNEMPLOYED,MASTERS,MARRIED,HOME,1
CUST-008370,27,192484.77,9,89595.15,36,5.81,424,0.6168,3,0,SALARIED,MASTERS,SINGLE,EDUCATION,1
CUST-008371,42,21500.75,3,86344.47,36,5.70,688,0.2564,2,0,RETIRED,MASTERS,DIVORCED,EDUCATION,0
CUST-008372,58,167871.55,16,25296.10,36,14.50,791,0.0980,3,0,SELF_EMPLOYED,BACHELORS,DIVORCED,BUSINESS,0
CUST-008373,56,?,20,77669.27,60,15.71,816,0.1228,0,0,SELF_EMPLOYED,BACHELORS,SINGLE,HOME,1
CUST-008374,28,93967.61,9,81098.23,60,6.46,521,0.1334,1,0,SELF_EMPLOYED,HIGH_SCHOOL,DIVORCED,HOME,0
CUST-008375,25,154411.02,6,25361.50,24,16.91,690,0.4290,6,0,UNEMPLOYED,MASTERS,MARRIED,HOME,0
CUST-008376,26,110013.10,4,27627.43,12,8.14,666,0.6382,2,1,UNEMPLOYED,BACHELORS,SINGLE,EDUCATION,1
CUST-008377,37,93625.28,11,25540.36,12,13.87,602,0.5671,6,2,UNEMPLOYED,PHD,SINGLE,AUTO,1
CUST-008378,51,191931.23,14,24526.52,12,14.50,777,0.4064,2,0,SELF_EMPLOYED,PHD,MARRIED,HOME,0
CUST-008379,58,144265.71,5,88082.82,36,12.57,309,0.0930,0,0,UNEMPLOYED,MASTERS,DIVORCED,BUSINESS,1
CUST-008380,54,29874.39,0,40731.65,36,14.28,555,0.5080,4,0,SALARIED,MASTERS,DIVORCED,PERSONAL,1
CUST-008381,49,92783.59,15,19026.09,48,22.91,750,0.1131,1,0,SALARIED,BACHELORS,SINGLE,HOME,0
CUST-008382,37,192924.59,19,49329.17,24,20.80,366,0.4014,1,0,SELF_EMPLOYED,PHD,MARRIED,BUSINESS,1
CUST-008383,43,174193.02,23,45706.83,12,6.35,762,0.2994,5,1,UNEMPLOYED,HIGH_SCHOOL,MARRIED,HOME,0
CUST-008384,42,190376.22,24,43651.41,36,10.54,379,0.3761,6,0,RETIRED,MASTERS,SINGLE,AUTO,0
CUST-008385,63,135368.28,12,16209.47,36,22.53,731,0.5739,0,0,UNEMPLOYED,BACHELORS,MARRIED,AUTO,0
CUST-008386,64,71906.28,22,7300.34,48,12.26,473,0.6395,4,0,RETIRED,BACHELORS,MARRIED,BUSINESS,1
CUST-008387,39,124664.90,21,11103.87,60,8.94,441,0.2440,6,2,RETIRED,PHD,SINGLE,PERSONAL,1
CUST-008388,70,71595.95,25,81852.65,36,17.32,691,0.2007,0,0,SELF_EMPLOYED,PHD,DIVORCED,PERSONAL,1
CUST-008389,39,78729.77,21,25035.88,48,19.15,563,0.0631,0,0,SELF_EMPLOYED,PHD,DIVORCED,EDUCATION,1
CUST-008390,53,137193.52,3,73123.89,36,20.57,313,0.1527,6,0,SELF_EMPLOYED,HIGH_SCHOOL,DIVORCED,PERSONAL,0
CUST-008391,29,34986.13,2,36997.86,60,8.90,499,0.0557,4,0,RETIRED,BACHELORS,DIVORCED,PERSONAL,0
CUST-008392,27,126728.71,3,53282.27,36,16.39,767,0.1725,4,0,RETIRED,MASTERS,MARRIED,PERSONAL,0
CUST-008393,48,101650.69,24,39898.37,24,23.87,456,0.3498,4,0,RETIRED,MASTERS,SINGLE,HOME,1
CUST-008394,69,86546.39,2,41760.14,24,16.03,590,0.6178,1,3,SALARIED,BACHELORS,SINGLE,HOME,1
CUST-008395,24,46625.40,5,64683.30,12,21.89,455,0.1444,2,0,RETIRED,PHD,MARRIED,HOME,1
CUST-008396,55,135019.13,33,4514.33,48,24.44,774,0.1115,2,0,RETIRED,MASTERS,MARRIED,EDUCATION,0
CUST-008397,66,126686.45,1,53704.99,48,9.06,359,0.3405,5,0,RETIRED,PHD,SINGLE,HOME,0
CUST-008398,48,102840.46,9,84438.61,48,23.67,537,0.3848,5,0,UNEMPLOYED,PHD,SINGLE,PERSONAL,1
CUST-008399,28,41540.96,10,50074.54,48,11.49,454,0.3353,2,0,RETIRED,MASTERS,MARRIED,EDUCATION,1
CUST-008400,49,189847.18,30,51405.89,48,14.89,431,0.3109,1,3,UNEMPLOYED,PHD,SINGLE,PERSONAL,1
CUST-008401,59,67918.71,14,6291.45,60,11.01,729,0.6793,1,1,UNEMPLOYED,PHD,DIVORCED,EDUCATION,1
CUST-008402,59,104600.97,5,66812.09,48,18.53,463,0.3164,3,0,SALARIED,HIGH_SCHOOL,MARRIED,BUSINESS,1
CUST-008403,34,113404.46,16,29926.58,36,14.32,617,0.2166,0,0,UNEMPLOYED,HIGH_SCHOOL,MARRIED,BUSINESS,1
CUST-008404,68,75357.65,27,47383.69,48,15.52,323,0.6840,2,0,SALARIED,PHD,SINGLE,PERSONAL,1
CUST-008405,66,164451.10,33,14994.04,12,13.59,616,0.2810,4,0,UNEMPLOYED,BACHELORS,DIVORCED,BUSINESS,1
CUST-008406,57,74485.41,22,51920.93,24,11.12,693,0.3208,3,2,SELF_EMPLOYED,PHD,SINGLE,EDUCATION,1
CUST-008407,27,?,9,68955.45,12,10.99,598,0.3983,2,2,SALARIED,PHD,SINGLE,HOME,1
CUST-008408,68,186831.90,34,39898.97,12,23.44,507,0.1383,3,0,UNEMPLOYED,BACHELORS,DIVORCED,PERSONAL,0
CUST-008409,40,67016.61,22,86855.34,48,7.07,635,0.1222,3,0,RETIRED,BACHELORS,SINGLE,HOME,0
CUST-008410,51,48097.91,12,55944.58,24,6.12,725,0.6391,2,0,SALARIED,MASTERS,SINGLE,PERSONAL,0
CUST-008411,39,152176.72,9,59221.24,60,21.98,792,0.6399,0,0,SALARIED,PHD,MARRIED,BUSINESS,0
CUST-008412,41,180618.01,23,30149.70,12,22.47,520,0.1988,6,0,SELF_EMPLOYED,MASTERS,DIVORCED,PERSONAL,1
CUST-008413,57,78851.99,22,15570.57,24,17.53,636,0.0564,5,0,RETIRED,HIGH_SCHOOL,DIVORCED,HOME,0
CUST-008414,25,139226.87,7,55386.13,36,23.37,717,0.1125,4,0,SELF_EMPLOYED,BACHELORS,DIVORCED,BUSINESS,0
CUST-008415,67,97497.63,23,27394.50,12,12.61,710,0.5331,0,0,SALARIED,MASTERS,SINGLE,EDUCATION,1
CUST-008416,64,185655.64,?,19305.98,48,21.95,562,0.5207,5,0,SELF_EMPLOYED,BACHELORS,SINGLE,HOME,1
CUST-008417,46,121557.10,18,54965.77,12,20.94,728,0.3863,3,0,UNEMPLOYED,MASTERS,SINGLE,HOME,1
CUST-008418,45,114545.78,12,44992.30,60,15.46,730,0.3670,4,0,UNEMPLOYED,HIGH_SCHOOL,MARRIED,EDUCATION,1
CUST-008419,47,176694.78,25,38347.06,12,19.15,659,0.1382,3,0,RETIRED,BACHELORS,MARRIED,EDUCATION,0
CUST-008420,39,37783.53,21,51943.13,48,14.17,750,0.6351,5,0,UNEMPLOYED,MASTERS,DIVORCED,HOME,1
CUST-008421,36,188872.73,18,55346.79,36,21.43,824,0.1360,6,0,SALARIED,PHD,MARRIED,BUSINESS,0
CUST-008422,29,20081.18,8,10195.17,36,23.70,822,0.1547,6,0,UNEMPLOYED,BACHELORS,MARRIED,HOME,0
CUST-008423,63,142793.80,33,78772.09,12,10.62,793,0.6937,0,0,RETIRED,PHD,MARRIED,BUSINESS,0
CUST-008424,48,161745.15,30,41293.74,12,9.44,815,0.6969,0,0,RETIRED,HIGH_SCHOOL,DIVORCED,EDUCATION,0
CUST-008425,34,151207.95,11,17163.83,24,9.53,?,0.1219,4,0,SELF_EMPLOYED,BACHELORS,MARRIED,HOME,0
CUST-008426,37,94892.27,19,80911.87,36,13.59,624,0.5294,5,0,UNEMPLOYED,MASTERS,SINGLE,PERSONAL,1
CUST-008427,57,147392.80,14,22307.27,12,14.89,370,0.1831,4,0,SELF_EMPLOYED,MASTERS,SINGLE,EDUCATION,0
CUST-008428,61,36505.93,19,6907.61,36,18.92,438,0.1150,2,0,SELF_EMPLOYED,BACHELORS,SINGLE,AUTO,0
CUST-008429,56,96164.45,6,72272.79,48,5.31,318,0.1295,3,0,UNEMPLOYED,PHD,MARRIED,BUSINESS,1
CUST-008430,65,193346.94,5,84291.69,12,17.78,337,0.2638,6,0,RETIRED,HIGH_SCHOOL,MARRIED,EDUCATION,0
CUST-008431,47,152828.60,7,34706.65,48,15.38,725,0.1212,5,0,UNEMPLOYED,BACHELORS,DIVORCED,EDUCATION,1
CUST-008432,35,31294.08,17,13800.68,12,22.84,486,0.6753,1,0,RETIRED,PHD,SINGLE,BUSINESS,1
CUST-008433,54,118390.57,0,14570.93,48,13.90,638,0.6293,4,0,SALARIED,HIGH_SCHOOL,SINGLE,PERSONAL,0
CUST-008434,28,197255.28,8,51322.75,36,22.20,359,0.5226,4,1,SELF_EMPLOYED,MASTERS,SINGLE,EDUCATION,1
CUST-008435,54,110204.85,3,7555.04,60,10.94,522,0.4506,4,0,SALARIED,MASTERS,SINGLE,EDUCATION,0
CUST-008436,27,74892.35,9,26065.26,48,23.14,352,0.2290,2,0,SELF_EMPLOYED,BACHELORS,DIVORCED,AUTO,0
CUST-008437,41,123061.52,22,56186.26,60,7.22,456,0.4691,1,0,SELF_EMPLOYED,PHD,SINGLE,BUSINESS,1
CUST-008438,50,73816.47,16,13348.23,12,22.64,508,0.6808,4,0,UNEMPLOYED,BACHELORS,DIVORCED,HOME,0
CUST-008439,66,115438.01,2,60867.48,60,13.39,668,0.6332,0,0,UNEMPLOYED,BACHELORS,DIVORCED,EDUCATION,1
CUST-008440,27,70583.65,9,6065.61,12,10.02,514,0.0970,3,0,UNEMPLOYED,HIGH_SCHOOL,MARRIED,EDUCATION,1
CUST-008441,49,174371.14,31,13754.16,60,19.26,682,0.4364,0,0,SALARIED,PHD,SINGLE,AUTO,0
CUST-008442,52,153077.46,31,33907.95,36,11.77,496,0.1062,1,0,SALARIED,MASTERS,DIVORCED,AUTO,0
CUST-008443,66,128701.87,24,76315.21,24,15.90,484,0.6020,0,0,UNEMPLOYED,MASTERS,MARRIED,PERSONAL,1
CUST-008444,26,95357.75,1,62484.07,12,24.31,475,0.5904,3,0,SALARIED,HIGH_SCHOOL,DIVORCED,HOME,1
CUST-008445,48,76972.36,10,35203.99,48,20.01,547,0.0731,4,0,SELF_EMPLOYED,MASTERS,SINGLE,PERSONAL,1
CUST-008446,49,?,24,7399.22,12,8.64,330,0.6123,6,0,SELF_EMPLOYED,BACHELORS,DIVORCED,BUSINESS,1
CUST-008447,66,33141.74,30,84265.08,36,11.26,707,0.2323,5,0,UNEMPLOYED,HIGH_SCHOOL,DIVORCED,HOME,0
CUST-008448,54,102075.02,19,63341.83,24,21.64,442,0.2694,4,2,SALARIED,BACHELORS,DIVORCED,EDUCATION,1
CUST-008449,28,107508.45,10,81428.98,60,12.57,674,0.3169,0,2,RETIRED,PHD,MARRIED,BUSINESS,1
CUST-008450,35,86227.84,2,35466.04,12,15.03,585,0.2562,2,3,RETIRED,PHD,SINGLE,BUSINESS,1
CUST-008451,44,177997.00,5,78234.02,12,20.13,842,0.2521,4,0,SELF_EMPLOYED,PHD,MARRIED,HOME,0
CUST-008452,40,20454.98,20,54209.39,12,8.77,639,0.2931,1,2,RETIRED,MASTERS,DIVORCED,PERSONAL,1
CUST-008453,67,147586.11,19,86739.35,12,20.00,399,0.5621,5,0,SELF_EMPLOYED,PHD,DIVORCED,AUTO,1
CUST-008454,64,161054.59,30,11669.19,36,16.89,316,0.2065,5,0,SELF_EMPLOYED,PHD,DIVORCED,PERSONAL,1
CUST-008455,41,148170.28,0,76603.62,48,24.18,509,0.6610,3,0,RETIRED,BACHELORS,MARRIED,PERSONAL,0
CUST-008456,30,194632.75,12,51973.55,24,22.16,574,0.5940,2,2,SALARIED,BACHELORS,DIVORCED,BUSINESS,1
CUST-008457,38,93176.04,20,34239.27,48,5.15,370,0.2669,0,0,RETIRED,MASTERS,SINGLE,PERSONAL,0
CUST-008458,48,78068.63,14,11377.71,60,12.15,613,0.1340,0,0,UNEMPLOYED,PHD,MARRIED,AUTO,0
CUST-008459,39,95489.24,4,55749.86,24,20.58,843,0.3461,0,3,SELF_EMPLOYED,BACHELORS,MARRIED,PERSONAL,1
CUST-008460,32,80919.01,2,46398.18,36,21.53,674,0.0926,4,0,SELF_EMPLOYED,MASTERS,MARRIED,BUSINESS,0
CUST-008461,63,151000.44,1,50733.11,12,20.23,361,0.6363,6,3,RETIRED,MASTERS,MARRIED,PERSONAL,1
CUST-008462,45,86612.13,19,75109.40,36,15.39,590,0.5024,1,0,UNEMPLOYED,PHD,MARRIED,HOME,0
CUST-008463,56,186311.71,11,87562.02,12,22.87,554,0.3104,4,0,RETIRED,PHD,MARRIED,EDUCATION,0
CUST-008464,41,157683.78,0,22395.94,48,6.99,781,0.3608,1,0,UNEMPLOYED,MASTERS,MARRIED,BUSINESS,0
CUST-008465,68,179898.42,24,13896.62,12,20.55,566,0.0963,6,0,SALARIED,PHD,SINGLE,AUTO,0
CUST-008466,68,26472.58,14,31352.60,48,14.51,837,0.1066,6,3,SALARIED,PHD,DIVORCED,EDUCATION,0
CUST-008467,41,129110.70,23,33425.89,36,15.34,648,0.2833,4,0,SELF_EMPLOYED,BACHELORS,DIVORCED,PERSONAL,1
CUST-008468,69,70179.58,26,11787.59,24,13.18,814,0.1603,3,0,UNEMPLOYED,PHD,MARRIED,PERSONAL,0
CUST-008469,59,129381.67,11,44840.62,12,19.18,460,0.4667,0,0,RETIRED,PHD,SINGLE,HOME,0
CUST-008470,35,176648.80,14,52292.49,24,8.66,753,0.2891,5,3,RETIRED,MASTERS,MARRIED,AUTO,0
CUST-008471,46,187725.69,5,82004.50,48,22.30,328,0.3043,0,0,UNEMPLOYED,PHD,MARRIED,AUTO,0
CUST-008472,62,19247.87,1,7703.29,36,23.42,780,0.5219,0,0,RETIRED,PHD,MARRIED,AUTO,0
CUST-008473,65,199688.30,15,54334.02,24,14.60,760,0.6648,4,3,SELF_EMPLOYED,PHD,DIVORCED,EDUCATION,1
CUST-008474,42,56609.43,24,83785.50,24,20.36,?,0.2459,2,0,RETIRED,HIGH_SCHOOL,MARRIED,AUTO,1
CUST-008475,68,84392.65,19,77252.21,12,16.97,749,0.4556,1,0,SELF_EMPLOYED,PHD,DIVORCED,HOME,1
CUST-008476,49,174217.42,16,15628.17,24,17.48,425,0.3937,5,0,SELF_EMPLOYED,HIGH_SCHOOL,DIVORCED,EDUCATION,1
CUST-008477,26,101390.10,8,17218.51,48,19.61,367,0.4751,5,0,SELF_EMPLOYED,HIGH_SCHOOL,SINGLE,PERSONAL,1
CUST-008478,60,49019.81,22,54546.75,48,14.21,529,0.1442,2,0,SALARIED,HIGH_SCHOOL,DIVORCED,EDUCATION,1
CUST-008479,46,76452.58,14,62326.45,48,24.16,601,0.3878,1,0,SELF_EMPLOYED,BACHELORS,DIVORCED,HOME,1
CUST-008480,25,34259.34,7,29961.54,12,15.64,637,0.5569,2,0,UNEMPLOYED,HIGH_SCHOOL,DIVORCED,AUTO,0
CUST-008481,44,166060.10,26,11915.49,36,5.23,652,0.1741,2,0,SELF_EMPLOYED,BACHELORS,SINGLE,AUTO,1
CUST-008482,27,126109.20,9,24326.83,36,16.51,370,0.3448,5,0,SALARIED,HIGH_SCHOOL,SINGLE,HOME,0
CUST-008483,68,135086.55,21,49097.37,24,19.08,413,0.1753,0,0,SELF_EMPLOYED,BACHELORS,SINGLE,PERSONAL,0
CUST-008484,30,123663.28,12,14030.75,24,20.29,589,0.1069,0,0,RETIRED,HIGH_SCHOOL,DIVORCED,AUTO,0
CUST-008485,22,180478.12,4,27553.02,48,14.87,662,0.4344,4,0,SELF_EMPLOYED,HIGH_SCHOOL,DIVORCED,AUTO,0
CUST-008486,49,48297.82,21,18144.22,60,24.32,414,0.5055,0,2,UNEMPLOYED,HIGH_SCHOOL,SINGLE,HOME,1
CUST-008487,58,96561.27,19,46590.77,60,11.47,525,0.3482,6,0,RETIRED,BACHELORS,SINGLE,AUTO,0
CUST-008488,63,100760.06,10,29801.05,12,11.04,368,0.6686,3,0,SELF_EMPLOYED,PHD,SINGLE,EDUCATION,1
CUST-008489,53,142190.33,5,26953.96,60,6.22,387,0.6409,6,0,RETIRED,BACHELORS,MARRIED,BUSINESS,1
CUST-008490,26,192692.10,8,40216.60,36,11.61,371,0.6160,3,0,RETIRED,MASTERS,MARRIED,HOME,0
CUST-008491,60,134345.01,30,84351.71,24,5.98,834,0.1229,1,0,SELF_EMPLOYED,PHD,MARRIED,AUTO,0
CUST-008492,32,105929.03,14,20093.34,24,8.81,505,0.3072,1,0,RETIRED,BACHELORS,SINGLE,AUTO,0
CUST-008493,52,40722.38,19,25326.52,36,22.97,616,0.6606,6,1,UNEMPLOYED,MASTERS,MARRIED,PERSONAL,1
CUST-008494,65,98966.20,10,68058.53,24,11.82,638,0.0743,3,0,SALARIED,MASTERS,MARRIED,HOME,0
CUST-008495,36,71629.52,18,16401.82,36,19.23,575,0.5328,3,0,SELF_EMPLOYED,PHD,DIVORCED,HOME,1
CUST-008496,59,26203.47,?,32322.94,48,18.48,707,0.1400,2,0,SELF_EMPLOYED,BACHELORS,DIVORCED,AUTO,0
CUST-008497,45,62975.59,12,3719.83,36,15.05,779,0.6354,4,0,RETIRED,MASTERS,MARRIED,AUTO,0
CUST-008498,67,76996.44,20,67562.16,60,23.89,317,0.3066,3,0,SALARIED,HIGH_SCHOOL,MARRIED,EDUCATION,1
CUST-008499,41,113352.67,2,4158.08,48,13.00,817,0.6698,1,0,SELF_EMPLOYED,PHD,SINGLE,EDUCATION,0
CUST-008500,67,135381.57,30,43868.91,48,14.74,305,0.4034,5,0,UNEMPLOYED,BACHELORS,DIVORCED,HOME,1
CUST-008501,33,196172.03,11,9071.97,60,20.30,313,0.0622,5,0,SELF_EMPLOYED,HIGH_SCHOOL,DIVORCED,PERSONAL,1
CUST-008502,55,105859.08,12,59574.79,12,5.14,373,0.4335,1,0,RETIRED,MASTERS,MARRIED,HOME,0
CUST-008503,49,129995.17,23,72240.67,48,19.47,825,0.3970,0,0,SELF_EMPLOYED,PHD,MARRIED,HOME,0
CUST-008504,57,154131.65,8,66727.30,60,20.48,781,0.0762,5,0,SALARIED,MASTERS,MARRIED,HOME,1
CUST-008505,32,171472.63,14,79241.81,12,17.60,740,0.6739,4,0,UNEMPLOYED,MASTERS,DIVORCED,HOME,0
CUST-008506,66,61388.77,17,41739.52,24,14.27,762,0.5566,1,1,SELF_EMPLOYED,PHD,SINGLE,EDUCATION,1
CUST-008507,45,175554.09,13,62983.42,60,18.20,767,0.4074,6,0,SELF_EMPLOYED,HIGH_SCHOOL,DIVORCED,HOME,0
CUST-008508,59,183456.24,1,63140.96,36,6.63,813,0.2092,5,0,RETIRED,HIGH_SCHOOL,SINGLE,HOME,0
CUST-008509,46,130058.82,2,85705.42,36,12.00,825,0.5984,4,0,SELF_EMPLOYED,PHD,SINGLE,EDUCATION,0
CUST-008510,38,102426.70,17,22670.86,12,7.32,401,0.3988,0,0,RETIRED,MASTERS,DIVORCED,EDUCATION,0
CUST-008511,46,169212.66,25,42833.48,48,10.77,?,0.4193,2,0,SELF_EMPLOYED,BACHELORS,DIVORCED,EDUCATION,1
CUST-008512,26,94381.93,8,60280.32,36,12.58,777,0.1482,6,0,SELF_EMPLOYED,PHD,MARRIED,HOME,1
CUST-008513,24,106600.07,6,13080.81,48,18.48,505,0.3257,6,0,RETIRED,HIGH_SCHOOL,DIVORCED,HOME,1
CUST-008514,25,115028.34,7,41703.74,36,17.11,414,0.5045,0,0,UNEMPLOYED,MASTERS,SINGLE,PERSONAL,1
CUST-008515,61,48334.56,14,86806.96,48,21.60,524,0.4839,3,0,SALARIED,BACHELORS,SINGLE,HOME,1
CUST-008516,62,192283.48,31,89321.11,24,10.56,489,0.3828,0,0,SELF_EMPLOYED,PHD,DIVORCED,PERSONAL,1
CUST-008517,51,92981.08,33,20154.00,12,8.13,837,0.4835,5,0,RETIRED,BACHELORS,MARRIED,BUSINESS,0
CUST-008518,30,144388.86,12,64729.44,48,10.50,475,0.3516,5,0,SELF_EMPLOYED,HIGH_SCHOOL,MARRIED,HOME,0
CUST-008519,30,150979.87,12,29288.32,24,16.49,543,0.2193,3,2,UNEMPLOYED,HIGH_SCHOOL,SINGLE,HOME,1
CUST-008520,39,138910.30,14,28055.21,12,24.22,812,0.2318,1,0,SELF_EMPLOYED,HIGH_SCHOOL,SINGLE,EDUCATION,0
CUST-008521,41,136735.10,23,64974.98,60,24.13,497,0.2255,6,0,UNEMPLOYED,PHD,MARRIED,EDUCATION,1
CUST-008522,28,183033.35,4,18405.76,12,10.67,741,0.6080,4,0,SELF_EMPLOYED,MASTERS,DIVORCED,EDUCATION,1
CUST-008523,23,19076.08,5,62205.92,12,14.93,630,0.4787,0,0,SALARIED,BACHELORS,MARRIED,EDUCATION,0
CUST-008524,59,142123.05,3,64885.90,12,12.40,807,0.2276,0,3,UNEMPLOYED,BACHELORS,MARRIED,PERSONAL,1
CUST-008525,42,182902.40,7,5681.95,36,7.46,387,0.6219,2,0,RETIRED,MASTERS,SINGLE,EDUCATION,0
CUST-008526,65,162219.78,10,64925.36,24,17.63,752,0.6742,5,0,UNEMPLOYED,HIGH_SCHOOL,SINGLE,HOME,1
CUST-008527,51,80293.41,33,43859.28,48,5.30,530,0.6972,1,0,UNEMPLOYED,HIGH_SCHOOL,DIVORCED,AUTO,1
CUST-008528,42,89823.18,3,70295.50,36,19.69,750,0.5506,5,0,SALARIED,PHD,DIVORCED,HOME,0
CUST-008529,59,95245.53,1,70963.39,36,14.41,802,0.6163,0,0,SELF_EMPLOYED,BACHELORS,SINGLE,AUTO,0
CUST-008530,63,30479.43,14,6446.74,12,11.81,676,0.2270,6,0,SALARIED,MASTERS,DIVORCED,EDUCATION,0
CUST-008531,22,156302.96,4,20635.54,36,13.25,474,0.5263,2,0,SALARIED,PHD,SINGLE,BUSINESS,0
CUST-008532,49,163480.23,12,79119.52,36,18.89,457,0.3683,1,1,UNEMPLOYED,BACHELORS,DIVORCED,HOME,1
CUST-008533,49,25296.85,25,7877.77,24,20.48,405,0.0583,4,0,UNEMPLOYED,BACHELORS,DIVORCED,HOME,0
CUST-008534,66,101032.41,13,8947.92,36,23.39,633,0.3668,0,0,SALARIED,PHD,SINGLE,PERSONAL,1
CUST-008535,41,37034.14,23,19443.92,36,17.30,693,0.1743,1,0,RETIRED,PHD,DIVORCED,EDUCATION,1
CUST-008536,29,184434.37,11,72135.49,60,23.94,511,0.3930,3,0,RETIRED,MASTERS,DIVORCED,HOME,1
CUST-008537,53,104254.30,16,19354.71,60,22.50,775,0.6145,1,0,RETIRED,BACHELORS,DIVORCED,BUSINESS,0
CUST-008538,68,174304.50,2,34136.06,12,16.65,703,0.6236,6,2,SALARIED,HIGH_SCHOOL,MARRIED,EDUCATION,0
CUST-008539,55,125507.37,30,62135.57,48,22.81,393,0.1249,3,1,SALARIED,PHD,MARRIED,HOME,1
CUST-008540,25,49663.19,7,9616.44,12,14.28,634,0.1462,3,0,RETIRED,MASTERS,MARRIED,BUSINESS,0
CUST-008541,32,71117.36,9,24042.09,12,11.86,733,0.4629,2,0,SALARIED,BACHELORS,MARRIED,BUSINESS,0
CUST-008542,49,35191.33,0,13636.33,48,5.90,804,0.3847,2,0,SELF_EMPLOYED,MASTERS,SINGLE,HOME,0
CUST-008543,37,131337.89,5,10133.50,48,10.88,846,0.1841,5,0,RETIRED,MASTERS,SINGLE,HOME,1
CUST-008544,62,23026.83,16,60791.54,60,14.11,335,0.5157,2,0,RETIRED,MASTERS,DIVORCED,EDUCATION,1
CUST-008545,27,63050.53,3,63864.70,36,20.97,732,0.6128,1,0,UNEMPLOYED,MASTERS,MARRIED,HOME,0
CUST-008546,28,160623.52,10,87365.95,60,15.97,567,0.6396,1,0,UNEMPLOYED,HIGH_SCHOOL,SINGLE,PERSONAL,1
CUST-008547,31,130418.02,13,39522.24,12,5.68,693,0.2916,1,0,RETIRED,PHD,SINGLE,PERSONAL,0
CUST-008548,39,76911.29,20,38074.53,12,21.99,428,0.2714,6,0,SELF_EMPLOYED,HIGH_SCHOOL,MARRIED,AUTO,0
CUST-008549,69,101358.93,16,15273.78,36,13.34,?,0.3827,1,0,SALARIED,MASTERS,MARRIED,AUTO,0
CUST-008550,44,40648.98,5,19950.62,24,7.53,810,0.0857,0,0,RETIRED,HIGH_SCHOOL,MARRIED,BUSINESS,0
CUST-008551,63,163692.99,24,26279.16,24,5.68,357,0.4702,3,0,SALARIED,HIGH_SCHOOL,SINGLE,HOME,0
CUST-008552,56,167536.79,2,61123.13,36,22.24,707,0.1143,0,0,UNEMPLOYED,MASTERS,MARRIED,BUSINESS,0
CUST-008553,49,199950.08,24,84548.98,60,21.19,?,0.5092,5,0,SALARIED,MASTERS,MARRIED,HOME,1
CUST-008554,24,64020.83,0,47083.36,12,14.04,742,0.6284,1,0,UNEMPLOYED,BACHELORS,SINGLE,BUSINESS,1
CUST-008555,23,168568.78,5,60707.73,36,21.27,655,0.2781,1,0,SELF_EMPLOYED,BACHELORS,MARRIED,PERSONAL,0
CUST-008556,50,48102.33,22,18687.36,24,8.74,379,0.0590,6,0,SELF_EMPLOYED,BACHELORS,SINGLE,BUSINESS,0
CUST-008557,61,136961.01,26,30427.65,12,7.14,771,0.5345,6,1,SALARIED,MASTERS,DIVORCED,BUSINESS,0
CUST-008558,35,184877.86,17,64022.46,24,14.05,593,0.1373,0,0,RETIRED,HIGH_SCHOOL,MARRIED,AUTO,0
CUST-008559,70,130488.35,20,61953.13,60,8.94,339,0.6747,5,0,UNEMPLOYED,PHD,SINGLE,HOME,1
CUST-008560,39,152358.67,21,84870.39,12,15.30,777,0.5404,3,0,UNEMPLOYED,PHD,SINGLE,BUSINESS,1
CUST-008561,46,190389.93,28,76270.22,60,24.61,383,0.0767,3,2,RETIRED,PHD,MARRIED,EDUCATION,1
CUST-008562,45,45305.27,3,37161.94,36,7.15,346,0.0568,3,3,RETIRED,PHD,SINGLE,PERSONAL,1
CUST-008563,32,81100.95,14,56516.74,24,20.95,453,0.5879,1,0,UNEMPLOYED,MASTERS,SINGLE,EDUCATION,1
CUST-008564,64,18875.61,9,15603.68,12,10.64,300,0.5938,0,1,RETIRED,MASTERS,SINGLE,EDUCATION,1
CUST-008565,39,62516.91,9,86961.77,36,24.69,660,0.5535,5,1,SALARIED,PHD,DIVORCED,PERSONAL,1
CUST-008566,31,61328.17,7,44666.93,12,12.92,493,0.4241,2,0,SELF_EMPLOYED,BACHELORS,MARRIED,PERSONAL,0
CUST-008567,27,48263.10,9,48112.14,12,16.47,373,0.1614,1,3,SALARIED,BACHELORS,DIVORCED,EDUCATION,1
CUST-008568,29,103853.18,11,63751.09,12,24.06,670,0.0931,6,0,SALARIED,MASTERS,MARRIED,EDUCATION,0
CUST-008569,30,20465.69,12,81917.41,12,22.62,588,0.4429,4,1,UNEMPLOYED,PHD,MARRIED,HOME,1
CUST-008570,65,134648.39,11,58783.47,48,9.36,413,0.1067,5,0,RETIRED,HIGH_SCHOOL,MARRIED,PERSONAL,0
CUST-008571,31,158954.38,3,85281.17,12,7.63,633,0.5633,5,0,SALARIED,BACHELORS,DIVORCED,BUSINESS,0
CUST-008572,22,189484.86,4,88431.82,24,18.90,481,0.4139,2,0,UNEMPLOYED,BACHELORS,MARRIED,EDUCATION,1
CUST-008573,49,93745.62,5,3184.29,36,20.57,314,0.6090,0,0,SELF_EMPLOYED,PHD,SINGLE,BUSINESS,1
CUST-008574,51,190376.95,5,3253.32,48,19.28,523,0.3715,6,0,RETIRED,BACHELORS,DIVORCED,AUTO,0
CUST-008575,40,28677.70,15,5441.59,24,5.55,599,0.1618,3,0,RETIRED,PHD,DIVORCED,BUSINESS,0
CUST-008576,39,124136.84,14,87526.75,60,16.55,765,0.6520,3,0,SALARIED,HIGH_SCHOOL,SINGLE,AUTO,1
CUST-008577,54,39776.32,25,44296.03,24,10.51,398,0.5849,2,0,SELF_EMPLOYED,BACHELORS,SINGLE,PERSONAL,0
CUST-008578,53,21257.89,0,22878.35,24,12.80,801,0.1334,1,0,UNEMPLOYED,HIGH_SCHOOL,MARRIED,EDUCATION,1
CUST-008579,51,162129.23,5,59206.92,24,22.01,666,0.1180,2,0,RETIRED,MASTERS,MARRIED,BUSINESS,0
CUST-008580,27,163969.68,9,3509.85,12,7.80,743,0.4360,6,1,SALARIED,MASTERS,SINGLE,PERSONAL,0
CUST-008581,38,94570.75,11,47599.35,24,9.46,334,0.2982,4,0,UNEMPLOYED,PHD,DIVORCED,EDUCATION,0
CUST-008582,53,40473.99,12,38367.07,12,10.56,540,0.1103,6,1,RETIRED,MASTERS,SINGLE,HOME,0
CUST-008583,69,132101.47,19,75927.13,36,18.97,635,0.5452,4,0,SALARIED,HIGH_SCHOOL,MARRIED,EDUCATION,0
CUST-008584,51,129468.31,17,33946.61,60,18.82,772,0.6870,0,0,UNEMPLOYED,PHD,DIVORCED,AUTO,0
CUST-008585,30,183591.31,12,76602.36,36,14.29,494,0.2098,2,0,RETIRED,HIGH_SCHOOL,MARRIED,HOME,0
CUST-008586,45,37745.99,12,79736.44,12,15.40,786,0.4506,0,1,SALARIED,PHD,SINGLE,BUSINESS,1
CUST-008587,65,155600.84,19,21710.14,60,21.58,411,0.4393,3,0,RETIRED,HIGH_SCHOOL,SINGLE,AUTO,1
CUST-008588,48,152764.77,?,59310.17,60,16.12,410,0.5830,4,0,RETIRED,PHD,MARRIED,EDUCATION,0
CUST-008589,70,162520.80,19,29457.08,12,11.73,332,0.0817,4,0,RETIRED,HIGH_SCHOOL,SINGLE,EDUCATION,1
CUST-008590,54,175815.56,7,65630.85,24,10.36,722,0.3082,3,0,SELF_EMPLOYED,PHD,SINGLE,EDUCATION,0
CUST-008591,57,185876.17,0,57469.60,12,12.91,548,0.3128,6,0,UNEMPLOYED,HIGH_SCHOOL,DIVORCED,EDUCATION,1
CUST-008592,25,26622.24,4,55016.38,48,5.46,395,0.5674,6,0,UNEMPLOYED,PHD,SINGLE,HOME,0
CUST-008593,43,198873.03,15,10663.64,48,7.12,347,0.0879,3,0,RETIRED,BACHELORS,SINGLE,EDUCATION,1
CUST-008594,53,125554.44,28,81493.54,48,10.98,692,0.2396,6,0,RETIRED,HIGH_SCHOOL,SINGLE,HOME,0
CUST-008595,47,19875.44,16,19930.32,48,23.86,531,0.4328,0,0,SALARIED,HIGH_SCHOOL,DIVORCED,PERSONAL,0
CUST-008596,22,72029.80,4,29630.65,60,18.43,449,0.4747,0,0,RETIRED,PHD,SINGLE,AUTO,0
CUST-008597,43,162339.26,10,66105.08,12,12.31,349,0.2869,3,0,UNEMPLOYED,HIGH_SCHOOL,DIVORCED,HOME,0
CUST-008598,48,164637.87,13,12148.24,24,22.99,732,0.3297,1,0,SELF_EMPLOYED,MASTERS,DIVORCED,BUSINESS,0
CUST-008599,46,192815.70,17,28530.84,60,23.88,683,0.1741,6,0,SALARIED,PHD,DIVORCED,HOME,0
CUST-008600,55,55722.46,33,79907.69,24,5.11,568,0.1660,4,0,UNEMPLOYED,BACHELORS,MARRIED,BUSINESS,1
CUST-008601,49,40276.71,8,17656.69,24,14.77,777,0.3027,1,0,RETIRED,BACHELORS,SINGLE,EDUCATION,1
CUST-008602,69,89619.47,11,74689.00,24,18.48,413,0.2529,3,0,UNEMPLOYED,MASTERS,SINGLE,EDUCATION,0
CUST-008603,60,194196.94,5,79798.82,60,6.71,833,0.6784,1,0,SELF_EMPLOYED,MASTERS,DIVORCED,BUSINESS,0
CUST-008604,66,46265.98,15,36244.41,12,14.56,670,0.3624,3,3,RETIRED,BACHELORS,DIVORCED,HOME,1
CUST-008605,51,71546.79,28,50262.50,60,5.27,748,0.0626,0,0,SALARIED,BACHELORS,DIVORCED,EDUCATION,1
CUST-008606,44,60684.30,2,59737.47,36,11.00,497,0.6696,1,0,SELF_EMPLOYED,HIGH_SCHOOL,SINGLE,BUSINESS,1
CUST-008607,28,130954.05,3,54824.95,12,11.84,590,0.4717,4,0,RETIRED,MASTERS,SINGLE,BUSINESS,1
CUST-008608,42,188304.75,13,44219.84,48,6.63,719,0.1058,6,0,RETIRED,HIGH_SCHOOL,DIVORCED,HOME,1
CUST-008609,64,128421.38,12,28983.42,60,5.07,671,0.1050,6,0,SALARIED,MASTERS,SINGLE,PERSONAL,0
CUST-008610,50,81593.16,31,15848.84,24,21.62,309,0.4099,4,0,UNEMPLOYED,HIGH_SCHOOL,MARRIED,AUTO,1
CUST-008611,70,179759.01,4,10462.12,48,10.13,419,0.2234,2,0,SELF_EMPLOYED,MASTERS,SINGLE,PERSONAL,1
CUST-008612,70,186130.67,28,34163.34,60,23.53,669,0.1631,0,0,SALARIED,HIGH_SCHOOL,MARRIED,HOME,0
CUST-008613,43,113323.89,14,39244.89,24,5.52,438,0.4874,4,0,SELF_EMPLOYED,HIGH_SCHOOL,MARRIED,BUSINESS,1
CUST-008614,32,127371.72,4,13355.97,60,10.60,360,0.5427,3,0,RETIRED,PHD,SINGLE,HOME,0
CUST-008615,35,163307.61,0,75312.38,36,14.03,607,0.3321,3,1,SELF_EMPLOYED,PHD,SINGLE,PERSONAL,0
CUST-008616,35,45148.92,17,54254.89,12,22.54,418,0.1882,5,0,SALARIED,HIGH_SCHOOL,MARRIED,BUSINESS,1
CUST-008617,49,140388.11,25,59875.01,24,10.05,394,0.1587,2,0,SALARIED,MASTERS,MARRIED,PERSONAL,0
CUST-008618,40,107108.84,22,24587.88,60,21.88,462,0.1687,0,0,SELF_EMPLOYED,BACHELORS,MARRIED,HOME,0
CUST-008619,61,61790.68,25,77591.83,60,17.14,556,0.1048,1,1,UNEMPLOYED,MASTERS,DIVORCED,EDUCATION,1
CUST-008620,25,42600.42,7,13824.24,36,10.70,444,0.6241,6,0,UNEMPLOYED,HIGH_SCHOOL,SINGLE,BUSINESS,0
CUST-008621,53,77465.18,22,50156.68,24,16.04,801,0.6122,6,0,UNEMPLOYED,HIGH_SCHOOL,SINGLE,AUTO,1
CUST-008622,50,116029.81,0,70145.30,36,6.05,335,0.1335,6,0,RETIRED,PHD,MARRIED,EDUCATION,0
CUST-008623,28,85815.64,10,32528.71,12,16.61,717,0.6714,5,0,SALARIED,MASTERS,DIVORCED,EDUCATION,0
CUST-008624,39,56588.78,21,28621.86,12,21.42,698,0.2876,4,0,SELF_EMPLOYED,BACHELORS,SINGLE,AUTO,0
CUST-008625,22,93878.99,4,7215.91,12,21.37,690,0.3407,3,0,SALARIED,MASTERS,MARRIED,PERSONAL,0
CUST-008626,38,171451.63,20,39998.15,48,22.25,767,0.2121,1,0,SELF_EMPLOYED,HIGH_SCHOOL,DIVORCED,PERSONAL,1
CUST-008627,22,18776.52,4,70326.54,48,5.60,693,0.1431,0,0,SELF_EMPLOYED,BACHELORS,MARRIED,HOME,0
CUST-008628,62,84310.68,0,38919.17,60,20.12,?,0.4044,4,0,UNEMPLOYED,BACHELORS,SINGLE,BUSINESS,1
CUST-008629,30,171711.88,8,16547.55,36,24.64,312,0.6073,3,0,SALARIED,MASTERS,DIVORCED,EDUCATION,0
CUST-008630,56,168666.36,?,21573.64,60,19.61,483,0.0720,6,2,SALARIED,MASTERS,DIVORCED,EDUCATION,1
CUST-008631,60,47572.36,23,26206.33,12,10.95,783,0.3658,3,0,UNEMPLOYED,BACHELORS,MARRIED,AUTO,0
CUST-008632,49,138090.55,17,71048.11,12,13.87,598,0.6895,3,0,SELF_EMPLOYED,MASTERS,SINGLE,BUSINESS,1
CUST-008633,68,165639.28,15,24606.49,12,7.46,560,0.5133,1,0,SELF_EMPLOYED,PHD,DIVORCED,BUSINESS,0
CUST-008634,58,114221.25,23,89250.73,24,6.98,559,0.6484,3,0,UNEMPLOYED,HIGH_SCHOOL,DIVORCED,EDUCATION,1
CUST-008635,27,181415.81,8,32795.72,36,14.86,477,0.6027,4,0,UNEMPLOYED,BACHELORS,SINGLE,HOME,1
CUST-008636,67,142506.55,0,35076.38,60,6.37,583,0.0908,1,0,SALARIED,PHD,MARRIED,EDUCATION,0
CUST-008637,25,181373.79,5,75839.67,60,19.28,578,0.1841,1,0,SALARIED,HIGH_SCHOOL,SINGLE,EDUCATION,1
CUST-008638,37,160727.20,3,34360.27,24,12.69,712,0.3167,1,0,SELF_EMPLOYED,PHD,MARRIED,PERSONAL,0
CUST-008639,27,24748.71,9,53547.85,60,23.27,515,0.6133,6,0,SALARIED,HIGH_SCHOOL,MARRIED,HOME,1
CUST-008640,60,156384.35,27,86510.79,36,10.56,412,0.4069,6,2,SALARIED,BACHELORS,MARRIED,PERSONAL,1
CUST-008641,67,164039.42,7,29668.34,12,6.11,731,0.5675,0,0,RETIRED,PHD,MARRIED,EDUCATION,1
CUST-008642,66,?,30,73185.67,12,17.34,725,0.1132,2,0,SELF_EMPLOYED,BACHELORS,DIVORCED,PERSONAL,0
CUST-008643,57,188363.65,?,10857.28,60,7.56,434,0.5646,4,0,UNEMPLOYED,HIGH_SCHOOL,DIVORCED,AUTO,1
CUST-008644,38,114542.33,20,61183.87,36,19.23,816,0.6862,3,0,SELF_EMPLOYED,BACHELORS,MARRIED,PERSONAL,1
CUST-008645,68,149688.35,5,37356.91,24,21.23,771,0.5598,4,0,SALARIED,BACHELORS,MARRIED,AUTO,1
CUST-008646,61,65769.62,14,15357.73,24,24.05,679,0.5066,2,0,UNEMPLOYED,PHD,MARRIED,EDUCATION,0
CUST-008647,42,58828.91,9,59426.71,24,6.81,367,0.2099,0,0,SELF_EMPLOYED,HIGH_SCHOOL,MARRIED,PERSONAL,0
CUST-008648,31,66873.75,13,72030.88,60,14.53,416,0.4286,2,3,UNEMPLOYED,MASTERS,MARRIED,HOME,1
CUST-008649,60,111538.25,0,53705.99,60,21.52,478,0.4387,2,1,SELF_EMPLOYED,HIGH_SCHOOL,DIVORCED,HOME,1
CUST-008650,66,175199.90,4,45272.45,36,16.81,608,0.3593,4,0,SALARIED,MASTERS,DIVORCED,EDUCATION,0
CUST-008651,34,164499.27,0,9503.70,60,5.63,613,0.5457,3,0,RETIRED,MASTERS,DIVORCED,EDUCATION,0
CUST-008652,36,182031.06,18,15317.01,36,21.97,668,0.0723,1,2,SELF_EMPLOYED,BACHELORS,SINGLE,BUSINESS,0
CUST-008653,29,176568.70,6,59548.29,12,22.86,642,0.5532,2,0,SELF_EMPLOYED,HIGH_SCHOOL,MARRIED,EDUCATION,1
CUST-008654,32,152306.39,14,37379.16,60,6.19,815,0.4793,1,1,RETIRED,BACHELORS,MARRIED,HOME,1
CUST-008655,35,73908.49,17,66404.80,36,12.32,645,0.1528,6,0,SELF_EMPLOYED,PHD,DIVORCED,AUTO,0
CUST-008656,41,58433.85,15,7327.98,36,8.67,835,0.2091,5,0,RETIRED,BACHELORS,SINGLE,AUTO,0
CUST-008657,23,43432.65,5,54854.28,60,6.08,615,0.0673,1,0,UNEMPLOYED,HIGH_SCHOOL,SINGLE,AUTO,1
CUST-008658,29,189438.64,11,75309.47,36,11.24,647,0.0602,1,0,SELF_EMPLOYED,BACHELORS,SINGLE,AUTO,0
CUST-008659,65,128273.22,2,14289.87,24,14.48,556,0.4440,3,0,RETIRED,MASTERS,SINGLE,HOME,0
CUST-008660,64,116837.00,31,87505.44,36,7.60,764,0.2428,2,0,SELF_EMPLOYED,HIGH_SCHOOL,SINGLE,EDUCATION,0
CUST-008661,59,110657.05,3,28437.97,48,24.31,714,0.0567,3,0,SELF_EMPLOYED,HIGH_SCHOOL,DIVORCED,AUTO,1
CUST-008662,30,80175.41,12,55729.74,12,11.37,485,0.5519,0,1,UNEMPLOYED,BACHELORS,SINGLE,BUSINESS,1
CUST-008663,42,118230.34,0,7257.59,12,10.32,818,0.5957,0,0,SELF_EMPLOYED,BACHELORS,MARRIED,EDUCATION,0
CUST-008664,31,158376.14,0,41963.85,36,22.71,493,0.1085,5,1,SALARIED,HIGH_SCHOOL,SINGLE,PERSONAL,1
CUST-008665,43,186332.52,25,12496.31,36,7.70,575,0.2062,5,2,SALARIED,BACHELORS,MARRIED,EDUCATION,1
CUST-008666,55,61842.66,25,40298.45,36,7.41,640,0.2802,6,0,RETIRED,HIGH_SCHOOL,DIVORCED,AUTO,0
CUST-008667,59,116276.78,34,11409.84,36,21.14,480,0.2778,6,0,SALARIED,BACHELORS,MARRIED,EDUCATION,0
CUST-008668,35,84361.04,17,78785.85,12,15.02,322,0.6710,1,0,UNEMPLOYED,PHD,MARRIED,HOME,1
CUST-008669,36,61377.26,5,17682.09,12,24.55,346,0.1579,5,0,SALARIED,MASTERS,SINGLE,EDUCATION,0
CUST-008670,65,189408.51,15,11042.13,24,24.43,636,0.3873,4,3,RETIRED,MASTERS,SINGLE,HOME,1
CUST-008671,26,120886.62,3,41900.10,60,23.61,764,0.1503,6,0,UNEMPLOYED,BACHELORS,SINGLE,HOME,1
CUST-008672,29,82307.28,11,62875.31,60,23.88,715,0.4266,4,0,UNEMPLOYED,MASTERS,SINGLE,AUTO,0
CUST-008673,33,112554.07,1,62118.53,24,17.31,395,0.6386,1,0,RETIRED,PHD,DIVORCED,AUTO,1
CUST-008674,60,164685.30,33,42985.99,36,5.83,759,0.4197,6,1,SALARIED,MASTERS,MARRIED,AUTO,0
CUST-008675,33,126341.19,5,12574.61,36,10.27,838,0.0706,0,0,SELF_EMPLOYED,BACHELORS,MARRIED,HOME,0
CUST-008676,37,179189.30,5,40998.62,60,14.99,303,0.1883,5,0,SELF_EMPLOYED,PHD,MARRIED,HOME,1
CUST-008677,68,47558.69,8,63240.90,36,24.96,494,0.6281,2,2,SALARIED,BACHELORS,DIVORCED,EDUCATION,1
CUST-008678,36,190669.85,17,65290.80,48,20.77,737,0.4691,5,0,RETIRED,PHD,MARRIED,AUTO,0
CUST-008679,23,183075.95,?,48254.22,60,11.54,798,0.1046,2,0,UNEMPLOYED,BACHELORS,SINGLE,PERSONAL,0
CUST-008680,69,159905.66,28,18194.04,36,6.66,504,0.5275,5,0,SALARIED,PHD,MARRIED,BUSINESS,0
CUST-008681,65,123358.78,11,70202.88,48,23.76,480,0.1549,2,3,UNEMPLOYED,HIGH_SCHOOL,MARRIED,PERSONAL,1
CUST-008682,52,188183.53,26,38913.71,48,19.43,756,0.2942,6,0,UNEMPLOYED,HIGH_SCHOOL,DIVORCED,HOME,0
CUST-008683,58,62601.92,10,35947.64,12,21.23,768,0.1957,5,1,SALARIED,PHD,SINGLE,PERSONAL,0
CUST-008684,69,18004.43,31,10797.28,36,19.42,455,0.4580,4,1,RETIRED,PHD,MARRIED,HOME,1
CUST-008685,55,47847.20,30,52053.44,12,20.97,324,0.4403,6,0,RETIRED,MASTERS,MARRIED,HOME,1
CUST-008686,67,154091.40,28,15741.06,36,5.87,322,0.6554,4,0,SELF_EMPLOYED,PHD,DIVORCED,EDUCATION,0
CUST-008687,32,37684.61,14,40425.27,36,14.03,520,0.1327,3,0,SELF_EMPLOYED,BACHELORS,SINGLE,AUTO,0
CUST-008688,38,179289.79,10,22339.70,24,11.99,521,0.5289,4,0,SALARIED,BACHELORS,MARRIED,HOME,1
CUST-008689,42,89059.97,6,13597.29,36,17.87,673,0.2234,6,0,RETIRED,HIGH_SCHOOL,MARRIED,AUTO,1
CUST-008690,48,125368.53,28,66292.05,12,5.35,364,0.3576,2,1,SALARIED,HIGH_SCHOOL,SINGLE,BUSINESS,0
CUST-008691,63,20793.51,15,10135.90,24,9.82,740,0.1668,2,0,UNEMPLOYED,MASTERS,MARRIED,HOME,0
CUST-008692,60,61506.44,7,24957.29,36,7.78,422,0.0821,5,0,RETIRED,MASTERS,MARRIED,EDUCATION,0
CUST-008693,41,114754.15,17,56548.83,12,6.47,503,0.1596,3,0,UNEMPLOYED,PHD,DIVORCED,AUTO,1
CUST-008694,61,110091.05,20,6184.55,12,10.31,736,0.6320,3,0,UNEMPLOYED,HIGH_SCHOOL,DIVORCED,BUSINESS,0
CUST-008695,70,193879.32,23,26345.62,36,8.48,474,0.4505,4,0,SALARIED,MASTERS,DIVORCED,BUSINESS,0
CUST-008696,45,72805.11,18,52961.63,60,8.84,447,0.5858,4,0,SELF_EMPLOYED,HIGH_SCHOOL,SINGLE,HOME,1
CUST-008697,34,85447.52,16,63019.70,48,17.92,729,0.2519,6,0,RETIRED,HIGH_SCHOOL,MARRIED,BUSINESS,1
CUST-008698,52,64270.84,20,85630.00,48,22.41,505,0.3806,0,0,UNEMPLOYED,BACHELORS,MARRIED,HOME,1
CUST-008699,26,66837.62,8,47967.82,12,11.86,771,0.5326,2,0,SELF_EMPLOYED,MASTERS,MARRIED,PERSONAL,0
CUST-008700,40,32581.47,22,19059.47,48,16.36,442,0.4843,4,0,SELF_EMPLOYED,HIGH_SCHOOL,MARRIED,HOME,1
CUST-008701,42,44284.63,0,35997.89,36,12.14,601,0.5498,2,0,RETIRED,BACHELORS,DIVORCED,BUSINESS,0
CUST-008702,58,58551.69,30,20252.24,12,20.65,608,0.3300,6,0,UNEMPLOYED,HIGH_SCHOOL,DIVORCED,HOME,0
CUST-008703,59,98807.43,13,52301.31,12,9.60,562,0.2065,4,0,RETIRED,PHD,SINGLE,HOME,0
CUST-008704,40,35594.40,22,33865.31,36,16.89,781,0.0837,5,0,SALARIED,HIGH_SCHOOL,SINGLE,HOME,1
CUST-008705,31,109003.94,3,41532.76,60,19.51,484,0.5472,1,0,SALARIED,MASTERS,DIVORCED,PERSONAL,0
CUST-008706,38,101658.67,15,78412.84,36,19.59,388,0.5542,3,0,SALARIED,BACHELORS,MARRIED,EDUCATION,1
CUST-008707,60,100992.74,26,54813.28,12,19.58,673,0.4639,1,0,UNEMPLOYED,MASTERS,DIVORCED,EDUCATION,1
CUST-008708,21,18101.88,3,4220.72,12,8.02,686,0.5511,0,0,UNEMPLOYED,PHD,DIVORCED,BUSINESS,1
CUST-008709,55,101010.79,25,4933.40,12,5.86,524,0.4021,3,0,SALARIED,MASTERS,DIVORCED,PERSONAL,0
CUST-008710,54,32444.97,23,52828.59,36,13.43,?,0.3546,0,0,RETIRED,PHD,SINGLE,HOME,1
CUST-008711,51,154436.62,12,41966.86,12,13.39,443,0.3050,2,0,UNEMPLOYED,BACHELORS,SINGLE,PERSONAL,1
CUST-008712,27,28813.02,4,83157.09,24,11.15,306,0.2199,3,2,UNEMPLOYED,BACHELORS,SINGLE,AUTO,1
CUST-008713,61,155984.75,9,87488.55,48,6.63,398,0.3791,5,0,RETIRED,HIGH_SCHOOL,MARRIED,EDUCATION,0
CUST-008714,35,92157.01,17,71814.72,12,12.30,780,0.3296,0,0,SALARIED,BACHELORS,DIVORCED,EDUCATION,0
CUST-008715,50,73609.39,29,52334.58,24,14.40,524,0.4317,1,0,SALARIED,HIGH_SCHOOL,DIVORCED,AUTO,1
CUST-008716,50,28542.80,4,15425.11,12,12.08,660,0.0804,2,0,SELF_EMPLOYED,BACHELORS,DIVORCED,BUSINESS,0
CUST-008717,53,?,3,73178.54,24,10.57,753,0.5473,0,0,SALARIED,HIGH_SCHOOL,DIVORCED,PERSONAL,0
CUST-008718,28,132102.45,0,47745.55,12,20.44,497,0.5136,6,0,SELF_EMPLOYED,BACHELORS,MARRIED,AUTO,0
CUST-008719,36,154939.23,18,43408.67,24,17.99,816,0.6087,0,0,UNEMPLOYED,BACHELORS,SINGLE,HOME,0
CUST-008720,54,60355.18,19,79581.35,36,9.02,734,0.3260,5,2,RETIRED,BACHELORS,MARRIED,PERSONAL,1
CUST-008721,49,83592.83,12,21960.68,12,15.13,556,0.5644,6,0,RETIRED,PHD,SINGLE,HOME,1
CUST-008722,31,152496.58,13,25486.02,60,12.92,375,0.5668,3,0,UNEMPLOYED,MASTERS,SINGLE,EDUCATION,1
CUST-008723,30,137024.56,12,81943.33,12,9.57,430,0.6146,1,0,RETIRED,BACHELORS,MARRIED,EDUCATION,0
CUST-008724,26,151923.72,5,8097.64,24,13.77,496,0.2211,4,0,RETIRED,HIGH_SCHOOL,MARRIED,BUSINESS,0
CUST-008725,28,139718.74,10,25233.60,12,5.07,387,0.3939,1,0,UNEMPLOYED,MASTERS,DIVORCED,HOME,0
CUST-008726,27,63472.68,9,65852.64,36,20.01,783,0.2354,6,0,UNEMPLOYED,MASTERS,DIVORCED,EDUCATION,0
CUST-008727,30,199913.71,12,38991.46,60,10.78,389,0.3526,0,0,SALARIED,MASTERS,SINGLE,HOME,0
CUST-008728,33,43798.94,15,16644.38,12,11.71,316,0.5178,0,0,SELF_EMPLOYED,BACHELORS,MARRIED,EDUCATION,0
CUST-008729,65,39307.51,7,11977.38,48,22.57,436,0.2308,4,0,SELF_EMPLOYED,HIGH_SCHOOL,MARRIED,HOME,0
CUST-008730,27,79053.91,9,39748.53,48,7.18,358,0.5937,2,0,SALARIED,BACHELORS,DIVORCED,BUSINESS,1
CUST-008731,65,34897.95,17,88231.13,24,7.15,438,0.2572,4,0,UNEMPLOYED,BACHELORS,SINGLE,EDUCATION,1
CUST-008732,24,42084.42,6,28507.14,60,11.40,799,0.4667,3,1,UNEMPLOYED,HIGH_SCHOOL,MARRIED,HOME,1
CUST-008733,32,20940.30,12,30186.22,36,12.78,411,0.4066,2,0,RETIRED,MASTERS,SINGLE,AUTO,1
CUST-008734,44,91012.79,26,26965.35,12,17.82,722,0.3514,6,0,RETIRED,MASTERS,DIVORCED,HOME,0
CUST-008735,24,39765.80,6,6848.29,24,7.21,763,0.4345,5,2,UNEMPLOYED,PHD,MARRIED,PERSONAL,1
CUST-008736,47,77018.62,19,76740.14,48,23.47,769,0.1736,3,1,SALARIED,BACHELORS,MARRIED,BUSINESS,1
CUST-008737,56,51953.15,25,19004.51,24,5.62,579,0.6224,1,0,UNEMPLOYED,HIGH_SCHOOL,MARRIED,EDUCATION,0
CUST-008738,26,173936.72,8,55168.65,48,20.70,625,0.1003,2,0,UNEMPLOYED,BACHELORS,MARRIED,EDUCATION,0
CUST-008739,59,168389.80,25,83562.68,12,24.71,716,0.4540,0,3,RETIRED,HIGH_SCHOOL,DIVORCED,AUTO,1
CUST-008740,57,177467.15,1,35214.13,24,21.53,629,0.2746,0,0,SALARIED,MASTERS,MARRIED,HOME,0
CUST-008741,37,75034.21,19,54484.51,60,24.89,481,0.3050,4,0,RETIRED,PHD,MARRIED,BUSINESS,0
CUST-008742,56,112682.36,24,31808.06,36,8.53,397,0.2797,1,0,UNEMPLOYED,HIGH_SCHOOL,MARRIED,PERSONAL,0
CUST-008743,27,43755.54,9,44279.90,12,15.94,522,0.1419,2,1,RETIRED,PHD,DIVORCED,EDUCATION,1
CUST-008744,64,87711.66,5,40171.24,12,21.99,602,0.3469,5,0,UNEMPLOYED,HIGH_SCHOOL,SINGLE,HOME,1
CUST-008745,51,89228.36,12,55110.54,60,16.08,335,0.6312,2,0,SELF_EMPLOYED,MASTERS,DIVORCED,BUSINESS,1
CUST-008746,24,48825.43,6,48165.78,36,23.18,422,0.4886,1,3,RETIRED,PHD,DIVORCED,EDUCATION,1
CUST-008747,24,49163.16,6,14721.96,60,10.15,348,0.2660,1,0,RETIRED,HIGH_SCHOOL,SINGLE,BUSINESS,0
CUST-008748,24,36830.59,6,23501.83,48,22.21,?,0.1820,6,0,UNEMPLOYED,MASTERS,MARRIED,EDUCATION,1
CUST-008749,27,182388.99,9,7418.88,36,5.58,821,0.4761,2,0,UNEMPLOYED,MASTERS,SINGLE,AUTO,0
CUST-008750,30,177411.82,12,60676.19,48,16.86,594,0.4931,5,0,SELF_EMPLOYED,MASTERS,SINGLE,BUSINESS,1
CUST-008751,47,25692.57,22,86760.20,60,15.63,408,0.1404,0,1,SELF_EMPLOYED,MASTERS,DIVORCED,EDUCATION,1
CUST-008752,46,20536.90,12,59471.36,48,17.04,593,0.6370,4,0,UNEMPLOYED,MASTERS,SINGLE,EDUCATION,0
CUST-008753,34,20988.85,16,25133.59,48,9.37,362,0.3353,4,0,SELF_EMPLOYED,HIGH_SCHOOL,DIVORCED,PERSONAL,1
CUST-008754,40,42087.35,1,13121.84,60,24.52,342,0.4998,0,0,UNEMPLOYED,PHD,DIVORCED,BUSINESS,1
CUST-008755,44,39778.61,24,82726.61,60,11.46,379,0.6241,6,0,UNEMPLOYED,PHD,SINGLE,BUSINESS,1
CUST-008756,69,79146.33,28,59791.02,36,20.29,688,0.0561,3,0,SELF_EMPLOYED,MASTERS,MARRIED,HOME,0
CUST-008757,65,150420.96,2,59328.06,36,12.27,821,0.6074,6,0,SALARIED,MASTERS,SINGLE,HOME,0
CUST-008758,31,196179.52,13,7489.95,24,8.23,697,0.3157,3,0,UNEMPLOYED,MASTERS,DIVORCED,AUTO,0
CUST-008759,37,154359.62,19,13777.48,48,14.46,429,0.0745,6,0,RETIRED,PHD,DIVORCED,PERSONAL,0
CUST-008760,42,27995.67,13,55375.34,36,18.64,720,0.0616,5,0,RETIRED,PHD,DIVORCED,BUSINESS,1
CUST-008761,57,103569.93,19,54518.85,36,10.93,315,0.6834,1,0,SALARIED,HIGH_SCHOOL,DIVORCED,HOME,0
CUST-008762,65,141655.00,26,74686.25,60,19.93,505,0.5131,5,0,RETIRED,MASTERS,DIVORCED,PERSONAL,1
CUST-008763,69,154882.33,24,24042.24,36,23.14,652,0.0862,1,0,UNEMPLOYED,HIGH_SCHOOL,DIVORCED,HOME,1
CUST-008764,48,170183.32,6,63122.62,60,22.58,538,0.1284,1,0,RETIRED,PHD,DIVORCED,AUTO,1
CUST-008765,59,66377.10,0,24581.19,36,17.33,585,0.4228,5,0,SALARIED,HIGH_SCHOOL,MARRIED,HOME,0
CUST-008766,39,89398.49,11,53595.36,12,21.48,367,0.2046,2,0,SALARIED,MASTERS,DIVORCED,BUSINESS,0
CUST-008767,25,102710.90,7,49737.80,48,19.82,838,0.5553,0,0,UNEMPLOYED,HIGH_SCHOOL,SINGLE,PERSONAL,0
CUST-008768,57,175229.32,19,28579.77,24,14.38,754,0.4541,5,0,SALARIED,PHD,DIVORCED,BUSINESS,0
CUST-008769,60,123284.96,27,26505.71,12,6.34,367,0.1072,5,0,RETIRED,PHD,MARRIED,PERSONAL,1
CUST-008770,50,176960.56,32,18205.22,12,23.76,794,0.4069,3,2,SALARIED,HIGH_SCHOOL,DIVORCED,EDUCATION,1
CUST-008771,30,54049.16,10,21247.53,36,12.76,758,0.4894,4,0,UNEMPLOYED,MASTERS,SINGLE,HOME,0
CUST-008772,68,89127.38,31,36570.09,36,21.75,666,0.4100,5,2,SELF_EMPLOYED,MASTERS,DIVORCED,HOME,1
CUST-008773,57,88147.47,18,82697.02,60,14.11,728,0.5953,0,0,SELF_EMPLOYED,MASTERS,MARRIED,PERSONAL,1
CUST-008774,27,93947.85,9,31231.56,48,20.41,483,0.3434,3,0,UNEMPLOYED,PHD,MARRIED,HOME,0
CUST-008775,23,130788.59,5,31987.93,24,20.40,766,0.1546,4,0,SALARIED,HIGH_SCHOOL,SINGLE,EDUCATION,0
CUST-008776,46,128518.77,4,58780.62,48,12.39,489,0.0526,3,0,UNEMPLOYED,HIGH_SCHOOL,MARRIED,AUTO,1
CUST-008777,70,123830.70,21,9690.57,24,15.90,692,0.6817,3,0,SELF_EMPLOYED,PHD,SINGLE,PERSONAL,1
CUST-008778,37,187823.28,19,87557.89,60,10.26,576,0.3938,0,0,SALARIED,HIGH_SCHOOL,SINGLE,AUTO,0
CUST-008779,36,177840.76,18,31405.93,48,24.66,533,0.2522,0,0,UNEMPLOYED,PHD,MARRIED,HOME,1
CUST-008780,48,156001.17,14,52040.64,60,11.26,542,0.6829,1,0,SALARIED,PHD,DIVORCED,PERSONAL,1
CUST-008781,48,195578.98,22,60283.77,48,21.49,419,0.5973,3,0,UNEMPLOYED,HIGH_SCHOOL,SINGLE,HOME,1
CUST-008782,65,24499.41,?,87043.01,48,22.13,778,0.5006,3,0,RETIRED,BACHELORS,SINGLE,BUSINESS,1
CUST-008783,62,18015.99,19,61996.31,12,24.36,843,0.1936,6,0,RETIRED,HIGH_SCHOOL,MARRIED,PERSONAL,0
CUST-008784,68,111932.48,27,68521.95,48,22.41,763,0.1555,2,0,SELF_EMPLOYED,MASTERS,MARRIED,EDUCATION,0
CUST-008785,48,105472.07,28,59763.87,60,16.38,715,0.5607,5,0,RETIRED,BACHELORS,SINGLE,PERSONAL,1
CUST-008786,45,57646.28,9,3984.69,36,22.61,611,0.0514,0,3,SALARIED,MASTERS,SINGLE,AUTO,1
CUST-008787,47,103592.32,29,18224.57,36,14.54,446,0.3575,6,0,SALARIED,HIGH_SCHOOL,MARRIED,BUSINESS,1
CUST-008788,51,61617.83,30,11301.67,36,20.30,848,0.4789,5,0,SELF_EMPLOYED,HIGH_SCHOOL,MARRIED,PERSONAL,0
CUST-008789,54,55348.74,6,52697.40,48,8.04,767,0.1263,2,0,SELF_EMPLOYED,PHD,DIVORCED,AUTO,1
CUST-008790,22,133497.72,4,28258.13,36,11.05,781,0.3680,1,0,RETIRED,BACHELORS,SINGLE,HOME,0
CUST-008791,33,85831.65,7,9448.15,48,6.83,402,0.3273,1,0,RETIRED,HIGH_SCHOOL,MARRIED,PERSONAL,1
CUST-008792,34,72445.36,16,87966.51,36,9.04,372,0.1516,2,0,SELF_EMPLOYED,HIGH_SCHOOL,SINGLE,EDUCATION,0
CUST-008793,42,178113.78,24,38098.39,48,20.43,681,0.6232,2,0,SELF_EMPLOYED,PHD,SINGLE,HOME,0
CUST-008794,62,100547.48,?,62618.52,60,21.67,506,0.4026,3,0,SALARIED,MASTERS,SINGLE,AUTO,1
CUST-008795,48,129615.48,30,50208.18,12,12.87,760,0.1007,5,0,SELF_EMPLOYED,HIGH_SCHOOL,DIVORCED,EDUCATION,0
CUST-008796,64,54860.72,27,46455.79,48,16.72,461,0.4969,6,0,SALARIED,BACHELORS,MARRIED,BUSINESS,0
CUST-008797,45,97517.65,2,43926.23,36,22.93,592,0.4998,4,0,SELF_EMPLOYED,HIGH_SCHOOL,DIVORCED,HOME,0
CUST-008798,25,57405.26,7,77115.32,12,9.55,722,0.5648,3,0,SALARIED,BACHELORS,DIVORCED,PERSONAL,0
CUST-008799,35,?,17,49277.47,24,8.09,438,0.5071,2,0,RETIRED,HIGH_SCHOOL,SINGLE,PERSONAL,1
CUST-008800,68,170580.31,10,45885.03,36,12.87,308,0.1739,2,1,SALARIED,PHD,SINGLE,HOME,1
CUST-008801,22,142807.78,1,29922.91,60,20.61,445,0.4556,5,1,RETIRED,HIGH_SCHOOL,MARRIED,PERSONAL,0
CUST-008802,23,72687.96,5,26885.16,48,24.17,603,0.4321,3,3,UNEMPLOYED,MASTERS,SINGLE,BUSINESS,1
CUST-008803,41,73466.99,2,53732.17,60,16.69,577,0.2443,5,0,UNEMPLOYED,MASTERS,DIVORCED,PERSONAL,1
CUST-008804,50,55554.21,10,22230.71,24,5.16,469,0.2030,4,0,SALARIED,HIGH_SCHOOL,MARRIED,HOME,0
CUST-008805,25,108990.15,7,39843.72,60,16.00,659,0.2840,0,0,SALARIED,MASTERS,DIVORCED,BUSINESS,0
CUST-008806,34,101354.34,16,86342.68,60,5.15,486,0.0700,0,0,UNEMPLOYED,HIGH_SCHOOL,MARRIED,BUSINESS,1
CUST-008807,58,183450.36,29,53576.99,48,20.57,383,0.3589,2,0,SALARIED,HIGH_SCHOOL,SINGLE,BUSINESS,1
CUST-008808,62,189599.36,2,83857.45,60,13.44,785,0.2927,6,0,SALARIED,PHD,MARRIED,HOME,0
CUST-008809,52,50346.36,30,44564.35,12,11.33,600,0.4953,2,0,SELF_EMPLOYED,PHD,SINGLE,BUSINESS,1
CUST-008810,22,74465.89,0,25451.89,24,21.16,368,0.1261,0,0,SALARIED,BACHELORS,SINGLE,BUSINESS,0
CUST-008811,56,40790.19,16,22194.21,24,19.55,740,0.5306,3,0,RETIRED,MASTERS,SINGLE,PERSONAL,0
CUST-008812,27,78407.41,9,29011.30,36,10.16,307,0.3468,1,0,SELF_EMPLOYED,BACHELORS,SINGLE,BUSINESS,0
CUST-008813,32,124718.00,14,66289.37,12,13.58,512,0.5732,4,0,RETIRED,BACHELORS,SINGLE,BUSINESS,0
CUST-008814,59,96984.55,29,11467.23,12,19.78,586,0.6570,1,0,SELF_EMPLOYED,MASTERS,DIVORCED,AUTO,1
CUST-008815,69,149380.56,24,55036.69,48,20.62,791,0.5735,5,0,SALARIED,MASTERS,DIVORCED,BUSINESS,0
CUST-008816,39,140522.14,3,41535.41,60,5.61,401,0.1833,6,0,UNEMPLOYED,BACHELORS,MARRIED,BUSINESS,1
CUST-008817,59,171499.53,3,58004.26,60,8.11,484,0.1813,1,0,UNEMPLOYED,MASTERS,MARRIED,BUSINESS,0
CUST-008818,31,144771.64,13,38608.20,60,24.15,453,0.6154,0,0,SELF_EMPLOYED,HIGH_SCHOOL,MARRIED,HOME,1
CUST-008819,46,144429.66,10,20705.53,12,24.71,849,0.3403,4,0,SALARIED,HIGH_SCHOOL,DIVORCED,AUTO,1
CUST-008820,53,164322.50,17,66747.34,60,13.37,627,0.4019,5,0,SALARIED,MASTERS,DIVORCED,BUSINESS,0
CUST-008821,24,134247.84,6,26022.73,36,14.87,443,0.4998,4,0,SALARIED,PHD,SINGLE,BUSINESS,0
CUST-008822,39,84135.53,9,83934.03,48,5.13,539,0.6658,4,0,UNEMPLOYED,MASTERS,SINGLE,AUTO,1
CUST-008823,28,110646.22,5,41295.55,12,7.26,?,0.2213,3,0,UNEMPLOYED,HIGH_SCHOOL,SINGLE,BUSINESS,0
CUST-008824,30,52517.72,6,20499.90,24,23.35,544,0.3009,2,0,SALARIED,MASTERS,SINGLE,HOME,0
CUST-008825,61,22228.50,5,74200.75,60,7.53,351,0.3412,4,0,SELF_EMPLOYED,MASTERS,MARRIED,EDUCATION,0
CUST-008826,31,98973.10,0,58596.92,60,18.21,689,0.6752,6,0,SELF_EMPLOYED,PHD,SINGLE,BUSINESS,1
CUST-008827,61,182361.38,11,20954.46,48,6.19,456,0.6852,1,0,SELF_EMPLOYED,MASTERS,MARRIED,AUTO,1
CUST-008828,34,33043.00,8,35722.95,48,19.59,750,0.1303,5,0,SELF_EMPLOYED,MASTERS,DIVORCED,HOME,1
CUST-008829,35,111724.07,1,11111.50,36,23.83,608,0.5363,4,0,RETIRED,HIGH_SCHOOL,DIVORCED,EDUCATION,1
CUST-008830,56,52583.20,11,85358.43,36,5.83,452,0.6205,3,0,RETIRED,HIGH_SCHOOL,SINGLE,AUTO,1
CUST-008831,63,64799.22,5,14657.30,60,13.00,477,0.6720,0,0,UNEMPLOYED,MASTERS,SINGLE,AUTO,0
CUST-008832,47,70617.16,21,47943.90,48,17.66,300,0.1501,3,0,UNEMPLOYED,PHD,DIVORCED,EDUCATION,1
CUST-008833,50,84332.01,18,24137.85,12,22.72,359,0.5426,6,2,UNEMPLOYED,BACHELORS,MARRIED,PERSONAL,0
CUST-008834,24,50066.99,6,89625.61,12,15.29,792,0.5609,2,0,SELF_EMPLOYED,MASTERS,DIVORCED,BUSINESS,0
CUST-008835,53,178108.41,30,82062.00,12,10.69,557,0.3366,6,0,UNEMPLOYED,PHD,MARRIED,PERSONAL,0
CUST-008836,60,64898.72,6,53032.26,36,15.50,629,0.4058,2,0,UNEMPLOYED,HIGH_SCHOOL,SINGLE,BUSINESS,0
CUST-008837,35,144775.50,3,16775.02,12,9.06,784,0.5173,4,0,SALARIED,HIGH_SCHOOL,SINGLE,HOME,1
CUST-008838,22,152083.76,4,6127.09,60,23.82,354,0.2845,3,0,UNEMPLOYED,BACHELORS,DIVORCED,HOME,1
CUST-008839,36,95102.96,3,84869.50,12,17.12,320,0.6279,5,0,SALARIED,PHD,MARRIED,EDUCATION,1
CUST-008840,45,118169.91,1,74905.55,36,15.20,724,0.5284,4,0,SELF_EMPLOYED,PHD,SINGLE,AUTO,0
CUST-008841,46,35971.74,28,78960.91,48,13.45,735,0.2946,0,0,SELF_EMPLOYED,PHD,SINGLE,AUTO,0
CUST-008842,36,38841.28,18,61212.55,48,8.74,533,0.2130,3,3,UNEMPLOYED,MASTERS,DIVORCED,EDUCATION,1
CUST-008843,25,36847.70,7,31603.40,60,11.27,442,0.6129,2,0,RETIRED,PHD,DIVORCED,PERSONAL,1
CUST-008844,57,82186.78,5,58571.90,12,17.51,487,0.4814,3,0,SALARIED,HIGH_SCHOOL,MARRIED,PERSONAL,1
CUST-008845,25,171147.02,7,26929.67,36,21.26,457,0.4182,6,0,UNEMPLOYED,PHD,MARRIED,EDUCATION,1
CUST-008846,57,158091.50,5,58724.88,36,23.49,379,0.2964,2,0,UNEMPLOYED,PHD,MARRIED,EDUCATION,1
CUST-008847,29,165707.99,7,84857.94,60,9.32,436,0.6871,2,0,UNEMPLOYED,PHD,MARRIED,EDUCATION,0
CUST-008848,69,69068.89,10,56958.95,36,14.26,444,0.6222,4,0,RETIRED,BACHELORS,DIVORCED,PERSONAL,0
CUST-008849,21,71405.73,3,73481.36,36,18.05,631,0.6986,0,3,UNEMPLOYED,PHD,DIVORCED,PERSONAL,1
CUST-008850,38,49839.42,11,19511.68,12,18.66,481,0.3280,6,0,UNEMPLOYED,BACHELORS,SINGLE,BUSINESS,1
CUST-008851,28,98384.63,10,85616.67,24,12.33,333,0.1138,1,2,UNEMPLOYED,PHD,MARRIED,BUSINESS,1
CUST-008852,44,74464.41,16,76063.49,24,22.90,381,0.3845,1,0,SALARIED,MASTERS,SINGLE,AUTO,1
CUST-008853,59,183797.19,18,30909.79,60,7.04,745,0.2135,4,0,SELF_EMPLOYED,MASTERS,SINGLE,EDUCATION,0
CUST-008854,64,58979.85,19,6237.51,60,12.91,697,0.6102,4,0,UNEMPLOYED,PHD,DIVORCED,EDUCATION,0
CUST-008855,55,21797.82,18,72287.35,36,11.99,464,0.4043,4,0,RETIRED,BACHELORS,SINGLE,EDUCATION,1
CUST-008856,55,88538.95,18,88410.08,60,13.70,492,0.3334,3,0,UNEMPLOYED,BACHELORS,DIVORCED,HOME,0
CUST-008857,62,168372.34,33,22359.87,24,15.18,376,0.2474,2,0,SALARIED,PHD,SINGLE,HOME,0
CUST-008858,27,143210.44,9,65558.29,60,8.59,?,0.2607,6,0,SELF_EMPLOYED,PHD,DIVORCED,EDUCATION,0
CUST-008859,58,147332.01,23,45221.98,36,8.00,318,0.3248,3,3,SALARIED,MASTERS,SINGLE,PERSONAL,1
CUST-008860,25,39859.46,7,14807.12,12,19.63,537,0.6682,4,0,SELF_EMPLOYED,HIGH_SCHOOL,SINGLE,HOME,1
CUST-008861,41,107843.98,20,79914.47,48,21.06,730,0.3949,2,0,SELF_EMPLOYED,BACHELORS,MARRIED,PERSONAL,1
CUST-008862,57,102615.87,10,57826.52,12,21.29,805,0.3466,4,0,SALARIED,PHD,DIVORCED,HOME,1
CUST-008863,48,187629.90,2,38931.95,36,23.99,527,0.2989,2,0,RETIRED,BACHELORS,MARRIED,HOME,0
CUST-008864,49,197953.48,7,31375.49,48,13.06,517,0.4276,2,0,SELF_EMPLOYED,BACHELORS,SINGLE,BUSINESS,0
CUST-008865,47,30695.81,28,57476.08,36,19.77,835,0.2796,5,0,RETIRED,MASTERS,MARRIED,HOME,1
CUST-008866,37,169356.98,15,73541.99,48,16.45,572,0.1544,1,0,UNEMPLOYED,HIGH_SCHOOL,SINGLE,HOME,1
CUST-008867,51,18276.31,29,31716.90,36,8.14,821,0.3791,2,3,SALARIED,MASTERS,MARRIED,HOME,1
CUST-008868,65,194200.44,9,12396.49,60,16.73,340,0.6858,6,0,SELF_EMPLOYED,HIGH_SCHOOL,SINGLE,PERSONAL,0
CUST-008869,58,195647.59,17,83560.70,24,14.49,692,0.4196,6,1,UNEMPLOYED,MASTERS,DIVORCED,PERSONAL,0
CUST-008870,23,147371.82,5,39301.04,24,18.67,449,0.4258,4,0,UNEMPLOYED,HIGH_SCHOOL,MARRIED,AUTO,0
CUST-008871,22,170470.99,3,89569.52,12,5.61,715,0.6678,6,0,UNEMPLOYED,BACHELORS,DIVORCED,EDUCATION,0
CUST-008872,40,124803.67,22,50023.90,60,10.29,728,0.5328,4,0,SALARIED,PHD,SINGLE,EDUCATION,0
CUST-008873,63,196017.46,25,7762.45,48,24.08,502,0.6651,1,0,RETIRED,PHD,DIVORCED,HOME,1
CUST-008874,30,31348.48,9,48628.42,60,10.32,675,0.3115,3,0,SELF_EMPLOYED,PHD,DIVORCED,AUTO,1
CUST-008875,24,193425.89,6,18945.59,36,11.41,667,0.4214,4,0,UNEMPLOYED,MASTERS,SINGLE,EDUCATION,0
CUST-008876,39,198325.79,21,68480.16,60,23.58,733,0.3347,5,0,UNEMPLOYED,BACHELORS,SINGLE,EDUCATION,1
CUST-008877,56,115275.76,1,51780.62,36,22.91,535,0.4526,1,0,RETIRED,PHD,SINGLE,AUTO,0
CUST-008878,23,193551.82,5,63147.57,36,9.64,384,0.3543,3,0,UNEMPLOYED,PHD,MARRIED,EDUCATION,0
CUST-008879,44,149034.37,21,75973.59,24,12.14,671,0.5875,5,2,RETIRED,MASTERS,SINGLE,PERSONAL,1
CUST-008880,54,122832.67,31,75857.13,12,12.90,809,0.4058,3,0,SALARIED,PHD,DIVORCED,EDUCATION,0
CUST-008881,47,35016.60,1,69971.52,36,10.19,661,0.0826,2,2,SALARIED,MASTERS,SINGLE,AUTO,0
CUST-008882,31,68704.50,13,52112.89,48,21.97,624,0.5223,3,0,SELF_EMPLOYED,PHD,DIVORCED,AUTO,1
CUST-008883,36,145271.05,4,51314.51,12,19.60,831,0.4390,0,0,RETIRED,BACHELORS,DIVORCED,BUSINESS,0
CUST-008884,23,62178.05,5,45451.81,12,8.76,492,0.3753,2,2,RETIRED,BACHELORS,SINGLE,AUTO,1
CUST-008885,31,43470.67,5,70329.84,36,10.03,768,0.4098,6,0,SALARIED,HIGH_SCHOOL,SINGLE,EDUCATION,0
CUST-008886,52,121834.55,23,19617.90,12,15.71,628,0.2235,3,0,UNEMPLOYED,PHD,MARRIED,PERSONAL,0
CUST-008887,28,45503.90,10,54917.76,48,18.35,421,0.2603,5,0,RETIRED,BACHELORS,SINGLE,BUSINESS,1
CUST-008888,50,39113.96,16,49456.95,48,20.42,713,0.2843,3,3,SALARIED,HIGH_SCHOOL,MARRIED,PERSONAL,1
CUST-008889,22,43601.46,4,32714.25,24,16.96,805,0.1138,0,0,SELF_EMPLOYED,BACHELORS,SINGLE,HOME,0
CUST-008890,24,62322.45,6,46014.92,24,14.56,722,0.4115,1,0,SALARIED,MASTERS,DIVORCED,HOME,0
CUST-008891,22,184746.94,4,62380.02,24,12.61,801,0.6054,0,0,UNEMPLOYED,PHD,SINGLE,HOME,0
CUST-008892,26,27544.30,1,88951.18,60,13.56,488,0.3291,4,0,SALARIED,MASTERS,MARRIED,PERSONAL,1
CUST-008893,27,145773.95,9,71552.97,48,23.15,370,0.3871,2,0,SELF_EMPLOYED,BACHELORS,SINGLE,EDUCATION,0
CUST-008894,68,105995.53,5,55439.84,60,17.86,618,0.6528,0,0,RETIRED,MASTERS,MARRIED,EDUCATION,0
CUST-008895,62,66750.12,18,19241.01,36,16.72,688,0.1327,2,0,SALARIED,PHD,SINGLE,AUTO,0
CUST-008896,64,38201.48,14,79926.92,24,15.09,640,0.5407,1,0,RETIRED,HIGH_SCHOOL,DIVORCED,AUTO,1
CUST-008897,53,161534.04,11,15692.72,12,20.22,775,0.4620,4,1,SALARIED,MASTERS,DIVORCED,BUSINESS,0
CUST-008898,53,22904.88,9,64112.18,36,14.71,720,0.5176,2,0,RETIRED,PHD,SINGLE,AUTO,0
CUST-008899,29,181500.45,11,11119.45,12,13.79,704,0.3971,6,0,RETIRED,HIGH_SCHOOL,MARRIED,HOME,0
CUST-008900,58,124135.60,17,22557.29,60,21.52,448,0.6474,6,0,SALARIED,BACHELORS,SINGLE,AUTO,0
CUST-008901,53,107721.99,2,28266.67,48,13.79,588,0.4275,5,2,UNEMPLOYED,HIGH_SCHOOL,SINGLE,PERSONAL,0
CUST-008902,57,171104.58,23,63973.35,12,16.93,377,0.6592,3,0,RETIRED,BACHELORS,DIVORCED,HOME,1
CUST-008903,48,102570.68,30,16307.79,48,10.45,494,0.6906,6,3,SALARIED,MASTERS,MARRIED,HOME,1
CUST-008904,66,165355.33,27,31469.83,60,20.91,545,0.3559,6,0,UNEMPLOYED,BACHELORS,SINGLE,BUSINESS,1
CUST-008905,31,127181.17,6,64164.58,48,22.12,533,0.0664,2,0,UNEMPLOYED,BACHELORS,SINGLE,AUTO,1
CUST-008906,40,89200.31,8,42528.53,24,8.08,420,0.4369,4,3,SELF_EMPLOYED,MASTERS,DIVORCED,BUSINESS,1
CUST-008907,27,127865.06,9,67291.54,60,19.03,320,0.5401,0,0,SALARIED,PHD,DIVORCED,BUSINESS,0
CUST-008908,46,69213.74,1,65601.42,24,18.82,611,0.0596,0,0,UNEMPLOYED,MASTERS,DIVORCED,BUSINESS,0
CUST-008909,31,92738.99,3,61475.68,12,14.91,352,0.5595,4,0,SELF_EMPLOYED,PHD,SINGLE,EDUCATION,1
CUST-008910,42,129656.38,6,69025.49,60,13.62,845,0.6013,5,0,SALARIED,HIGH_SCHOOL,MARRIED,PERSONAL,0
CUST-008911,22,20186.33,4,37968.37,24,14.71,596,0.2303,6,0,SALARIED,MASTERS,DIVORCED,AUTO,0
CUST-008912,31,54727.46,13,57398.88,60,12.81,584,0.5694,0,0,SELF_EMPLOYED,PHD,MARRIED,AUTO,0
CUST-008913,41,122673.88,?,17562.06,24,18.63,479,0.2086,1,0,RETIRED,BACHELORS,SINGLE,HOME,0
CUST-008914,21,75799.03,3,58627.76,60,13.20,742,0.6240,1,0,RETIRED,MASTERS,MARRIED,HOME,1
CUST-008915,23,36653.69,5,33006.96,36,20.40,729,0.4241,4,0,UNEMPLOYED,PHD,DIVORCED,AUTO,1
CUST-008916,60,128540.42,15,3719.27,24,13.41,454,0.1103,5,0,UNEMPLOYED,PHD,DIVORCED,EDUCATION,1
CUST-008917,67,48613.57,29,55583.53,36,8.37,618,0.1319,2,0,UNEMPLOYED,BACHELORS,DIVORCED,EDUCATION,0
CUST-008918,46,52336.08,20,74095.38,12,17.36,701,0.5440,0,0,SALARIED,BACHELORS,DIVORCED,AUTO,1
CUST-008919,54,69420.06,34,52630.28,60,13.11,332,0.6391,5,0,UNEMPLOYED,MASTERS,DIVORCED,EDUCATION,1
CUST-008920,23,160977.53,5,78394.73,12,21.06,688,0.3053,3,1,RETIRED,PHD,SINGLE,HOME,1
CUST-008921,69,27556.81,31,72880.86,12,21.51,542,0.4493,0,2,SELF_EMPLOYED,BACHELORS,MARRIED,EDUCATION,1
CUST-008922,33,63721.50,15,35475.00,24,14.92,672,0.6600,2,1,SELF_EMPLOYED,MASTERS,SINGLE,EDUCATION,1
CUST-008923,63,81946.84,33,53127.52,12,7.22,475,0.1564,0,1,RETIRED,HIGH_SCHOOL,MARRIED,PERSONAL,1
CUST-008924,47,199233.89,9,28824.48,48,20.94,401,0.3424,3,3,SELF_EMPLOYED,MASTERS,SINGLE,PERSONAL,0
CUST-008925,67,100108.86,?,84264.59,48,17.15,522,0.0574,6,0,RETIRED,MASTERS,DIVORCED,EDUCATION,0
CUST-008926,49,55846.35,27,56082.24,24,21.42,711,0.2313,3,0,UNEMPLOYED,HIGH_SCHOOL,DIVORCED,AUTO,1
CUST-008927,67,184972.19,14,55380.83,48,6.09,366,0.4452,1,1,UNEMPLOYED,MASTERS,DIVORCED,PERSONAL,1
CUST-008928,45,98754.35,27,72011.18,60,12.38,514,0.4848,6,0,RETIRED,BACHELORS,DIVORCED,AUTO,1
CUST-008929,67,63242.25,8,5358.99,60,15.84,641,0.5421,6,0,SALARIED,BACHELORS,SINGLE,HOME,0
CUST-008930,38,102022.50,20,73693.35,12,12.40,361,0.3733,6,0,UNEMPLOYED,PHD,SINGLE,EDUCATION,1
CUST-008931,63,48139.68,8,84769.70,48,22.68,647,0.5591,3,0,SALARIED,MASTERS,SINGLE,AUTO,1
CUST-008932,65,75151.09,14,78751.95,36,21.41,689,0.0535,2,0,UNEMPLOYED,MASTERS,DIVORCED,BUSINESS,1
CUST-008933,53,163640.57,10,48078.40,24,15.53,383,0.3423,0,0,SALARIED,HIGH_SCHOOL,MARRIED,HOME,1
CUST-008934,68,184896.03,19,27859.67,24,19.32,560,0.2275,1,0,SELF_EMPLOYED,HIGH_SCHOOL,SINGLE,PERSONAL,1
CUST-008935,70,189512.19,27,78317.65,12,13.53,585,0.2922,5,0,SALARIED,PHD,MARRIED,BUSINESS,0
CUST-008936,45,186993.92,2,38824.24,48,19.01,572,0.1883,3,0,UNEMPLOYED,BACHELORS,MARRIED,HOME,1
CUST-008937,40,109006.87,21,88718.94,48,5.35,555,0.2408,4,2,SALARIED,BACHELORS,DIVORCED,AUTO,1
CUST-008938,61,108234.60,7,77063.65,36,15.87,556,0.4902,2,0,RETIRED,PHD,DIVORCED,EDUCATION,0
CUST-008939,42,143794.54,19,11076.05,24,10.92,562,0.6264,1,0,SELF_EMPLOYED,BACHELORS,SINGLE,BUSINESS,0
CUST-008940,63,167538.31,18,33672.45,60,22.69,485,0.4149,0,0,UNEMPLOYED,BACHELORS,DIVORCED,HOME,0
CUST-008941,51,183579.36,21,34486.33,60,18.70,597,0.0646,6,0,SALARIED,BACHELORS,DIVORCED,HOME,0
CUST-008942,57,145882.46,21,43343.75,12,14.76,567,0.2972,4,0,SALARIED,BACHELORS,DIVORCED,BUSINESS,0
CUST-008943,39,135626.97,21,53697.39,36,17.47,581,0.6238,6,0,SELF_EMPLOYED,PHD,DIVORCED,HOME,1
CUST-008944,57,89732.62,7,32824.88,12,20.32,582,0.4114,5,0,RETIRED,BACHELORS,MARRIED,BUSINESS,1
CUST-008945,40,50543.68,22,38533.96,36,22.24,355,0.1510,4,1,RETIRED,BACHELORS,MARRIED,EDUCATION,1
CUST-008946,38,158532.75,?,88473.74,24,24.73,398,0.4469,5,0,SALARIED,BACHELORS,DIVORCED,BUSINESS,0
CUST-008947,65,35246.79,26,78733.94,12,13.89,701,0.1350,6,0,SALARIED,BACHELORS,DIVORCED,EDUCATION,1
CUST-008948,54,156482.22,13,80822.54,12,8.02,769,0.0611,0,0,RETIRED,MASTERS,DIVORCED,BUSINESS,1
CUST-008949,45,21285.26,7,63043.80,36,13.72,325,0.2174,0,0,SELF_EMPLOYED,MASTERS,SINGLE,BUSINESS,1
CUST-008950,47,87516.71,20,57917.36,60,16.43,311,0.3583,0,0,SELF_EMPLOYED,BACHELORS,MARRIED,BUSINESS,0
CUST-008951,29,105754.87,11,55848.94,36,8.67,352,0.2343,3,2,UNEMPLOYED,MASTERS,DIVORCED,EDUCATION,1
CUST-008952,40,111131.97,22,86030.14,48,11.50,760,0.1985,4,0,UNEMPLOYED,MASTERS,SINGLE,PERSONAL,0
CUST-008953,30,67966.69,12,6989.50,36,13.24,503,0.6400,4,0,RETIRED,MASTERS,MARRIED,HOME,1
CUST-008954,56,114144.80,25,7403.44,48,23.55,784,0.4816,3,0,SELF_EMPLOYED,HIGH_SCHOOL,DIVORCED,BUSINESS,0
CUST-008955,58,136015.28,6,77139.83,36,21.45,424,0.3354,0,0,SELF_EMPLOYED,BACHELORS,SINGLE,EDUCATION,0
CUST-008956,37,145434.35,10,25037.94,24,5.13,467,0.2076,1,1,UNEMPLOYED,PHD,MARRIED,BUSINESS,1
CUST-008957,50,44798.28,22,41830.31,12,24.36,445,0.4288,1,0,SALARIED,HIGH_SCHOOL,MARRIED,AUTO,1
CUST-008958,54,112159.05,10,48858.12,12,14.84,813,0.0881,1,0,RETIRED,BACHELORS,DIVORCED,BUSINESS,0
CUST-008959,66,53206.41,12,45029.23,36,10.35,741,0.2086,1,0,RETIRED,MASTERS,MARRIED,BUSINESS,0
CUST-008960,33,149214.48,15,26608.37,24,21.59,745,0.5954,3,0,SALARIED,PHD,SINGLE,HOME,1
CUST-008961,47,72950.08,2,27292.99,60,12.69,438,0.5983,3,0,UNEMPLOYED,BACHELORS,SINGLE,HOME,0
CUST-008962,41,19603.73,3,26883.81,24,14.03,483,0.2857,4,0,SALARIED,MASTERS,DIVORCED,AUTO,0
CUST-008963,53,18859.64,28,82471.56,24,21.64,574,0.3588,4,0,SALARIED,BACHELORS,SINGLE,HOME,1
CUST-008964,47,136337.76,0,59662.44,36,23.61,499,0.2165,4,0,UNEMPLOYED,PHD,DIVORCED,BUSINESS,1
CUST-008965,59,28023.70,8,9712.30,36,12.15,823,0.4108,1,0,RETIRED,MASTERS,SINGLE,EDUCATION,1
CUST-008966,42,139105.55,3,89340.28,12,24.17,477,0.6326,0,1,RETIRED,MASTERS,SINGLE,AUTO,1
CUST-008967,70,130244.56,34,79333.57,12,23.71,346,0.4804,3,0,SELF_EMPLOYED,PHD,SINGLE,PERSONAL,1
CUST-008968,62,153763.15,5,76279.69,36,19.26,585,0.5846,4,0,UNEMPLOYED,PHD,DIVORCED,AUTO,1
CUST-008969,46,109843.36,9,65842.90,60,7.00,544,0.4879,1,0,UNEMPLOYED,PHD,DIVORCED,HOME,1
CUST-008970,28,198489.42,8,70211.04,48,8.69,751,0.4001,3,0,RETIRED,BACHELORS,MARRIED,EDUCATION,0
CUST-008971,48,48153.23,4,21056.32,48,18.75,460,0.0731,3,0,RETIRED,BACHELORS,SINGLE,EDUCATION,1
CUST-008972,45,46036.37,8,79168.15,36,9.96,399,0.3320,6,0,SELF_EMPLOYED,MASTERS,DIVORCED,HOME,0
CUST-008973,32,143628.04,8,53101.02,48,14.59,747,0.6990,1,0,RETIRED,HIGH_SCHOOL,MARRIED,BUSINESS,1
CUST-008974,33,182783.33,15,12115.05,12,19.64,550,0.4123,4,0,SELF_EMPLOYED,MASTERS,SINGLE,EDUCATION,0
CUST-008975,66,167867.06,34,19555.03,12,15.59,377,0.4939,1,0,UNEMPLOYED,MASTERS,MARRIED,BUSINESS,1
CUST-008976,33,46907.53,15,84867.46,36,21.57,550,0.1543,1,0,UNEMPLOYED,MASTERS,SINGLE,PERSONAL,0
CUST-008977,61,145919.07,5,65664.76,48,15.52,535,0.2897,4,2,RETIRED,BACHELORS,DIVORCED,BUSINESS,0
CUST-008978,25,112375.72,7,60910.77,60,19.63,817,0.5869,6,0,SELF_EMPLOYED,PHD,MARRIED,HOME,0
CUST-008979,34,34161.72,2,46450.87,36,11.83,352,0.5589,6,0,SALARIED,HIGH_SCHOOL,DIVORCED,AUTO,1
CUST-008980,59,193414.56,5,19466.88,60,14.58,683,0.6681,4,0,SELF_EMPLOYED,HIGH_SCHOOL,MARRIED,BUSINESS,0
CUST-008981,61,89524.49,3,38642.89,12,24.83,826,0.4161,5,0,RETIRED,BACHELORS,DIVORCED,EDUCATION,1
CUST-008982,60,148889.57,34,11128.45,36,20.43,324,0.1658,4,0,SALARIED,BACHELORS,MARRIED,AUTO,0
CUST-008983,58,123617.05,24,25621.51,12,9.17,756,0.1184,0,0,RETIRED,PHD,DIVORCED,AUTO,0
CUST-008984,37,168239.29,19,40653.10,24,13.48,794,0.4705,5,0,RETIRED,MASTERS,SINGLE,HOME,1
CUST-008985,67,50716.37,8,78308.16,36,23.05,812,0.6026,3,0,UNEMPLOYED,PHD,MARRIED,PERSONAL,1
CUST-008986,69,87811.16,20,64914.59,12,11.02,330,0.2269,1,0,SELF_EMPLOYED,MASTERS,SINGLE,AUTO,1
CUST-008987,50,42476.55,14,86560.34,48,10.89,463,0.1567,3,0,SALARIED,BACHELORS,SINGLE,EDUCATION,0
CUST-008988,53,98352.70,5,81598.32,48,14.35,659,0.1916,4,0,UNEMPLOYED,HIGH_SCHOOL,MARRIED,EDUCATION,0
CUST-008989,66,93380.12,34,62946.00,60,16.75,428,0.5978,2,0,UNEMPLOYED,PHD,SINGLE,HOME,1
CUST-008990,47,104444.16,1,78935.06,24,8.23,830,0.4961,6,0,SALARIED,BACHELORS,MARRIED,AUTO,1
CUST-008991,49,91695.68,13,10069.36,60,23.64,441,0.5692,2,0,SELF_EMPLOYED,PHD,SINGLE,EDUCATION,1
CUST-008992,33,85515.72,12,37434.12,48,9.38,713,0.0778,4,0,SELF_EMPLOYED,BACHELORS,DIVORCED,HOME,1
CUST-008993,42,53694.72,14,59150.03,12,5.71,636,0.5218,4,2,SALARIED,HIGH_SCHOOL,SINGLE,PERSONAL,1
CUST-008994,38,165081.05,5,63447.74,48,18.36,762,0.4098,2,0,UNEMPLOYED,MASTERS,DIVORCED,HOME,0
CUST-008995,65,144181.69,23,30164.32,12,16.82,740,0.0830,1,0,UNEMPLOYED,HIGH_SCHOOL,DIVORCED,PERSONAL,1
CUST-008996,43,171289.15,10,58137.71,48,11.56,519,0.6060,6,0,SELF_EMPLOYED,PHD,MARRIED,PERSONAL,1
CUST-008997,64,176441.75,31,88177.08,36,12.40,704,0.0584,5,0,SALARIED,BACHELORS,DIVORCED,AUTO,0
CUST-008998,54,182282.78,12,22703.00,48,7.08,569,0.1856,2,0,SALARIED,PHD,DIVORCED,HOME,0
CUST-008999,47,159017.91,29,44112.71,36,20.18,550,0.4049,4,0,RETIRED,MASTERS,MARRIED,BUSINESS,0
CUST-009000,48,119363.13,29,72951.89,36,10.97,302,0.4175,5,1,UNEMPLOYED,HIGH_SCHOOL,MARRIED,EDUCATION,1
CUST-009001,22,194081.48,4,12397.87,24,15.83,791,0.2716,0,0,SELF_EMPLOYED,PHD,SINGLE,PERSONAL,0
CUST-009002,38,92748.50,9,63199.72,24,17.40,743,0.6546,2,0,RETIRED,BACHELORS,DIVORCED,EDUCATION,1
CUST-009003,21,121451.31,3,27493.11,12,19.96,736,0.0764,3,1,SALARIED,BACHELORS,DIVORCED,PERSONAL,1
CUST-009004,58,85511.46,16,59405.58,36,20.89,400,0.3044,5,0,UNEMPLOYED,BACHELORS,DIVORCED,HOME,1
CUST-009005,54,81254.40,0,61334.65,48,10.21,641,0.1189,1,0,RETIRED,PHD,DIVORCED,HOME,0
CUST-009006,43,112191.04,14,5578.14,24,13.65,438,0.5962,4,0,RETIRED,BACHELORS,DIVORCED,AUTO,1
CUST-009007,26,80821.60,8,40410.04,60,15.61,401,0.5253,6,0,SALARIED,HIGH_SCHOOL,SINGLE,PERSONAL,1
CUST-009008,59,192613.12,9,18480.26,12,24.99,?,0.5855,1,0,UNEMPLOYED,PHD,MARRIED,HOME,1
CUST-009009,50,52006.55,9,43309.15,60,22.97,360,0.6718,4,0,UNEMPLOYED,BACHELORS,SINGLE,HOME,1
CUST-009010,65,156467.65,23,32564.75,12,24.74,637,0.2433,4,0,SALARIED,PHD,MARRIED,BUSINESS,0
CUST-009011,48,168198.20,10,29168.84,48,24.10,745,0.5228,0,0,RETIRED,HIGH_SCHOOL,DIVORCED,BUSINESS,0
CUST-009012,39,115864.11,5,24928.32,48,16.50,706,0.1175,1,0,UNEMPLOYED,BACHELORS,DIVORCED,PERSONAL,0
CUST-009013,61,41908.91,16,18225.82,36,6.93,638,0.1784,4,0,SALARIED,BACHELORS,MARRIED,BUSINESS,1
CUST-009014,44,161072.06,26,55596.43,60,6.36,553,0.6819,2,0,RETIRED,HIGH_SCHOOL,SINGLE,AUTO,0
CUST-009015,33,100372.04,15,88922.47,36,12.73,652,0.1504,0,0,UNEMPLOYED,HIGH_SCHOOL,MARRIED,AUTO,0
CUST-009016,38,80688.45,18,51202.20,60,19.85,477,0.6754,5,0,RETIRED,MASTERS,SINGLE,PERSONAL,0
CUST-009017,35,59460.49,6,58620.61,36,19.34,364,0.3657,6,0,SELF_EMPLOYED,HIGH_SCHOOL,MARRIED,BUSINESS,1
CUST-009018,47,108119.10,23,21488.57,12,10.31,502,0.6279,4,0,UNEMPLOYED,MASTERS,DIVORCED,PERSONAL,1
CUST-009019,44,104850.97,8,38183.77,12,11.90,753,0.4141,6,0,RETIRED,BACHELORS,SINGLE,PERSONAL,0
CUST-009020,44,49389.94,17,36512.05,12,19.18,786,0.5441,4,0,SELF_EMPLOYED,MASTERS,MARRIED,EDUCATION,0
CUST-009021,38,165550.80,20,36530.96,48,7.33,515,0.5521,6,3,RETIRED,MASTERS,MARRIED,EDUCATION,1
CUST-009022,43,52916.78,17,34322.28,24,7.88,611,0.6284,2,0,SELF_EMPLOYED,BACHELORS,MARRIED,EDUCATION,1
CUST-009023,62,62940.17,21,87795.94,36,9.48,741,0.0512,2,2,SELF_EMPLOYED,PHD,SINGLE,EDUCATION,1
CUST-009024,61,49834.39,8,14712.65,36,17.32,318,0.3857,2,0,SELF_EMPLOYED,MASTERS,SINGLE,PERSONAL,1
CUST-009025,26,?,8,83313.54,24,17.56,765,0.6739,2,3,SALARIED,HIGH_SCHOOL,MARRIED,EDUCATION,1
CUST-009026,35,161603.32,4,87143.95,48,13.76,672,0.6354,1,0,UNEMPLOYED,BACHELORS,SINGLE,PERSONAL,1
CUST-009027,48,31504.35,3,22537.45,48,15.77,533,0.1476,0,0,SELF_EMPLOYED,MASTERS,MARRIED,HOME,0
CUST-009028,42,158676.81,24,68812.20,12,5.60,326,0.5399,6,0,UNEMPLOYED,HIGH_SCHOOL,DIVORCED,HOME,0
CUST-009029,21,145417.12,3,15910.28,36,19.98,747,0.4144,6,0,RETIRED,PHD,DIVORCED,EDUCATION,0
CUST-009030,47,76999.62,29,87567.30,60,18.01,837,0.6581,3,1,SELF_EMPLOYED,BACHELORS,DIVORCED,BUSINESS,1
CUST-009031,51,67235.32,21,70808.85,48,24.62,754,0.5772,1,0,SELF_EMPLOYED,MASTERS,DIVORCED,EDUCATION,0
CUST-009032,41,57564.85,23,69046.78,36,5.74,824,0.6494,5,0,RETIRED,MASTERS,SINGLE,PERSONAL,0
CUST-009033,69,150689.52,3,29294.31,24,21.42,760,0.3913,5,0,SELF_EMPLOYED,MASTERS,MARRIED,AUTO,1
CUST-009034,46,136964.44,28,6979.12,12,18.88,399,0.3065,1,0,RETIRED,PHD,MARRIED,AUTO,0
CUST-009035,31,178293.88,13,22835.41,36,20.21,379,0.5196,6,0,RETIRED,MASTERS,DIVORCED,EDUCATION,0
CUST-009036,46,80290.81,19,18012.28,48,6.96,360,0.2840,6,0,SALARIED,HIGH_SCHOOL,DIVORCED,BUSINESS,0
CUST-009037,64,60077.90,29,86798.88,24,14.02,806,0.0848,2,0,SELF_EMPLOYED,MASTERS,SINGLE,AUTO,0
CUST-009038,65,178443.04,26,26337.67,48,14.27,382,0.2854,3,0,SALARIED,MASTERS,DIVORCED,AUTO,0
CUST-009039,32,86610.77,14,54457.48,60,23.20,507,0.2932,3,0,RETIRED,HIGH_SCHOOL,MARRIED,AUTO,0
CUST-009040,43,130517.23,13,67938.77,48,14.86,586,0.4879,3,0,SALARIED,HIGH_SCHOOL,SINGLE,PERSONAL,1
CUST-009041,65,117130.74,5,17402.42,60,18.53,840,0.3019,0,0,SALARIED,MASTERS,DIVORCED,PERSONAL,0
CUST-009042,63,122332.85,6,59496.97,48,12.18,824,0.1385,1,1,UNEMPLOYED,BACHELORS,SINGLE,AUTO,0
CUST-009043,55,105721.04,15,42850.61,48,22.83,310,0.5658,0,0,UNEMPLOYED,BACHELORS,SINGLE,PERSONAL,1
CUST-009044,67,24827.03,4,21021.19,60,20.51,725,0.4799,3,0,SELF_EMPLOYED,BACHELORS,SINGLE,HOME,1
CUST-009045,35,115920.84,14,49461.03,36,5.82,703,0.6818,6,2,SALARIED,HIGH_SCHOOL,SINGLE,PERSONAL,1
CUST-009046,67,81646.03,25,44930.12,60,8.03,533,0.5869,4,0,SALARIED,MASTERS,DIVORCED,PERSONAL,1
CUST-009047,54,68697.57,16,58751.31,36,13.20,672,0.2314,0,0,RETIRED,HIGH_SCHOOL,DIVORCED,EDUCATION,0
CUST-009048,54,126255.59,4,28315.77,24,20.04,495,0.6379,1,0,SALARIED,BACHELORS,DIVORCED,BUSINESS,1
CUST-009049,22,170456.42,4,36851.02,36,24.26,603,0.3198,5,0,SALARIED,MASTERS,MARRIED,PERSONAL,1
CUST-009050,22,117695.21,4,84940.53,24,23.54,612,0.4061,1,0,RETIRED,MASTERS,SINGLE,HOME,0
CUST-009051,54,63489.92,23,25722.22,24,12.84,408,0.5193,3,2,SELF_EMPLOYED,PHD,MARRIED,HOME,1
CUST-009052,31,36109.15,13,68603.93,48,15.33,659,0.1571,1,3,SELF_EMPLOYED,PHD,SINGLE,AUTO,1
CUST-009053,25,95157.46,0,35845.07,12,11.16,?,0.3724,3,2,UNEMPLOYED,MASTERS,MARRIED,PERSONAL,1
CUST-009054,33,158620.80,15,73719.15,36,21.38,819,0.3175,5,0,RETIRED,HIGH_SCHOOL,SINGLE,HOME,0
CUST-009055,68,66528.43,2,34543.38,24,8.06,494,0.6650,0,0,RETIRED,BACHELORS,MARRIED,EDUCATION,0
CUST-009056,24,81567.43,6,77902.92,36,16.37,585,0.0772,2,0,SALARIED,BACHELORS,SINGLE,BUSINESS,1
CUST-009057,26,95926.47,8,89296.79,12,15.63,325,0.5391,4,2,RETIRED,BACHELORS,DIVORCED,BUSINESS,1
CUST-009058,21,109471.01,3,34635.76,12,17.49,823,0.2307,3,0,UNEMPLOYED,PHD,MARRIED,AUTO,1
CUST-009059,62,18612.76,11,32608.92,36,24.88,379,0.6061,5,1,SELF_EMPLOYED,MASTERS,DIVORCED,AUTO,1
CUST-009060,24,72020.60,6,76582.22,36,22.37,771,0.0588,2,0,SELF_EMPLOYED,MASTERS,SINGLE,EDUCATION,1
CUST-009061,64,105645.09,4,75944.02,36,19.22,391,0.1723,2,0,SELF_EMPLOYED,HIGH_SCHOOL,SINGLE,AUTO,1
CUST-009062,60,23585.84,7,56014.33,36,14.61,642,0.2502,5,0,SELF_EMPLOYED,PHD,SINGLE,BUSINESS,0
CUST-009063,46,188390.72,10,63987.78,24,8.18,699,0.2372,5,0,SELF_EMPLOYED,HIGH_SCHOOL,DIVORCED,AUTO,0
CUST-009064,67,117959.04,22,5579.56,48,22.12,309,0.2413,4,0,SALARIED,PHD,SINGLE,HOME,0
CUST-009065,66,95940.67,14,79810.63,12,14.44,569,0.5373,3,0,RETIRED,BACHELORS,MARRIED,EDUCATION,1
CUST-009066,48,185756.00,17,85172.81,36,16.02,758,0.5101,1,0,UNEMPLOYED,BACHELORS,DIVORCED,HOME,1
CUST-009067,26,80641.23,3,42335.74,12,24.40,698,0.4726,2,0,SELF_EMPLOYED,MASTERS,MARRIED,HOME,0
CUST-009068,46,32449.40,24,14724.66,60,11.85,514,0.1968,5,0,SALARIED,BACHELORS,DIVORCED,BUSINESS,1
CUST-009069,21,85262.97,3,22920.96,24,16.23,455,0.1281,2,0,UNEMPLOYED,PHD,SINGLE,HOME,1
CUST-009070,49,111206.52,2,41681.40,48,11.32,467,0.6571,1,0,SELF_EMPLOYED,BACHELORS,MARRIED,BUSINESS,1
CUST-009071,33,168779.08,3,22541.06,48,5.25,511,0.1876,2,0,SALARIED,BACHELORS,DIVORCED,BUSINESS,0
CUST-009072,24,69595.75,6,82493.08,60,16.51,696,0.5019,4,0,UNEMPLOYED,BACHELORS,DIVORCED,BUSINESS,0
CUST-009073,55,68978.62,27,33565.79,48,19.18,350,0.3680,4,0,SALARIED,BACHELORS,SINGLE,HOME,1
CUST-009074,69,47218.41,4,72204.59,48,11.06,318,0.4656,6,1,RETIRED,HIGH_SCHOOL,DIVORCED,PERSONAL,1
CUST-009075,44,184979.25,26,36660.86,36,20.33,592,0.4805,4,0,RETIRED,HIGH_SCHOOL,DIVORCED,BUSINESS,0
CUST-009076,48,174703.64,22,45565.76,36,14.06,386,0.0958,0,0,UNEMPLOYED,PHD,MARRIED,EDUCATION,1
CUST-009077,48,136835.31,15,53120.80,24,14.77,530,0.3530,3,0,SALARIED,BACHELORS,SINGLE,PERSONAL,0
CUST-009078,51,22298.38,25,72711.04,48,20.21,553,0.2899,4,0,SELF_EMPLOYED,PHD,SINGLE,BUSINESS,1
CUST-009079,25,125844.67,0,50327.30,24,9.06,406,0.6233,0,0,RETIRED,HIGH_SCHOOL,SINGLE,HOME,0
CUST-009080,44,156236.93,13,65010.48,24,5.34,838,0.1619,2,0,SELF_EMPLOYED,BACHELORS,MARRIED,HOME,0
CUST-009081,23,198620.88,2,18956.49,24,22.27,398,0.5542,4,0,SALARIED,PHD,SINGLE,BUSINESS,0
CUST-009082,66,?,15,23568.57,36,20.03,320,0.4903,0,0,RETIRED,MASTERS,MARRIED,AUTO,1
CUST-009083,58,70171.25,29,7830.79,60,5.90,590,0.0769,3,0,RETIRED,HIGH_SCHOOL,MARRIED,HOME,0
CUST-009084,62,47646.32,7,72095.65,36,15.33,813,0.4195,4,0,SELF_EMPLOYED,PHD,MARRIED,PERSONAL,0
CUST-009085,53,76396.11,17,16558.62,36,12.96,741,0.6408,4,0,SELF_EMPLOYED,HIGH_SCHOOL,MARRIED,PERSONAL,0
CUST-009086,29,96985.42,11,6993.44,36,5.28,843,0.2139,0,0,SELF_EMPLOYED,HIGH_SCHOOL,DIVORCED,BUSINESS,0
CUST-009087,46,180496.48,18,89457.60,24,12.25,760,0.6428,3,0,SELF_EMPLOYED,BACHELORS,MARRIED,BUSINESS,1
CUST-009088,29,178000.39,11,71894.66,60,12.49,388,0.1842,0,0,RETIRED,MASTERS,DIVORCED,PERSONAL,1
CUST-009089,42,71044.24,24,69610.48,36,8.21,847,0.4775,2,0,SELF_EMPLOYED,BACHELORS,MARRIED,EDUCATION,1
CUST-009090,53,94111.79,14,4187.12,24,13.93,699,0.6371,0,0,RETIRED,PHD,SINGLE,AUTO,0
CUST-009091,44,186113.18,17,52931.94,60,22.84,620,0.5554,3,0,SALARIED,BACHELORS,SINGLE,BUSINESS,0
CUST-009092,62,138247.03,21,64295.08,24,24.74,382,0.4548,4,0,UNEMPLOYED,HIGH_SCHOOL,MARRIED,PERSONAL,1
CUST-009093,52,188864.66,8,32509.38,60,11.80,529,0.0516,4,0,RETIRED,BACHELORS,SINGLE,AUTO,0
CUST-009094,36,185529.76,18,60906.75,12,20.87,707,0.1613,5,0,UNEMPLOYED,BACHELORS,MARRIED,AUTO,0
CUST-009095,52,19720.63,32,81753.47,24,9.46,341,0.3848,5,0,SELF_EMPLOYED,MASTERS,SINGLE,PERSONAL,1
CUST-009096,27,71288.58,9,85312.28,60,22.11,813,0.6227,0,0,UNEMPLOYED,PHD,SINGLE,EDUCATION,1
CUST-009097,35,104937.90,17,51836.29,48,9.19,395,0.3711,5,0,SELF_EMPLOYED,PHD,SINGLE,HOME,0
CUST-009098,38,57544.72,20,32443.71,24,12.05,848,0.1416,1,0,SELF_EMPLOYED,MASTERS,SINGLE,EDUCATION,0
CUST-009099,52,119970.52,12,17163.27,36,23.54,466,0.4887,4,0,SALARIED,BACHELORS,DIVORCED,AUTO,1
CUST-009100,62,31160.33,29,18596.72,12,16.78,753,0.2095,0,0,SELF_EMPLOYED,HIGH_SCHOOL,SINGLE,AUTO,0
CUST-009101,47,111238.52,12,3468.34,36,13.61,826,0.5718,2,0,SALARIED,BACHELORS,SINGLE,HOME,1
CUST-009102,61,110995.04,16,13431.88,24,12.09,663,0.2878,3,3,UNEMPLOYED,HIGH_SCHOOL,DIVORCED,HOME,1
CUST-009103,66,97171.39,6,81715.24,48,21.38,352,0.0885,4,0,RETIRED,MASTERS,SINGLE,PERSONAL,0
CUST-009104,51,41778.79,4,88533.82,12,17.33,663,0.4416,5,0,SALARIED,PHD,MARRIED,HOME,0
CUST-009105,60,93882.47,10,47064.81,24,15.60,495,0.3317,3,0,UNEMPLOYED,PHD,SINGLE,AUTO,0
CUST-009106,56,75256.26,32,80450.62,36,9.76,331,0.5676,5,0,UNEMPLOYED,PHD,MARRIED,EDUCATION,1
CUST-009107,40,166697.11,10,6414.50,36,8.09,485,0.5295,5,0,SALARIED,PHD,SINGLE,PERSONAL,1
CUST-009108,34,135052.78,7,17682.15,60,7.10,348,0.4584,6,0,RETIRED,HIGH_SCHOOL,MARRIED,PERSONAL,0
CUST-009109,35,140249.89,17,76027.04,36,5.46,?,0.5157,0,0,UNEMPLOYED,MASTERS,MARRIED,AUTO,1
CUST-009110,44,58680.37,19,85536.07,60,5.12,314,0.5325,3,0,SELF_EMPLOYED,PHD,SINGLE,HOME,1
CUST-009111,46,80935.56,12,68158.74,60,11.93,796,0.3630,2,0,UNEMPLOYED,MASTERS,MARRIED,HOME,0
CUST-009112,38,103452.48,20,54297.80,36,18.10,594,0.6914,4,0,UNEMPLOYED,BACHELORS,DIVORCED,AUTO,0
CUST-009113,49,187887.40,6,68441.57,60,19.46,532,0.1180,4,0,UNEMPLOYED,HIGH_SCHOOL,MARRIED,AUTO,1
CUST-009114,48,148708.95,26,35495.86,60,8.09,575,0.0585,6,0,UNEMPLOYED,PHD,MARRIED,PERSONAL,1
CUST-009115,59,113807.39,25,70159.58,48,9.91,313,0.2378,1,0,SELF_EMPLOYED,BACHELORS,SINGLE,BUSINESS,0
CUST-009116,70,116944.33,20,33933.57,36,10.17,341,0.2261,2,0,RETIRED,BACHELORS,SINGLE,HOME,0
CUST-009117,66,164642.79,0,31940.08,12,21.66,362,0.3272,2,0,UNEMPLOYED,HIGH_SCHOOL,MARRIED,PERSONAL,0
CUST-009118,30,60780.92,12,75825.44,48,12.74,457,0.3013,0,0,RETIRED,PHD,MARRIED,PERSONAL,0
CUST-009119,26,32129.23,5,6739.61,48,7.74,819,0.5721,0,0,UNEMPLOYED,PHD,SINGLE,EDUCATION,0
CUST-009120,61,149653.48,8,74286.75,36,19.03,692,0.5097,4,0,RETIRED,PHD,SINGLE,PERSONAL,0
CUST-009121,34,157953.75,7,64974.80,60,21.17,493,0.2104,2,0,RETIRED,BACHELORS,SINGLE,BUSINESS,0
CUST-009122,41,72056.58,23,38599.82,12,8.63,448,0.0730,5,0,SALARIED,HIGH_SCHOOL,SINGLE,HOME,0
CUST-009123,50,69075.87,19,85563.83,24,21.97,752,0.3005,3,2,SALARIED,BACHELORS,DIVORCED,BUSINESS,1
CUST-009124,60,104626.80,34,89034.46,12,12.67,821,0.3499,5,0,RETIRED,PHD,MARRIED,EDUCATION,1
CUST-009125,53,59448.99,31,85320.34,36,24.99,774,0.4569,4,0,SALARIED,BACHELORS,SINGLE,EDUCATION,0
CUST-009126,60,195526.11,25,48626.32,60,11.54,706,0.3384,1,0,SALARIED,MASTERS,MARRIED,HOME,0
CUST-009127,22,47113.23,4,29969.55,60,16.31,708,0.6899,0,0,SELF_EMPLOYED,HIGH_SCHOOL,SINGLE,EDUCATION,1
CUST-009128,50,179544.82,26,12148.67,36,16.73,541,0.1693,6,0,SELF_EMPLOYED,BACHELORS,SINGLE,PERSONAL,0
CUST-009129,52,184876.53,26,59945.64,12,22.33,493,0.1560,4,0,UNEMPLOYED,BACHELORS,SINGLE,PERSONAL,0
CUST-009130,31,138520.58,13,67311.74,48,19.82,785,0.4683,3,0,RETIRED,MASTERS,MARRIED,BUSINESS,0
CUST-009131,59,41703.47,8,51667.86,48,20.00,606,0.1061,3,0,RETIRED,BACHELORS,SINGLE,BUSINESS,0
CUST-009132,55,54447.64,3,32622.89,24,17.32,553,0.1291,1,0,UNEMPLOYED,BACHELORS,MARRIED,BUSINESS,1
CUST-009133,22,184374.28,4,78530.99,12,11.26,797,0.2717,5,2,SELF_EMPLOYED,BACHELORS,DIVORCED,HOME,0
CUST-009134,54,193252.38,6,86951.10,60,11.63,744,0.3226,6,3,RETIRED,PHD,DIVORCED,AUTO,0
CUST-009135,40,192881.06,16,77821.25,60,10.87,698,0.2914,6,0,UNEMPLOYED,BACHELORS,SINGLE,AUTO,0
CUST-009136,36,57530.36,18,64145.52,48,22.62,413,0.3018,5,0,SELF_EMPLOYED,MASTERS,DIVORCED,BUSINESS,0
CUST-009137,31,33500.21,13,31434.84,12,5.60,407,0.3417,5,0,SALARIED,PHD,SINGLE,AUTO,1
CUST-009138,54,191634.17,26,10253.47,60,16.37,546,0.6101,3,0,UNEMPLOYED,BACHELORS,DIVORCED,EDUCATION,1
CUST-009139,38,184181.17,20,36326.30,12,18.22,734,0.5504,5,0,RETIRED,PHD,MARRIED,AUTO,0
CUST-009140,51,51765.21,1,71251.00,12,13.59,709,0.4439,5,0,UNEMPLOYED,PHD,DIVORCED,BUSINESS,1
CUST-009141,64,139226.76,18,46134.04,24,22.19,675,0.4670,3,0,SELF_EMPLOYED,BACHELORS,MARRIED,HOME,0
CUST-009142,49,182373.61,10,73584.35,36,7.62,807,0.5744,6,0,UNEMPLOYED,MASTERS,MARRIED,PERSONAL,1
CUST-009143,25,95185.67,7,15061.55,48,19.48,740,0.5863,6,3,RETIRED,HIGH_SCHOOL,DIVORCED,AUTO,1
CUST-009144,35,51939.64,8,24136.50,24,11.43,522,0.4618,3,0,SALARIED,HIGH_SCHOOL,DIVORCED,AUTO,1
CUST-009145,45,142929.18,?,54262.63,60,12.77,595,0.3658,0,0,SALARIED,HIGH_SCHOOL,DIVORCED,BUSINESS,0
CUST-009146,40,114453.38,11,54969.48,12,15.12,626,0.3801,4,0,RETIRED,MASTERS,MARRIED,HOME,1
CUST-009147,57,176021.96,17,3772.97,48,16.91,307,0.5763,3,0,RETIRED,MASTERS,SINGLE,PERSONAL,1
CUST-009148,45,34044.36,15,25917.94,12,15.69,549,0.6377,2,0,RETIRED,BACHELORS,SINGLE,PERSONAL,1
CUST-009149,25,178891.84,7,33173.57,36,16.06,511,0.3386,4,0,SALARIED,HIGH_SCHOOL,SINGLE,HOME,1
CUST-009150,48,115023.67,6,29779.48,24,24.09,612,0.2802,6,3,UNEMPLOYED,MASTERS,MARRIED,PERSONAL,1
CUST-009151,60,24902.43,10,48255.41,24,20.81,419,0.2028,2,0,RETIRED,MASTERS,SINGLE,PERSONAL,1
CUST-009152,68,45099.61,3,38024.06,12,16.00,576,0.5053,1,0,SALARIED,BACHELORS,SINGLE,PERSONAL,1
CUST-009153,60,55234.40,2,68402.47,48,7.08,728,0.4828,2,0,UNEMPLOYED,BACHELORS,DIVORCED,EDUCATION,1
CUST-009154,51,56020.96,9,61052.23,48,20.12,506,0.3025,2,1,UNEMPLOYED,HIGH_SCHOOL,MARRIED,AUTO,1
CUST-009155,31,140134.63,0,65610.59,36,16.46,812,0.6432,1,0,SELF_EMPLOYED,PHD,MARRIED,BUSINESS,0
CUST-009156,27,89209.72,9,40658.16,60,14.96,373,0.1191,5,0,UNEMPLOYED,MASTERS,DIVORCED,BUSINESS,1
CUST-009157,38,183825.72,1,50300.50,12,6.55,772,0.0948,6,0,SALARIED,PHD,DIVORCED,EDUCATION,0
CUST-009158,47,121006.03,29,72294.94,36,6.52,503,0.5155,6,0,RETIRED,PHD,MARRIED,HOME,0
CUST-009159,53,170912.98,13,71098.84,60,5.31,672,0.3961,2,0,SALARIED,HIGH_SCHOOL,SINGLE,PERSONAL,0
CUST-009160,48,113818.67,11,77231.72,36,8.17,587,0.1153,5,3,UNEMPLOYED,MASTERS,DIVORCED,AUTO,1
CUST-009161,32,28462.19,14,68347.43,48,11.09,342,0.1226,0,1,RETIRED,PHD,SINGLE,AUTO,1
CUST-009162,41,80376.85,23,70607.83,24,10.06,716,0.1596,6,0,RETIRED,BACHELORS,MARRIED,EDUCATION,0
CUST-009163,68,194496.55,11,71376.78,60,20.46,565,0.1793,3,0,UNEMPLOYED,BACHELORS,DIVORCED,EDUCATION,0
CUST-009164,23,49166.80,5,34990.41,48,18.99,313,0.3803,4,0,SELF_EMPLOYED,MASTERS,SINGLE,PERSONAL,1
CUST-009165,57,159943.06,24,65304.35,60,9.85,412,0.4775,6,0,SALARIED,HIGH_SCHOOL,SINGLE,PERSONAL,1
CUST-009166,54,52948.97,18,67713.38,48,11.15,536,0.4585,3,0,RETIRED,HIGH_SCHOOL,DIVORCED,BUSINESS,0
CUST-009167,28,166154.79,10,39895.86,48,15.83,773,0.6772,2,0,UNEMPLOYED,HIGH_SCHOOL,MARRIED,EDUCATION,0
CUST-009168,56,141853.84,8,89857.12,12,7.35,781,0.2424,2,0,UNEMPLOYED,MASTERS,MARRIED,AUTO,0
CUST-009169,50,96354.55,26,61653.12,48,13.80,617,0.2000,6,0,RETIRED,BACHELORS,SINGLE,PERSONAL,0
CUST-009170,52,125456.53,0,64640.28,60,24.64,670,0.0550,3,0,SELF_EMPLOYED,MASTERS,SINGLE,BUSINESS,0
CUST-009171,38,185387.76,15,10938.88,60,18.19,733,0.6991,4,0,RETIRED,PHD,MARRIED,AUTO,1
CUST-009172,66,130565.06,34,85376.37,48,17.87,642,0.6008,6,0,RETIRED,BACHELORS,DIVORCED,HOME,1
CUST-009173,35,92086.65,8,30001.67,60,16.90,744,0.5071,2,0,SELF_EMPLOYED,BACHELORS,DIVORCED,PERSONAL,0
CUST-009174,68,34533.18,8,37566.92,36,15.62,748,0.2808,5,0,SELF_EMPLOYED,PHD,SINGLE,EDUCATION,1
CUST-009175,27,189930.80,9,13019.27,36,5.81,507,0.1141,3,3,RETIRED,MASTERS,SINGLE,AUTO,1
CUST-009176,64,159538.78,1,17598.29,36,16.16,782,0.6350,3,0,SELF_EMPLOYED,HIGH_SCHOOL,MARRIED,HOME,0
CUST-009177,21,44560.04,3,3830.26,24,7.72,326,0.4028,2,0,SALARIED,PHD,MARRIED,PERSONAL,0
CUST-009178,47,194703.20,29,56533.01,36,22.38,357,0.1827,2,1,SELF_EMPLOYED,PHD,SINGLE,BUSINESS,1
CUST-009179,60,96383.50,22,78134.42,12,18.37,322,0.2889,2,1,SELF_EMPLOYED,BACHELORS,MARRIED,BUSINESS,1
CUST-009180,70,86574.37,31,63139.15,36,13.68,534,0.4787,6,0,SALARIED,BACHELORS,SINGLE,EDUCATION,1
CUST-009181,70,108232.18,1,83866.98,36,20.16,337,0.4060,3,0,UNEMPLOYED,PHD,SINGLE,PERSONAL,1
CUST-009182,32,118287.51,1,80447.66,36,21.34,670,0.2439,6,0,RETIRED,PHD,SINGLE,PERSONAL,0
CUST-009183,44,51629.62,4,15863.14,48,9.83,400,0.4063,4,0,SELF_EMPLOYED,HIGH_SCHOOL,DIVORCED,PERSONAL,1
CUST-009184,35,81183.40,13,24320.04,60,10.31,387,0.4718,2,1,SALARIED,BACHELORS,MARRIED,BUSINESS,1
CUST-009185,26,190248.26,8,48031.08,36,12.59,453,0.0998,1,0,RETIRED,PHD,MARRIED,AUTO,1
CUST-009186,53,102424.10,4,72065.90,48,20.76,583,0.6173,5,0,UNEMPLOYED,HIGH_SCHOOL,DIVORCED,HOME,0
CUST-009187,58,30193.60,17,57923.79,60,13.59,481,0.1520,3,0,SALARIED,HIGH_SCHOOL,SINGLE,EDUCATION,0
CUST-009188,62,141061.16,0,63566.17,12,6.18,340,0.4974,6,1,SELF_EMPLOYED,BACHELORS,DIVORCED,EDUCATION,1
CUST-009189,21,129798.33,3,5789.85,48,21.01,309,0.5980,4,0,SALARIED,PHD,MARRIED,BUSINESS,1
CUST-009190,33,79263.49,15,58579.03,48,14.65,738,0.3294,5,0,SALARIED,HIGH_SCHOOL,DIVORCED,EDUCATION,0
CUST-009191,27,125766.56,7,11524.66,12,19.59,722,0.5713,2,0,SELF_EMPLOYED,PHD,MARRIED,HOME,0
CUST-009192,31,127719.95,13,39348.40,12,14.16,545,0.1748,5,1,UNEMPLOYED,HIGH_SCHOOL,DIVORCED,EDUCATION,1
CUST-009193,61,141661.52,1,22348.77,36,8.53,747,0.1908,4,0,UNEMPLOYED,MASTERS,MARRIED,EDUCATION,0
CUST-009194,24,70953.40,6,67195.46,60,5.34,624,0.0700,2,0,RETIRED,HIGH_SCHOOL,MARRIED,HOME,0
CUST-009195,38,169408.26,1,58830.08,60,14.27,384,0.4322,2,0,SALARIED,PHD,DIVORCED,HOME,0
CUST-009196,31,?,13,25382.70,60,17.69,839,0.5619,2,2,SELF_EMPLOYED,HIGH_SCHOOL,DIVORCED,PERSONAL,1
CUST-009197,28,85087.62,10,29869.48,24,24.17,358,0.5459,1,0,UNEMPLOYED,PHD,MARRIED,EDUCATION,1
CUST-009198,32,173210.43,8,38757.86,60,6.19,745,0.4696,6,0,SELF_EMPLOYED,PHD,MARRIED,BUSINESS,0
CUST-009199,70,102185.20,1,61673.05,60,24.82,737,0.3494,5,0,SELF_EMPLOYED,BACHELORS,MARRIED,PERSONAL,1
CUST-009200,58,80384.15,20,58872.43,60,16.92,552,0.1392,5,0,SALARIED,HIGH_SCHOOL,MARRIED,BUSINESS,0
CUST-009201,66,146024.83,1,48097.36,24,10.06,658,0.3003,5,0,UNEMPLOYED,BACHELORS,DIVORCED,AUTO,0
CUST-009202,22,?,2,28154.30,36,10.20,515,0.3624,1,0,SALARIED,HIGH_SCHOOL,SINGLE,AUTO,1
CUST-009203,30,110376.43,12,81584.37,36,7.84,353,0.4591,0,0,SALARIED,HIGH_SCHOOL,SINGLE,HOME,1
CUST-009204,51,132122.38,13,79336.35,48,5.05,665,0.4244,4,0,SELF_EMPLOYED,BACHELORS,DIVORCED,EDUCATION,0
CUST-009205,43,81381.49,25,48658.17,48,20.31,371,0.5825,0,0,UNEMPLOYED,HIGH_SCHOOL,MARRIED,PERSONAL,1
CUST-009206,45,112751.60,27,38559.35,60,11.22,658,0.3252,0,0,SELF_EMPLOYED,MASTERS,DIVORCED,HOME,0
CUST-009207,70,157971.29,31,86009.75,24,11.17,301,0.2382,0,0,SELF_EMPLOYED,PHD,SINGLE,PERSONAL,0
CUST-009208,69,79725.41,26,6954.52,12,5.98,388,0.0804,1,0,SELF_EMPLOYED,MASTERS,DIVORCED,EDUCATION,0
CUST-009209,55,182291.35,28,15551.49,24,23.26,349,0.6001,3,0,RETIRED,MASTERS,SINGLE,PERSONAL,1
CUST-009210,58,163081.35,16,17242.77,36,16.98,803,0.6959,6,0,SALARIED,PHD,DIVORCED,HOME,0
CUST-009211,59,123240.74,7,28143.95,12,21.02,750,0.5073,0,0,SALARIED,HIGH_SCHOOL,SINGLE,AUTO,0
CUST-009212,47,87783.21,?,69735.10,60,22.66,342,0.5437,1,0,RETIRED,PHD,MARRIED,EDUCATION,1
CUST-009213,55,31040.11,2,12252.64,12,14.65,468,0.4100,0,0,SELF_EMPLOYED,HIGH_SCHOOL,MARRIED,HOME,1
CUST-009214,37,26156.67,7,45125.42,12,18.49,719,0.0803,2,0,SELF_EMPLOYED,MASTERS,SINGLE,HOME,0
CUST-009215,27,81591.02,9,4493.97,60,16.30,703,0.4978,2,0,RETIRED,HIGH_SCHOOL,SINGLE,BUSINESS,0
CUST-009216,51,151313.36,31,85064.49,36,20.89,842,0.3335,2,0,SELF_EMPLOYED,BACHELORS,DIVORCED,EDUCATION,0
CUST-009217,27,122655.12,7,39827.63,24,8.76,463,0.4157,4,3,SALARIED,BACHELORS,MARRIED,HOME,1
CUST-009218,63,116973.22,12,42006.56,12,8.67,589,0.1682,6,2,SELF_EMPLOYED,PHD,MARRIED,AUTO,0
CUST-009219,33,156383.36,15,22860.19,24,11.76,846,0.5550,3,0,SELF_EMPLOYED,HIGH_SCHOOL,SINGLE,BUSINESS,0
CUST-009220,32,177349.94,14,5558.50,12,14.66,461,0.2198,3,0,SALARIED,BACHELORS,MARRIED,AUTO,0
CUST-009221,54,173793.66,28,37772.72,60,19.19,667,0.6570,2,0,UNEMPLOYED,PHD,MARRIED,PERSONAL,0
CUST-009222,22,139224.52,4,54201.96,36,6.09,665,0.4138,1,0,RETIRED,BACHELORS,DIVORCED,BUSINESS,0
CUST-009223,52,158258.57,6,36208.91,60,17.74,653,0.6406,3,0,SELF_EMPLOYED,MASTERS,SINGLE,BUSINESS,0
CUST-009224,65,153797.52,15,56839.42,36,16.06,427,0.2207,4,0,UNEMPLOYED,HIGH_SCHOOL,DIVORCED,HOME,1
CUST-009225,22,179061.25,1,39432.96,48,11.59,825,0.4132,4,0,RETIRED,PHD,MARRIED,AUTO,0
CUST-009226,39,183536.53,21,73178.36,24,17.49,483,0.6076,6,0,SELF_EMPLOYED,MASTERS,DIVORCED,BUSINESS,0
CUST-009227,48,163116.74,5,4908.51,48,22.57,621,0.2290,1,0,UNEMPLOYED,MASTERS,DIVORCED,AUTO,0
CUST-009228,56,144786.13,8,18399.87,36,7.66,375,0.5634,3,0,RETIRED,PHD,DIVORCED,HOME,1
CUST-009229,63,67556.73,32,13814.59,60,21.31,707,0.0788,0,0,RETIRED,BACHELORS,DIVORCED,AUTO,0
CUST-009230,70,50479.59,19,7136.37,24,22.03,473,0.4861,2,0,RETIRED,MASTERS,DIVORCED,PERSONAL,1
CUST-009231,68,118643.64,1,78732.73,36,9.44,443,0.0893,6,0,UNEMPLOYED,BACHELORS,SINGLE,EDUCATION,1
CUST-009232,63,160034.54,1,13410.62,36,16.43,?,0.1390,1,1,SELF_EMPLOYED,MASTERS,SINGLE,EDUCATION,1
CUST-009233,37,104147.32,19,71389.66,36,18.17,462,0.4142,5,0,SELF_EMPLOYED,BACHELORS,MARRIED,PERSONAL,1
CUST-009234,44,122514.39,16,45939.49,48,5.61,570,0.4593,1,0,SALARIED,BACHELORS,MARRIED,HOME,0
CUST-009235,61,165534.39,4,28125.47,48,8.16,674,0.1095,2,0,SALARIED,BACHELORS,SINGLE,BUSINESS,0
CUST-009236,23,151972.11,5,12973.22,12,13.78,713,0.2284,0,0,RETIRED,PHD,SINGLE,EDUCATION,1
CUST-009237,22,58812.63,4,69456.90,60,10.49,780,0.6255,5,0,RETIRED,MASTERS,MARRIED,HOME,0
CUST-009238,53,81571.23,29,80063.77,24,5.06,375,0.0722,4,2,RETIRED,HIGH_SCHOOL,SINGLE,PERSONAL,0
CUST-009239,54,113292.98,26,10704.18,12,14.32,653,0.5132,1,0,SELF_EMPLOYED,BACHELORS,DIVORCED,AUTO,1
CUST-009240,23,107885.23,5,30266.28,48,22.98,392,0.1711,4,0,UNEMPLOYED,PHD,SINGLE,EDUCATION,0
CUST-009241,40,184974.48,6,23158.17,60,13.55,836,0.3315,1,0,SALARIED,MASTERS,MARRIED,AUTO,0
CUST-009242,39,146080.45,21,53414.27,24,9.87,741,0.1875,2,0,SELF_EMPLOYED,BACHELORS,DIVORCED,AUTO,0
CUST-009243,62,132892.63,6,30103.77,60,23.41,304,0.6662,4,0,SALARIED,BACHELORS,MARRIED,EDUCATION,1
CUST-009244,63,186068.70,4,34686.18,12,5.68,376,0.4586,4,0,UNEMPLOYED,HIGH_SCHOOL,DIVORCED,EDUCATION,1
CUST-009245,47,182210.85,14,51876.66,12,10.13,358,0.3299,3,0,RETIRED,HIGH_SCHOOL,DIVORCED,HOME,0
CUST-009246,53,60896.93,27,49104.98,24,20.28,640,0.4667,5,0,UNEMPLOYED,PHD,MARRIED,BUSINESS,0
CUST-009247,22,47460.28,?,49396.32,36,21.05,589,0.5553,1,0,SELF_EMPLOYED,HIGH_SCHOOL,SINGLE,HOME,1
CUST-009248,45,148393.86,26,70432.89,60,21.66,622,0.4657,5,0,SALARIED,MASTERS,MARRIED,EDUCATION,1
CUST-009249,32,173636.09,14,68283.67,48,23.41,732,0.4921,2,0,UNEMPLOYED,BACHELORS,SINGLE,EDUCATION,0
CUST-009250,68,28578.27,34,34413.46,12,17.54,531,0.6749,5,0,RETIRED,PHD,DIVORCED,HOME,1
CUST-009251,53,135813.85,30,55797.49,12,13.97,515,0.0839,2,0,RETIRED,MASTERS,DIVORCED,AUTO,1
CUST-009252,53,42221.35,23,32997.73,60,18.83,797,0.0546,1,0,SALARIED,MASTERS,MARRIED,HOME,0
CUST-009253,30,186520.54,12,50646.15,12,21.87,532,0.5668,5,0,RETIRED,MASTERS,DIVORCED,AUTO,0
CUST-009254,52,165637.42,9,45993.86,48,17.78,469,0.5689,4,0,SELF_EMPLOYED,PHD,MARRIED,EDUCATION,1
CUST-009255,70,23631.69,24,55786.69,48,7.55,372,0.3352,4,0,RETIRED,BACHELORS,SINGLE,BUSINESS,0
CUST-009256,64,?,32,18398.68,12,19.76,598,0.2122,5,0,RETIRED,BACHELORS,DIVORCED,EDUCATION,0
CUST-009257,61,133932.71,14,72731.20,36,24.37,761,0.0592,0,0,SELF_EMPLOYED,MASTERS,DIVORCED,HOME,0
CUST-009258,50,85514.27,4,25628.73,24,20.25,581,0.5777,3,0,SELF_EMPLOYED,MASTERS,DIVORCED,AUTO,0
CUST-009259,62,160800.05,33,77747.73,12,15.60,548,0.1816,3,0,UNEMPLOYED,PHD,SINGLE,EDUCATION,0
CUST-009260,28,59538.75,10,21085.57,48,9.25,787,0.2544,3,0,SELF_EMPLOYED,BACHELORS,MARRIED,AUTO,1
CUST-009261,61,175244.81,10,36954.66,24,22.63,838,0.1388,5,0,UNEMPLOYED,BACHELORS,SINGLE,AUTO,1
CUST-009262,47,23756.56,2,47719.60,60,14.85,659,0.2202,1,0,UNEMPLOYED,BACHELORS,SINGLE,BUSINESS,0
CUST-009263,62,194571.73,33,49634.00,24,5.90,386,0.5990,6,0,SELF_EMPLOYED,HIGH_SCHOOL,DIVORCED,HOME,0
CUST-009264,24,170081.57,2,31534.90,24,22.39,759,0.5880,6,0,UNEMPLOYED,PHD,SINGLE,BUSINESS,0
CUST-009265,50,36956.57,1,16826.37,36,9.52,454,0.3362,5,0,RETIRED,MASTERS,SINGLE,AUTO,0
CUST-009266,49,198463.58,26,88495.47,48,8.59,504,0.4743,5,0,UNEMPLOYED,HIGH_SCHOOL,DIVORCED,HOME,1
CUST-009267,61,58054.23,25,45336.05,48,14.43,438,0.5960,5,0,SALARIED,BACHELORS,MARRIED,AUTO,1
CUST-009268,29,96661.45,11,33275.33,48,14.72,608,0.3200,5,1,SELF_EMPLOYED,MASTERS,MARRIED,AUTO,0
CUST-009269,47,31974.51,19,64466.99,48,11.73,?,0.6284,3,0,SALARIED,MASTERS,SINGLE,EDUCATION,0
CUST-009270,57,159764.70,20,17780.40,60,11.69,742,0.3594,4,0,SALARIED,PHD,SINGLE,PERSONAL,0
CUST-009271,41,106724.29,23,13441.92,60,6.25,841,0.3141,3,1,RETIRED,BACHELORS,SINGLE,AUTO,1
CUST-009272,48,28398.72,26,56797.87,12,7.91,648,0.5714,2,1,SALARIED,MASTERS,DIVORCED,PERSONAL,0
CUST-009273,21,119703.99,2,81044.71,36,10.25,757,0.0873,4,0,SELF_EMPLOYED,HIGH_SCHOOL,MARRIED,AUTO,0
CUST-009274,56,70009.43,8,6613.00,24,20.69,481,0.3630,0,2,SELF_EMPLOYED,MASTERS,DIVORCED,HOME,1
CUST-009275,26,173261.87,8,5312.46,36,13.27,524,0.2958,6,0,SALARIED,HIGH_SCHOOL,DIVORCED,AUTO,0
CUST-009276,65,35981.00,16,65543.78,24,11.31,644,0.5720,2,0,SELF_EMPLOYED,BACHELORS,SINGLE,BUSINESS,0
CUST-009277,31,75994.20,12,11940.88,48,22.41,706,0.6641,4,0,SALARIED,HIGH_SCHOOL,DIVORCED,PERSONAL,0
CUST-009278,69,69012.77,12,41832.46,36,20.96,675,0.4227,6,0,SALARIED,HIGH_SCHOOL,MARRIED,PERSONAL,1
CUST-009279,26,23272.86,2,83860.22,24,14.83,553,0.3099,4,1,UNEMPLOYED,HIGH_SCHOOL,MARRIED,PERSONAL,1
CUST-009280,49,140139.07,28,22777.30,60,15.16,816,0.6808,4,0,SELF_EMPLOYED,PHD,MARRIED,BUSINESS,0
CUST-009281,27,39192.17,9,71068.33,36,5.77,483,0.1190,6,0,SELF_EMPLOYED,HIGH_SCHOOL,DIVORCED,PERSONAL,0
CUST-009282,36,173338.88,6,32121.16,36,18.59,827,0.4574,4,0,SALARIED,HIGH_SCHOOL,SINGLE,PERSONAL,0
CUST-009283,46,157157.84,0,16455.93,36,15.83,797,0.5783,5,0,RETIRED,MASTERS,MARRIED,AUTO,1
CUST-009284,39,187365.40,5,21319.30,36,7.58,307,0.3751,3,0,SELF_EMPLOYED,MASTERS,DIVORCED,EDUCATION,1
CUST-009285,40,192023.07,9,21929.27,60,13.51,826,0.1177,1,0,RETIRED,PHD,DIVORCED,PERSONAL,0
CUST-009286,49,28680.18,20,24401.85,60,7.35,804,0.0796,2,0,UNEMPLOYED,PHD,SINGLE,PERSONAL,0
CUST-009287,63,35329.04,25,3145.00,12,20.43,506,0.3977,4,0,RETIRED,BACHELORS,MARRIED,BUSINESS,0
CUST-009288,24,181767.42,0,80553.56,12,20.20,466,0.3570,2,0,UNEMPLOYED,MASTERS,DIVORCED,PERSONAL,1
CUST-009289,27,49037.02,2,74755.04,60,21.16,314,0.3331,4,0,SALARIED,PHD,MARRIED,BUSINESS,1
CUST-009290,41,142977.40,10,6362.43,24,5.52,753,0.4349,0,0,SELF_EMPLOYED,PHD,DIVORCED,PERSONAL,0
CUST-009291,70,36290.52,26,33892.35,24,5.67,572,0.5154,4,0,RETIRED,BACHELORS,DIVORCED,AUTO,1
CUST-009292,32,40074.63,1,73501.40,24,7.00,843,0.5663,0,0,SALARIED,MASTERS,MARRIED,HOME,0
CUST-009293,54,96900.06,33,27242.24,48,13.24,490,0.1379,1,0,SELF_EMPLOYED,HIGH_SCHOOL,SINGLE,EDUCATION,1
CUST-009294,33,144226.66,15,87700.92,12,19.26,825,0.6918,0,0,RETIRED,HIGH_SCHOOL,DIVORCED,PERSONAL,0
CUST-009295,69,182174.34,19,59822.95,48,17.44,412,0.0931,1,1,SELF_EMPLOYED,PHD,MARRIED,HOME,1
CUST-009296,32,114766.87,14,22956.07,12,12.89,434,0.4639,5,0,UNEMPLOYED,PHD,DIVORCED,HOME,1
CUST-009297,33,143347.54,15,37610.49,24,17.18,562,0.4840,1,0,UNEMPLOYED,MASTERS,SINGLE,BUSINESS,1
CUST-009298,64,46845.37,26,70153.53,12,5.34,359,0.1677,6,3,RETIRED,MASTERS,SINGLE,PERSONAL,1
CUST-009299,21,136734.83,3,38620.98,36,24.24,673,0.6049,6,0,SELF_EMPLOYED,MASTERS,DIVORCED,HOME,1
CUST-009300,46,182918.00,1,73931.06,24,8.43,673,0.4744,3,0,RETIRED,PHD,SINGLE,PERSONAL,0
CUST-009301,50,36470.98,9,48333.38,60,20.10,568,0.4358,1,0,SELF_EMPLOYED,BACHELORS,SINGLE,PERSONAL,1
CUST-009302,36,25930.88,18,14080.07,24,24.36,666,0.5923,3,0,SELF_EMPLOYED,BACHELORS,DIVORCED,EDUCATION,0
CUST-009303,50,27112.11,11,14876.49,12,14.48,309,0.2047,1,0,SELF_EMPLOYED,MASTERS,MARRIED,BUSINESS,1
CUST-009304,44,24048.89,22,7693.33,36,13.81,820,0.6037,0,0,UNEMPLOYED,MASTERS,SINGLE,PERSONAL,1
CUST-009305,68,50095.70,6,8855.34,12,22.12,631,0.2119,5,2,UNEMPLOYED,MASTERS,MARRIED,EDUCATION,1
CUST-009306,30,134235.99,12,60317.79,24,9.23,596,0.3794,0,2,UNEMPLOYED,PHD,SINGLE,EDUCATION,1
CUST-009307,68,66240.76,19,31566.82,36,23.53,656,0.3909,6,0,SALARIED,PHD,SINGLE,BUSINESS,1
CUST-009308,34,155880.35,16,89243.73,48,6.54,412,0.3536,6,1,RETIRED,MASTERS,DIVORCED,EDUCATION,1
CUST-009309,62,40118.11,5,15326.30,24,10.17,764,0.6071,5,0,RETIRED,MASTERS,DIVORCED,PERSONAL,0
CUST-009310,36,137091.87,13,89232.76,36,7.10,621,0.4015,4,0,RETIRED,HIGH_SCHOOL,DIVORCED,EDUCATION,0
CUST-009311,35,158971.82,17,25236.69,24,11.89,347,0.0710,0,0,SELF_EMPLOYED,HIGH_SCHOOL,MARRIED,HOME,0
CUST-009312,62,116736.85,13,78421.69,24,20.58,519,0.5646,3,0,SELF_EMPLOYED,HIGH_SCHOOL,MARRIED,PERSONAL,1
CUST-009313,58,45489.02,31,29428.56,36,8.00,831,0.3949,6,0,RETIRED,HIGH_SCHOOL,SINGLE,AUTO,0
CUST-009314,39,176781.85,1,72846.19,12,9.78,466,0.1726,1,0,UNEMPLOYED,HIGH_SCHOOL,MARRIED,AUTO,0
CUST-009315,67,160802.17,22,31808.15,48,19.40,522,0.5096,5,0,RETIRED,PHD,DIVORCED,EDUCATION,0
CUST-009316,24,130184.49,6,81236.51,12,7.75,482,0.2343,1,3,UNEMPLOYED,BACHELORS,SINGLE,HOME,1
CUST-009317,26,47475.83,8,54475.63,24,14.16,407,0.6408,0,0,RETIRED,PHD,SINGLE,EDUCATION,0
CUST-009318,61,69705.58,24,78017.41,24,17.59,636,0.3000,5,0,SALARIED,HIGH_SCHOOL,MARRIED,EDUCATION,0
CUST-009319,34,142941.12,3,75074.84,48,6.30,740,0.3017,1,0,UNEMPLOYED,HIGH_SCHOOL,SINGLE,BUSINESS,0
CUST-009320,66,198489.95,29,50102.05,36,5.05,372,0.4427,5,0,UNEMPLOYED,HIGH_SCHOOL,SINGLE,AUTO,0
CUST-009321,67,66648.25,6,79447.98,36,10.99,799,0.5824,5,0,RETIRED,BACHELORS,DIVORCED,EDUCATION,1
CUST-009322,24,112925.31,6,38824.02,60,13.15,630,0.3948,6,1,RETIRED,MASTERS,MARRIED,AUTO,0
CUST-009323,69,168398.55,18,10776.15,60,16.37,808,0.6266,0,0,SELF_EMPLOYED,PHD,SINGLE,EDUCATION,1
CUST-009324,42,169592.67,13,66944.62,60,23.54,487,0.4150,2,0,SELF_EMPLOYED,PHD,SINGLE,BUSINESS,1
CUST-009325,59,84251.79,34,24948.63,36,8.05,377,0.1612,6,0,SALARIED,BACHELORS,DIVORCED,EDUCATION,0
CUST-009326,32,52934.50,14,17903.01,60,24.99,676,0.1261,1,2,SALARIED,PHD,MARRIED,PERSONAL,0
CUST-009327,65,33871.57,6,40467.85,12,13.66,401,0.4246,1,0,SELF_EMPLOYED,BACHELORS,MARRIED,HOME,1
CUST-009328,21,192202.90,3,39705.28,12,7.76,593,0.1199,5,0,SELF_EMPLOYED,HIGH_SCHOOL,DIVORCED,BUSINESS,0
CUST-009329,27,68064.22,7,64265.79,36,22.71,638,0.1923,5,0,SELF_EMPLOYED,HIGH_SCHOOL,MARRIED,PERSONAL,0
CUST-009330,49,161575.82,23,50425.98,48,16.31,535,0.5222,3,2,RETIRED,PHD,DIVORCED,PERSONAL,1
CUST-009331,22,155286.26,4,76789.46,24,8.48,616,0.0833,5,0,RETIRED,MASTERS,SINGLE,PERSONAL,0
CUST-009332,24,129968.25,6,56353.45,48,5.12,391,0.6928,6,0,SELF_EMPLOYED,HIGH_SCHOOL,MARRIED,BUSINESS,1
CUST-009333,44,105138.87,26,66464.06,24,9.22,452,0.6947,6,0,SALARIED,BACHELORS,MARRIED,EDUCATION,1
CUST-009334,62,155997.94,30,81829.08,36,10.39,455,0.6227,6,3,UNEMPLOYED,PHD,SINGLE,HOME,1
CUST-009335,62,59109.52,21,62646.66,24,22.79,623,0.5591,2,0,SELF_EMPLOYED,PHD,SINGLE,AUTO,0
CUST-009336,69,175993.41,21,35594.40,36,17.04,502,0.4482,0,0,RETIRED,HIGH_SCHOOL,DIVORCED,EDUCATION,1
CUST-009337,52,51663.75,5,31757.81,36,14.59,370,0.3731,2,0,SALARIED,PHD,DIVORCED,AUTO,1
CUST-009338,29,50029.75,11,58559.79,48,17.42,589,0.1547,4,0,SALARIED,HIGH_SCHOOL,DIVORCED,EDUCATION,0
CUST-009339,62,137418.65,23,32776.20,36,5.25,659,0.6093,6,0,SALARIED,PHD,DIVORCED,PERSONAL,1
CUST-009340,31,22810.92,5,74001.75,36,9.40,473,0.3006,3,0,SALARIED,BACHELORS,MARRIED,BUSINESS,0
CUST-009341,54,44775.87,34,66465.36,36,20.29,441,0.6775,0,0,SALARIED,HIGH_SCHOOL,SINGLE,PERSONAL,1
CUST-009342,57,76041.52,26,36317.73,24,24.73,696,0.6438,5,0,SELF_EMPLOYED,PHD,SINGLE,PERSONAL,1
CUST-009343,69,136046.91,6,71191.83,12,20.60,310,0.2320,2,0,SALARIED,MASTERS,MARRIED,BUSINESS,0
CUST-009344,53,36022.95,21,52413.03,12,22.57,333,0.6283,3,0,UNEMPLOYED,BACHELORS,SINGLE,PERSONAL,1
CUST-009345,60,77817.70,6,80668.18,24,10.00,633,0.5029,2,0,RETIRED,BACHELORS,DIVORCED,HOME,1
CUST-009346,48,27369.13,4,34337.92,12,22.10,695,0.4722,5,2,SELF_EMPLOYED,PHD,DIVORCED,BUSINESS,1
CUST-009347,53,138824.27,?,10207.69,36,24.38,382,0.3469,6,0,UNEMPLOYED,PHD,SINGLE,AUTO,0
CUST-009348,21,133903.66,3,47806.12,24,8.29,311,0.1669,6,0,UNEMPLOYED,BACHELORS,SINGLE,HOME,0
CUST-009349,56,45068.29,10,75067.72,60,23.54,707,0.0840,1,0,SELF_EMPLOYED,BACHELORS,MARRIED,PERSONAL,0
CUST-009350,39,166383.20,7,4903.89,60,19.64,301,0.2040,1,0,SALARIED,BACHELORS,SINGLE,AUTO,0
CUST-009351,43,126607.20,21,17986.86,24,20.96,460,0.2499,4,1,SALARIED,BACHELORS,MARRIED,HOME,1
CUST-009352,37,39972.75,9,41625.56,24,12.21,662,0.0878,1,0,UNEMPLOYED,BACHELORS,DIVORCED,BUSINESS,0
CUST-009353,61,189732.31,22,68533.74,12,16.52,696,0.1901,2,0,UNEMPLOYED,MASTERS,DIVORCED,EDUCATION,1
CUST-009354,37,80906.41,0,8111.09,24,8.68,673,0.3496,6,0,RETIRED,MASTERS,SINGLE,HOME,0
CUST-009355,51,107552.08,18,51019.11,60,6.46,627,0.0626,2,0,UNEMPLOYED,PHD,MARRIED,PERSONAL,1
CUST-009356,66,100258.95,34,70059.56,36,15.87,696,0.3765,1,0,SALARIED,HIGH_SCHOOL,SINGLE,EDUCATION,1
CUST-009357,42,35915.83,3,61647.57,48,5.18,382,0.1018,2,0,RETIRED,BACHELORS,DIVORCED,EDUCATION,0
CUST-009358,66,40136.05,7,11515.55,48,19.23,507,0.2308,4,0,RETIRED,HIGH_SCHOOL,DIVORCED,PERSONAL,1
CUST-009359,36,119136.93,?,20348.83,48,18.15,445,0.6233,0,0,RETIRED,MASTERS,SINGLE,PERSONAL,0
CUST-009360,65,130645.47,13,49166.42,36,21.42,815,0.1895,1,0,UNEMPLOYED,HIGH_SCHOOL,SINGLE,BUSINESS,0
CUST-009361,25,134130.29,7,78391.14,24,16.88,540,0.1643,6,0,RETIRED,MASTERS,DIVORCED,AUTO,1
CUST-009362,64,89876.76,2,68075.84,48,10.81,515,0.4934,1,1,RETIRED,PHD,DIVORCED,EDUCATION,0
CUST-009363,34,71808.82,16,32968.18,12,23.19,400,0.0739,4,0,RETIRED,PHD,SINGLE,AUTO,0
CUST-009364,40,126953.17,22,79546.15,48,18.73,817,0.3770,5,0,SELF_EMPLOYED,MASTERS,SINGLE,PERSONAL,1
CUST-009365,63,199454.52,7,24991.61,36,15.46,739,0.0700,0,0,SELF_EMPLOYED,MASTERS,DIVORCED,PERSONAL,0
CUST-009366,21,74342.79,3,28466.09,36,17.12,798,0.2989,5,0,SELF_EMPLOYED,PHD,SINGLE,EDUCATION,1
CUST-009367,41,42946.10,23,85471.63,36,11.79,825,0.1133,0,0,RETIRED,PHD,MARRIED,PERSONAL,0
CUST-009368,39,146099.16,?,66823.04,60,16.74,332,0.0525,4,1,SALARIED,PHD,MARRIED,HOME,1
CUST-009369,31,146386.78,2,7352.31,60,8.17,?,0.5276,6,0,SELF_EMPLOYED,MASTERS,SINGLE,AUTO,0
CUST-009370,42,62601.20,20,27254.32,48,20.16,591,0.4970,2,0,UNEMPLOYED,HIGH_SCHOOL,MARRIED,EDUCATION,1
CUST-009371,59,57794.33,12,40231.31,24,24.52,462,0.0567,4,0,RETIRED,PHD,DIVORCED,BUSINESS,1
CUST-009372,37,167994.37,19,28442.04,24,12.87,589,0.2383,4,0,RETIRED,PHD,SINGLE,PERSONAL,1
CUST-009373,51,99206.70,32,53734.45,24,14.42,600,0.1048,0,2,RETIRED,BACHELORS,SINGLE,BUSINESS,1
CUST-009374,22,98819.57,4,34301.62,48,7.76,444,0.3642,0,0,RETIRED,HIGH_SCHOOL,MARRIED,BUSINESS,0
CUST-009375,26,77600.53,0,21005.83,36,21.74,744,0.1560,6,2,SELF_EMPLOYED,HIGH_SCHOOL,SINGLE,AUTO,1
CUST-009376,34,26230.67,16,32545.61,12,8.63,625,0.0846,0,0,SELF_EMPLOYED,HIGH_SCHOOL,DIVORCED,HOME,0
CUST-009377,46,42158.89,24,64637.02,36,8.94,610,0.1272,5,1,UNEMPLOYED,HIGH_SCHOOL,DIVORCED,BUSINESS,1
CUST-009378,70,189565.33,31,32038.23,12,20.74,316,0.5089,3,2,RETIRED,MASTERS,MARRIED,AUTO,1
CUST-009379,34,34679.95,15,20704.39,60,24.24,339,0.1873,3,1,RETIRED,MASTERS,MARRIED,AUTO,0
CUST-009380,61,38720.55,17,13691.41,36,24.50,674,0.3668,2,3,SALARIED,MASTERS,SINGLE,EDUCATION,1
CUST-009381,52,102913.81,6,53445.93,36,23.09,308,0.6278,6,0,SALARIED,MASTERS,SINGLE,PERSONAL,1
CUST-009382,37,195296.88,0,41147.32,24,11.77,743,0.3213,2,0,SALARIED,MASTERS,DIVORCED,HOME,0
CUST-009383,36,128152.80,18,52073.84,12,10.14,654,0.6675,5,2,SELF_EMPLOYED,PHD,MARRIED,PERSONAL,1
CUST-009384,63,198364.03,33,34663.26,48,6.80,372,0.3097,6,0,UNEMPLOYED,PHD,DIVORCED,HOME,0
CUST-009385,33,69495.88,4,55357.50,12,23.98,781,0.6740,4,0,RETIRED,BACHELORS,DIVORCED,AUTO,0
CUST-009386,28,171422.31,10,58249.20,60,10.23,666,0.2776,6,0,UNEMPLOYED,BACHELORS,DIVORCED,HOME,0
CUST-009387,66,74365.92,6,82280.43,24,6.24,498,0.0696,5,3,SELF_EMPLOYED,HIGH_SCHOOL,MARRIED,EDUCATION,1
CUST-009388,68,187513.74,2,44421.45,60,17.68,316,0.2324,3,3,RETIRED,MASTERS,DIVORCED,PERSONAL,1
CUST-009389,51,34847.50,30,11108.50,24,16.85,630,0.6863,2,0,RETIRED,MASTERS,SINGLE,PERSONAL,0
CUST-009390,23,105978.29,3,21767.53,12,24.72,796,0.3404,5,0,RETIRED,MASTERS,MARRIED,HOME,1
CUST-009391,36,191830.02,17,45884.33,60,15.28,489,0.0774,1,0,SELF_EMPLOYED,PHD,DIVORCED,BUSINESS,0
CUST-009392,30,103113.86,12,49562.19,60,18.13,555,0.4124,1,1,SELF_EMPLOYED,HIGH_SCHOOL,SINGLE,AUTO,1
CUST-009393,28,118676.43,10,60552.28,24,22.18,764,0.6533,6,0,SELF_EMPLOYED,MASTERS,MARRIED,EDUCATION,1
CUST-009394,43,110986.65,4,11583.16,24,13.94,719,0.0880,5,0,SELF_EMPLOYED,HIGH_SCHOOL,MARRIED,HOME,0
CUST-009395,56,161430.30,13,45958.25,48,9.61,829,0.6677,5,0,SELF_EMPLOYED,PHD,SINGLE,PERSONAL,1
CUST-009396,65,183713.65,5,5775.51,12,17.23,381,0.3558,5,0,UNEMPLOYED,PHD,SINGLE,HOME,1
CUST-009397,51,177451.99,15,82304.01,48,13.24,563,0.2659,4,0,SELF_EMPLOYED,MASTERS,SINGLE,PERSONAL,0
CUST-009398,30,31616.43,4,78787.38,60,9.69,604,0.1001,6,0,SELF_EMPLOYED,BACHELORS,SINGLE,BUSINESS,0
CUST-009399,58,192958.44,6,35397.51,48,23.68,347,0.0727,6,0,SELF_EMPLOYED,PHD,DIVORCED,AUTO,0
CUST-009400,56,189058.71,2,37771.47,48,17.47,714,0.3815,4,0,SELF_EMPLOYED,HIGH_SCHOOL,MARRIED,EDUCATION,1
CUST-009401,68,118800.70,22,44635.58,24,9.37,786,0.1067,0,0,SALARIED,HIGH_SCHOOL,SINGLE,EDUCATION,0
CUST-009402,24,124234.36,6,70626.11,12,8.01,771,0.2350,1,0,UNEMPLOYED,PHD,DIVORCED,BUSINESS,0
CUST-009403,26,150629.36,3,9541.70,12,16.77,429,0.6383,3,0,RETIRED,HIGH_SCHOOL,DIVORCED,BUSINESS,0
CUST-009404,32,91212.99,5,47010.10,48,8.48,559,0.3696,5,0,SELF_EMPLOYED,PHD,MARRIED,AUTO,1
CUST-009405,63,47559.33,25,41686.51,36,14.53,401,0.3802,2,0,SELF_EMPLOYED,MASTERS,DIVORCED,AUTO,1
CUST-009406,66,122930.13,11,7835.27,12,17.73,512,0.4294,4,0,UNEMPLOYED,HIGH_SCHOOL,DIVORCED,PERSONAL,1
CUST-009407,52,77280.81,12,8051.85,12,13.18,761,0.6361,2,0,RETIRED,PHD,MARRIED,PERSONAL,0
CUST-009408,37,135054.49,19,71883.98,48,20.29,479,0.3311,0,0,SELF_EMPLOYED,PHD,MARRIED,BUSINESS,1
CUST-009409,38,103574.21,1,10563.44,24,14.42,524,0.3068,2,0,SALARIED,BACHELORS,MARRIED,AUTO,0
CUST-009410,70,151292.31,33,78750.80,36,18.14,726,0.5254,1,0,SALARIED,MASTERS,SINGLE,AUTO,0
CUST-009411,37,196725.42,10,77187.58,48,10.93,300,0.5981,4,0,UNEMPLOYED,MASTERS,SINGLE,PERSONAL,1
CUST-009412,48,18345.71,?,25828.47,12,20.03,318,0.4348,5,0,SALARIED,MASTERS,SINGLE,PERSONAL,1
CUST-009413,36,137041.12,18,67937.96,24,24.15,777,0.1418,3,0,UNEMPLOYED,PHD,DIVORCED,PERSONAL,0
CUST-009414,45,137321.22,19,65766.81,60,11.31,413,0.6915,6,0,SELF_EMPLOYED,HIGH_SCHOOL,MARRIED,EDUCATION,1
CUST-009415,55,183497.16,21,27484.38,12,15.02,818,0.5193,2,3,UNEMPLOYED,BACHELORS,DIVORCED,HOME,1
CUST-009416,39,64546.95,6,19644.28,12,17.27,485,0.0726,2,0,RETIRED,HIGH_SCHOOL,MARRIED,EDUCATION,1
CUST-009417,47,41166.43,13,81460.65,12,19.16,425,0.1865,4,0,SALARIED,MASTERS,DIVORCED,HOME,0
CUST-009418,53,114111.44,31,6898.33,48,6.15,756,0.2761,5,0,SELF_EMPLOYED,BACHELORS,SINGLE,HOME,0
CUST-009419,41,38662.56,17,16627.41,24,24.57,473,0.3620,4,0,UNEMPLOYED,BACHELORS,DIVORCED,AUTO,1
CUST-009420,49,59996.39,4,9751.31,24,5.20,611,0.1068,2,0,SELF_EMPLOYED,PHD,DIVORCED,AUTO,0
CUST-009421,38,189468.81,7,35374.71,36,20.93,528,0.5492,0,0,SELF_EMPLOYED,PHD,DIVORCED,EDUCATION,0
CUST-009422,66,78886.03,12,42150.26,48,8.81,818,0.4779,5,0,SELF_EMPLOYED,BACHELORS,MARRIED,BUSINESS,0
CUST-009423,46,93034.15,3,71052.90,48,10.67,683,0.3656,6,0,SELF_EMPLOYED,MASTERS,DIVORCED,AUTO,1
CUST-009424,57,140921.30,31,22068.94,36,19.10,365,0.5923,3,0,RETIRED,HIGH_SCHOOL,SINGLE,AUTO,1
CUST-009425,50,110216.82,6,30756.16,48,24.98,679,0.2517,2,2,SALARIED,PHD,SINGLE,PERSONAL,1
CUST-009426,25,44146.16,7,42984.96,12,21.27,814,0.0918,4,0,SALARIED,HIGH_SCHOOL,DIVORCED,EDUCATION,0
CUST-009427,37,39122.90,12,31380.61,12,7.33,310,0.0821,3,0,SELF_EMPLOYED,HIGH_SCHOOL,SINGLE,PERSONAL,1
CUST-009428,46,181460.88,28,80818.88,24,21.85,646,0.1666,1,0,SELF_EMPLOYED,PHD,DIVORCED,AUTO,0
CUST-009429,22,118288.41,4,29148.76,60,24.34,629,0.3339,4,0,SALARIED,BACHELORS,MARRIED,PERSONAL,0
CUST-009430,33,134531.22,15,86165.92,48,11.55,311,0.1556,2,0,RETIRED,PHD,DIVORCED,HOME,0
CUST-009431,29,149705.69,6,60221.67,60,11.65,485,0.1696,4,0,SALARIED,HIGH_SCHOOL,MARRIED,EDUCATION,0
CUST-009432,58,24004.39,24,12155.00,12,14.91,742,0.3040,5,0,RETIRED,MASTERS,SINGLE,BUSINESS,0
CUST-009433,30,120672.92,12,33770.98,24,14.88,814,0.1697,4,0,UNEMPLOYED,PHD,MARRIED,BUSINESS,0
CUST-009434,39,128600.82,11,67979.88,24,20.29,836,0.5964,2,0,SELF_EMPLOYED,PHD,MARRIED,BUSINESS,0
CUST-009435,41,20881.06,7,43876.83,12,12.28,806,0.6275,0,0,SELF_EMPLOYED,PHD,MARRIED,EDUCATION,1
CUST-009436,43,121864.51,0,48360.10,48,19.75,783,0.0916,2,0,SELF_EMPLOYED,HIGH_SCHOOL,MARRIED,AUTO,0
CUST-009437,42,69202.97,24,61518.75,36,17.82,788,0.6802,0,1,RETIRED,MASTERS,SINGLE,HOME,1
CUST-009438,27,92076.89,9,4578.88,36,10.64,844,0.3368,5,3,SELF_EMPLOYED,PHD,MARRIED,PERSONAL,1
CUST-009439,59,184979.53,32,59048.66,12,19.89,622,0.2583,3,0,SALARIED,PHD,SINGLE,BUSINESS,1
CUST-009440,44,94389.56,7,69641.75,12,21.08,592,0.6574,3,0,UNEMPLOYED,PHD,SINGLE,HOME,1
CUST-009441,39,70701.20,8,85922.82,60,9.65,407,0.1123,6,0,RETIRED,MASTERS,DIVORCED,BUSINESS,1
CUST-009442,42,150642.31,19,75578.92,48,16.86,726,0.6925,1,3,SELF_EMPLOYED,MASTERS,DIVORCED,AUTO,0
CUST-009443,31,40267.86,5,29579.04,12,19.71,458,0.4846,1,3,UNEMPLOYED,PHD,DIVORCED,PERSONAL,1
CUST-009444,62,136997.55,22,13090.40,24,17.48,658,0.6426,5,1,RETIRED,MASTERS,SINGLE,PERSONAL,1
CUST-009445,59,62227.26,5,88356.58,60,7.85,514,0.5960,2,0,SELF_EMPLOYED,BACHELORS,MARRIED,AUTO,1
CUST-009446,41,128731.83,8,75447.03,12,14.77,529,0.3179,3,0,RETIRED,BACHELORS,MARRIED,EDUCATION,0
CUST-009447,38,150089.20,12,52978.43,48,20.27,417,0.6671,0,1,SALARIED,BACHELORS,SINGLE,PERSONAL,1
CUST-009448,49,135643.79,8,21617.49,12,24.58,705,0.5818,5,0,UNEMPLOYED,BACHELORS,DIVORCED,AUTO,1
CUST-009449,46,36971.77,23,55016.46,36,19.12,408,0.4091,1,0,SALARIED,BACHELORS,MARRIED,HOME,0
CUST-009450,44,48717.14,26,71977.94,48,24.70,468,0.0854,3,0,RETIRED,MASTERS,SINGLE,EDUCATION,0
CUST-009451,21,47422.41,3,82165.24,36,18.95,791,0.6597,5,0,SALARIED,HIGH_SCHOOL,SINGLE,PERSONAL,1
CUST-009452,31,36527.95,13,32423.51,60,7.38,584,0.6750,3,0,SALARIED,MASTERS,SINGLE,HOME,1
CUST-009453,43,67250.42,25,64925.92,24,16.17,763,0.2988,5,0,SALARIED,BACHELORS,MARRIED,AUTO,0
CUST-009454,21,140007.16,3,36536.72,24,6.73,525,0.5291,1,0,UNEMPLOYED,BACHELORS,MARRIED,BUSINESS,0
CUST-009455,53,167995.15,28,42630.97,12,14.32,762,0.3402,4,0,RETIRED,HIGH_SCHOOL,DIVORCED,PERSONAL,0
CUST-009456,54,111077.04,2,34543.37,12,15.80,755,0.5350,6,0,SALARIED,BACHELORS,MARRIED,EDUCATION,1
CUST-009457,34,35067.25,16,55914.98,36,8.99,786,0.3168,2,0,RETIRED,PHD,MARRIED,PERSONAL,0
CUST-009458,53,155075.00,29,67607.62,60,11.45,733,0.5000,4,0,UNEMPLOYED,BACHELORS,DIVORCED,PERSONAL,0
CUST-009459,24,36667.52,6,31739.22,12,8.90,461,0.2009,6,0,RETIRED,PHD,DIVORCED,HOME,0
CUST-009460,23,51523.94,5,84781.51,48,9.42,549,0.1954,3,0,SELF_EMPLOYED,BACHELORS,MARRIED,HOME,0
CUST-009461,54,139351.38,10,45837.90,12,12.52,379,0.5202,5,0,SELF_EMPLOYED,MASTERS,MARRIED,HOME,1
CUST-009462,57,23607.52,11,32575.05,12,16.02,447,0.3460,5,0,SELF_EMPLOYED,HIGH_SCHOOL,SINGLE,BUSINESS,1
CUST-009463,55,?,27,79122.41,36,8.00,332,0.2757,6,0,SELF_EMPLOYED,MASTERS,SINGLE,HOME,0
CUST-009464,39,58266.99,21,16799.93,60,18.40,840,0.4243,3,0,RETIRED,PHD,MARRIED,PERSONAL,0
CUST-009465,63,185933.70,2,38644.99,60,7.88,377,0.4316,2,1,UNEMPLOYED,BACHELORS,DIVORCED,HOME,1
CUST-009466,38,198484.74,10,89082.99,60,6.28,846,0.4772,1,3,SALARIED,BACHELORS,SINGLE,HOME,1
CUST-009467,27,103566.36,9,55213.05,60,22.52,815,0.2282,4,0,SALARIED,PHD,MARRIED,HOME,0
CUST-009468,60,156192.04,3,85362.90,36,6.10,608,0.5680,2,0,SELF_EMPLOYED,HIGH_SCHOOL,SINGLE,PERSONAL,1
CUST-009469,63,101082.23,9,83125.00,60,14.75,409,0.1566,6,0,SELF_EMPLOYED,MASTERS,SINGLE,BUSINESS,0
CUST-009470,46,190744.49,28,82274.33,12,23.49,580,0.0630,5,0,SELF_EMPLOYED,BACHELORS,MARRIED,AUTO,0
CUST-009471,24,116744.74,2,29228.55,48,11.60,566,0.5202,3,0,SALARIED,BACHELORS,MARRIED,HOME,1
CUST-009472,30,196647.55,2,4792.64,60,24.24,675,0.2123,3,0,SELF_EMPLOYED,HIGH_SCHOOL,MARRIED,HOME,0
CUST-009473,23,72944.33,5,20842.49,36,15.94,532,0.6777,1,0,SELF_EMPLOYED,BACHELORS,SINGLE,HOME,1
CUST-009474,36,?,18,18960.47,24,11.96,745,0.6775,2,0,RETIRED,BACHELORS,SINGLE,HOME,1
CUST-009475,36,25975.25,18,72896.68,48,24.66,747,0.5165,3,0,UNEMPLOYED,PHD,SINGLE,EDUCATION,1
CUST-009476,44,172327.44,0,72029.00,12,12.18,415,0.5908,6,0,SELF_EMPLOYED,HIGH_SCHOOL,MARRIED,BUSINESS,0
CUST-009477,62,151019.68,23,56181.74,60,16.43,665,0.5692,3,0,SELF_EMPLOYED,HIGH_SCHOOL,MARRIED,EDUCATION,1
CUST-009478,55,112706.94,15,82957.88,60,6.24,745,0.5625,6,0,SALARIED,PHD,SINGLE,PERSONAL,0
CUST-009479,69,151711.34,5,80789.24,36,15.43,835,0.4069,2,0,SALARIED,MASTERS,DIVORCED,HOME,0
CUST-009480,65,39275.97,6,40704.99,60,22.17,342,0.1439,0,0,RETIRED,BACHELORS,DIVORCED,EDUCATION,0
CUST-009481,50,137676.82,19,79474.05,60,13.14,677,0.4984,0,0,SALARIED,HIGH_SCHOOL,SINGLE,HOME,1
CUST-009482,52,74748.33,3,82990.82,36,22.54,383,0.4510,5,0,SALARIED,PHD,DIVORCED,HOME,1
CUST-009483,53,179658.10,31,43289.55,60,16.77,490,0.5348,5,0,SELF_EMPLOYED,HIGH_SCHOOL,SINGLE,EDUCATION,1
CUST-009484,26,186258.93,8,5694.81,12,20.10,353,0.6812,5,0,SELF_EMPLOYED,BACHELORS,DIVORCED,HOME,1
CUST-009485,34,37274.89,15,13467.13,24,20.78,537,0.5408,1,0,RETIRED,BACHELORS,DIVORCED,EDUCATION,0
CUST-009486,53,127637.15,31,21856.99,36,8.94,417,0.5717,1,0,RETIRED,HIGH_SCHOOL,MARRIED,HOME,1
CUST-009487,64,178808.91,33,7014.28,60,5.85,823,0.1806,4,0,SELF_EMPLOYED,MASTERS,MARRIED,HOME,0
CUST-009488,35,128413.82,17,58165.24,36,6.90,456,0.5040,1,0,SALARIED,PHD,MARRIED,PERSONAL,1
CUST-009489,41,33661.59,23,87879.87,48,8.45,833,0.1444,0,0,UNEMPLOYED,MASTERS,SINGLE,HOME,1
CUST-009490,53,186495.88,31,44913.69,48,8.79,329,0.3977,4,0,SELF_EMPLOYED,PHD,DIVORCED,AUTO,0
CUST-009491,22,157411.46,3,59766.45,60,17.13,527,0.2958,0,0,SELF_EMPLOYED,HIGH_SCHOOL,MARRIED,PERSONAL,0
CUST-009492,65,21762.02,23,67117.17,24,15.91,596,0.3020,5,0,RETIRED,MASTERS,SINGLE,HOME,0
CUST-009493,46,188462.88,15,39781.71,48,24.74,441,0.0749,3,0,SELF_EMPLOYED,PHD,DIVORCED,BUSINESS,1
CUST-009494,54,26998.31,28,66170.45,60,8.25,633,0.3463,6,0,UNEMPLOYED,MASTERS,DIVORCED,BUSINESS,1
CUST-009495,54,120400.66,32,80764.17,36,12.39,393,0.5750,2,0,SALARIED,BACHELORS,SINGLE,BUSINESS,0
CUST-009496,43,168102.25,4,80073.66,48,20.82,706,0.4052,6,0,UNEMPLOYED,BACHELORS,DIVORCED,BUSINESS,1
CUST-009497,25,93113.70,7,54144.31,60,8.55,353,0.1719,1,0,UNEMPLOYED,BACHELORS,DIVORCED,PERSONAL,0
CUST-009498,61,49296.43,1,60113.89,12,5.22,317,0.3819,2,0,UNEMPLOYED,HIGH_SCHOOL,MARRIED,EDUCATION,1
CUST-009499,43,161494.14,1,35440.92,48,22.12,800,0.4934,6,0,RETIRED,HIGH_SCHOOL,DIVORCED,AUTO,0
CUST-009500,51,151691.47,33,31931.39,48,8.25,401,0.1881,2,0,SELF_EMPLOYED,MASTERS,DIVORCED,EDUCATION,1
CUST-009501,59,114494.48,3,34470.51,24,24.82,729,0.5065,4,0,RETIRED,MASTERS,MARRIED,AUTO,1
CUST-009502,28,41674.15,10,49470.80,24,8.71,602,0.1674,1,3,UNEMPLOYED,PHD,DIVORCED,AUTO,1
CUST-009503,23,53218.50,5,30729.48,48,13.97,738,0.6623,4,0,UNEMPLOYED,HIGH_SCHOOL,DIVORCED,AUTO,1
CUST-009504,42,49976.18,2,14213.55,60,11.21,731,0.0732,0,0,RETIRED,HIGH_SCHOOL,SINGLE,PERSONAL,0
CUST-009505,39,119728.68,2,38010.92,60,22.24,623,0.2544,2,0,RETIRED,BACHELORS,SINGLE,AUTO,1
CUST-009506,66,141809.70,19,45650.01,12,21.11,621,0.1141,3,1,SELF_EMPLOYED,HIGH_SCHOOL,DIVORCED,EDUCATION,0
CUST-009507,36,192139.58,8,67931.37,24,8.51,520,0.4438,1,0,RETIRED,BACHELORS,DIVORCED,EDUCATION,1
CUST-009508,63,104297.15,21,41577.56,24,7.76,531,0.4803,0,0,SALARIED,MASTERS,SINGLE,EDUCATION,0
CUST-009509,47,76570.07,28,13185.84,36,21.58,362,0.3680,4,0,SALARIED,PHD,SINGLE,HOME,1
CUST-009510,58,139183.95,16,29168.36,60,6.25,301,0.4868,2,0,RETIRED,MASTERS,SINGLE,EDUCATION,0
CUST-009511,36,168459.77,17,7302.22,36,15.52,350,0.3375,0,0,SALARIED,PHD,DIVORCED,AUTO,1
CUST-009512,47,49872.99,10,31598.85,12,17.95,450,0.5686,3,0,SALARIED,HIGH_SCHOOL,SINGLE,HOME,1
CUST-009513,28,154336.98,10,52614.53,60,24.00,365,0.3899,5,0,UNEMPLOYED,MASTERS,DIVORCED,AUTO,1
CUST-009514,65,93699.66,19,36180.36,48,12.20,307,0.0688,6,0,UNEMPLOYED,HIGH_SCHOOL,MARRIED,BUSINESS,1
CUST-009515,50,86861.74,5,51405.04,24,7.98,799,0.5272,4,0,SALARIED,BACHELORS,MARRIED,BUSINESS,0
CUST-009516,57,105309.21,27,73885.11,48,13.28,387,0.6130,5,0,SALARIED,HIGH_SCHOOL,MARRIED,EDUCATION,1
CUST-009517,29,183241.13,11,56236.33,48,22.99,558,0.3855,4,2,SELF_EMPLOYED,MASTERS,DIVORCED,AUTO,1
CUST-009518,66,135401.02,5,76123.86,12,21.35,682,0.2152,0,0,UNEMPLOYED,MASTERS,SINGLE,HOME,1
CUST-009519,56,157083.21,28,13278.14,60,15.76,492,0.0750,0,0,SALARIED,PHD,SINGLE,PERSONAL,0
CUST-009520,40,192973.91,20,44862.90,36,17.56,329,0.4250,5,0,RETIRED,BACHELORS,MARRIED,PERSONAL,0
CUST-009521,63,98059.98,22,36213.07,12,10.32,438,0.6080,3,0,SELF_EMPLOYED,HIGH_SCHOOL,SINGLE,AUTO,1
CUST-009522,38,22149.86,16,6793.59,12,12.08,396,0.6080,4,0,UNEMPLOYED,BACHELORS,DIVORCED,EDUCATION,0
CUST-009523,44,72383.21,5,79651.19,48,7.36,?,0.1156,3,0,SALARIED,HIGH_SCHOOL,MARRIED,HOME,1
CUST-009524,22,188220.27,4,25990.92,24,15.15,483,0.6386,6,0,SELF_EMPLOYED,BACHELORS,DIVORCED,BUSINESS,0
CUST-009525,28,165472.59,10,38016.74,60,19.89,833,0.5448,0,0,SELF_EMPLOYED,BACHELORS,MARRIED,AUTO,0
CUST-009526,55,120789.02,25,13729.86,12,23.14,521,0.6261,3,0,SALARIED,PHD,SINGLE,EDUCATION,0
CUST-009527,38,42617.23,20,10082.29,24,20.57,408,0.3432,5,0,UNEMPLOYED,BACHELORS,SINGLE,PERSONAL,1
CUST-009528,42,184461.08,2,79843.15,60,22.38,789,0.5836,4,0,UNEMPLOYED,PHD,DIVORCED,EDUCATION,0
CUST-009529,51,188866.86,22,28969.90,24,15.18,543,0.5521,2,0,SALARIED,HIGH_SCHOOL,SINGLE,PERSONAL,1
CUST-009530,66,178504.01,1,52685.45,36,19.95,448,0.2517,3,0,UNEMPLOYED,MASTERS,SINGLE,HOME,1
CUST-009531,35,105494.14,16,30939.03,12,9.86,485,0.1213,2,0,SELF_EMPLOYED,BACHELORS,MARRIED,BUSINESS,1
CUST-009532,30,84275.23,12,40512.28,48,14.52,599,0.4624,5,3,SALARIED,HIGH_SCHOOL,SINGLE,EDUCATION,1
CUST-009533,57,136511.74,30,10058.67,36,23.09,654,0.4731,4,0,SALARIED,MASTERS,MARRIED,BUSINESS,1
CUST-009534,68,34019.75,29,42266.07,48,20.83,511,0.3494,4,0,UNEMPLOYED,PHD,SINGLE,AUTO,1
CUST-009535,58,?,13,23653.00,48,17.18,586,0.4689,4,0,SALARIED,PHD,MARRIED,AUTO,0
CUST-009536,21,140110.89,3,86275.27,24,18.71,359,0.6107,4,0,RETIRED,PHD,MARRIED,PERSONAL,1
CUST-009537,70,44377.53,13,88149.57,12,6.79,?,0.2076,2,0,RETIRED,HIGH_SCHOOL,SINGLE,HOME,1
CUST-009538,40,158854.10,21,71434.36,36,15.59,562,0.5070,2,1,UNEMPLOYED,HIGH_SCHOOL,SINGLE,AUTO,1
CUST-009539,57,76570.29,27,54296.27,36,10.49,845,0.5687,4,0,RETIRED,PHD,MARRIED,EDUCATION,0
CUST-009540,68,124501.00,34,37663.26,12,9.81,584,0.1153,5,0,RETIRED,PHD,MARRIED,EDUCATION,1
CUST-009541,28,85263.56,10,27500.86,12,10.13,634,0.2910,0,0,SALARIED,HIGH_SCHOOL,DIVORCED,BUSINESS,0
CUST-009542,53,138650.22,25,48085.64,12,8.51,336,0.3600,4,3,SALARIED,HIGH_SCHOOL,MARRIED,PERSONAL,1
CUST-009543,67,120199.10,22,73032.51,48,21.27,737,0.2082,0,0,RETIRED,HIGH_SCHOOL,DIVORCED,AUTO,0
CUST-009544,41,34725.04,23,75720.76,12,22.06,820,0.6571,3,2,SALARIED,HIGH_SCHOOL,SINGLE,HOME,1
CUST-009545,25,108132.70,7,66232.64,36,10.32,807,0.4490,4,3,SALARIED,HIGH_SCHOOL,MARRIED,HOME,1
CUST-009546,41,120511.82,23,69840.66,12,12.76,685,0.4964,1,0,RETIRED,BACHELORS,DIVORCED,HOME,0
CUST-009547,23,84788.25,5,79096.18,48,19.42,558,0.5818,2,0,UNEMPLOYED,PHD,MARRIED,BUSINESS,1
CUST-009548,53,92856.54,31,84852.82,60,13.02,451,0.1637,0,0,SELF_EMPLOYED,BACHELORS,SINGLE,AUTO,0
CUST-009549,61,132680.71,8,51392.99,24,9.53,770,0.5026,3,0,SELF_EMPLOYED,PHD,SINGLE,EDUCATION,0
CUST-009550,39,24127.08,15,57830.69,12,20.43,677,0.6029,6,0,RETIRED,MASTERS,MARRIED,AUTO,1
CUST-009551,22,43632.75,4,77901.13,24,6.70,693,0.5648,6,0,RETIRED,MASTERS,SINGLE,AUTO,0
CUST-009552,66,158349.95,29,7598.68,24,15.69,383,0.1587,6,0,RETIRED,PHD,DIVORCED,EDUCATION,1
CUST-009553,66,138336.57,30,38724.24,24,5.13,628,0.5880,4,0,SELF_EMPLOYED,HIGH_SCHOOL,SINGLE,AUTO,0
CUST-009554,35,99190.33,17,4496.90,24,5.91,395,0.0937,5,0,UNEMPLOYED,BACHELORS,SINGLE,AUTO,0
CUST-009555,51,120122.87,2,7985.79,12,16.19,345,0.1654,3,3,SALARIED,MASTERS,DIVORCED,BUSINESS,1
CUST-009556,65,54483.00,33,34772.67,36,19.30,814,0.1650,2,0,SELF_EMPLOYED,HIGH_SCHOOL,SINGLE,BUSINESS,0
CUST-009557,26,115114.13,8,63238.71,12,17.87,725,0.4876,6,0,SALARIED,HIGH_SCHOOL,DIVORCED,AUTO,0
CUST-009558,32,154959.38,14,85961.95,48,21.28,424,0.6023,3,0,UNEMPLOYED,PHD,DIVORCED,EDUCATION,0
CUST-009559,34,40731.69,16,41916.46,12,7.15,741,0.0953,5,3,UNEMPLOYED,PHD,DIVORCED,BUSINESS,1
CUST-009560,64,135191.66,15,88116.43,48,18.44,848,0.4574,0,0,SALARIED,PHD,MARRIED,BUSINESS,0
CUST-009561,54,103447.69,20,54973.92,60,6.04,589,0.1538,4,0,SELF_EMPLOYED,BACHELORS,SINGLE,HOME,1
CUST-009562,45,99870.37,23,66355.42,36,20.82,365,0.4253,4,3,UNEMPLOYED,MASTERS,SINGLE,BUSINESS,1
CUST-009563,64,84761.76,4,86399.52,12,14.45,569,0.3151,6,0,UNEMPLOYED,MASTERS,MARRIED,EDUCATION,0
CUST-009564,24,152422.93,6,70084.77,48,14.75,692,0.0827,4,2,RETIRED,PHD,MARRIED,BUSINESS,1
CUST-009565,38,75781.58,7,50350.79,60,23.66,615,0.5563,5,0,SELF_EMPLOYED,HIGH_SCHOOL,DIVORCED,BUSINESS,1
CUST-009566,38,161435.71,17,62676.11,24,5.47,667,0.2437,5,0,SALARIED,BACHELORS,DIVORCED,PERSONAL,0
CUST-009567,54,161061.51,7,63038.17,12,13.85,799,0.5956,0,0,RETIRED,BACHELORS,SINGLE,AUTO,0
CUST-009568,62,?,12,73915.86,12,12.44,485,0.6172,1,0,SELF_EMPLOYED,HIGH_SCHOOL,SINGLE,PERSONAL,1
CUST-009569,40,132476.97,2,15332.22,24,12.65,525,0.1256,0,0,RETIRED,HIGH_SCHOOL,MARRIED,BUSINESS,0
CUST-009570,47,155103.11,23,39628.58,60,7.10,746,0.2997,2,0,UNEMPLOYED,BACHELORS,SINGLE,AUTO,0
CUST-009571,45,143931.89,6,8923.04,48,14.83,620,0.0937,3,0,SALARIED,BACHELORS,MARRIED,BUSINESS,1
CUST-009572,57,52247.69,26,36805.44,60,19.51,847,0.2194,6,1,SALARIED,HIGH_SCHOOL,MARRIED,EDUCATION,1
CUST-009573,28,179155.52,10,75976.98,48,20.90,763,0.5395,4,1,RETIRED,HIGH_SCHOOL,MARRIED,AUTO,0
CUST-009574,47,30385.22,29,65066.56,12,7.08,323,0.5345,0,0,RETIRED,MASTERS,SINGLE,HOME,1
CUST-009575,34,104278.89,16,15410.85,60,18.88,344,0.6245,6,0,RETIRED,MASTERS,SINGLE,AUTO,1
CUST-009576,29,91215.66,2,62931.55,60,12.13,832,0.1081,1,0,RETIRED,HIGH_SCHOOL,MARRIED,EDUCATION,0
CUST-009577,41,106107.39,20,73641.84,12,21.70,463,0.4366,0,0,SELF_EMPLOYED,HIGH_SCHOOL,DIVORCED,EDUCATION,0
CUST-009578,27,21449.10,8,79530.25,60,11.83,357,0.3678,5,1,RETIRED,PHD,DIVORCED,HOME,1
CUST-009579,47,171264.95,29,82006.63,48,11.71,743,0.2185,0,0,SELF_EMPLOYED,MASTERS,DIVORCED,HOME,0
CUST-009580,24,100921.14,6,82864.84,24,12.04,530,0.4864,1,0,SALARIED,HIGH_SCHOOL,SINGLE,BUSINESS,1
CUST-009581,31,134723.20,1,27453.44,24,15.27,611,0.3707,5,0,SALARIED,HIGH_SCHOOL,DIVORCED,HOME,1
CUST-009582,43,40062.20,21,55291.25,48,17.38,471,0.6219,4,0,SALARIED,BACHELORS,MARRIED,HOME,1
CUST-009583,48,159366.45,1,56023.18,12,7.39,586,0.3084,1,0,RETIRED,BACHELORS,DIVORCED,PERSONAL,1
CUST-009584,48,148730.90,18,8807.68,48,12.12,374,0.6919,0,0,RETIRED,PHD,MARRIED,PERSONAL,1
CUST-009585,35,69821.96,11,62792.88,36,13.17,353,0.6720,0,0,RETIRED,BACHELORS,SINGLE,BUSINESS,0
CUST-009586,30,26264.70,3,9090.10,24,9.69,464,0.0782,5,0,RETIRED,HIGH_SCHOOL,MARRIED,HOME,1
CUST-009587,36,134313.45,18,60376.96,36,7.00,364,0.6338,1,2,SALARIED,MASTERS,MARRIED,PERSONAL,1
CUST-009588,34,130098.38,5,87966.79,12,19.00,317,0.4102,6,0,RETIRED,HIGH_SCHOOL,MARRIED,BUSINESS,0
CUST-009589,63,153197.33,7,59945.99,12,23.40,550,0.3650,1,0,RETIRED,PHD,SINGLE,BUSINESS,1
CUST-009590,48,26226.54,30,25921.92,36,15.92,834,0.2455,2,0,RETIRED,BACHELORS,MARRIED,AUTO,0
CUST-009591,62,28559.33,10,28001.38,12,14.04,530,0.1833,1,0,UNEMPLOYED,BACHELORS,SINGLE,BUSINESS,1
CUST-009592,35,111278.35,11,69415.24,24,10.17,422,0.2198,1,0,UNEMPLOYED,MASTERS,MARRIED,EDUCATION,0
CUST-009593,69,39105.30,9,89537.57,36,6.98,366,0.4566,4,0,RETIRED,HIGH_SCHOOL,SINGLE,AUTO,1
CUST-009594,37,102281.17,19,31545.34,60,7.49,642,0.4118,1,0,UNEMPLOYED,HIGH_SCHOOL,DIVORCED,EDUCATION,0
CUST-009595,43,146534.45,12,8219.30,12,12.60,464,0.0721,0,3,RETIRED,MASTERS,SINGLE,BUSINESS,1
CUST-009596,70,50069.67,22,87824.44,36,16.18,506,0.3439,1,0,SELF_EMPLOYED,BACHELORS,MARRIED,PERSONAL,1
CUST-009597,70,171655.07,11,19283.04,60,12.40,729,0.2468,3,0,SALARIED,HIGH_SCHOOL,DIVORCED,AUTO,0
CUST-009598,29,42935.31,11,35248.46,36,20.90,325,0.3729,2,0,UNEMPLOYED,MASTERS,MARRIED,AUTO,0
CUST-009599,33,44256.89,10,31321.64,24,8.99,846,0.6556,1,3,RETIRED,HIGH_SCHOOL,SINGLE,BUSINESS,1
CUST-009600,36,72608.87,11,26049.24,48,17.55,724,0.2659,2,0,UNEMPLOYED,HIGH_SCHOOL,MARRIED,AUTO,0
CUST-009601,61,154511.62,28,40298.72,24,18.32,524,0.4222,3,0,RETIRED,HIGH_SCHOOL,DIVORCED,EDUCATION,0
CUST-009602,47,36851.98,14,36016.61,24,18.58,814,0.5830,4,0,SALARIED,BACHELORS,MARRIED,EDUCATION,1
CUST-009603,50,146994.27,6,38217.01,24,9.48,469,0.6833,0,0,UNEMPLOYED,PHD,SINGLE,BUSINESS,1
CUST-009604,34,159272.33,14,45412.01,48,24.40,381,0.4184,5,0,RETIRED,HIGH_SCHOOL,SINGLE,HOME,0
CUST-009605,59,95749.14,31,89612.27,48,14.33,801,0.5480,6,0,SALARIED,PHD,DIVORCED,EDUCATION,1
CUST-009606,26,108862.09,8,72707.99,36,24.19,?,0.0686,4,0,RETIRED,MASTERS,SINGLE,EDUCATION,1
CUST-009607,35,30652.97,17,75358.23,60,8.67,666,0.6734,4,3,UNEMPLOYED,HIGH_SCHOOL,SINGLE,BUSINESS,1
CUST-009608,58,85302.22,4,79915.52,12,10.41,624,0.1133,4,3,SELF_EMPLOYED,HIGH_SCHOOL,DIVORCED,BUSINESS,1
CUST-009609,43,84556.29,12,12046.77,60,6.66,339,0.4816,1,0,UNEMPLOYED,BACHELORS,SINGLE,HOME,1
CUST-009610,33,161602.86,15,59562.00,24,15.57,578,0.2275,1,0,SELF_EMPLOYED,HIGH_SCHOOL,DIVORCED,BUSINESS,1
CUST-009611,58,66060.48,12,55950.88,36,6.56,334,0.1220,4,0,RETIRED,MASTERS,DIVORCED,BUSINESS,1
CUST-009612,48,139263.91,9,58168.38,48,24.44,548,0.3342,5,0,SALARIED,MASTERS,SINGLE,AUTO,1
CUST-009613,45,73538.43,27,23848.32,60,9.52,810,0.0922,2,0,RETIRED,PHD,SINGLE,EDUCATION,1
CUST-009614,47,134237.33,1,28771.13,24,8.34,381,0.6524,6,0,SELF_EMPLOYED,BACHELORS,SINGLE,PERSONAL,1
CUST-009615,35,106353.78,?,21194.77,12,18.77,631,0.6780,6,0,RETIRED,PHD,MARRIED,AUTO,1
CUST-009616,44,132161.52,9,79380.09,60,21.48,760,0.5669,0,2,RETIRED,MASTERS,MARRIED,BUSINESS,1
CUST-009617,22,?,4,89839.48,60,7.33,376,0.6553,4,0,RETIRED,MASTERS,DIVORCED,BUSINESS,0
CUST-009618,21,78065.79,3,89433.46,12,17.02,624,0.4154,3,0,SALARIED,MASTERS,DIVORCED,PERSONAL,1
CUST-009619,70,143715.42,6,42007.99,24,18.62,400,0.3949,2,0,SALARIED,HIGH_SCHOOL,SINGLE,HOME,0
CUST-009620,30,49053.66,12,31483.31,12,20.21,471,0.2150,2,0,RETIRED,BACHELORS,MARRIED,EDUCATION,0
CUST-009621,67,86472.24,3,66996.68,36,8.02,591,0.6745,5,0,UNEMPLOYED,HIGH_SCHOOL,MARRIED,BUSINESS,1
CUST-009622,55,105018.04,10,77344.93,12,9.10,494,0.6661,5,2,SELF_EMPLOYED,MASTERS,MARRIED,EDUCATION,1
CUST-009623,37,79243.84,5,79533.42,60,16.12,615,0.2251,1,0,SALARIED,MASTERS,SINGLE,AUTO,0
CUST-009624,35,126898.50,16,56899.19,12,21.46,831,0.3032,4,0,UNEMPLOYED,PHD,SINGLE,EDUCATION,0
CUST-009625,50,103972.51,3,34114.45,24,11.81,494,0.1417,5,3,SELF_EMPLOYED,BACHELORS,SINGLE,AUTO,1
CUST-009626,32,153654.94,14,48375.97,48,24.81,335,0.1873,3,0,RETIRED,BACHELORS,DIVORCED,PERSONAL,0
CUST-009627,36,85932.88,6,37555.93,60,22.06,603,0.4140,2,0,SALARIED,MASTERS,SINGLE,AUTO,1
CUST-009628,60,117754.00,1,39946.12,60,17.12,426,0.2892,5,3,SALARIED,HIGH_SCHOOL,SINGLE,AUTO,1
CUST-009629,24,80911.59,6,9313.61,60,17.43,706,0.5855,2,0,SELF_EMPLOYED,MASTERS,SINGLE,BUSINESS,0
CUST-009630,67,128919.42,13,63371.17,24,21.54,522,0.2216,1,0,UNEMPLOYED,BACHELORS,SINGLE,PERSONAL,0
CUST-009631,36,185996.83,0,11345.08,60,23.41,398,0.6065,1,0,SELF_EMPLOYED,BACHELORS,SINGLE,EDUCATION,1
CUST-009632,70,165186.00,14,74146.59,36,12.82,347,0.5025,4,0,SELF_EMPLOYED,BACHELORS,MARRIED,BUSINESS,1
CUST-009633,31,28299.20,11,27432.03,48,11.60,512,0.2444,4,0,SELF_EMPLOYED,PHD,SINGLE,BUSINESS,0
CUST-009634,23,91347.11,5,43140.59,24,10.89,341,0.2558,0,0,SALARIED,HIGH_SCHOOL,SINGLE,HOME,0
CUST-009635,55,198419.39,19,78030.46,36,19.53,676,0.3241,5,1,UNEMPLOYED,PHD,DIVORCED,BUSINESS,1
CUST-009636,66,182319.57,?,65476.86,12,6.06,569,0.4232,0,0,UNEMPLOYED,BACHELORS,MARRIED,AUTO,0
CUST-009637,29,160380.79,5,40379.45,24,18.22,716,0.4174,1,0,SALARIED,HIGH_SCHOOL,DIVORCED,AUTO,1
CUST-009638,69,136616.40,15,59336.82,36,6.66,665,0.5366,5,0,RETIRED,PHD,DIVORCED,PERSONAL,0
CUST-009639,21,170838.13,3,32378.54,60,6.86,739,0.6620,1,0,SALARIED,BACHELORS,SINGLE,EDUCATION,0
CUST-009640,66,114144.92,5,35679.16,60,8.34,784,0.5362,5,3,SELF_EMPLOYED,BACHELORS,MARRIED,AUTO,1
CUST-009641,24,162846.78,6,53649.27,12,14.11,553,0.6313,2,0,RETIRED,PHD,MARRIED,PERSONAL,0
CUST-009642,70,66930.70,10,14007.02,48,6.76,700,0.1013,3,0,SELF_EMPLOYED,PHD,DIVORCED,AUTO,0
CUST-009643,40,181253.99,12,62570.83,60,6.90,758,0.5930,1,0,UNEMPLOYED,MASTERS,SINGLE,PERSONAL,0
CUST-009644,40,157714.94,21,80016.87,60,22.11,804,0.4771,1,3,SALARIED,PHD,SINGLE,EDUCATION,1
CUST-009645,29,66140.39,11,52229.49,36,22.72,831,0.3049,1,0,UNEMPLOYED,MASTERS,DIVORCED,PERSONAL,0
CUST-009646,67,34518.42,34,87133.05,36,9.18,697,0.6259,3,0,SELF_EMPLOYED,HIGH_SCHOOL,SINGLE,EDUCATION,1
CUST-009647,50,82771.54,32,41622.15,12,10.11,761,0.3579,3,2,UNEMPLOYED,PHD,MARRIED,HOME,1
CUST-009648,68,46034.82,34,12896.08,48,14.22,599,0.6304,5,0,UNEMPLOYED,MASTERS,SINGLE,AUTO,1
CUST-009649,62,142949.68,9,55736.74,60,23.85,?,0.3890,2,0,UNEMPLOYED,MASTERS,SINGLE,EDUCATION,1
CUST-009650,21,94004.71,3,18404.11,60,6.51,784,0.5359,5,0,SELF_EMPLOYED,MASTERS,MARRIED,BUSINESS,0
CUST-009651,64,34135.84,12,70945.54,48,16.26,657,0.4004,3,0,RETIRED,HIGH_SCHOOL,DIVORCED,PERSONAL,0
CUST-009652,28,169524.94,3,13055.02,24,6.29,830,0.2314,6,0,SELF_EMPLOYED,HIGH_SCHOOL,DIVORCED,PERSONAL,0
CUST-009653,38,164375.17,20,32465.11,24,21.92,822,0.5175,2,0,RETIRED,BACHELORS,MARRIED,AUTO,0
CUST-009654,55,29549.47,24,27311.36,60,15.84,355,0.4653,6,0,SALARIED,PHD,SINGLE,BUSINESS,0
CUST-009655,33,179523.49,1,32117.64,12,9.28,494,0.2245,3,0,RETIRED,MASTERS,DIVORCED,PERSONAL,0
CUST-009656,44,126025.81,9,78625.62,60,9.26,800,0.6450,6,0,RETIRED,BACHELORS,MARRIED,EDUCATION,1
CUST-009657,29,103139.58,11,64255.06,24,18.20,405,0.3206,3,0,SALARIED,HIGH_SCHOOL,MARRIED,EDUCATION,0
CUST-009658,32,112389.32,9,37650.28,36,5.07,371,0.0958,4,0,RETIRED,PHD,DIVORCED,HOME,0
CUST-009659,42,133693.19,24,56067.73,24,19.35,491,0.6846,4,0,SALARIED,HIGH_SCHOOL,DIVORCED,HOME,1
CUST-009660,38,168982.18,20,4520.72,48,12.20,484,0.6118,1,0,RETIRED,MASTERS,SINGLE,BUSINESS,0
CUST-009661,42,171375.69,10,35046.76,48,11.30,617,0.6175,1,0,RETIRED,PHD,SINGLE,HOME,1
CUST-009662,38,62809.33,4,85873.37,60,18.23,300,0.1417,5,0,SALARIED,PHD,MARRIED,HOME,1
CUST-009663,69,?,2,3010.80,12,13.69,566,0.2406,4,0,RETIRED,PHD,SINGLE,EDUCATION,0
CUST-009664,70,65374.79,30,18699.36,12,18.86,477,0.3880,6,0,SALARIED,PHD,DIVORCED,EDUCATION,0
CUST-009665,45,35803.92,19,10926.52,24,14.01,591,0.0818,1,0,SELF_EMPLOYED,PHD,MARRIED,AUTO,0
CUST-009666,36,166414.23,18,85470.61,24,15.88,570,0.0571,6,0,SALARIED,MASTERS,DIVORCED,AUTO,0
CUST-009667,43,76929.94,22,11907.13,60,11.07,834,0.2691,5,0,SALARIED,MASTERS,MARRIED,BUSINESS,1
CUST-009668,53,179697.46,10,37229.37,36,18.95,387,0.2408,0,0,RETIRED,BACHELORS,DIVORCED,BUSINESS,1
CUST-009669,37,71342.40,19,4131.49,48,7.14,736,0.2643,1,0,SELF_EMPLOYED,PHD,DIVORCED,BUSINESS,0
CUST-009670,62,79896.26,23,87790.19,48,7.17,542,0.2943,3,0,SALARIED,HIGH_SCHOOL,SINGLE,HOME,0
CUST-009671,43,69383.53,8,84164.47,48,15.20,592,0.5864,1,0,RETIRED,PHD,MARRIED,BUSINESS,1
CUST-009672,46,123021.42,28,38460.12,60,15.85,496,0.2342,2,0,UNEMPLOYED,MASTERS,MARRIED,AUTO,1
CUST-009673,29,158276.41,11,74212.04,24,16.38,406,0.0747,6,0,SELF_EMPLOYED,HIGH_SCHOOL,DIVORCED,PERSONAL,0
CUST-009674,28,42732.04,10,31866.11,12,18.79,?,0.5674,2,0,UNEMPLOYED,MASTERS,SINGLE,HOME,1
CUST-009675,21,58168.31,3,50465.62,60,14.42,612,0.0884,1,0,SELF_EMPLOYED,PHD,SINGLE,AUTO,1
CUST-009676,45,173039.12,10,46711.73,12,16.54,650,0.5173,0,0,UNEMPLOYED,MASTERS,DIVORCED,PERSONAL,0
CUST-009677,44,181562.65,15,11156.60,12,12.36,658,0.6274,5,0,SELF_EMPLOYED,MASTERS,DIVORCED,BUSINESS,1
CUST-009678,60,126779.32,10,35139.56,48,18.05,686,0.3700,2,0,RETIRED,HIGH_SCHOOL,MARRIED,BUSINESS,0
CUST-009679,68,44943.20,31,73261.69,60,10.75,771,0.6024,1,0,RETIRED,BACHELORS,MARRIED,PERSONAL,1
CUST-009680,61,150993.52,3,54427.55,60,14.74,732,0.2007,4,3,UNEMPLOYED,PHD,DIVORCED,PERSONAL,1
CUST-009681,26,174187.21,8,73444.86,24,11.99,518,0.5465,5,1,RETIRED,MASTERS,MARRIED,PERSONAL,1
CUST-009682,55,67036.28,19,66883.22,24,16.54,351,0.6462,1,0,UNEMPLOYED,HIGH_SCHOOL,DIVORCED,PERSONAL,1
CUST-009683,51,129193.84,3,18564.70,48,7.58,680,0.1105,5,0,SELF_EMPLOYED,HIGH_SCHOOL,MARRIED,EDUCATION,0
CUST-009684,58,59991.51,22,23503.06,60,24.90,450,0.3793,5,0,RETIRED,PHD,DIVORCED,EDUCATION,1
CUST-009685,39,132482.31,5,85791.55,12,15.09,540,0.6414,5,0,SALARIED,HIGH_SCHOOL,SINGLE,PERSONAL,0
CUST-009686,24,40070.21,6,5579.52,36,20.72,517,0.2210,4,0,RETIRED,PHD,SINGLE,EDUCATION,0
CUST-009687,58,133842.95,16,16739.61,36,6.10,608,0.4136,6,0,UNEMPLOYED,HIGH_SCHOOL,MARRIED,HOME,0
CUST-009688,22,147479.62,4,45019.57,60,17.74,367,0.6486,1,0,SELF_EMPLOYED,BACHELORS,MARRIED,BUSINESS,1
CUST-009689,27,192611.85,9,5979.56,36,24.31,541,0.5900,0,0,RETIRED,PHD,DIVORCED,PERSONAL,0
CUST-009690,33,21395.01,15,89054.43,48,16.39,721,0.5530,3,0,RETIRED,HIGH_SCHOOL,DIVORCED,PERSONAL,0
CUST-009691,24,88463.99,6,27196.35,12,7.84,412,0.4223,0,0,SALARIED,HIGH_SCHOOL,DIVORCED,HOME,1
CUST-009692,46,176525.37,24,89456.27,60,10.37,358,0.2919,5,0,RETIRED,HIGH_SCHOOL,SINGLE,AUTO,0
CUST-009693,23,49139.76,5,55276.53,12,19.89,604,0.6409,1,3,SELF_EMPLOYED,MASTERS,SINGLE,EDUCATION,1
CUST-009694,33,153831.58,1,41775.93,60,13.31,739,0.2195,3,0,UNEMPLOYED,MASTERS,SINGLE,EDUCATION,0
CUST-009695,60,156625.28,25,74766.24,60,15.54,570,0.5292,5,0,SALARIED,HIGH_SCHOOL,DIVORCED,HOME,1
CUST-009696,56,145688.17,15,14573.55,24,12.26,438,0.4446,4,0,RETIRED,HIGH_SCHOOL,DIVORCED,EDUCATION,0
CUST-009697,51,59053.43,24,46142.46,24,18.71,704,0.1824,3,0,UNEMPLOYED,BACHELORS,MARRIED,AUTO,1
CUST-009698,59,166919.22,12,22765.34,12,5.83,747,0.6319,6,0,SELF_EMPLOYED,HIGH_SCHOOL,DIVORCED,BUSINESS,0
CUST-009699,62,65694.83,11,52806.04,12,18.59,695,0.2064,1,0,SALARIED,HIGH_SCHOOL,DIVORCED,HOME,0
CUST-009700,46,187828.76,16,43068.54,24,6.89,633,0.2392,4,0,UNEMPLOYED,HIGH_SCHOOL,MARRIED,BUSINESS,0
CUST-009701,43,52906.43,25,52636.87,36,10.29,816,0.5119,3,1,SALARIED,BACHELORS,MARRIED,EDUCATION,1
CUST-009702,36,182442.41,18,74958.65,60,18.42,700,0.5721,6,0,SALARIED,PHD,MARRIED,AUTO,0
CUST-009703,53,116386.80,9,82783.02,24,18.40,819,0.6848,5,0,RETIRED,HIGH_SCHOOL,MARRIED,EDUCATION,0
CUST-009704,55,136850.28,18,89309.90,60,12.89,444,0.1266,4,0,SALARIED,HIGH_SCHOOL,SINGLE,BUSINESS,0
CUST-009705,22,189778.93,4,51443.70,24,18.99,?,0.2954,4,0,UNEMPLOYED,HIGH_SCHOOL,DIVORCED,EDUCATION,0
CUST-009706,64,193239.83,31,81084.78,36,23.37,415,0.2783,2,0,UNEMPLOYED,PHD,SINGLE,BUSINESS,1
CUST-009707,25,92073.31,7,85144.57,12,12.34,814,0.3137,6,0,RETIRED,MASTERS,DIVORCED,EDUCATION,0
CUST-009708,45,84240.81,21,13776.96,60,11.99,805,0.3192,0,1,SALARIED,PHD,MARRIED,PERSONAL,0
CUST-009709,24,112632.94,2,74353.66,60,21.06,497,0.3988,3,0,RETIRED,PHD,MARRIED,BUSINESS,1
CUST-009710,64,88916.51,31,75818.10,48,20.51,351,0.4918,2,0,UNEMPLOYED,MASTERS,MARRIED,AUTO,1
CUST-009711,34,40283.34,12,32747.57,24,8.88,848,0.4163,3,0,SELF_EMPLOYED,HIGH_SCHOOL,DIVORCED,AUTO,0
CUST-009712,63,24516.99,33,54432.58,48,11.49,676,0.6671,3,0,RETIRED,MASTERS,MARRIED,AUTO,0
CUST-009713,25,150768.67,7,65573.92,12,6.62,?,0.2000,0,0,UNEMPLOYED,BACHELORS,MARRIED,PERSONAL,0
CUST-009714,62,?,4,72010.57,24,8.48,430,0.4865,0,0,UNEMPLOYED,MASTERS,DIVORCED,HOME,0
CUST-009715,34,139419.85,16,53035.13,60,12.32,572,0.2501,2,0,RETIRED,BACHELORS,MARRIED,BUSINESS,0
CUST-009716,41,104608.21,23,16944.11,24,9.58,540,0.6188,3,0,RETIRED,MASTERS,SINGLE,AUTO,1
CUST-009717,59,80067.02,6,57450.07,12,22.05,497,0.5331,6,0,SELF_EMPLOYED,BACHELORS,SINGLE,HOME,0
CUST-009718,55,57293.28,31,53402.59,60,12.59,571,0.1349,5,0,SELF_EMPLOYED,HIGH_SCHOOL,SINGLE,PERSONAL,0
CUST-009719,33,76735.33,15,13272.16,60,8.16,659,0.4071,1,0,SELF_EMPLOYED,BACHELORS,DIVORCED,PERSONAL,0
CUST-009720,46,23467.93,28,29015.33,12,19.45,524,0.4794,0,1,RETIRED,MASTERS,DIVORCED,HOME,0
CUST-009721,34,23685.95,16,35264.31,60,5.15,304,0.6420,1,0,SALARIED,HIGH_SCHOOL,SINGLE,EDUCATION,1
CUST-009722,43,127242.39,7,73303.02,24,17.39,440,0.5303,6,0,SALARIED,PHD,SINGLE,AUTO,1
CUST-009723,22,28795.23,4,18823.30,12,17.21,310,0.4606,5,0,SELF_EMPLOYED,MASTERS,MARRIED,EDUCATION,1
CUST-009724,27,39733.94,9,13134.25,12,6.19,795,0.6373,4,0,SELF_EMPLOYED,MASTERS,MARRIED,HOME,0
CUST-009725,31,122057.49,13,59467.01,60,7.95,335,0.5122,3,2,UNEMPLOYED,HIGH_SCHOOL,MARRIED,HOME,1
CUST-009726,46,144748.76,3,34681.94,60,14.50,460,0.3158,6,0,SELF_EMPLOYED,MASTERS,DIVORCED,BUSINESS,0
CUST-009727,64,147826.56,7,11792.47,36,16.36,343,0.4171,5,0,UNEMPLOYED,BACHELORS,MARRIED,EDUCATION,1
CUST-009728,61,96207.13,23,16942.57,24,17.44,553,0.1221,0,2,UNEMPLOYED,MASTERS,MARRIED,BUSINESS,1
CUST-009729,39,44770.24,21,13742.60,24,6.64,432,0.3782,3,0,RETIRED,PHD,DIVORCED,PERSONAL,0
CUST-009730,51,160489.93,2,39582.42,24,16.08,842,0.4923,6,0,UNEMPLOYED,PHD,DIVORCED,HOME,0
CUST-009731,36,20930.41,18,9158.67,24,11.31,469,0.2463,4,0,SALARIED,MASTERS,SINGLE,BUSINESS,0
CUST-009732,38,104628.75,9,43087.32,48,11.83,443,0.2441,2,0,UNEMPLOYED,PHD,DIVORCED,EDUCATION,0
CUST-009733,69,104296.18,18,41633.53,12,7.32,767,0.4920,3,0,SELF_EMPLOYED,PHD,SINGLE,PERSONAL,0
CUST-009734,24,92569.13,6,7972.63,12,10.88,356,0.6958,1,0,UNEMPLOYED,PHD,DIVORCED,PERSONAL,1
CUST-009735,35,30710.86,2,42545.95,48,10.51,645,0.4857,5,0,SELF_EMPLOYED,MASTERS,DIVORCED,BUSINESS,1
CUST-009736,35,64445.07,6,82161.60,60,13.99,444,0.5623,2,0,SELF_EMPLOYED,BACHELORS,SINGLE,BUSINESS,1
CUST-009737,48,86460.67,15,51806.26,60,11.84,409,0.0551,6,0,UNEMPLOYED,MASTERS,SINGLE,HOME,0
CUST-009738,56,55316.13,2,15858.15,24,10.78,742,0.4260,0,0,UNEMPLOYED,BACHELORS,MARRIED,HOME,1
CUST-009739,24,97849.53,6,28081.69,24,10.05,311,0.0882,1,0,UNEMPLOYED,BACHELORS,DIVORCED,EDUCATION,1
CUST-009740,37,45195.35,7,37519.91,60,18.31,566,0.6639,1,0,SELF_EMPLOYED,PHD,MARRIED,PERSONAL,1
CUST-009741,32,30803.66,13,25914.92,12,14.49,790,0.6077,1,2,RETIRED,BACHELORS,MARRIED,HOME,1
CUST-009742,31,27610.38,13,37879.49,48,16.63,345,0.1346,4,0,SALARIED,MASTERS,MARRIED,PERSONAL,1
CUST-009743,50,65998.08,30,60902.81,24,17.91,647,0.3091,0,0,SALARIED,MASTERS,DIVORCED,HOME,0
CUST-009744,49,174518.43,24,76614.30,48,12.55,342,0.4804,6,0,UNEMPLOYED,HIGH_SCHOOL,MARRIED,EDUCATION,0
CUST-009745,53,75248.88,8,24185.57,24,11.89,815,0.4159,0,0,UNEMPLOYED,PHD,MARRIED,EDUCATION,0
CUST-009746,35,195769.50,17,48663.17,36,24.41,312,0.6982,1,0,RETIRED,HIGH_SCHOOL,DIVORCED,PERSONAL,0
CUST-009747,57,109181.78,9,86738.19,12,13.47,493,0.1156,4,0,SALARIED,BACHELORS,DIVORCED,AUTO,0
CUST-009748,59,47187.37,9,48594.66,12,20.04,457,0.0988,1,0,SELF_EMPLOYED,HIGH_SCHOOL,SINGLE,EDUCATION,1
CUST-009749,34,166547.24,10,85979.83,48,20.75,846,0.3698,4,0,RETIRED,PHD,DIVORCED,HOME,0
CUST-009750,65,139413.91,24,67450.38,24,12.21,583,0.1704,3,0,UNEMPLOYED,HIGH_SCHOOL,SINGLE,PERSONAL,0
CUST-009751,42,124606.60,15,12627.45,48,19.00,640,0.6720,5,0,SELF_EMPLOYED,PHD,SINGLE,AUTO,1
CUST-009752,36,121012.77,16,42310.17,12,8.31,405,0.4239,5,0,SELF_EMPLOYED,PHD,MARRIED,AUTO,0
CUST-009753,66,?,12,88237.42,60,23.79,653,0.1464,0,0,UNEMPLOYED,BACHELORS,SINGLE,PERSONAL,1
CUST-009754,69,51502.80,9,54030.60,12,12.12,768,0.4808,3,0,UNEMPLOYED,HIGH_SCHOOL,MARRIED,EDUCATION,0
CUST-009755,26,137118.30,8,25741.44,60,20.50,757,0.1921,5,2,UNEMPLOYED,HIGH_SCHOOL,MARRIED,HOME,0
CUST-009756,70,125983.91,3,24593.58,24,16.87,522,0.0500,1,0,SELF_EMPLOYED,BACHELORS,MARRIED,PERSONAL,1
CUST-009757,28,151595.09,9,59046.74,24,10.84,784,0.0550,5,1,SELF_EMPLOYED,MASTERS,MARRIED,BUSINESS,1
CUST-009758,52,50411.70,16,49144.80,36,18.46,726,0.4065,0,0,SELF_EMPLOYED,HIGH_SCHOOL,MARRIED,EDUCATION,0
CUST-009759,53,178617.60,29,86786.54,12,19.17,319,0.2485,5,0,RETIRED,MASTERS,DIVORCED,EDUCATION,0
CUST-009760,57,129469.18,0,16438.81,24,10.05,748,0.3669,6,0,UNEMPLOYED,MASTERS,SINGLE,EDUCATION,0
CUST-009761,25,130746.24,7,54889.00,12,14.11,754,0.0542,6,0,SELF_EMPLOYED,BACHELORS,SINGLE,BUSINESS,0
CUST-009762,54,43560.34,4,71738.64,24,22.90,808,0.4244,0,0,SELF_EMPLOYED,MASTERS,DIVORCED,BUSINESS,0
CUST-009763,47,80285.07,?,48637.61,24,20.90,486,0.4698,3,0,RETIRED,HIGH_SCHOOL,MARRIED,EDUCATION,0
CUST-009764,42,129826.16,6,7205.79,48,22.64,679,0.5261,5,3,UNEMPLOYED,MASTERS,DIVORCED,HOME,1
CUST-009765,21,109869.68,3,17824.55,48,22.58,707,0.3223,6,0,SALARIED,MASTERS,MARRIED,HOME,0
CUST-009766,47,89964.45,5,75958.78,24,16.08,727,0.1645,0,0,SALARIED,HIGH_SCHOOL,MARRIED,EDUCATION,1
CUST-009767,36,143285.33,2,53184.65,48,19.70,792,0.2394,2,0,UNEMPLOYED,PHD,DIVORCED,HOME,0
CUST-009768,58,37471.53,17,49629.04,12,16.55,641,0.0997,1,0,UNEMPLOYED,PHD,SINGLE,EDUCATION,1
CUST-009769,63,194683.58,26,77750.62,60,13.22,539,0.0655,3,0,SALARIED,PHD,MARRIED,BUSINESS,0
CUST-009770,59,21193.78,12,63298.41,12,11.07,501,0.1582,3,0,SALARIED,MASTERS,SINGLE,AUTO,1
CUST-009771,30,57236.40,12,73620.89,24,8.63,565,0.3901,4,0,UNEMPLOYED,MASTERS,DIVORCED,EDUCATION,1
CUST-009772,22,190333.15,4,79275.75,48,16.82,577,0.5398,4,0,UNEMPLOYED,HIGH_SCHOOL,DIVORCED,BUSINESS,1
CUST-009773,39,175239.19,13,19659.38,60,23.63,732,0.5842,2,0,SALARIED,PHD,MARRIED,EDUCATION,1
CUST-009774,58,68918.96,33,68706.06,48,5.07,588,0.5265,1,0,SALARIED,MASTERS,MARRIED,HOME,0
CUST-009775,47,22496.13,5,64840.65,60,5.02,381,0.3400,6,0,UNEMPLOYED,BACHELORS,DIVORCED,EDUCATION,0
CUST-009776,41,161434.72,7,88377.61,12,24.17,534,0.0773,5,0,SELF_EMPLOYED,PHD,MARRIED,AUTO,0
CUST-009777,28,114614.90,0,17671.64,48,17.37,382,0.3092,0,2,SELF_EMPLOYED,MASTERS,SINGLE,AUTO,1
CUST-009778,45,86398.66,7,5946.49,24,8.03,770,0.5630,0,0,UNEMPLOYED,MASTERS,MARRIED,AUTO,1
CUST-009779,37,181454.78,19,9337.55,24,19.17,729,0.0696,1,0,SALARIED,BACHELORS,DIVORCED,BUSINESS,0
CUST-009780,26,72050.55,1,72325.59,36,9.81,426,0.6262,4,0,SELF_EMPLOYED,HIGH_SCHOOL,SINGLE,BUSINESS,0
CUST-009781,59,67450.99,28,58872.94,24,22.86,513,0.5670,6,0,RETIRED,HIGH_SCHOOL,DIVORCED,EDUCATION,0
CUST-009782,42,31116.91,24,42182.24,36,16.19,448,0.1380,1,0,UNEMPLOYED,BACHELORS,DIVORCED,BUSINESS,1
CUST-009783,44,84889.70,6,29795.86,48,16.81,660,0.1694,5,0,SELF_EMPLOYED,PHD,DIVORCED,HOME,1
CUST-009784,64,89741.54,19,58634.98,24,22.63,759,0.5355,4,0,SALARIED,HIGH_SCHOOL,SINGLE,AUTO,1
CUST-009785,52,67661.67,24,75650.34,60,15.09,705,0.4768,6,0,SELF_EMPLOYED,MASTERS,MARRIED,AUTO,1
CUST-009786,37,184502.44,6,51495.00,48,22.51,659,0.4964,6,0,RETIRED,PHD,DIVORCED,EDUCATION,0
CUST-009787,39,191502.52,6,8593.11,24,13.03,305,0.3368,6,0,UNEMPLOYED,MASTERS,MARRIED,AUTO,1
CUST-009788,48,45160.69,14,73961.89,36,18.35,344,0.2736,2,0,SELF_EMPLOYED,HIGH_SCHOOL,MARRIED,BUSINESS,0
CUST-009789,64,143410.73,12,15597.40,60,8.97,617,0.1588,4,0,SALARIED,PHD,DIVORCED,EDUCATION,0
CUST-009790,28,170213.70,10,60251.04,36,8.73,639,0.5167,2,0,SALARIED,HIGH_SCHOOL,SINGLE,AUTO,0
CUST-009791,66,28103.54,7,19617.37,12,19.51,756,0.6091,1,0,UNEMPLOYED,MASTERS,SINGLE,HOME,1
CUST-009792,33,172301.05,1,51113.20,12,22.66,814,0.2526,4,0,SALARIED,MASTERS,DIVORCED,BUSINESS,0
CUST-009793,70,20567.95,17,12745.68,36,10.03,389,0.6544,3,0,SELF_EMPLOYED,MASTERS,SINGLE,AUTO,1
CUST-009794,33,79247.45,15,43162.55,36,9.44,818,0.4416,5,0,RETIRED,MASTERS,MARRIED,BUSINESS,0
CUST-009795,26,163791.66,8,63823.97,60,6.80,330,0.5286,5,0,UNEMPLOYED,PHD,MARRIED,PERSONAL,1
CUST-009796,25,33234.32,7,49121.54,36,15.65,312,0.6707,1,0,SELF_EMPLOYED,MASTERS,MARRIED,BUSINESS,0
CUST-009797,66,105972.08,26,35485.76,24,10.43,664,0.6142,2,0,SELF_EMPLOYED,MASTERS,SINGLE,AUTO,1
CUST-009798,39,43396.36,21,14599.57,48,14.12,515,0.0568,0,0,SELF_EMPLOYED,BACHELORS,DIVORCED,BUSINESS,0
CUST-009799,39,86694.18,17,70463.58,12,10.91,698,0.1321,2,0,UNEMPLOYED,MASTERS,MARRIED,PERSONAL,1
CUST-009800,61,52497.41,4,78180.21,36,21.75,414,0.5239,2,2,RETIRED,BACHELORS,DIVORCED,PERSONAL,1
CUST-009801,32,35194.57,14,35239.15,24,9.44,595,0.5209,5,0,UNEMPLOYED,BACHELORS,DIVORCED,EDUCATION,0
CUST-009802,51,181176.28,28,80933.59,48,6.35,489,0.6607,2,0,SELF_EMPLOYED,MASTERS,SINGLE,HOME,0
CUST-009803,44,106560.79,16,68016.68,36,11.99,462,0.1108,6,0,RETIRED,PHD,MARRIED,PERSONAL,0
CUST-009804,51,161065.57,23,47388.79,60,17.61,760,0.2776,5,0,SELF_EMPLOYED,MASTERS,DIVORCED,PERSONAL,0
CUST-009805,50,139223.30,32,66943.00,60,6.19,546,0.5130,6,0,UNEMPLOYED,MASTERS,DIVORCED,BUSINESS,1
CUST-009806,64,190530.19,15,49829.49,48,7.33,380,0.4236,0,0,SALARIED,PHD,SINGLE,PERSONAL,1
CUST-009807,48,194378.02,7,65708.43,12,15.91,692,0.0790,5,0,UNEMPLOYED,MASTERS,SINGLE,BUSINESS,1
CUST-009808,56,26697.01,18,56035.98,36,5.27,637,0.4654,5,0,SALARIED,PHD,MARRIED,PERSONAL,1
CUST-009809,23,40113.32,5,64856.78,60,12.18,432,0.1119,6,0,UNEMPLOYED,HIGH_SCHOOL,SINGLE,EDUCATION,0
CUST-009810,43,194852.35,6,14269.96,36,24.78,846,0.4717,5,2,UNEMPLOYED,MASTERS,DIVORCED,EDUCATION,1
CUST-009811,56,119643.58,27,27211.49,36,23.59,830,0.4724,4,0,UNEMPLOYED,HIGH_SCHOOL,SINGLE,HOME,1
CUST-009812,28,198237.70,10,44310.62,60,18.29,333,0.6745,2,0,SALARIED,PHD,MARRIED,PERSONAL,0
CUST-009813,25,117817.48,7,86395.27,24,7.91,697,0.6470,4,3,SALARIED,HIGH_SCHOOL,DIVORCED,HOME,1
CUST-009814,26,128265.10,8,13155.15,12,9.28,803,0.6810,1,0,SELF_EMPLOYED,BACHELORS,DIVORCED,EDUCATION,1
CUST-009815,26,137737.73,0,46835.52,60,13.08,309,0.5111,2,0,RETIRED,BACHELORS,SINGLE,EDUCATION,0
CUST-009816,38,130179.03,4,38041.35,60,21.82,776,0.0895,1,0,SELF_EMPLOYED,MASTERS,SINGLE,HOME,0
CUST-009817,36,48798.76,18,13369.62,36,5.72,764,0.2584,4,1,RETIRED,BACHELORS,MARRIED,PERSONAL,0
CUST-009818,40,127257.90,13,41265.29,60,22.99,652,0.6363,3,0,UNEMPLOYED,BACHELORS,MARRIED,PERSONAL,0
CUST-009819,67,164041.78,33,9231.63,24,9.98,719,0.2749,1,0,RETIRED,HIGH_SCHOOL,SINGLE,AUTO,0
CUST-009820,31,177037.14,13,8974.55,48,24.85,653,0.0661,2,0,UNEMPLOYED,BACHELORS,DIVORCED,AUTO,1
CUST-009821,27,?,6,76807.74,60,7.15,322,0.5968,0,1,SALARIED,PHD,DIVORCED,EDUCATION,1
CUST-009822,64,32100.32,31,6519.89,48,9.42,562,0.4441,0,0,UNEMPLOYED,PHD,MARRIED,AUTO,1
CUST-009823,25,18305.01,3,46879.92,12,18.67,520,0.1520,0,0,UNEMPLOYED,BACHELORS,MARRIED,EDUCATION,1
CUST-009824,22,133215.14,4,17942.38,60,24.67,628,0.1204,0,0,RETIRED,PHD,DIVORCED,HOME,0
CUST-009825,42,36831.30,11,38237.56,24,8.68,327,0.6291,5,0,RETIRED,HIGH_SCHOOL,MARRIED,BUSINESS,0
CUST-009826,48,167728.46,24,36648.03,48,24.99,740,0.1325,3,1,SALARIED,PHD,SINGLE,BUSINESS,0
CUST-009827,55,79912.60,16,45541.04,48,22.38,736,0.0514,2,0,UNEMPLOYED,MASTERS,MARRIED,BUSINESS,0
CUST-009828,22,177618.94,4,33837.13,60,23.89,486,0.0739,3,0,SALARIED,PHD,SINGLE,EDUCATION,1
CUST-009829,29,179625.82,11,87795.29,12,7.41,561,0.4279,6,2,RETIRED,MASTERS,MARRIED,EDUCATION,1
CUST-009830,64,94959.51,23,4328.83,60,5.52,418,0.4749,6,0,SALARIED,PHD,MARRIED,BUSINESS,1
CUST-009831,32,24130.67,12,49935.17,48,19.91,467,0.5855,3,0,SELF_EMPLOYED,MASTERS,DIVORCED,EDUCATION,1
CUST-009832,27,30658.02,9,14745.23,12,17.05,686,0.3653,1,0,RETIRED,MASTERS,SINGLE,EDUCATION,1
CUST-009833,44,129704.35,26,48329.29,12,8.58,534,0.3947,3,0,SALARIED,BACHELORS,MARRIED,BUSINESS,0
CUST-009834,32,89654.13,14,60303.13,48,24.88,528,0.6682,2,0,UNEMPLOYED,HIGH_SCHOOL,SINGLE,BUSINESS,1
CUST-009835,34,37438.06,16,38795.26,24,7.64,399,0.1263,4,0,SALARIED,MASTERS,MARRIED,AUTO,1
CUST-009836,60,60401.26,15,15896.96,60,18.67,739,0.5738,1,0,UNEMPLOYED,PHD,DIVORCED,AUTO,1
CUST-009837,55,75656.60,28,20798.83,24,13.52,812,0.3516,2,0,SALARIED,MASTERS,DIVORCED,PERSONAL,0
CUST-009838,23,146142.64,5,71879.65,24,21.78,835,0.6612,3,0,UNEMPLOYED,PHD,DIVORCED,AUTO,1
CUST-009839,59,21536.11,5,59806.64,36,11.02,546,0.2837,1,3,SALARIED,BACHELORS,SINGLE,PERSONAL,1
CUST-009840,53,105164.52,26,76971.38,36,21.12,486,0.1210,6,0,RETIRED,PHD,SINGLE,BUSINESS,1
CUST-009841,70,104741.88,24,77900.44,48,13.02,541,0.3135,3,0,SELF_EMPLOYED,BACHELORS,DIVORCED,EDUCATION,0
CUST-009842,68,101413.52,8,63224.29,36,9.75,806,0.1397,6,0,SELF_EMPLOYED,PHD,SINGLE,HOME,0
CUST-009843,45,18151.76,19,24701.06,48,14.84,760,0.5968,3,0,SELF_EMPLOYED,HIGH_SCHOOL,SINGLE,PERSONAL,0
CUST-009844,62,154470.55,14,61370.90,60,11.04,419,0.4560,5,2,UNEMPLOYED,MASTERS,DIVORCED,PERSONAL,1
CUST-009845,33,22535.83,15,50783.22,48,16.14,487,0.3856,4,0,RETIRED,MASTERS,SINGLE,EDUCATION,1
CUST-009846,28,106276.71,10,21032.90,12,13.43,322,0.4877,4,0,SALARIED,BACHELORS,SINGLE,AUTO,1
CUST-009847,53,178071.39,1,35893.55,24,15.24,305,0.1847,0,0,RETIRED,PHD,SINGLE,AUTO,1
CUST-009848,65,195694.87,3,12865.27,36,23.08,599,0.6433,4,0,SALARIED,BACHELORS,DIVORCED,EDUCATION,0
CUST-009849,55,181705.34,28,22303.78,36,12.11,841,0.6297,4,0,SELF_EMPLOYED,PHD,DIVORCED,BUSINESS,0
CUST-009850,46,72232.36,28,62902.42,60,6.88,577,0.6635,2,0,RETIRED,BACHELORS,DIVORCED,AUTO,1
CUST-009851,56,196611.47,24,76331.85,36,9.23,816,0.6766,1,1,UNEMPLOYED,HIGH_SCHOOL,SINGLE,AUTO,0
CUST-009852,45,169116.44,27,30861.93,48,24.25,374,0.4859,0,0,RETIRED,HIGH_SCHOOL,MARRIED,AUTO,1
CUST-009853,62,?,15,32484.64,12,14.93,554,0.1431,5,3,SELF_EMPLOYED,MASTERS,MARRIED,EDUCATION,1
CUST-009854,34,30563.09,3,33492.64,24,13.41,741,0.3410,5,0,RETIRED,MASTERS,MARRIED,EDUCATION,0
CUST-009855,22,175904.35,4,22985.25,36,18.18,590,0.2507,5,0,UNEMPLOYED,MASTERS,MARRIED,PERSONAL,0
CUST-009856,64,181241.17,31,47313.53,60,11.16,818,0.5789,2,0,RETIRED,PHD,SINGLE,BUSINESS,0
CUST-009857,22,151289.40,4,88763.49,24,19.52,474,0.5081,5,0,SALARIED,PHD,DIVORCED,HOME,0
CUST-009858,23,68376.88,5,54216.08,60,19.12,762,0.4757,5,0,UNEMPLOYED,HIGH_SCHOOL,DIVORCED,AUTO,0
CUST-009859,27,92675.78,9,66748.34,36,10.87,558,0.5549,2,0,UNEMPLOYED,PHD,SINGLE,PERSONAL,1
CUST-009860,46,158212.26,28,26013.52,60,6.32,452,0.4008,0,0,SALARIED,HIGH_SCHOOL,DIVORCED,HOME,0
CUST-009861,44,51867.33,26,30043.97,60,21.67,486,0.3823,3,0,SELF_EMPLOYED,PHD,SINGLE,AUTO,1
CUST-009862,29,42932.53,11,83863.13,48,8.26,674,0.1547,3,0,SALARIED,BACHELORS,SINGLE,HOME,0
CUST-009863,31,197236.59,1,48506.76,60,6.49,580,0.1635,5,0,SALARIED,MASTERS,DIVORCED,EDUCATION,0
CUST-009864,25,135377.24,7,70480.47,24,12.68,423,0.5646,1,0,UNEMPLOYED,BACHELORS,DIVORCED,EDUCATION,1
CUST-009865,66,127137.43,23,27428.81,36,24.81,742,0.1313,3,0,UNEMPLOYED,PHD,MARRIED,PERSONAL,1
CUST-009866,50,135959.18,32,4593.91,36,7.66,594,0.5897,3,0,SALARIED,HIGH_SCHOOL,MARRIED,EDUCATION,1
CUST-009867,62,181141.13,34,54788.11,24,24.81,413,0.3569,2,0,UNEMPLOYED,HIGH_SCHOOL,DIVORCED,HOME,1
CUST-009868,42,106647.51,20,10791.43,12,20.55,343,0.1411,3,3,RETIRED,HIGH_SCHOOL,SINGLE,AUTO,1
CUST-009869,25,154349.79,1,13560.08,48,7.81,737,0.6763,0,3,SALARIED,PHD,MARRIED,EDUCATION,1
CUST-009870,31,182912.24,13,83242.75,12,8.35,405,0.4862,5,0,UNEMPLOYED,MASTERS,SINGLE,HOME,1
CUST-009871,34,99357.05,16,16376.44,12,23.60,764,0.1586,4,0,SELF_EMPLOYED,BACHELORS,DIVORCED,EDUCATION,0
CUST-009872,60,81718.19,?,57521.17,24,7.91,351,0.5185,5,0,SELF_EMPLOYED,HIGH_SCHOOL,SINGLE,PERSONAL,0
CUST-009873,38,194451.16,10,44025.66,48,12.03,484,0.3044,2,0,UNEMPLOYED,MASTERS,MARRIED,HOME,0
CUST-009874,41,72397.50,11,34799.56,60,7.03,550,0.4160,5,0,SALARIED,HIGH_SCHOOL,SINGLE,HOME,1
CUST-009875,47,99295.24,8,15295.85,60,17.74,502,0.5727,0,0,SALARIED,HIGH_SCHOOL,DIVORCED,AUTO,0
CUST-009876,70,155657.47,12,13061.25,12,7.10,317,0.6039,4,0,RETIRED,PHD,DIVORCED,BUSINESS,0
CUST-009877,69,21667.94,29,22645.65,60,5.46,485,0.4852,1,0,UNEMPLOYED,BACHELORS,SINGLE,EDUCATION,1
CUST-009878,65,66676.21,30,73668.72,36,7.67,629,0.0516,6,0,RETIRED,BACHELORS,SINGLE,EDUCATION,0
CUST-009879,34,94922.44,15,62024.47,60,20.42,614,0.3812,2,1,RETIRED,PHD,MARRIED,HOME,1
CUST-009880,68,103462.71,14,10512.50,12,20.88,383,0.3244,0,0,RETIRED,HIGH_SCHOOL,DIVORCED,BUSINESS,0
CUST-009881,22,44244.64,4,42515.05,60,13.62,409,0.1434,4,0,RETIRED,MASTERS,SINGLE,HOME,1
CUST-009882,45,24871.37,27,11014.78,24,10.96,844,0.1113,5,0,SELF_EMPLOYED,BACHELORS,DIVORCED,BUSINESS,0
CUST-009883,36,141098.08,18,46785.43,12,20.97,454,0.1242,4,3,SALARIED,BACHELORS,SINGLE,BUSINESS,1
CUST-009884,51,136056.11,6,6693.48,36,20.35,814,0.4350,2,0,UNEMPLOYED,BACHELORS,MARRIED,EDUCATION,0
CUST-009885,54,?,24,22836.91,48,17.25,336,0.1964,6,0,SELF_EMPLOYED,BACHELORS,MARRIED,HOME,1
CUST-009886,51,99247.35,33,38114.94,60,16.02,808,0.2482,5,0,UNEMPLOYED,PHD,SINGLE,BUSINESS,0
CUST-009887,46,131675.66,27,44932.88,48,21.26,538,0.2784,6,0,UNEMPLOYED,HIGH_SCHOOL,DIVORCED,BUSINESS,1
CUST-009888,43,128890.90,23,53292.44,24,16.39,832,0.4941,6,0,SELF_EMPLOYED,MASTERS,DIVORCED,HOME,1
CUST-009889,26,160629.21,8,58568.53,12,7.61,570,0.1473,5,0,UNEMPLOYED,PHD,DIVORCED,EDUCATION,1
CUST-009890,26,44898.11,8,62775.96,60,7.29,676,0.1617,2,0,SELF_EMPLOYED,BACHELORS,SINGLE,PERSONAL,1
CUST-009891,60,134785.26,19,49075.12,48,15.45,330,0.1390,0,0,SALARIED,MASTERS,SINGLE,BUSINESS,0
CUST-009892,27,114934.69,9,32624.68,24,14.78,358,0.5613,6,0,UNEMPLOYED,HIGH_SCHOOL,MARRIED,PERSONAL,1
CUST-009893,33,75564.80,15,65090.26,48,23.17,628,0.5843,4,0,SALARIED,HIGH_SCHOOL,SINGLE,BUSINESS,1
CUST-009894,45,169923.96,27,59262.41,24,18.35,366,0.3064,3,0,SELF_EMPLOYED,BACHELORS,SINGLE,AUTO,0
CUST-009895,37,66431.28,13,52700.05,24,7.36,726,0.1510,2,0,UNEMPLOYED,BACHELORS,MARRIED,HOME,1
CUST-009896,29,121095.04,11,47985.67,48,11.71,391,0.4809,0,0,RETIRED,PHD,DIVORCED,PERSONAL,0
CUST-009897,47,46810.27,14,33144.89,48,17.54,600,0.2972,0,0,SALARIED,BACHELORS,MARRIED,PERSONAL,0
CUST-009898,48,57272.04,15,66110.12,24,6.63,613,0.5482,5,0,RETIRED,BACHELORS,MARRIED,EDUCATION,0
CUST-009899,33,155009.16,5,26734.74,24,12.50,546,0.5187,0,0,SALARIED,BACHELORS,MARRIED,BUSINESS,0
CUST-009900,24,34943.07,6,29743.65,60,13.78,478,0.4681,6,0,RETIRED,BACHELORS,MARRIED,AUTO,1
CUST-009901,38,154405.71,?,69502.22,60,19.05,325,0.1412,1,0,SELF_EMPLOYED,MASTERS,DIVORCED,PERSONAL,0
CUST-009902,34,133979.03,0,46593.22,24,24.78,704,0.4688,3,0,SELF_EMPLOYED,PHD,MARRIED,HOME,0
CUST-009903,22,?,4,52041.81,36,12.74,378,0.0692,5,0,SELF_EMPLOYED,PHD,SINGLE,HOME,1
CUST-009904,39,128879.15,21,73301.69,24,8.91,425,0.5994,2,0,UNEMPLOYED,BACHELORS,SINGLE,AUTO,0
CUST-009905,66,174111.76,30,51915.31,48,22.24,626,0.2146,1,0,RETIRED,PHD,SINGLE,PERSONAL,0
CUST-009906,38,79883.64,20,54759.08,12,7.45,462,0.4006,4,2,UNEMPLOYED,HIGH_SCHOOL,MARRIED,AUTO,1
CUST-009907,61,47774.05,26,51981.48,12,10.59,599,0.4038,0,1,UNEMPLOYED,BACHELORS,SINGLE,EDUCATION,1
CUST-009908,38,192795.82,20,87048.25,60,9.80,324,0.4442,4,1,UNEMPLOYED,PHD,MARRIED,BUSINESS,1
CUST-009909,45,38633.30,7,81509.37,36,10.77,541,0.3519,2,0,SELF_EMPLOYED,HIGH_SCHOOL,DIVORCED,HOME,0
CUST-009910,65,76534.12,18,38596.51,12,5.76,836,0.4292,4,0,SALARIED,BACHELORS,SINGLE,PERSONAL,0
CUST-009911,69,41410.39,16,70788.36,24,22.62,646,0.5329,3,0,RETIRED,PHD,DIVORCED,HOME,1
CUST-009912,28,106751.00,10,51487.80,24,10.87,424,0.1887,3,0,SELF_EMPLOYED,BACHELORS,DIVORCED,BUSINESS,1
CUST-009913,35,44274.47,17,4126.94,48,7.76,652,0.5941,1,0,RETIRED,HIGH_SCHOOL,SINGLE,EDUCATION,1
CUST-009914,59,67282.38,7,38159.12,36,14.43,320,0.6683,4,1,SALARIED,MASTERS,MARRIED,EDUCATION,0
CUST-009915,41,74343.08,0,43089.34,36,7.73,478,0.6407,3,0,UNEMPLOYED,PHD,MARRIED,PERSONAL,0
CUST-009916,64,68991.67,29,57624.50,24,23.39,651,0.4531,4,0,RETIRED,PHD,DIVORCED,EDUCATION,0
CUST-009917,56,39149.75,10,11476.54,36,9.61,476,0.5251,0,0,RETIRED,PHD,DIVORCED,PERSONAL,0
CUST-009918,56,79711.28,9,41810.72,36,17.33,638,0.3115,1,0,SALARIED,BACHELORS,DIVORCED,PERSONAL,0
CUST-009919,46,95746.18,0,45618.39,48,13.64,809,0.1167,4,1,SALARIED,PHD,MARRIED,BUSINESS,0
CUST-009920,28,47838.46,10,9617.05,24,7.50,578,0.2152,6,0,UNEMPLOYED,HIGH_SCHOOL,MARRIED,HOME,0
CUST-009921,48,101523.65,4,55881.19,36,17.12,674,0.3399,0,2,SELF_EMPLOYED,HIGH_SCHOOL,SINGLE,PERSONAL,1
CUST-009922,43,88447.50,25,67158.29,60,20.35,781,0.2190,2,0,SELF_EMPLOYED,BACHELORS,DIVORCED,BUSINESS,0
CUST-009923,51,59590.70,9,42399.78,12,12.15,552,0.1582,0,0,SELF_EMPLOYED,HIGH_SCHOOL,MARRIED,BUSINESS,0
CUST-009924,38,46193.53,20,41840.91,24,14.93,507,0.5113,4,0,UNEMPLOYED,MASTERS,SINGLE,EDUCATION,1
CUST-009925,62,195839.44,16,82717.67,48,11.89,809,0.4908,5,0,UNEMPLOYED,PHD,MARRIED,BUSINESS,1
CUST-009926,68,119985.35,16,15442.22,36,23.64,745,0.3967,5,0,RETIRED,HIGH_SCHOOL,MARRIED,PERSONAL,1
CUST-009927,56,137162.28,23,70350.09,60,10.53,591,0.2816,3,2,RETIRED,PHD,MARRIED,AUTO,1
CUST-009928,65,38656.63,10,46631.18,24,8.18,520,0.3057,6,0,UNEMPLOYED,HIGH_SCHOOL,SINGLE,HOME,1
CUST-009929,43,78647.58,17,82650.45,60,24.19,594,0.6132,5,0,SELF_EMPLOYED,BACHELORS,DIVORCED,AUTO,1
CUST-009930,51,103271.39,12,39798.09,24,21.61,711,0.4479,1,0,UNEMPLOYED,PHD,MARRIED,AUTO,0
CUST-009931,61,66960.45,4,29970.92,48,11.36,742,0.5982,3,0,SALARIED,HIGH_SCHOOL,MARRIED,HOME,1
CUST-009932,62,157214.76,12,65597.43,24,8.64,493,0.1492,1,0,UNEMPLOYED,BACHELORS,MARRIED,AUTO,1
CUST-009933,38,110914.89,20,53636.29,12,10.91,571,0.0579,3,0,SALARIED,BACHELORS,DIVORCED,BUSINESS,0
CUST-009934,21,32920.40,3,64290.47,36,9.47,786,0.5683,3,0,SELF_EMPLOYED,MASTERS,MARRIED,EDUCATION,0
CUST-009935,33,180080.53,0,10259.50,24,14.42,845,0.2811,0,0,SELF_EMPLOYED,PHD,SINGLE,PERSONAL,0
CUST-009936,45,135930.90,1,56497.45,36,13.84,447,0.1073,5,0,RETIRED,BACHELORS,SINGLE,EDUCATION,0
CUST-009937,32,193341.60,14,74994.81,36,20.42,564,0.5312,4,0,SALARIED,HIGH_SCHOOL,SINGLE,AUTO,0
CUST-009938,38,185010.34,8,43547.69,24,5.35,752,0.5090,4,0,UNEMPLOYED,BACHELORS,MARRIED,PERSONAL,1
CUST-009939,65,78486.06,9,79484.15,60,24.95,401,0.5557,6,0,RETIRED,PHD,SINGLE,AUTO,1
CUST-009940,27,156342.40,9,88429.04,36,10.35,816,0.5170,5,0,SALARIED,HIGH_SCHOOL,MARRIED,BUSINESS,1
CUST-009941,40,27812.02,22,42350.98,12,20.82,456,0.2608,5,0,SELF_EMPLOYED,BACHELORS,MARRIED,EDUCATION,1
CUST-009942,66,62222.24,19,6717.03,36,6.42,671,0.4504,0,0,UNEMPLOYED,HIGH_SCHOOL,MARRIED,EDUCATION,1
CUST-009943,32,?,1,43668.14,12,23.36,804,0.4031,1,0,SALARIED,MASTERS,SINGLE,PERSONAL,0
CUST-009944,31,103782.94,8,55040.77,36,22.35,325,0.1319,4,0,RETIRED,HIGH_SCHOOL,SINGLE,HOME,1
CUST-009945,51,159667.54,20,19145.53,12,7.95,368,0.5330,2,0,SELF_EMPLOYED,HIGH_SCHOOL,MARRIED,BUSINESS,0
CUST-009946,26,42776.06,8,52779.07,36,10.35,365,0.3919,3,1,RETIRED,BACHELORS,SINGLE,HOME,1
CUST-009947,49,102894.92,29,39376.20,60,20.21,400,0.6608,0,0,SALARIED,BACHELORS,MARRIED,PERSONAL,1
CUST-009948,58,34939.64,31,9082.06,36,9.48,384,0.1104,6,3,RETIRED,MASTERS,SINGLE,HOME,1
CUST-009949,67,176261.62,5,40902.21,12,5.05,775,0.2699,0,0,RETIRED,PHD,DIVORCED,EDUCATION,0
CUST-009950,37,85628.62,13,7926.75,60,9.69,479,0.3418,3,0,UNEMPLOYED,PHD,DIVORCED,HOME,1
CUST-009951,28,125097.53,10,50891.00,60,7.77,337,0.1911,3,0,SELF_EMPLOYED,MASTERS,MARRIED,HOME,0
CUST-009952,49,124260.27,22,75042.33,60,22.36,749,0.4810,0,0,SELF_EMPLOYED,HIGH_SCHOOL,SINGLE,PERSONAL,1
CUST-009953,27,187969.38,9,10025.69,48,20.91,847,0.5154,2,0,RETIRED,BACHELORS,DIVORCED,PERSONAL,0
CUST-009954,57,107672.13,27,23422.67,12,7.47,663,0.1652,0,0,RETIRED,MASTERS,SINGLE,EDUCATION,0
CUST-009955,57,43244.31,2,22179.96,12,15.86,503,0.4378,0,0,UNEMPLOYED,MASTERS,SINGLE,EDUCATION,1
CUST-009956,22,167824.52,4,32044.62,48,23.90,381,0.2384,4,0,RETIRED,BACHELORS,MARRIED,HOME,0
CUST-009957,35,152289.94,2,32254.46,60,23.59,443,0.3104,0,0,UNEMPLOYED,BACHELORS,DIVORCED,HOME,1
CUST-009958,35,159118.95,4,81729.84,12,11.12,562,0.5709,2,0,UNEMPLOYED,BACHELORS,MARRIED,BUSINESS,0
CUST-009959,43,46466.79,9,84295.11,60,15.86,822,0.1697,1,0,SELF_EMPLOYED,PHD,MARRIED,PERSONAL,0
CUST-009960,27,34481.87,9,58542.43,48,15.87,550,0.1060,2,0,RETIRED,BACHELORS,DIVORCED,BUSINESS,0
CUST-009961,63,187420.14,29,26253.78,12,9.62,635,0.1668,3,2,RETIRED,MASTERS,DIVORCED,PERSONAL,1
CUST-009962,30,66276.31,?,25058.83,60,14.01,408,0.2037,0,0,SALARIED,BACHELORS,MARRIED,EDUCATION,1
CUST-009963,30,28341.68,1,21604.95,36,7.58,832,0.3497,4,1,UNEMPLOYED,HIGH_SCHOOL,MARRIED,PERSONAL,1
CUST-009964,43,177361.80,16,71466.96,48,19.50,840,0.5633,2,1,SELF_EMPLOYED,PHD,MARRIED,EDUCATION,1
CUST-009965,44,196883.37,14,16589.69,12,8.00,834,0.0736,4,3,SELF_EMPLOYED,HIGH_SCHOOL,SINGLE,AUTO,1
CUST-009966,69,137128.88,23,7610.49,48,10.79,609,0.2565,1,0,SALARIED,BACHELORS,DIVORCED,EDUCATION,0
CUST-009967,54,76124.68,16,58717.82,36,14.22,826,0.2611,6,0,UNEMPLOYED,HIGH_SCHOOL,SINGLE,HOME,0
CUST-009968,65,114306.99,?,67643.88,24,19.09,618,0.0722,3,0,SALARIED,HIGH_SCHOOL,DIVORCED,EDUCATION,0
CUST-009969,22,87041.83,4,52513.71,36,7.90,703,0.4186,2,0,SALARIED,MASTERS,MARRIED,BUSINESS,1
CUST-009970,22,172238.11,4,15876.47,60,5.33,651,0.4105,4,0,SALARIED,PHD,SINGLE,PERSONAL,0
CUST-009971,49,163682.99,30,3486.84,36,22.64,577,0.5857,2,0,RETIRED,PHD,SINGLE,HOME,0
CUST-009972,56,89185.62,30,46752.04,48,17.09,320,0.2945,3,0,SELF_EMPLOYED,PHD,MARRIED,BUSINESS,0
CUST-009973,26,112569.31,8,8974.93,24,5.89,736,0.1687,4,0,RETIRED,PHD,MARRIED,AUTO,0
CUST-009974,56,128741.79,10,19094.84,60,23.62,650,0.1169,3,3,UNEMPLOYED,HIGH_SCHOOL,SINGLE,AUTO,1
CUST-009975,66,110271.52,7,54915.64,60,19.61,728,0.4267,1,0,UNEMPLOYED,PHD,MARRIED,AUTO,1
CUST-009976,41,158819.42,23,13968.37,48,24.21,517,0.2295,6,3,UNEMPLOYED,MASTERS,SINGLE,EDUCATION,1
CUST-009977,62,46444.99,20,46935.48,48,14.19,502,0.3555,1,0,RETIRED,HIGH_SCHOOL,MARRIED,EDUCATION,0
CUST-009978,66,173090.26,13,39611.91,24,24.08,359,0.4817,4,0,SELF_EMPLOYED,HIGH_SCHOOL,DIVORCED,AUTO,1
CUST-009979,47,85204.12,24,23625.55,24,18.27,790,0.2478,0,0,UNEMPLOYED,BACHELORS,MARRIED,AUTO,0
CUST-009980,22,27187.93,4,59097.28,36,5.31,606,0.1725,2,0,SALARIED,PHD,SINGLE,AUTO,0
CUST-009981,55,121316.36,25,60499.76,12,19.94,327,0.5268,1,0,SALARIED,HIGH_SCHOOL,MARRIED,EDUCATION,1
CUST-009982,60,26650.54,8,68342.53,24,23.07,323,0.5837,4,0,SALARIED,BACHELORS,SINGLE,AUTO,1
CUST-009983,51,187071.04,17,63074.37,12,17.19,823,0.3125,0,0,UNEMPLOYED,PHD,DIVORCED,EDUCATION,0
CUST-009984,45,105407.09,27,10005.02,48,21.16,343,0.4958,0,0,SELF_EMPLOYED,MASTERS,DIVORCED,BUSINESS,0
CUST-009985,43,128652.05,2,15457.04,24,5.13,534,0.3794,6,2,SALARIED,PHD,MARRIED,EDUCATION,1
CUST-009986,28,133502.39,10,3997.20,24,18.17,664,0.1144,3,0,RETIRED,BACHELORS,SINGLE,PERSONAL,1
CUST-009987,50,20275.67,32,48482.33,60,7.22,381,0.1189,1,0,UNEMPLOYED,HIGH_SCHOOL,MARRIED,PERSONAL,0
CUST-009988,35,136548.60,17,17141.16,48,11.62,363,0.1732,0,0,SELF_EMPLOYED,HIGH_SCHOOL,SINGLE,PERSONAL,1
CUST-009989,54,120741.83,23,68414.51,12,22.19,420,0.1359,3,0,SELF_EMPLOYED,BACHELORS,MARRIED,PERSONAL,1
CUST-009990,58,60544.30,6,56920.91,60,24.76,462,0.4782,6,0,SALARIED,HIGH_SCHOOL,MARRIED,HOME,1
CUST-009991,66,63999.65,28,13385.73,36,18.39,764,0.3354,0,0,SELF_EMPLOYED,MASTERS,MARRIED,HOME,0
CUST-009992,65,184052.03,28,34137.29,12,9.26,354,0.5314,5,0,SELF_EMPLOYED,HIGH_SCHOOL,MARRIED,HOME,1
CUST-009993,23,103042.88,1,47432.68,24,10.39,560,0.5043,1,0,SELF_EMPLOYED,BACHELORS,MARRIED,EDUCATION,0
CUST-009994,29,175641.78,11,11433.28,48,9.30,822,0.6828,6,0,UNEMPLOYED,PHD,DIVORCED,HOME,1
CUST-009995,43,27756.77,25,28924.27,48,22.85,517,0.1285,0,0,UNEMPLOYED,BACHELORS,DIVORCED,EDUCATION,1
CUST-009996,42,68345.59,0,7771.82,24,20.02,470,0.6852,0,0,UNEMPLOYED,BACHELORS,MARRIED,HOME,1
CUST-009997,30,155766.02,12,14752.35,48,7.92,659,0.3421,3,0,UNEMPLOYED,BACHELORS,MARRIED,PERSONAL,1
CUST-009998,60,165976.42,2,48012.82,36,15.47,322,0.3578,3,3,SELF_EMPLOYED,PHD,MARRIED,BUSINESS,1
CUST-009999,37,173227.27,12,22439.53,48,21.73,602,0.0648,2,1,RETIRED,BACHELORS,SINGLE,EDUCATION,0
CUST-010000,47,99040.56,10,19046.95,60,19.30,765,0.5696,1,0,RETIRED,BACHELORS,SINGLE,HOME,0
